image,score
male/black/pexels-ono-kosuki-5648108.jpg,2.875
male/hispanic/beard-5216825_1920.jpg,6.65
male/asian/mathieu-neuilly-BTBAoU_taRU-unsplash.jpg,4.666666666666667
male/asian/bibek-thakuri-J_9xThkkGEM-unsplash.jpg,5.638157894736842
female/hispanic/pretty-2682798_1920.jpg,7.068965517241379
female/caucasian/karoline-soares-BBOnm6XLdQo-unsplash.jpg,7.805555555555556
male/caucasian/person-4556344_1920.jpg,5.11
female/black/girl-1868930_1920.jpg,5.555555555555555
male/caucasian/anastasia-vityukova-0jSd5XW58Ak-unsplash.jpg,4.961111111111111
female/hispanic/farhad-eidi-yfefPhTFWU8-unsplash.jpg,6.333333333333333
female/caucasian/woman-3718859_1920.jpg,4.571428571428571
female/asian/outdoors-3341719_1920.jpg,6.0
male/caucasian/male-467711_1920.jpg,6.0
male/caucasian/human-3094550_1280.jpg,6.155555555555556
female/caucasian/sofia--LNdco1UgNY-unsplash.jpg,9.625
male/mideastern/meysam-jarahkar-SaQf2X_qZSU-unsplash.jpg,5.961538461538462
female/caucasian/bruce-dixon--lYtsl62gyU-unsplash.jpg,7.384615384615385
female/caucasian/juan-rojas-I3MF44-GrKs-unsplash.jpg,6.607142857142857
female/hispanic/26.jpg,7.380952380952381
female/black/jessica-felicio-YEbFUPYfUlo-unsplash.jpg,4.107142857142857
male/hispanic/toa-heftiba-w1ftQyDNF3U-unsplash.jpg,6.818181818181818
female/asian/raychan-sw30Y2Ek5t0-unsplash.jpg,6.5
male/mideastern/zabih-khan-SQWDVRdjp2E-unsplash.jpg,5.211538461538462
female/mideastern/tyler-nix-aSIw_EnF71g-unsplash.jpg,6.02
male/mideastern/portrait-2529904_1920.jpg,3.8
female/black/pexels-marcelo-dias-2448994.jpg,7.555555555555555
male/indian/ali-kazal-Su_3F-rsTFE-unsplash.jpg,5.670370370370371
female/asian/women-4445664_1920.jpg,7.35632183908046
female/caucasian/girl-657753_1920.jpg,7.793103448275862
female/mideastern/pexels-anna-tarazevich-5119587.jpg,6.111111111111111
male/caucasian/isaac-reynaldo-70BSk8hT52k-unsplash.jpg,5.130081300813008
female/caucasian/portrait-3216220_1920.jpg,6.821428571428571
female/asian/agung-pratamah-Xdm08vqsFrs-unsplash.jpg,6.857142857142857
male/caucasian/man-1161334_1920.jpg,3.935
male/black/sudanese-2895751_1920.jpg,2.947368421052631
male/hispanic/yogendra-singh-owqFcZRWzTw-unsplash.jpg,6.166666666666667
male/caucasian/model-4759613_1920.jpg,3.76241134751773
male/caucasian/face-2171923_1920.jpg,5.150943396226415
female/asian/faizfajer-VzmoR9Meu3w-unsplash.jpg,6.818181818181818
male/caucasian/man-3177583_1920.jpg,5.889937106918238
male/black/joshua-rodriguez-3H4PToAVncA-unsplash.jpg,3.6
male/caucasian/teenager-398355_1920.jpg,4.986666666666666
female/caucasian/nikita-shirokov-v2RUpFTS3mo-unsplash.jpg,7.785714285714286
male/mideastern/biceps-2746490_1920.jpg,6.007092198581561
male/caucasian/young-507297_1920.jpg,5.479166666666667
male/caucasian/chalo-garcia-2mWKL_I70qk-unsplash.jpg,6.3130081300813
female/mideastern/ana-itonishvili-tsqu8UcbL3w-unsplash.jpg,7.0
male/hispanic/model-4448780_1920.jpg,6.735294117647059
male/indian/boy-1119239_1920.jpg,5.111111111111111
male/hispanic/black-and-white-1282264_1920.jpg,6.894444444444444
male/hispanic/antoine-da-cunha-r8AEmsxbf1A-unsplash.jpg,6.355902777777779
female/mideastern/ashkan-forouzani-SNYaOnl22u8-unsplash.jpg,4.3
female/black/chelsea-ferenando-LmYENEcVmqM-unsplash.jpg,6.3
female/indian/juanma-velasquez-la7uU1hQ_nM-unsplash.jpg,7.657894736842105
female/hispanic/patrick-gillespie-8j0CTWsImzo-unsplash.jpg,7.083333333333333
male/asian/emir-taner-bTe1h3b8Ncc-unsplash.jpg,4.0
male/caucasian/james-barr-G6ACpD4bPOw-unsplash.jpg,6.815315315315315
female/caucasian/d02.jpg,8.818181818181818
female/caucasian/freestocks-9UVmlIb0wJU-unsplash.jpg,7.862068965517241
male/asian/mark-decile-6K_081J_d5A-unsplash.jpg,6.5
male/mideastern/people-3309614_1920.jpg,4.35886524822695
male/asian/gabriel-tovar-E6gYWTFDsQI-unsplash.jpg,3.75
male/caucasian/boy-1185446_1920.jpg,6.127906976744186
male/asian/kahar-erbol-ifl-af6d_0c-unsplash.jpg,2.736842105263158
male/caucasian/logan-weaver--A5R9HBwjaE-unsplash.jpg,6.687074829931972
female/asian/joeyy-lee-pCcPFfJ-LzM-unsplash.jpg,6.666666666666667
female/hispanic/pexels-tha¿¬s-silva-3135649.jpg,7.111111111111111
male/black/beard-1834429_1920.jpg,4.781045751633987
female/mideastern/allef-vinicius-BqNEe_ZAtxg-unsplash.jpg,7.634615384615385
male/black/curtis-powell-3mMvCsW6ZYs-unsplash.jpg,5.924242424242423
male/hispanic/jaime-spaniol-0g9FHYb3IEY-unsplash.jpg,7.083333333333333
female/caucasian/vlad-baranov-PoZcPg18Qm0-unsplash.jpg,7.107142857142857
female/asian/woman-5573135_1920.jpg,7.184210526315789
male/black/david-todd-mccarty-NXlQ2PnzMGg-unsplash.jpg,4.248062015503876
male/caucasian/pexels-daisa-tj-3408420.jpg,6.0
female/caucasian/janko-ferlic-70NsMQvAYHE-unsplash.jpg,5.14
female/black/girl-444688_1920.jpg,4.62962962962963
male/caucasian/cade-renfroe-V0U3m342g1Y-unsplash.jpg,5.069767441860465
male/hispanic/joam-lima-vxwjMDcS_6Q-unsplash.jpg,5.42063492063492
female/asian/fashion-4257904_1920.jpg,6.931034482758621
female/caucasian/woman-3240094_1920.jpg,7.141025641025641
female/asian/7.jpg,6.608333333333334
female/caucasian/eleanor-Xd3J56n0d2Q-unsplash.jpg,6.892857142857143
female/caucasian/jennifer-marquez--shIc419kMU-unsplash.jpg,6.912280701754386
female/caucasian/pexels-keli-santos-1853268.jpg,7.111111111111111
male/mideastern/chris-blonk-l1U_iSgNRGY-unsplash.jpg,4.586805555555555
female/caucasian/woman-751236_1920.jpg,8.25925925925926
male/hispanic/g_13.jpg,6.6
female/caucasian/model-299694_1920.jpg,6.861111111111111
male/asian/marsha-dhita-uHIN59WI_zc-unsplash.jpg,7.0
male/indian/pratik-gupta-PeG9dqAbyjE-unsplash.jpg,4.5
male/hispanic/ronny-sison-U9G_SPVlGd0-unsplash.jpg,4.833333333333333
female/caucasian/hairdresser-4564268_1920.jpg,4.642857142857143
male/caucasian/male-4494498_1920.jpg,6.073333333333334
male/caucasian/selfie-4302321_1920.jpg,5.519230769230769
female/asian/pexels-raydar-341970.jpg,8.5
female/black/pexels-ezekixl-akinnewu-950243.jpg,5.777777777777778
male/indian/jordyn-montague-nV7GRL8ooJg-unsplash.jpg,6.157894736842105
male/asian/pexels-chevanon-photography-2421934.jpg,2.0
female/hispanic/david-suarez-d81WD5Q87E0-unsplash.jpg,7.545454545454546
female/caucasian/actress-1893312_1920.jpg,7.241379310344827
female/asian/girl-1721429_1920.jpg,6.30952380952381
female/mideastern/pexels-bran-sodre-1852345.jpg,7.111111111111111
female/caucasian/portrait-3364406_1920.jpg,6.038461538461538
male/caucasian/alfred-kenneally-JwzpdmSYIDc-unsplash.jpg,5.82
female/caucasian/laura-dewilde-dhCxlHodZvM-unsplash.jpg,7.555555555555555
male/caucasian/scarf-3339049_1920.jpg,6.724206349206348
female/black/woman-5932291_1920.jpg,5.111111111111111
female/caucasian/andriyko-podilnyk-jFAG_ixCrsM-unsplash.jpg,7.884615384615385
female/caucasian/girl-4930782_1920.jpg,6.642857142857143
female/indian/thanks-1209247_1920.jpg,7.0
male/black/pexels-areous-ahmad-2122949.jpg,6.888888888888889
male/hispanic/betzy-arosemena-Mx15HMZGQzY-unsplash.jpg,5.5
female/mideastern/carlos-lindner-cMGFhR6YCZM-unsplash.jpg,6.076923076923077
female/caucasian/jen-theodore-i6iVOXfZM0s-unsplash.jpg,4.923076923076923
male/caucasian/nate-J5U-22o1ubw-unsplash.jpg,7.114583333333333
male/caucasian/ludovic-migneault-4uj3iZ5m084-unsplash.jpg,5.451388888888888
female/indian/model-5576784_1920.jpg,7.444444444444445
male/caucasian/pexels-andrea-piacquadio-3831631.jpg,5.0
male/indian/himanshu-dewangan-brk2ZfYTOp8-unsplash.jpg,6.06
female/caucasian/young-610543_1920.jpg,7.45
male/caucasian/kyryll-ushakov-S3DMQzP6QG8-unsplash.jpg,6.193181818181818
female/caucasian/camila-quintero-franco-8NDuYUjSMiY-unsplash.jpg,5.72
female/indian/32.jpg,6.973684210526316
male/caucasian/austin-human-Ec7cHN7ofi0-unsplash.jpg,5.920138888888888
male/caucasian/cody-chan-TeAj27VRKzg-unsplash.jpg,6.892361111111111
female/mideastern/allef-vinicius-yOp7FXdn3cM-unsplash.jpg,5.055555555555555
male/hispanic/face-3265605_1920.jpg,3.843137254901961
female/black/39.jpg,5.142857142857143
female/black/female-4899174_1920.jpg,5.827586206896552
male/mideastern/ashkan-forouzani-Qqchjk9bk9U-unsplash.jpg,3.476744186046512
female/caucasian/woman-2293390_1920.jpg,6.092592592592593
male/mideastern/male-4443092_1920.jpg,4.93
male/mideastern/ashkan-forouzani-g0H0eazR5-M-unsplash.jpg,5.298449612403101
male/mideastern/artist-3852896_1920.jpg,5.574786324786325
female/caucasian/girl-3023831_1920.jpg,6.928571428571429
male/black/pexels-c-technical-6612112.jpg,4.0
female/mideastern/pexels-pixabay-35551.jpg,7.222222222222222
female/asian/bui-thanh-tam-D6meliiyaWs-unsplash.jpg,6.888888888888889
male/caucasian/boy-3008920_1920.jpg,5.809523809523809
female/caucasian/beautiful-young-woman-635271_1920.jpg,6.464285714285714
male/caucasian/smirk-4778656_1920.jpg,5.243589743589744
female/indian/kunal-goswami-YHSohAq-PuI-unsplash.jpg,7.758620689655173
male/asian/farhan-shaikh-iylgKUdIljc-unsplash.jpg,4.984496124031008
female/mideastern/alex-michaelsen-twXWoTWOUeQ-unsplash.jpg,5.197530864197531
female/hispanic/omid-armin-xOjzehJ49Hk-unsplash.jpg,6.892857142857143
female/mideastern/jan-kopriva-VKHv4GLr5O0-unsplash.jpg,6.083333333333333
male/caucasian/foto-sushi-6anudmpILw4-unsplash.jpg,4.888888888888889
male/mideastern/alireza-esmaeeli-Twu-xDzDqGg-unsplash.jpg,6.068027210884353
male/mideastern/jesus-eca-wU4hzVf122M-unsplash.jpg,5.083333333333333
male/asian/face-1391628_1920.jpg,6.346938775510204
female/caucasian/people-3057299_1920.jpg,6.907407407407407
male/mideastern/mhrezaa-iOrq0FnSQTE-unsplash.jpg,7.181818181818182
female/indian/woman-5922147_1920.jpg,3.333333333333333
male/caucasian/andreea-pop-bTVliFTsdHI-unsplash.jpg,5.873758865248226
female/caucasian/helena-lopes-LSdo2qHFI8k-unsplash.jpg,5.141975308641975
male/asian/ali-yahya-155huuQwGvA-unsplash.jpg,6.636363636363637
female/caucasian/fezbot2000-V4CU3OBsrEk-unsplash.jpg,7.592592592592593
male/asian/darshan-patel-QJEVpydulGs-unsplash.jpg,5.416666666666667
male/mideastern/sexy-3049894_1920.jpg,7.252136752136753
male/black/guy11.jpg,5.481944444444444
male/caucasian/hashim-hadi-XLvLGDu_5wE-unsplash.jpg,5.893162393162393
female/black/pexels-ike-louie-natividad-3310695.jpg,5.333333333333333
female/indian/arvin-keynes-IPETsB4dcCs-unsplash.jpg,7.070175438596491
female/asian/hijab-5090230_1920.jpg,5.786666666666667
female/indian/f14.jpg,7.25
female/indian/woman-5604742_1920.jpg,8.25
male/caucasian/jassir-jonis-Hr9BKfMF6QE-unsplash.jpg,5.752252252252252
female/asian/john-mark-ramos-SGINHNM-vhk-unsplash.jpg,4.763157894736842
female/asian/tong-nguyen-van-wXnaknPMpK0-unsplash.jpg,5.416666666666667
male/hispanic/alex-suprun-ZHvM3XIOHoE-unsplash.jpg,6.454545454545454
female/caucasian/carlos-lindner-DkSkgaPie8s-unsplash.jpg,5.857142857142857
male/indian/man-5465741_1920.jpg,5.428571428571429
male/hispanic/paul-castanie-ukPQ7WBznvQ-unsplash.jpg,6.623931623931625
female/caucasian/girl-3447599_1920.jpg,6.896551724137931
male/asian/lex-faure-u4yvBG2wU30-unsplash.jpg,3.699186991869919
male/hispanic/man-2482464_1920.jpg,6.225000000000001
female/hispanic/mohammed-hassan-MOR6bWWuy-A-unsplash.jpg,5.106666666666666
female/caucasian/anita-jankovic-_OMk87F-zvI-unsplash.jpg,6.793103448275862
female/hispanic/priscilla-whendy-GLH_XaAvVQM-unsplash.jpg,7.083333333333333
female/black/suad-kamardeen-khewjy5l4Zo-unsplash.jpg,6.095238095238095
female/caucasian/child-3031836_1920.jpg,7.148148148148148
male/caucasian/tomas-gal-hRsnfRjl40w-unsplash.jpg,5.096153846153846
female/asian/pexels-maria-orlova-4946391.jpg,8.0
female/caucasian/woman-3990680_1920.jpg,6.888888888888889
female/indian/pexels-nandhu-kumar-2703082.jpg,2.222222222222222
male/asian/raphiell-alfaridzy-jagYILIMvxw-unsplash.jpg,2.444444444444445
female/black/national-cancer-institute-duNbFJRhaJQ-unsplash.jpg,4.333333333333333
male/caucasian/man-597178_1920.jpg,6.52
male/indian/pexels-ketut-subiyanto-4307733.jpg,6.222222222222222
female/caucasian/woman-467708_1920.jpg,6.653846153846154
male/mideastern/reza-biazar-eSjmZW97cH8-unsplash.jpg,4.923611111111112
female/black/nick-grant-ygrOmmn1Oss-unsplash.jpg,6.363636363636363
male/caucasian/pexels-martin-p¿ªchy-2078265.jpg,7.25
male/indian/farhan-shaikh-9TYryqt3wLk-unsplash.jpg,4.465116279069767
male/caucasian/sharon-mccutcheon-W2hSpLh5caQ-unsplash.jpg,4.105
female/caucasian/jon-ly-ADBOC3UP4eQ-unsplash.jpg,7.466666666666668
female/caucasian/cole-plichta-7la6TtuqYOI-unsplash.jpg,7.275
male/indian/people-2456350_1920.jpg,3.484126984126984
male/caucasian/vicky-hladynets-uyaTT9u6AvI-unsplash.jpg,5.747916666666667
female/asian/asian-2302727_1920.jpg,6.896551724137931
male/caucasian/person-771996_1920.jpg,4.352430555555555
female/indian/pexels-azraq-al-rezoan-5151189.jpg,7.888888888888889
female/black/pexels-noa-photography-4364604.jpg,3.333333333333333
male/caucasian/marie-michele-bouchard-Jdcfl34n-AQ-unsplash.jpg,5.292682926829269
female/caucasian/brunette-3627300_1920.jpg,5.962962962962963
male/black/pexels-cottonbro-6616672.jpg,4.555555555555555
female/black/kelly-fournier-rPykmpWcL5s-unsplash.jpg,5.047619047619047
female/black/kal-visuals-fEbgg7USu3E-unsplash.jpg,7.25
female/indian/anusha-reddy--zP_lFB6vCk-unsplash.jpg,6.666666666666667
male/asian/bride-5867605_1920.jpg,5.333333333333333
male/caucasian/young-man-1272106_1920.jpg,5.945578231292517
female/caucasian/jen-theodore-7A4TvZEW8zY-unsplash.jpg,6.655172413793103
male/hispanic/nathan-dumlao-iKwCVH4cyjQ-unsplash.jpg,4.666666666666667
female/black/jd-mason-4eRATsC7zTY-unsplash.jpg,6.181818181818182
female/asian/frederick-ferdianto-Dunxame8wxg-unsplash.jpg,7.083333333333333
male/hispanic/mihai-stefan-0_G9UHXy39c-unsplash.jpg,7.364583333333333
female/indian/young-1822685_1920.jpg,5.730769230769231
female/black/oladimeji-odunsi-pV2Kw7Tts14-unsplash.jpg,4.575
female/asian/jim-flores-dE6c9RZoyL8-unsplash.jpg,7.714285714285714
female/black/girl-1912901_1920.jpg,4.344827586206897
male/hispanic/guy8.jpg,7.402564102564102
male/caucasian/jd-mason-13_7xGYBb7c-unsplash.jpg,3.268
female/black/pexels-bernard-ng-3318310.jpg,5.444444444444445
female/black/cleyton-ewerton-sFdbI7P47XE-unsplash.jpg,8.142857142857142
female/hispanic/marisol-casben-PbwKSCq9aVo-unsplash.jpg,3.555555555555555
female/indian/gleb-lukomets-R9tTeq4rV5U-unsplash.jpg,7.0
female/caucasian/shayan-rti-TGjXfMuC7DI-unsplash.jpg,6.151515151515152
male/asian/aserusainhuu-veaARmpXY88-unsplash.jpg,5.11
female/indian/pexels-azraq-al-rezoan-5641188.jpg,7.444444444444445
female/asian/jernej-graj-muXeYVQaPyA-unsplash.jpg,7.462962962962963
male/mideastern/sumeet-singh-XPUxjOq8yFA-unsplash.jpg,6.596153846153846
female/caucasian/timur-romanov-u-fY6-iUJPg-unsplash.jpg,7.711538461538462
male/mideastern/businessman-805769_1920.jpg,4.822222222222222
male/black/taylor-wright-XLqe-qr2OK8-unsplash.jpg,4.625
female/mideastern/wesley-tingey-oeEqKb7gTrk-unsplash.jpg,7.545454545454546
male/indian/hadi-yazdi-aznaveh-TmRQRgugEsQ-unsplash.jpg,6.333333333333333
female/caucasian/anastasiya-pavlova-7ip-IOC2yvA-unsplash.jpg,7.148148148148148
male/hispanic/vince-fleming-1NrzZHMFztA-unsplash.jpg,4.916666666666667
female/caucasian/joao-paulo-de-souza-oliveira-x-FNmzxyQ94-unsplash.jpg,8.25925925925926
female/caucasian/girl-4283998_1920.jpg,7.4
female/caucasian/purchase-3090838_1920.jpg,5.714285714285714
female/caucasian/fashion-1284308_1920.jpg,6.724137931034483
male/caucasian/application-1934972_1920.jpg,6.253968253968253
female/asian/pexels-zen-chung-5538615.jpg,7.0
male/mideastern/milad-shams-89UvLA2zWJI-unsplash.jpg,7.727272727272728
female/caucasian/gemma-chua-tran-UIZYDvmQg6U-unsplash.jpg,5.0
male/mideastern/guillaume-issaly-cKuMOZ1-EKQ-unsplash.jpg,5.115384615384615
male/indian/muhammad-abdullah-hAnMkbSsDMs-unsplash.jpg,6.818181818181818
female/hispanic/pexels-ingrid-santana-2100063.jpg,8.88888888888889
male/hispanic/112.jpg,5.355855855855856
female/caucasian/girl-669823_1920.jpg,7.095238095238095
male/black/melodie-descoubes-o6siGr9lrwM-unsplash.jpg,4.373333333333333
male/hispanic/riccardo-pitzalis-TpeBIIM0UIY-unsplash.jpg,5.939393939393939
male/indian/male-model-1221915_1920.jpg,5.49
male/asian/xu-duo-gobC9sSIXc4-unsplash.jpg,4.440972222222222
male/indian/boy-5838699_1920.jpg,5.888888888888889
female/indian/julian-florez-LWaFYrn4SfY-unsplash.jpg,6.333333333333333
female/hispanic/islander-images-kwHBTNUQIqs-unsplash.jpg,7.272727272727272
male/asian/mason-wilkes-TMgQMXoglsM-unsplash.jpg,6.0
female/asian/mathias-huysmans-U4JDjYmjn1g-unsplash.jpg,6.5
female/caucasian/sincerely-media-T-q2QLhRFnY-unsplash.jpg,5.512820512820512
female/caucasian/girl-4212523_1920.jpg,5.86904761904762
male/indian/india-1129954_1920.jpg,2.972222222222222
female/black/smile-2072908_1920.jpg,6.741379310344827
female/indian/anelale-najera--p_HZ1et98U-unsplash.jpg,3.0
female/indian/model-4668350_1920.jpg,5.310344827586207
female/caucasian/woman-885845_1920.jpg,5.571428571428571
male/hispanic/tanjir-ahmed-chowdhury-YMJvX8k3Kfc-unsplash.jpg,4.555555555555555
male/hispanic/matheus-farias-_jOsfORtjew-unsplash.jpg,5.657894736842105
female/mideastern/portrait-5554731_1920.jpg,7.263157894736842
female/indian/girl-5471992_1920.jpg,6.777777777777778
female/asian/21.jpg,7.523809523809524
male/asian/simon-marsault-ZNaL-IDTbZc-unsplash.jpg,5.479166666666667
male/caucasian/alex-sheldon-j1WRSUj5QI0-unsplash.jpg,6.241134751773051
male/caucasian/mens-3849286_1920.jpg,5.484649122807018
female/asian/woman-2294787_1920.jpg,4.896551724137931
female/caucasian/girl-3874872_1920.jpg,7.657894736842105
male/black/demorris-byrd-ORLHeCxK3xA-unsplash.jpg,5.568376068376068
male/caucasian/christopher-campbell-hWMEo_qqz5M-unsplash.jpg,6.596491228070176
female/asian/people-3332333_1920.jpg,3.862068965517242
male/caucasian/tomas-gal-M6T8XDSl984-unsplash.jpg,5.011627906976744
female/indian/latina-4573900_1920.jpg,8.25
male/caucasian/nathan-dumlao-4m2-An3yFx0-unsplash.jpg,6.198863636363637
female/caucasian/ratiu-bia-7fzINre0NQE-unsplash.jpg,5.809523809523809
female/caucasian/artem-kryzhanivskyi-AdRJsBCjwms-unsplash.jpg,7.111111111111111
female/caucasian/alexis-reyna-Ghq7sANg8Lc-unsplash.jpg,6.649122807017544
male/black/man-2590836_1920.jpg,4.368421052631579
female/caucasian/alexander-scott-lambley-i2AmfpRO0Cc-unsplash.jpg,7.54320987654321
male/caucasian/julian-wan-NHlTr-9eE4o-unsplash.jpg,7.085365853658536
male/caucasian/derick-mckinney-bBuUjB98PPY-unsplash.jpg,7.666666666666667
male/indian/salman-ahmad-JBxAQ_Blorw-unsplash.jpg,4.545454545454546
female/caucasian/beautiful-1867431_1920.jpg,5.464285714285714
female/black/matheus-ferrero-4cEVIKj7xtY-unsplash.jpg,5.392857142857143
female/indian/charles-postiaux-J9vlgGgytC0-unsplash.jpg,6.888888888888889
male/asian/campus-2787759_1920.jpg,5.401360544217686
female/asian/pexels-raka-miftah-3522693.jpg,7.625
male/mideastern/ashkan-forouzani-HF-pfqi3Cxk-unsplash.jpg,3.906976744186046
female/hispanic/girl-3839501_1920.jpg,7.862068965517241
male/hispanic/pexels-ron¿║-ferreira-2304113.jpg,7.777777777777778
male/caucasian/dima-dallacqua-NzBr-Vy_e8M-unsplash.jpg,7.247222222222222
male/hispanic/pexels-johanser-martinez-5372767.jpg,5.111111111111111
female/asian/visualsofdana-KD1xdIkw3Z8-unsplash.jpg,7.545454545454546
female/hispanic/keenan-constance-XSCvo0loB-Q-unsplash.jpg,7.666666666666667
female/black/pablo-merchan-montes-ro1i0CMzBfI-unsplash.jpg,4.892857142857143
female/caucasian/levi-stute-tvrn0E09L2c-unsplash.jpg,5.5
male/caucasian/portrait-2501866_1920.jpg,3.924836601307189
male/caucasian/derek-owens-YCbJCM249KE-unsplash.jpg,6.799479166666666
male/caucasian/jairph-qygkHfHMaBI-unsplash.jpg,6.098039215686274
male/caucasian/joycoast-wood-watches-sunglasses-xUsrdhGRMfE-unsplash.jpg,7.329545454545454
male/asian/dhimas-arya-ROuU8ayA8_w-unsplash.jpg,5.111111111111111
female/black/people-3104635_1920.jpg,6.810344827586207
male/caucasian/thibault-debaene-Rtq9qhM3LOk-unsplash.jpg,5.631205673758864
female/black/pexels-marcelo-chagas-2539732.jpg,7.888888888888889
male/mideastern/naim-ahmed-8BcVHmAHtlw-unsplash.jpg,7.3
male/caucasian/erik-mclean-8YbkDZwLx70-unsplash.jpg,5.964052287581699
female/hispanic/irene-strong-MgvAATOwJBc-unsplash.jpg,6.833333333333333
male/indian/jyotirmoy-gupta-nBe68MZSIYY-unsplash.jpg,3.806666666666666
male/hispanic/man-496471_1920.jpg,5.284313725490196
male/hispanic/antreina-stone-VtZEhxeWHA8-unsplash.jpg,4.380952380952381
male/caucasian/lion27-xqJjNYb8qZc-unsplash.jpg,6.604166666666667
male/caucasian/bantersnaps-mtsb-bCvrBY-unsplash.jpg,5.166666666666667
female/caucasian/allef-vinicius-RTiPK6GPBxg-unsplash.jpg,8.15
male/caucasian/man-919045_1920.jpg,5.509615384615385
female/caucasian/bradley-dunn-Hy879rKHhbc-unsplash.jpg,6.222222222222222
female/black/pexels-willsantt-1962844.jpg,6.333333333333333
male/black/114.jpg,5.995833333333333
female/caucasian/woman-435852_1920.jpg,5.724137931034483
male/indian/deepak-mahajan-8ig-SzHpqDw-unsplash.jpg,6.75
male/black/sexy-man-3414909_1920.jpg,5.315602836879433
male/asian/pexels-dellon-thomas-3674248.jpg,7.444444444444445
male/hispanic/guard-1129949_1920.jpg,4.555555555555555
female/asian/face-1146038_1920.jpg,7.517241379310345
male/asian/groom-1731035_1920.jpg,5.666666666666667
male/caucasian/andrew-lancaster--rRZ_vlrawE-unsplash.jpg,5.410256410256411
male/asian/sane-sodbayar-KhrbDMmnF8I-unsplash.jpg,5.336538461538462
female/indian/pradeep-ranjan-qMrXRcDP5Vw-unsplash.jpg,7.2
female/indian/pexels-rafi-ahmed-haven-1253364.jpg,8.11111111111111
female/caucasian/soroush-karimi-Zwa7DtcYUb0-unsplash.jpg,7.36
female/caucasian/girl-13480.jpg,6.726190476190476
male/caucasian/ludvig-wiese-d-MfHM-jHwc-unsplash.jpg,5.423245614035088
female/caucasian/mari-lezhava-Xm9-vA_bhm0-unsplash.jpg,7.2
female/hispanic/allef-vinicius-C_1jjFJioWg-unsplash.jpg,6.666666666666667
male/black/belinda-fewings-ci0IbJuBsfg-unsplash.jpg,6.315891472868216
female/caucasian/valentin-lacoste-ggAPxrb4Deg-unsplash.jpg,7.210526315789473
male/black/khloe-arledge-nGkC7RhVzGU-unsplash.jpg,5.65
female/asian/20.jpg,7.222222222222222
female/caucasian/sara-cervera-ZqU-9gWBfV8-unsplash.jpg,6.814814814814815
female/asian/portrait-3622823_1920.jpg,7.037037037037037
female/asian/muslim-417317_1920.jpg,4.733333333333333
male/hispanic/chalo-garcia-PXccl_hEIww-unsplash.jpg,6.095238095238095
female/caucasian/softball-1440812_1920.jpg,5.619047619047619
male/asian/businessman-1247947_1920.jpg,7.036585365853658
male/caucasian/portrait-3518463_1920.jpg,7.210884353741497
male/asian/herbal-medicine-1182254_1920.jpg,4.018867924528302
male/black/smiling-businessman-4455090_1920.jpg,4.605769230769231
male/black/philip-martin-5aGUyCW_PJw-unsplash.jpg,4.645833333333333
female/black/ebony-1643426_1920.jpg,3.409722222222223
male/indian/md-duran-RhIXw1Ua-NI-unsplash.jpg,5.013513513513513
male/caucasian/vinicius-amnx-amano-XKoTZ1EUOJA-unsplash.jpg,4.796296296296297
male/caucasian/pexels-vikas-mani-2764950.jpg,5.0
female/hispanic/joanna-nix-walkup-u7_TR3LGqhU-unsplash.jpg,7.380952380952381
male/asian/jassir-jonis-dS6a-NAqbII-unsplash.jpg,3.833333333333333
female/caucasian/girl-499408_1920.jpg,7.6
male/asian/gabriel-tovar-RDf0qh6VvQ0-unsplash.jpg,5.272727272727273
female/black/amin-rk-stz6pJV6UKw-unsplash.jpg,6.214285714285714
female/caucasian/anne-peres-plsF6obTgms-unsplash.jpg,7.296296296296297
female/mideastern/muslim-5016604_1920.jpg,7.222222222222222
female/caucasian/julia-kadel-Eqj3c1nynP4-unsplash.jpg,6.476190476190476
male/indian/indian-boy-2982850_1920.jpg,5.4
male/caucasian/hamid-tajik-FjT7kFSFczs-unsplash.jpg,6.333333333333333
female/black/1.jpg,6.559375
male/hispanic/man-1209137_1920.jpg,5.357142857142857
male/caucasian/pexels-elle-hughes-1680175.jpg,7.333333333333333
male/caucasian/man-894182_1920.jpg,5.857142857142857
male/mideastern/pexels-lina-kivaka-3395282.jpg,7.5
male/black/pexels-dellon-thomas-2474307.jpg,4.888888888888889
male/caucasian/mohamed-nohassi-Z60j5qAOW_M-unsplash.jpg,6.25
female/caucasian/woman-3668495_1920.jpg,5.275862068965517
male/black/african-american-2751286_1920.jpg,4.875
female/caucasian/f12.jpg,7.526315789473684
male/black/dorrell-tibbs-gisFZKWpKQ4-unsplash.jpg,5.383838383838383
male/black/charisse-kenion-Na2b9JIVsIU-unsplash.jpg,6.060606060606061
male/caucasian/guy15.jpg,6.048245614035088
female/asian/girl-1718116_1920.jpg,6.592592592592593
male/mideastern/face-3737238_1920.jpg,4.166666666666667
female/asian/woman-4804268_1920.jpg,5.0
male/indian/safal-karki-_p93Zag8tgE-unsplash.jpg,6.1125
female/black/pexels-andrea-piacquadio-3880766.jpg,5.75
female/indian/jyotirmoy-gupta-AXBsyZVjPLQ-unsplash.jpg,4.037037037037037
female/caucasian/girl-788813_1920.jpg,6.296296296296297
female/caucasian/gabriel-porras-u_tdzVxTTr8-unsplash.jpg,7.142857142857143
male/caucasian/felea-emanuel-Pv5y8bab5L4-unsplash.jpg,7.083333333333334
female/asian/pexels-anna-shvets-4672555.jpg,6.666666666666667
male/asian/pexels-min-an-1153351.jpg,4.777777777777778
male/caucasian/justin-chen-J7Cf1Gch49E-unsplash.jpg,7.131578947368421
male/hispanic/isaac-quesada-uTZ9UIxUKVY-unsplash.jpg,7.15
male/hispanic/alex-quezada-IqiGfsnI0Rk-unsplash.jpg,5.789473684210527
female/mideastern/d2.jpg,7.833333333333333
female/caucasian/mark-decile-Vcc8VFc3uCo-unsplash.jpg,8.2
female/black/61.jpg,7.764705882352941
male/asian/imansyah-muhamad-putera-n4KewLKFOZw-unsplash.jpg,5.868421052631579
male/caucasian/scott-higdon-tD1XD54mx8w-unsplash.jpg,6.602040816326531
female/caucasian/bella-4368194_1920.jpg,4.75
male/hispanic/ziphaus-Fkb4-bLAE4o-unsplash.jpg,5.366666666666666
female/caucasian/10_1.jpg,8.447368421052632
female/caucasian/blonde-2885907_1920.jpg,7.089285714285714
female/hispanic/girl-1258630_1920.jpg,6.0
female/mideastern/joao-paulo-de-souza-oliveira-7-CSeYLI-KM-unsplash.jpg,7.464285714285714
male/hispanic/boy-1284509_1920.jpg,6.45
male/indian/ankush-minda-uPIDtOdCINY-unsplash.jpg,6.2875
female/hispanic/22.jpg,6.052631578947368
female/caucasian/sharon-mccutcheon-EpsQ8oVcDj4-unsplash.jpg,6.785714285714286
male/hispanic/deniz-gocmen-I_iTEsW8Cww-unsplash.jpg,6.142857142857143
male/asian/tran-thanh-uOyRSCT0O10-unsplash.jpg,5.818181818181818
male/hispanic/people-2583959_1920.jpg,6.5
male/mideastern/amine-bashir-inTUOzVxdOA-unsplash.jpg,4.613821138211383
male/asian/christian-senan-BN2VEGCf140-unsplash.jpg,4.222222222222222
female/caucasian/mike-austin-jgSAuqMmJUE-unsplash.jpg,7.64
female/hispanic/confused-2681507_1920.jpg,4.125
female/caucasian/naeim-jafari-6Xai7XxOgBc-unsplash.jpg,7.333333333333333
male/caucasian/robert-harkness-MB_5XK9E7vM-unsplash.jpg,2.0
female/mideastern/ana-itonishvili-12KpxzD4iis-unsplash.jpg,5.818181818181818
female/caucasian/portrait-3289372_1920.jpg,6.252873563218391
female/asian/girl-526707_1920.jpg,4.838709677419355
female/caucasian/girl-1482002_1920.jpg,5.568965517241379
male/hispanic/132.jpg,6.472868217054264
female/caucasian/portrait-2690308_1920.jpg,7.75
male/asian/dev-asangbam-Ox_mKPMBpTw-unsplash.jpg,5.207070707070708
male/mideastern/pexels-hussein-altameemi-1678821.jpg,3.777777777777778
male/caucasian/man-3437398_1920.jpg,5.842948717948717
male/indian/gaurav-khoda-HYQMk4fFI-s-unsplash.jpg,5.617886178861789
female/hispanic/red-4886345_1920.jpg,7.696428571428571
male/caucasian/tobi-oshinnaike-Z7MKNGFnbOw-unsplash.jpg,5.888888888888889
male/caucasian/pexels-jaysen-scott-1858490.jpg,4.555555555555555
female/asian/pexels-duy-dinh-3614523.jpg,6.333333333333333
male/hispanic/g_4.jpg,6.473684210526316
male/caucasian/guy-3608788_1920.jpg,6.941860465116279
male/indian/jennifer-marquez-kg9cClY_fuc-unsplash.jpg,6.443089430894309
male/asian/landovan-4aSkbR8Kdwk-unsplash.jpg,4.111111111111111
male/hispanic/diego-sanchez-C20AJQ_yg14-unsplash.jpg,6.309895833333333
female/asian/aiony-haust-orYdcTza06E-unsplash.jpg,7.892857142857143
male/caucasian/luther-bottrill-DVeTzIywKw4-unsplash.jpg,6.729166666666667
female/hispanic/beautiful-1887355_1920.jpg,7.551724137931035
female/caucasian/gary-edmonstone-LmdWNvd7C7U-unsplash.jpg,5.111111111111111
female/caucasian/nick-arnot-AuCrXk0pLWo-unsplash.jpg,7.898148148148149
female/caucasian/pexels-gabby-k-5303015.jpg,6.5
female/caucasian/tamara-bellis-JTtWu85K9So-unsplash.jpg,7.892857142857143
female/caucasian/blond-3952534_1920.jpg,6.785714285714286
female/indian/dollar-gill-Ciujwy5epq4-unsplash.jpg,8.1
female/mideastern/model-5029025_1920.jpg,6.266666666666667
male/caucasian/mehmet-turgut-kirkgoz-GHks3u7dzcc-unsplash.jpg,6.093023255813954
male/black/awab-husameldin-4CxTSNe_8Qk-unsplash.jpg,5.157407407407407
female/caucasian/sergio-souza-nTgauPjp-uA-unsplash.jpg,6.833333333333333
female/black/jovaughn-stephens-3ajz-2RgEi8-unsplash.jpg,7.192307692307693
male/caucasian/happy-3004355_1920.jpg,5.055555555555555
female/asian/42.jpg,7.809523809523809
male/black/look-4780865_1920.jpg,6.020833333333333
female/asian/nima-sarram-3VOI8o6Ftio-unsplash.jpg,7.666666666666667
female/black/jessica-felicio-F16KPYxfm6s-unsplash.jpg,5.583333333333333
female/caucasian/caroline-hernandez-s7cX3UfuFAA-unsplash.jpg,5.975
male/black/david-rotimi-6hGIMs-TOYU-unsplash.jpg,3.8
male/black/esteban-castle-FULkoZ989E4-unsplash.jpg,3.566666666666667
male/caucasian/guy-1079623_1920.jpg,4.625
male/hispanic/boy-2699256_1920.jpg,7.303921568627451
female/hispanic/anastasiya-pavlova-v6XumrQC1NA-unsplash.jpg,7.384615384615385
female/caucasian/michael-mims-fWWiaDox0BU-unsplash.jpg,5.384615384615385
male/caucasian/elvis-ray-tbSiO437eDY-unsplash.jpg,6.816326530612245
female/hispanic/beautiful-1274056_1920.jpg,8.115384615384615
male/mideastern/pexels-yazan-khalifeh-1000225.jpg,6.555555555555555
male/mideastern/damir-yakupov-rsx0Bj6s770-unsplash.jpg,4.272727272727272
female/indian/pexels-rahul-pandit-5382522.jpg,7.111111111111111
female/asian/jernej-graj-GY5gWDimEyg-unsplash.jpg,7.777777777777778
male/caucasian/man-4302299_1920.jpg,7.107843137254902
male/indian/man-2933801_1920.jpg,4.516666666666667
male/indian/noorulabdeen-ahmad-nDrV5Wq2lxU-unsplash.jpg,5.333333333333333
female/black/lethu-zimu-bkyKiFfV91Q-unsplash.jpg,5.517241379310345
male/indian/yogendra-singh-DFyFd76t1NY-unsplash.jpg,4.315789473684211
female/indian/pexels-rahul-pandit-3894370.jpg,6.25
male/mideastern/muhammad-faiz-zulkeflee-BuxUWCobuGA-unsplash.jpg,4.510204081632653
female/caucasian/woman-5480503_1920.jpg,6.0
female/caucasian/dane-wetton-0AqoGTLmIjQ-unsplash.jpg,6.944444444444445
male/indian/suranjan-koirala-95-3iy_pj2I-unsplash.jpg,2.333333333333333
female/caucasian/people-3310084_1920.jpg,7.0
female/asian/huu-chung-dang-lP02hkcp7H0-unsplash.jpg,8.625
female/caucasian/portrait-1579025_1920.jpg,7.7
female/mideastern/jamill-del-rosario-jn3w2ouoPv4-unsplash.jpg,8.272727272727273
male/caucasian/portrait-2946213_1920.jpg,6.136752136752136
female/hispanic/gama-films-h_9KkS8c9Sw-unsplash.jpg,6.513888888888888
male/indian/amir-soltani-9RcccOHau2M-unsplash.jpg,6.145299145299145
male/black/pexels-zack-jarosz-2024901.jpg,4.333333333333333
male/indian/diego-sanchez-ABNwyVyvCbo-unsplash.jpg,7.181818181818182
male/indian/pexels-ibadat-singh-2955247.jpg,4.111111111111111
male/hispanic/anton-darius-3XY7BWwGolk-unsplash.jpg,5.7
male/caucasian/male-3673510_1920.jpg,6.9
female/caucasian/mike-austin-oRVnmlBD4Vo-unsplash.jpg,7.604166666666667
female/caucasian/grimace-1012862_1920.jpg,5.894736842105263
male/mideastern/tim-mossholder-zIBn97bCJoI-unsplash(1).jpg,5.544715447154472
female/caucasian/gabriel-silverio-u3WmDyKGsrY-unsplash.jpg,5.107142857142857
female/indian/54.jpg,8.157894736842104
male/black/brian-lundquist-oqfSpGiS42w-unsplash.jpg,3.781746031746032
female/asian/asian-3932158_1920.jpg,7.0
female/mideastern/joao-paulo-de-souza-oliveira-PK5HVHRWYa8-unsplash.jpg,6.642857142857143
female/asian/hannah-xu-A3B7VHK71Ks-unsplash.jpg,6.888888888888889
female/hispanic/shawn-olivier-boivin-blanchard-FBIGTYhErFw-unsplash.jpg,7.777777777777778
female/caucasian/francesca-zama-GVIesWuFdI8-unsplash.jpg,8.625
female/indian/bride-5170730_1920.jpg,7.444444444444445
female/caucasian/woman-4130601_1920.jpg,4.714285714285714
female/indian/couple-4686423_1920.jpg,6.655172413793103
male/indian/pedram-normohamadian-daguyNdZFCY-unsplash.jpg,6.143410852713178
male/black/pexels-spencer-selover-428333.jpg,5.888888888888889
female/hispanic/25.jpg,7.6
male/hispanic/pexels-fady-hany-1466844.jpg,7.0
female/caucasian/alexis-brown-XhFROJiMDtA-unsplash.jpg,6.42
female/caucasian/irina-iriser-T9_NHo5d0pc-unsplash.jpg,7.346153846153846
female/black/pexels-shotpot-6337498.jpg,4.333333333333333
male/caucasian/angelo-abear-l1AXPSU_W9M-unsplash.jpg,3.282051282051282
female/asian/dev-asangbam-R4CHODMJTzA-unsplash.jpg,6.631578947368421
female/asian/girl-2704116_1920.jpg,6.111111111111111
female/asian/europeana-m9LowiQVMLA-unsplash.jpg,4.789473684210527
male/asian/pexels-min-an-1157461.jpg,6.666666666666667
male/caucasian/diego-sanchez--1cYDFE5-Lo-unsplash.jpg,5.161290322580645
male/caucasian/lucas-newton-GkQaSPkp54o-unsplash.jpg,5.936170212765957
male/caucasian/janko-ferlic-GWFffQS5eWU-unsplash.jpg,5.75
male/caucasian/guy9.jpg,7.904471544715447
male/indian/samir-basnet-qRmHuCrJkYY-unsplash.jpg,5.333333333333334
female/mideastern/oscar-nord-1UJNl0Ffhw8-unsplash.jpg,6.222222222222222
male/caucasian/pexels-ralph-rabago-3290888.jpg,7.666666666666667
female/indian/indian-girl-4985302_1920.jpg,6.137931034482759
male/hispanic/nature-1706767_1920.jpg,6.475609756097561
male/mideastern/gursimrat-ganda-ICZWButbZx4-unsplash.jpg,6.416666666666667
male/black/christian-lunde-v-dd__G7g7k-unsplash.jpg,4.679738562091504
female/indian/sylvester-dsouza-LAprsXXH-Nc-unsplash.jpg,3.684210526315789
female/asian/ahmad-qime-in2aoHwX5bA-unsplash.jpg,6.555555555555555
male/caucasian/man-61004_1920.jpg,3.576388888888889
female/indian/woman-4456917_1920.jpg,6.285714285714286
female/caucasian/women-1209678_1920.jpg,6.962962962962963
female/caucasian/girl-3901714_1920.jpg,8.0
male/hispanic/andrei-caliman-6R2Sj-8PerY-unsplash.jpg,6.888888888888889
female/caucasian/andreea-pop-uR4cG4C2tsg-unsplash.jpg,6.282051282051281
female/asian/fashion-4257899_1920.jpg,7.827586206896552
female/hispanic/woman-5225288_1920.jpg,6.888888888888889
female/caucasian/woman-2138461_1920.jpg,6.603448275862069
female/asian/woman-984426_1920.jpg,6.88095238095238
female/caucasian/isi-parente-0FjPiX4szEk-unsplash.jpg,7.166666666666666
male/caucasian/brett-952579_1920.jpg,5.996124031007753
male/caucasian/kenzie-kraft-b8vUsjhAeYQ-unsplash.jpg,6.298611111111111
female/black/smile-2072907_1920.jpg,5.535714285714286
female/caucasian/ben-den-engelsen-AGTxr6b9xJU-unsplash.jpg,6.666666666666666
female/caucasian/aschas-O15EA5W8rmI-unsplash.jpg,5.809523809523809
male/caucasian/charisse-kenion-bYxVLLifeIc-unsplash.jpg,4.800378787878788
male/asian/model-2911363_1920.jpg,6.859477124183007
female/caucasian/david-todd-mccarty-EIeLcpn-9bM-unsplash.jpg,7.549019607843138
female/black/cassandra-hamer-t2obqqft_xM-unsplash.jpg,5.666666666666667
male/caucasian/logan-weaver-7z2KFFWQ7n0-unsplash.jpg,6.6
female/caucasian/pexels-skyler-ewing-4680663.jpg,6.333333333333333
female/caucasian/pexels-megan-markham-2448531.jpg,5.777777777777778
female/caucasian/jassir-jonis-yFoZ6B6KGN8-unsplash.jpg,4.314814814814815
male/mideastern/mile-modic-Sv9xCQ7RBCs-unsplash.jpg,3.190476190476191
female/indian/child-3199624_1920.jpg,6.666666666666667
female/caucasian/clayton-cardinalli-ZqmmwcE1DQ8-unsplash.jpg,7.907407407407407
male/black/pexels-blac-bear-3805873.jpg,2.888888888888889
female/black/leighann-blackwood-nRVMVZvy6mo-unsplash.jpg,6.1
male/caucasian/133.jpg,6.388888888888889
male/mideastern/pexels-marcelo-chagas-3583894.jpg,7.111111111111111
male/caucasian/angelika-agibalova-06Bl5S7tySM-unsplash.jpg,7.000925925925926
female/asian/annie-lin-876188_1920.jpg,3.896551724137931
female/mideastern/sour-moha-Uxo2j3rJq5Y-unsplash.jpg,8.166666666666666
female/caucasian/kate-hliznitsova-tD0wyPbnsLA-unsplash.jpg,6.0
male/indian/guy7.jpg,6.004166666666667
male/hispanic/pexels-hamid-tajik-6207046.jpg,6.555555555555555
female/caucasian/girl-2772177_1920.jpg,6.317307692307693
female/caucasian/gemma-chua-tran-u1eZM06-MPw-unsplash.jpg,7.25
female/caucasian/joseph-kellner-TFR1yggdvq8-unsplash.jpg,6.5
female/caucasian/portrait-3292287_1920.jpg,7.892857142857143
female/black/27.jpg,6.7
female/caucasian/matheus-ferrero-LIaLQ2SIQuk-unsplash.jpg,6.653846153846154
male/asian/pexels-padli-pradana-3751857.jpg,3.444444444444445
female/black/clem-onojeghuo-FbTOrJ2G8KI-unsplash.jpg,5.438271604938271
female/indian/arindam-deb-1cdWV-VMjSk-unsplash.jpg,6.75
male/asian/ibuki-tsubo-xQOy5w4waCk-unsplash.jpg,6.666666666666667
male/caucasian/ashkan-forouzani-ldkvWj0lrqk-unsplash.jpg,6.707317073170731
male/mideastern/ameer-basheer-ABuzWPku1Ug-unsplash.jpg,6.416666666666667
female/asian/portrait-750780_1920.jpg,5.142857142857143
female/indian/pexels-ketut-subiyanto-4307688.jpg,6.666666666666667
female/caucasian/derick-daily--1_NYuwIQxU-unsplash.jpg,7.454545454545454
male/caucasian/lesly-juarez-RukI4qZGlQs-unsplash.jpg,7.118518518518518
male/caucasian/jake-davies-nOxQW5SIx9c-unsplash.jpg,5.272108843537414
male/asian/pexels-jameson-mallari-atenta-2872703.jpg,5.444444444444445
female/mideastern/little-2192347_1920.jpg,7.35
male/mideastern/man-2969985_1920.jpg,6.283333333333334
female/asian/dani-bayuni-FhuHS2959uI-unsplash.jpg,5.210526315789473
male/caucasian/bruno-bucar-BGcjf5DzK_8-unsplash.jpg,5.752032520325203
male/asian/leo-sagala-ImCWS7xydLY-unsplash.jpg,5.666666666666667
male/caucasian/man-4220914_1920.jpg,3.478260869565217
male/mideastern/ashkan-forouzani-YzsFkMBMhoQ-unsplash.jpg,3.764583333333333
female/asian/suhendro-purnomo--ApMYrUyi0o-unsplash.jpg,7.666666666666667
female/caucasian/woman-4134319_1920.jpg,5.059523809523809
female/hispanic/dorothy-puscas-kMgtp2f7yKs-unsplash.jpg,7.055555555555555
male/caucasian/harishan-kobalasingam-8PMvB4VyVXA-unsplash.jpg,6.520833333333333
female/caucasian/kayla-maurais-LLMLMR_Dwkg-unsplash.jpg,7.962962962962962
female/caucasian/girl-4570763_1920.jpg,7.648809523809524
male/black/lari-avn-oZPHLlcyGb8-unsplash.jpg,5.75
female/caucasian/valerie-elash-Z5g_6TLS6Ho-unsplash.jpg,7.537037037037037
male/caucasian/emrecan-arik-apJKb2Js_Vg-unsplash.jpg,6.710526315789473
female/caucasian/grandmother-5903707_1920.jpg,3.222222222222222
male/mideastern/pexels-himesh-mehta-2880285.jpg,2.666666666666667
female/hispanic/dollar-gill-qBhFwtGQGag-unsplash.jpg,7.545454545454546
male/caucasian/male-model-2807612_1920.jpg,4.553191489361702
male/indian/happiness-4067230_1920.jpg,5.670212765957447
male/caucasian/man-4821291_1920.jpg,6.785714285714286
female/caucasian/elijah-m-henderson-r9lTXKNtq7I-unsplash.jpg,7.461538461538462
male/caucasian/man-4818722_1920.jpg,6.47
female/caucasian/french-4525967_1920.jpg,6.517241379310345
male/black/timothy-barlin-2BJwlRZaR5M-unsplash.jpg,3.464052287581699
female/caucasian/sheri-hooley-gQbE06VKL4M-unsplash.jpg,6.12
female/asian/pexels-sora-shimazaki-5938295.jpg,7.5
male/black/pexels-rodney-gainous-jr-2719416.jpg,4.666666666666667
female/black/clarke-sanders-HOQpBGL95Z8-unsplash.jpg,6.769230769230769
female/caucasian/woman-3034836_1920.jpg,6.967741935483871
male/indian/india-4870636_1920.jpg,4.868794326241135
female/caucasian/old-woman-4189578_1920.jpg,2.888888888888889
male/black/brian-lundquist-bf6ZtR545rU-unsplash.jpg,5.979674796747967
male/indian/md-duran-msnDjv5cC_U-unsplash.jpg,3.754166666666667
male/hispanic/pexels-anna-tarazevich-5234265.jpg,5.777777777777778
female/black/gabrielle-henderson-hZpmaacR8gE-unsplash.jpg,5.083333333333333
female/hispanic/allef-vinicius-PA0vICn6DwE-unsplash.jpg,7.851851851851852
male/hispanic/refugee-1226610_1920.jpg,6.388157894736842
male/mideastern/docusign-ujkG7mTs7IM-unsplash.jpg,5.333333333333333
male/caucasian/man-379677_1920.jpg,4.182539682539683
male/indian/amir-mohammad-jafari-tKEti7E86Kc-unsplash.jpg,4.778409090909091
male/black/african-american-1436661_1920.jpg,4.927083333333333
male/asian/fahmi-anwar-dBtBDtiM780-unsplash.jpg,3.444444444444445
female/mideastern/50.jpg,7.894736842105263
male/mideastern/nasro-azaizia-1NP6_EsAYl8-unsplash.jpg,6.125
female/caucasian/joy-4196371_1920.jpg,6.25
male/indian/md-duran-3pe-sQM8-28-unsplash.jpg,4.27906976744186
female/caucasian/pexels-ali-pazani-2811089.jpg,8.625
female/mideastern/pexels-rodnae-productions-4911079.jpg,5.666666666666667
male/caucasian/jens-lindner-dP6g1YJWQcA-unsplash.jpg,6.323529411764706
male/caucasian/couple-1719683_1920.jpg,6.802083333333333
female/hispanic/girl-883006_1920.jpg,5.666666666666666
male/caucasian/marie-michele-bouchard-8d-1HViXfdk-unsplash.jpg,5.3875
female/mideastern/kal-visuals-b1Hg7QI-zcc-unsplash.jpg,6.703703703703703
male/mideastern/mehrdad-dadaei--aY-mUygMD0-unsplash(1).jpg,6.886178861788618
male/indian/pexels-prince-photos-1537517.jpg,5.111111111111111
female/black/juno-jo-nwdPxI1h4NQ-unsplash.jpg,6.096153846153846
male/asian/pexels-jermaine-ulinwa-3289153.jpg,4.666666666666667
female/mideastern/model-4606802_1920.jpg,7.16
female/asian/pexels-happy-pixels-3170437.jpg,7.625
male/mideastern/jassir-jonis-OHVBfnxiokY-unsplash.jpg,5.309027777777778
female/hispanic/omar-lopez-auEe5lKHZCw-unsplash.jpg,7.206896551724138
male/caucasian/120.jpg,5.805555555555556
female/caucasian/woman-1140032_1920.jpg,4.482758620689655
male/hispanic/male-4444163_1920.jpg,3.944444444444445
female/caucasian/pexels-mbardo-5293989.jpg,8.0
female/caucasian/guillaume-bleyer-PPnwwUeUbYk-unsplash.jpg,6.535714285714286
female/mideastern/face-2432004_1920.jpg,6.033333333333333
male/caucasian/smitty-kVB7kYjBPJI-unsplash.jpg,7.216666666666667
male/mideastern/sahil-moosa-JWUYb-5OSYU-unsplash.jpg,5.894736842105263
male/caucasian/111.jpg,5.747863247863249
male/asian/pexels-ba-phi-1339536.jpg,7.75
female/indian/38.jpg,7.05
male/indian/ashkan-forouzani-L9YcNysgL94-unsplash.jpg,6.463675213675213
male/asian/ha-nguy-n-CelYET8aK68-unsplash.jpg,6.25
female/indian/portrait-5604743_1920.jpg,7.111111111111111
female/mideastern/little-girl-5912824_1920.jpg,6.888888888888889
female/indian/shotlist-7sPYFUKOK_8-unsplash.jpg,6.52
female/caucasian/steady-hand-co-sdSnS1WF7C8-unsplash.jpg,6.074074074074074
male/hispanic/hamed-taha-xPmMqkAze7g-unsplash.jpg,6.066666666666666
male/asian/filipe-almeida-mnEWC72eWDM-unsplash.jpg,2.92
female/hispanic/juan-encalada-vIM0htb0gJs-unsplash.jpg,3.090909090909091
female/hispanic/febri-sym-HKuhUKNWFtY-unsplash.jpg,7.314814814814815
male/hispanic/basketball-888531_1920.jpg,5.213836477987421
female/indian/india-4869731_1920.jpg,4.137931034482759
female/caucasian/allef-vinicius-PoM0yxiD6L8-unsplash.jpg,7.0
male/caucasian/man-3122063_1920.jpg,4.535714285714286
female/mideastern/raamin-ka-4lQmQ_DBbNc-unsplash.jpg,7.973684210526316
male/indian/eric-joseph-GMCsqQHOW0A-unsplash.jpg,4.45
female/mideastern/pexels-bharat-kumar-2055033.jpg,6.444444444444445
male/caucasian/g_8.jpg,6.7
female/hispanic/pexels-lehandross-2383118.jpg,7.777777777777778
male/caucasian/vasile-stancu-Rx-dasg6bN4-unsplash.jpg,6.967391304347826
male/caucasian/vicky-hladynets-EruJpcY4i1w-unsplash.jpg,5.962719298245614
female/hispanic/egyptian-girl-4194413_1920.jpg,7.403508771929825
male/black/pexels-kenex-media-sa-6573686.jpg,5.444444444444445
female/mideastern/photography-4403690_1920.jpg,5.642857142857143
male/asian/long-truong-kVNadxWFsGM-unsplash.jpg,4.853658536585366
female/mideastern/sandeep-swarnkar-o2Bl6Y9hPos-unsplash.jpg,7.105263157894737
male/black/divine-effiong-_e8yPP3C9n0-unsplash.jpg,5.85752688172043
male/asian/pexels-ba-phi-1752126.jpg,6.555555555555555
male/caucasian/mikhail-marchenko-nuOfp2JdBB8-unsplash.jpg,5.988095238095238
male/black/pexels-cottonbro-6626360.jpg,3.777777777777778
male/mideastern/man-4752273_1920.jpg,4.471698113207547
female/caucasian/jude-infantini-HKQKt4f8sAU-unsplash.jpg,6.923076923076923
female/caucasian/portrait-1944614_1920.jpg,5.188888888888889
female/caucasian/fashion-3080644_1920.jpg,8.0
female/caucasian/annika-palmari-H0-6Y5GmyMQ-unsplash.jpg,6.962962962962963
female/hispanic/pexels-daniel-xavier-1239288.jpg,6.666666666666667
male/black/elizeu-dias-2EGNqazbAMk-unsplash.jpg,5.852941176470588
female/caucasian/jonathan-cooper-b-A6K_2cpWY-unsplash.jpg,7.090909090909091
male/caucasian/lisa-wall-x5aOKbKhM_o-unsplash.jpg,7.454545454545454
male/mideastern/mohammad-metri-r8J8AfoHPz4-unsplash.jpg,4.255555555555556
male/caucasian/elijah-hiett-vAVGdV1oklQ-unsplash.jpg,6.619047619047619
female/mideastern/woman-1584341_1280.jpg,4.677777777777778
male/hispanic/pexels-zaetaflow-sec-3205230.jpg,3.0
female/mideastern/sayan-ghosh-ZRVmiVKFMDs-unsplash.jpg,6.285714285714286
female/mideastern/29.jpg,6.8
female/caucasian/tanya-trofymchuk-gCKYhaa4b2E-unsplash.jpg,7.230769230769231
male/indian/ashkan-forouzani-YlAp3Y7VUmA-unsplash.jpg,3.601449275362319
female/mideastern/pexels-the-lazy-artist-gallery-1149840.jpg,8.0
female/caucasian/girl-3718537_1920.jpg,7.615384615384615
male/black/pexels-marcelo-chagas-2121531.jpg,5.555555555555555
female/caucasian/garin-chadwick-dVnnPd2xgf4-unsplash.jpg,6.678571428571429
male/mideastern/allef-vinicius-37l3ap7rouo-unsplash.jpg,5.909090909090909
female/caucasian/woman-5919218_1920.jpg,6.777777777777778
male/mideastern/dev-asangbam-amYKxUUet60-unsplash.jpg,4.428571428571429
female/caucasian/manny-moreno-IMecW34PSu8-unsplash.jpg,7.153846153846154
female/caucasian/vladislav-nikonov-XyoRtTE5P9U-unsplash.jpg,7.111111111111111
male/mideastern/lexscope-gRWdcPHz7uA-unsplash.jpg,5.5
male/caucasian/talen-de-st-croix-XzRhdAoNMa8-unsplash.jpg,6.25
male/mideastern/fashion-5608514_1920.jpg,5.666666666666667
male/black/alekzan-powell-5t5krHi1LQ8-unsplash.jpg,5.003401360544218
female/indian/woman-5922149_1920.jpg,5.555555555555555
male/hispanic/121.jpg,5.36046511627907
male/caucasian/people-1492096_1920.jpg,5.414965986394559
female/caucasian/people-4919068_1920.jpg,5.103448275862069
female/caucasian/girl-2522405_1920.jpg,7.533333333333333
female/asian/altanbagana-jargal-o79BpJ-tgew-unsplash.jpg,5.5
female/asian/pexels-min-an-1070751.jpg,8.75
female/hispanic/mateus-campos-felipe-csdVYOLOqls-unsplash.jpg,5.916666666666667
female/indian/christina-wocintechchat-com-1Kf3jFemsPk-unsplash.jpg,3.851851851851852
female/indian/clinton-naik-k-YuHdAtTP0-unsplash.jpg,5.38095238095238
female/black/noah-buscher-AR7aumwKr2s-unsplash.jpg,5.666666666666667
female/indian/pexels-skg-photography-2270078.jpg,7.352941176470588
male/hispanic/g_12.jpg,6.5
male/black/karsten-winegeart-uvMNz3ZS8J0-unsplash.jpg,4.952380952380953
male/caucasian/winter-1937626_1920.jpg,5.989583333333333
female/hispanic/joseph-perez-pSa5RttmLHs-unsplash.jpg,6.5
female/black/raphael-lovaski-3cbvEhhQspg-unsplash.jpg,7.035714285714286
female/black/makeup-1442912_1920.jpg,6.555555555555555
male/mideastern/beard-1866984_1920.jpg,5.266666666666667
female/hispanic/willspirit-sbln--hNSeRvzgP8-unsplash.jpg,6.238095238095238
male/hispanic/model-3994985_1920.jpg,5.411764705882353
female/indian/zahra-amiri-QuL60_NbW_0-unsplash.jpg,5.833333333333333
female/caucasian/portrait-of-a-girl-4604219_1920.jpg,5.935483870967742
female/hispanic/madison-hedgecock-tacwAxr3PvU-unsplash.jpg,7.5
male/hispanic/marcos-paulo-prado-y6yrNx1MBEg-unsplash.jpg,5.279166666666667
female/hispanic/rafaella-mendes-diniz-AoL-mVxprmk-unsplash.jpg,8.0
male/caucasian/hipster-358479_1920.jpg,6.163333333333332
female/caucasian/portrait-3083402_1920.jpg,7.5
female/caucasian/portrait-1833929_1920.jpg,8.777777777777779
female/black/vonecia-carswell-X5f2DFCjhWs-unsplash.jpg,7.32
female/caucasian/mike-austin-JfpclLudxlE-unsplash.jpg,7.692307692307693
female/caucasian/55.jpg,7.809523809523809
male/hispanic/man-1613566_1920.jpg,4.9937106918239
female/caucasian/studio-portrait-487065_1920.jpg,6.931034482758621
female/indian/indian-5033682_1920.jpg,7.103448275862069
female/caucasian/beauty-1132617_1920.jpg,7.892857142857143
female/hispanic/raamin-ka-zfWcUc48WXk-unsplash.jpg,7.818181818181818
male/mideastern/adrian-dascal-1QOsJGbNIgk-unsplash.jpg,6.85
female/mideastern/barry-fitzsimmons-FdPjKwHWqPo-unsplash.jpg,5.714285714285714
male/asian/yang-deng-C4bZ_42MAYA-unsplash.jpg,5.218085106382978
male/indian/rahadiansyah-3RQEJUpu-Dc-unsplash.jpg,4.125
male/asian/pexels-griffin-wooldridge-3970083.jpg,7.0
female/mideastern/pexels-wesley-rocha-3797438.jpg,7.333333333333333
male/black/luke-2373974_1920.jpg,4.85
male/mideastern/ashkan-forouzani-bS1z7PKjDEc-unsplash.jpg,4.095833333333333
male/black/man-4345079_1920.jpg,4.612179487179487
male/hispanic/national-cancer-institute-NNpo-liY5aU-unsplash.jpg,3.363636363636364
male/caucasian/nikolay-vybornov-lC6f79utuKM-unsplash.jpg,4.294117647058823
female/caucasian/jonnelle-yankovich-c7TBD3PvoaQ-unsplash.jpg,5.5
male/black/alekon-pictures-iaoYtl50cVk-unsplash.jpg,4.871951219512195
male/caucasian/joanna-nix-walkup-VWAzEW0bi58-unsplash.jpg,6.82051282051282
female/black/march-for-peace-1727917_1920.jpg,2.884615384615385
female/hispanic/ali-pazani-s9PJ3mD5KvY-unsplash.jpg,8.090909090909092
female/caucasian/carlos-lindner-zvZ-HASOA74-unsplash.jpg,7.84
female/caucasian/pexels-steven-arenas-620074.jpg,8.666666666666666
female/caucasian/logan-weaver-l0t4qHtj3fs-unsplash.jpg,7.185185185185185
female/caucasian/volleyball-player-1624970_1920.jpg,5.941176470588236
male/caucasian/boy-2736655_1920.jpg,5.476190476190476
female/caucasian/jassir-jonis-1weJoLwqGlI-unsplash.jpg,6.602564102564103
female/hispanic/beautiful-1274361_1920.jpg,7.931034482758621
male/hispanic/christian-buehner-hIbh3VlZgwU-unsplash.jpg,4.46969696969697
female/caucasian/12.jpg,6.11219512195122
male/hispanic/mojtaba-ravanbakhsh-C1FZr9CIC5U-unsplash.jpg,5.309523809523808
male/caucasian/young-4254330_1920.jpg,6.958333333333333
female/caucasian/tamas-tuzes-katai-nUP9GAg218U-unsplash.jpg,6.333333333333333
female/asian/pexels-maria-orlova-4906257.jpg,6.666666666666667
female/mideastern/ronny-sison-7eDUHk7Jb_o-unsplash.jpg,4.714285714285714
female/indian/female-1544783_1920.jpg,6.214285714285714
male/hispanic/tyler-nix-PQeoQdkU9jQ-unsplash.jpg,4.649122807017545
female/asian/woman-3178537_1920.jpg,7.357142857142857
male/mideastern/ashwini-chaudhary-fvm4bFVK7qM-unsplash.jpg,3.307291666666667
male/black/dominique-jordan-JSRmthCownc-unsplash.jpg,6.0
female/mideastern/24.jpg,7.380952380952381
female/caucasian/ethan-haddox-NTjSR3zYpsY-unsplash.jpg,6.5
male/black/alex-robinson-AGr13YPOPqw-unsplash.jpg,5.5
female/hispanic/mark-decile-UU1d9HCtgaE-unsplash.jpg,7.0
male/mideastern/man-1885147_1920.jpg,6.780141843971632
female/caucasian/steven-aguilar-GTld8AoIfbE-unsplash.jpg,6.206896551724138
female/asian/character-2454694_1920.jpg,3.964285714285714
female/caucasian/young-girl-510441_1920.jpg,8.333333333333334
male/caucasian/austin-distel-7bMdiIqz_J4-unsplash.jpg,7.130208333333333
male/caucasian/fashion-1866574_1920.jpg,7.465
female/caucasian/emmanuel-bior-N06QdiZgK_E-unsplash.jpg,7.65
female/mideastern/daniel-tong-Vaznn9k5GqQ-unsplash.jpg,7.833333333333333
female/caucasian/klenova_tati-IvwxEUHpQ5Y-unsplash.jpg,6.666666666666667
female/asian/pregnancy-2594275_1920.jpg,4.802469135802469
female/caucasian/teenager-4985908_1920.jpg,5.222222222222222
male/caucasian/pexels-jj-jordan-3149592.jpg,5.555555555555555
male/caucasian/guy12.jpg,7.737179487179487
female/caucasian/kim-jones-EcldzGBAB0A-unsplash.jpg,3.339506172839506
female/hispanic/girl-676185_1920.jpg,7.842105263157895
female/asian/woman-2690362_1920.jpg,4.724137931034483
female/black/david-todd-mccarty-e17ti0-AYoA-unsplash.jpg,6.315789473684211
male/caucasian/logan-weaver-s_mI8h4_5JY-unsplash.jpg,6.043333333333333
female/indian/woman-5267153_1920.jpg,4.0
male/caucasian/georgy-trofimov-rowvvDUAs5M-unsplash.jpg,5.363636363636363
male/caucasian/sayo-garcia-n-LARjYGIeg-unsplash.jpg,6.304878048780488
female/caucasian/luke-braswell-8s5brjtO4_M-unsplash.jpg,3.982456140350878
female/hispanic/woman-5870296_1920.jpg,8.444444444444445
female/asian/girl-4622990_1920.jpg,5.892857142857143
female/asian/23.jpg,7.2
female/mideastern/53.jpg,8.7
male/caucasian/esvan-UvgK58_MU9c-unsplash(1).jpg,4.694444444444445
male/mideastern/129.jpg,6.7375
male/caucasian/portrait-2573013_1920.jpg,4.701923076923077
female/mideastern/girl-1364014_1920.jpg,6.785714285714286
female/caucasian/girl-2961959_1920.jpg,7.592592592592593
male/asian/jiangxulei1990-U3G3ed8-BT4-unsplash.jpg,5.222222222222222
male/caucasian/sincerely-media-_iIB6g19mq4-unsplash.jpg,5.769607843137255
female/caucasian/pexels-rafael-barros-2130795.jpg,8.444444444444445
male/mideastern/pexels-emre-keshavarz-3518392.jpg,7.0
male/asian/pexels-andrea-piacquadio-3761521.jpg,6.222222222222222
male/caucasian/steven-erixon-C1nxojDnNPo-unsplash.jpg,6.04
female/caucasian/valdemars-magone-8ACtYtJ5G-E-unsplash(1).jpg,6.523809523809524
male/black/morgan-vander-hart-GVB-E8mr4Xk-unsplash.jpg,5.225378787878788
male/indian/athul-krishna-kmrgLHTOo8s-unsplash.jpg,4.833333333333333
male/caucasian/vampire-4798680_1920.jpg,5.897163120567375
female/caucasian/woman-918776_1920.jpg,7.379310344827586
female/caucasian/megan-bagshaw-VqblHgABSVA-unsplash.jpg,3.94
male/asian/brendan-hollis-00pYNLXfhFI-unsplash.jpg,5.131944444444445
male/hispanic/tom-cochereau-695YdtftW6Y-unsplash.jpg,5.666666666666667
female/black/ricardo-esquivel-O8i3pW1leYs-unsplash.jpg,6.454545454545454
female/caucasian/martin-guido-aYfyllIz-Xk-unsplash.jpg,6.307692307692307
male/caucasian/man-5917529_1920.jpg,1.625
female/asian/portrait-4202918_1920.jpg,6.557692307692307
female/mideastern/kirill-balobanov-Ef3AOkt6hHg-unsplash.jpg,8.5
male/caucasian/143.jpg,6.689814814814814
female/asian/pexels-cottonbro-3419647.jpg,6.0
male/mideastern/portrait-5945929_1920.jpg,4.777777777777778
male/indian/ali-yahya-22S6KHZoE8Q-unsplash.jpg,3.959349593495935
male/asian/staring-3547110_1920.jpg,3.881944444444444
male/caucasian/headphones-4602763_1920.jpg,5.364130434782608
male/caucasian/cobro-vfidsFiK-lM-unsplash.jpg,6.528455284552845
male/black/charles-etoroma-95UF6LXe-Lo-unsplash.jpg,5.681818181818182
male/caucasian/james-barr-_U7YytlNunM-unsplash.jpg,5.281481481481482
male/black/kareem-hayes-R1t3IQhYTqE-unsplash.jpg,4.794117647058823
male/indian/116.jpg,5.957142857142857
male/caucasian/alex-brisbey-1tVmD_KJZxo-unsplash.jpg,4.727272727272728
female/caucasian/woman-3073289_1920.jpg,6.253086419753087
female/black/jessica-felicio-_cvwXhGqG-o-unsplash.jpg,6.730769230769231
female/mideastern/michele-seghieri-vsS70e-zC34-unsplash.jpg,6.916666666666667
female/black/engin-akyurt-lyh6c9MLdBY-unsplash.jpg,5.111111111111111
female/caucasian/anastasiya-pavlova-OthOW3y_UII-unsplash.jpg,7.384615384615385
male/mideastern/man-3485138_1920.jpg,6.225
female/caucasian/denis-agati-3dL0mzyUS6M-unsplash.jpg,7.416666666666667
female/mideastern/khaled-ghareeb-xZSEvSlHRv8-unsplash.jpg,8.0
female/indian/pexels-trung-nguyen-2435583.jpg,5.444444444444445
male/black/man-4568762_1920.jpg,4.714285714285714
male/indian/muhammad-murtaza-ghani-iDN_Q0zSvY8-unsplash.jpg,4.545454545454546
female/caucasian/sean-stratton-cANdHDaUAuw-unsplash.jpg,6.904761904761905
female/black/lucas-lenzi-2RwB3AHphb4-unsplash.jpg,5.666666666666667
male/black/annie-spratt-QdK6aujOLYs-unsplash.jpg,3.727272727272727
male/black/nico-marks-mFcc5b_t74Q-unsplash.jpg,4.701388888888889
female/caucasian/callie-morgan-JlymtjqG2aU-unsplash.jpg,8.0
male/caucasian/man-3403180_1920.jpg,6.371794871794872
female/mideastern/dimitri-bong-2M45kvvIC-4-unsplash.jpg,6.1
female/caucasian/f1.jpg,7.805555555555555
female/asian/documentary-2695341_1920.jpg,4.0
male/mideastern/gita-krishnamurti-6B4KC-eWJDs-unsplash.jpg,4.523550724637682
female/caucasian/charlie-garcia-xJ_lOztx-VE-unsplash.jpg,7.35
female/asian/joel-mott-LaK153ghdig-unsplash.jpg,6.865384615384615
male/caucasian/serhiy-hipskyy-Vilt9tibcLQ-unsplash.jpg,6.052631578947368
female/caucasian/omid-armin-VS4Bg3tWWcI-unsplash.jpg,6.74074074074074
female/mideastern/alexandru-zdrobau-BGz8vO3pK8k-unsplash.jpg,8.208333333333334
female/mideastern/nathan-bingle-Rmdja7-az8M-unsplash.jpg,5.175438596491229
male/indian/people-3231960_1920.jpg,3.105072463768116
male/caucasian/philipp-wuthrich--oHSNY6F-xU-unsplash.jpg,6.604651162790698
male/indian/shivam-singh-DOmEd6CYP5M-unsplash(1).jpg,5.028455284552845
male/hispanic/tania-mousinho-ZTiPsISn3ac-unsplash.jpg,4.202380952380953
male/caucasian/portrait-1141481_1920.jpg,5.922222222222222
female/mideastern/56.jpg,7.35
female/caucasian/pexels-nycolle-suabya-4759196.jpg,4.5
male/caucasian/erik-mclean-06vpBIHmiYc-unsplash.jpg,5.545
male/hispanic/christian-buehner-wJkSeq7DzrI-unsplash.jpg,5.5
female/caucasian/beautiful-2819394_1920.jpg,6.0
male/caucasian/sebastian-pociecha-xLc0r-hn0Do-unsplash.jpg,6.547008547008547
female/hispanic/joelvalve-7JEZ6laI4qM-unsplash.jpg,6.181818181818182
female/black/gabriel-silverio-HibLL8rsiwc-unsplash.jpg,6.166666666666667
female/caucasian/karsten-winegeart-7dmtZSxMDi0-unsplash.jpg,6.578947368421052
female/asian/sankhadeep-barman-aHTbdSquNCY-unsplash.jpg,7.05
male/indian/head-shots-1544781_1920.jpg,4.272916666666666
male/asian/boy-4746524_1920.jpg,5.58
male/indian/ashkan-forouzani-lxQw4HiwKBY-unsplash.jpg,5.007936507936508
male/mideastern/metin-ozer-2jLCmcuwAc8-unsplash.jpg,4.993055555555555
male/caucasian/jackson-david-8q-EOrlhP8I-unsplash.jpg,3.75
male/indian/jaikishan-patel-G1r9ySGtdWQ-unsplash.jpg,5.581300813008131
male/mideastern/ashkan-forouzani-IZROIf9IO3I-unsplash.jpg,2.833333333333333
male/caucasian/charles-buchler-C6-GjBAOtZc-unsplash.jpg,3.109756097560976
female/asian/samuel-berner-xtpz9sSRUDw-unsplash.jpg,7.0
female/mideastern/woman-1284347_1920.jpg,6.75
male/caucasian/elijah-hiett-m7bRe_XS7BY-unsplash.jpg,6.25
female/indian/model-4255841_1920.jpg,6.758620689655173
male/caucasian/andriyko-podilnyk-S8ufy2IyFnM-unsplash.jpg,6.965116279069767
female/caucasian/taylor-deas-melesh-0WTtJ0bhJcw-unsplash.jpg,6.923076923076923
female/caucasian/sheri-hooley-SyuTPtihxrE-unsplash.jpg,6.56
male/hispanic/allef-vinicius-_5ZkuqGEIW0-unsplash.jpg,6.616279069767442
female/indian/model-3008722_1920.jpg,7.017857142857143
male/asian/pexels-sigit-hidayat-1767557.jpg,5.111111111111111
female/asian/women-5930352_1920.jpg,9.375
male/mideastern/riccardo-fissore-QMfP5xza0vU-unsplash.jpg,7.636363636363637
female/black/demorris-byrd-7Xqi7VLqfpA-unsplash.jpg,7.470588235294118
female/caucasian/khashayar-kouchpeydeh-z0PhHU7cy4Q-unsplash.jpg,7.5
female/mideastern/woman-2465429_1920.jpg,5.892857142857143
female/caucasian/woman-1000538_1920.jpg,6.166666666666667
male/black/pexels-kampus-production-5940858.jpg,2.875
female/hispanic/andres-hernandez-KRwFmEBlgJo-unsplash.jpg,8.166666666666666
male/indian/pexels-sora-shimazaki-5935750.jpg,6.444444444444445
female/black/pexels-nappy-1068205.jpg,6.666666666666667
female/caucasian/sirio-Ty4f_NOFO60-unsplash.jpg,7.74074074074074
male/black/close-up-1868524_1920.jpg,4.463414634146342
male/caucasian/jeremy-bishop-ctAsm_deVVk-unsplash.jpg,4.968085106382978
female/caucasian/portrait-3315767_1920.jpg,6.647058823529412
female/indian/pexels-arvind-shakya-796557.jpg,4.222222222222222
female/asian/girl-1733337_1920.jpg,7.361111111111111
male/indian/kazi-mizan-S3FoV56-Wbk-unsplash.jpg,5.343971631205673
male/caucasian/ian-dooley-d1UPkiFd04A-unsplash.jpg,6.34
male/caucasian/boy-508524_1920.jpg,5.047619047619047
male/caucasian/pexels-hamid-tajik-6273203.jpg,7.5
female/mideastern/houcine-ncib-JInbeCEqTbs-unsplash.jpg,5.648148148148148
male/caucasian/mehdi-lamaaffar-lrALtuCkYs0-unsplash.jpg,6.644736842105263
female/caucasian/museums-victoria-WZz1u5R5uT4-unsplash.jpg,7.357142857142857
female/caucasian/kermen-tutkunova-zjYvn9yqJl4-unsplash.jpg,6.777777777777778
female/indian/pexels-arif-khan-4595532.jpg,9.375
female/caucasian/hiva-sharifi-YUK4px6sjdc-unsplash.jpg,7.7
male/caucasian/ronan-kruithof-SMrz4oEO95I-unsplash.jpg,6.101449275362319
female/hispanic/58.jpg,8.157894736842104
male/caucasian/man-3786991_1920.jpg,4.693877551020408
female/asian/rainier-ridao-L1STkrnnBHw-unsplash.jpg,8.444444444444445
female/caucasian/edward-cisneros-_H6wpor9mjs-unsplash.jpg,5.6
male/caucasian/model-3513812_1920.jpg,6.875
female/hispanic/portrait-4137472_1920.jpg,6.766666666666667
female/asian/suhendro-purnomo-4E3noTlLm1c-unsplash.jpg,7.545454545454546
male/mideastern/kate_mes7-YIyERGGmTfE-unsplash.jpg,6.304347826086956
female/caucasian/pexels-andrea-piacquadio-3769986.jpg,7.666666666666667
female/caucasian/vince-fleming-ktx5O_H4DKc-unsplash.jpg,6.888888888888889
female/mideastern/17.jpg,7.8
female/caucasian/alexandre-croussette-P9C8YtG4eYU-unsplash.jpg,6.296296296296297
female/caucasian/meital-anlen-GJ5EBEVJI_0-unsplash.jpg,5.5
female/caucasian/andrey-zvyagintsev-byfNhh81CWU-unsplash.jpg,6.35
male/black/pexels-mwabonje-2096476.jpg,4.222222222222222
female/caucasian/metin-ozer-iSmTwuKTNDo-unsplash.jpg,4.5
female/caucasian/elderly-1557141_1920.jpg,2.333333333333333
male/caucasian/140.jpg,4.948717948717949
female/black/amevi-wisdom-wiUl_NyafcY-unsplash.jpg,5.083333333333333
male/indian/nith-in-w1N1WmLDyHU-unsplash.jpg,7.545454545454546
female/black/emmanuel-zua-iKNvqz1evXI-unsplash.jpg,5.9
male/caucasian/130.jpg,7.2625
male/black/maatla-seetelo-RdjeaWx3n70-unsplash.jpg,4.996078431372549
male/hispanic/people-2571917_1920.jpg,6.53921568627451
female/asian/azamat-kinzhitayev-yyf5DCBtm4E-unsplash.jpg,6.666666666666667
male/mideastern/kouki-walim-71ZedHD4P7Y-unsplash.jpg,6.909090909090909
female/black/pexels-dalila-dalprat-1995129.jpg,5.111111111111111
female/caucasian/woman-659352_1920.jpg,6.666666666666667
female/asian/female-3976486_1920.jpg,5.67741935483871
male/asian/137.jpg,5.554263565891472
female/mideastern/hamid-tajik-QXbJ3yhMNK4-unsplash.jpg,7.75
male/indian/indian-3459541_1920.jpg,5.325
female/caucasian/woman-828953_1920.jpg,6.416666666666667
male/caucasian/edwin-ashitendoh-Ss9zJmj4G70-unsplash.jpg,5.777777777777778
female/mideastern/ospan-ali-ue9wiyU842k-unsplash.jpg,8.0
male/indian/shudipto-sarker-9qpe5gZDc7E-unsplash.jpg,6.232456140350878
female/indian/awab-husameldin-YOytR4BXEqM-unsplash.jpg,5.636363636363637
male/caucasian/people-875597_1920.jpg,5.115646258503402
male/caucasian/beard-4205158_1920.jpg,5.745098039215686
female/hispanic/kunj-parekh-VfC7Pm5BxuI-unsplash.jpg,6.92
female/caucasian/model-483918_1920.jpg,4.620689655172414
female/hispanic/woman-2773007_1920.jpg,7.444444444444445
female/caucasian/winter-1520232_1920.jpg,4.185185185185185
female/asian/57.jpg,6.95
female/asian/diao-darius-K3k7X7OA394-unsplash.jpg,7.333333333333333
male/asian/boy-4393262_1920.jpg,6.668518518518519
male/asian/stephanie-nakagawa-ADSKIn0ScDg-unsplash.jpg,5.986324786324786
female/caucasian/logan-weaver-Isle-8YpbIQ-unsplash.jpg,6.66
female/caucasian/girl-919048_1920.jpg,7.125
male/caucasian/joel-barwick-r0l0Es5fbbs-unsplash.jpg,7.400900900900901
female/caucasian/pexels-tomaz-barcellos-1987301.jpg,8.125
female/mideastern/luiza-braun-f11edIs0_ZU-unsplash.jpg,5.4
female/caucasian/julie-romaniuk-A2UMJQkXKJM-unsplash.jpg,8.35
female/asian/du-wei-5rrrG8IZ8Dc-unsplash.jpg,7.222222222222222
male/caucasian/g_11.jpg,5.571428571428571
male/hispanic/toa-heftiba-2O1EUSTRBrY-unsplash.jpg,4.904761904761905
male/mideastern/amr-taha-EbWk-8X2LSI-unsplash.jpg,4.771241830065359
female/asian/mahendra-febrianto-KtCBIpLGu1E-unsplash.jpg,5.083333333333333
female/hispanic/ayo-ogunseinde-THIs-cpyebg-unsplash.jpg,6.611111111111111
female/asian/andres-hernandez-KVjiBiBvT-c-unsplash.jpg,7.192307692307693
female/hispanic/girl-390568_1920.jpg,4.64
female/caucasian/hadis-safari-zawAr1FKOMw-unsplash.jpg,6.583333333333333
female/black/portrait-856125_1920.jpg,6.089285714285714
female/caucasian/girl-237871_1920.jpg,7.037037037037037
female/mideastern/pexels-anubhaw-anand-3263992.jpg,7.888888888888889
male/indian/man-3733308_1920.jpg,7.056666666666668
female/caucasian/ann-agterberg-WqATKbXqGZQ-unsplash.jpg,6.611111111111111
male/hispanic/kenzie-kraft-9QW52RyBLao-unsplash.jpg,6.629166666666667
female/caucasian/caroline-hernandez-c82O-ojHu9E-unsplash.jpg,5.666666666666667
male/asian/billow-926-7j50lTjDc9o-unsplash.jpg,6.297348484848484
male/caucasian/young-man-1281282_1920.jpg,6.0
female/caucasian/amir-taheri-kQdhNGTVa3A-unsplash.jpg,8.31578947368421
male/mideastern/jose-g-ortega-castro-cPGbyVIfIYU-unsplash.jpg,5.727083333333333
male/asian/aryo-lahap-ZVc4Zg4TY8s-unsplash.jpg,3.6
female/mideastern/raamin-ka-hdra4gfbznU-unsplash.jpg,7.947368421052632
female/mideastern/pexels-mohamed-abdelgaffar-1698731.jpg,7.0
male/asian/chelms-varthoumlien-yok4LRlBEEI-unsplash.jpg,5.858108108108108
male/caucasian/julian-wan-cCvnG-937HE-unsplash.jpg,6.810457516339869
male/asian/pexels-hoang-gia-huy-6465256.jpg,4.555555555555555
male/mideastern/lumensoft-technologies-JGGaefIIc6Y-unsplash.jpg,2.91
male/asian/angelo-abear-XDevBdyfMD8-unsplash.jpg,5.864583333333333
female/black/woman-868521_1920.jpg,5.464285714285714
male/black/karsten-winegeart-p5dIUQFbme4-unsplash.jpg,5.592592592592593
male/caucasian/jonathan-farber-QaAZ82Kspck-unsplash.jpg,4.277777777777778
female/caucasian/marcel-strauss-4W0-5NOr6dg-unsplash.jpg,5.462962962962963
male/caucasian/man-838636_1920.jpg,5.634146341463414
male/hispanic/posing-996232_1920.jpg,4.692592592592592
female/indian/bulbul-ahmed-s4Uv58E4PXc-unsplash.jpg,7.428571428571429
female/hispanic/omar-lopez-0-uzdU3gUYw-unsplash.jpg,7.166666666666667
male/hispanic/sam-rios-mKoLyYCXVnw-unsplash.jpg,4.545454545454546
male/asian/pexels-luc-marshall-1671396.jpg,6.111111111111111
female/caucasian/ali-pazani-VPYKT3ePiEM-unsplash.jpg,7.679487179487179
male/caucasian/jalen-terry-QmWqxITdWbI-unsplash.jpg,4.2
male/caucasian/gabe-pierce-cZ_RjozBNPM-unsplash.jpg,2.0
male/caucasian/james-barr-4t3k6JjuPi4-unsplash.jpg,6.753061224489795
female/indian/shy-girl-5942197_1920.jpg,8.125
male/asian/igor-figueredo-WZhygX_blqg-unsplash.jpg,3.228985507246378
male/caucasian/harry-cunningham-EPi3TRQc5Z0-unsplash.jpg,7.030612244897959
female/caucasian/christiana-rivers-O_XIvDy0pcs-unsplash.jpg,6.642857142857143
female/caucasian/woman-3714620_1920.jpg,4.62962962962963
female/caucasian/andriyko-podilnyk-KyQxMKaPTM0-unsplash.jpg,6.345679012345678
female/hispanic/woman-3191152_1920.jpg,7.72
female/hispanic/omar-lopez-nomivMNW07o-unsplash.jpg,7.5
female/mideastern/hamid-tajik-uvnApE6gmnM-unsplash.jpg,4.421052631578948
male/black/male-1905388_1920.jpg,5.581699346405228
female/hispanic/girl-4610430_1920.jpg,6.653846153846154
male/asian/pexels-saul-joseph-2846602.jpg,3.666666666666667
female/black/woman-5939698_1920.jpg,3.375
male/mideastern/portrait-4980389_1920.jpg,4.604166666666667
male/mideastern/bhavya-shah-jfzd8vXlDDY-unsplash.jpg,5.745283018867925
male/caucasian/lisa-wall-K80QIp2VW0E-unsplash.jpg,7.078947368421052
female/caucasian/remy_loz-K3YvfgwLHBs-unsplash.jpg,6.901234567901235
male/mideastern/moroccan-1270331_1920.jpg,4.689583333333333
female/caucasian/girl-797078_1920.jpg,6.241379310344827
female/caucasian/yours-UecWQkR6M4s-unsplash.jpg,6.821428571428571
female/caucasian/riccardo-fissore-UxY52P2KaN8-unsplash.jpg,6.785714285714286
male/indian/dollar-gill-nGWo2KbJERc-unsplash.jpg,6.916666666666667
male/mideastern/men-1171087_1920.jpg,4.875
male/caucasian/derick-mckinney-eyFbjKWlR2g-unsplash.jpg,7.158536585365853
female/caucasian/carlos-lindner-8X6_ppAuhnI-unsplash.jpg,6.538461538461538
male/indian/children-82272_1920.jpg,4.111111111111111
male/indian/10.jpg,7.235042735042735
male/mideastern/nowah-bartscher-Gpm_PGnNAug-unsplash.jpg,6.166666666666667
female/caucasian/anastasiya-nekhaeva-vqGyIoD3PAc-unsplash.jpg,6.851851851851852
male/indian/ashkan-forouzani-rHuReQyQ72c-unsplash.jpg,6.636363636363637
female/mideastern/july-brenda-gonzales-callapaza-DEseREQoXPQ-unsplash.jpg,6.797619047619048
female/caucasian/girl-1209193_1920.jpg,7.1
male/mideastern/paola-aguilar-LkQHGSVzfsk-unsplash.jpg,3.380952380952381
male/black/gift-habeshaw-KBv5dEN3QtY-unsplash(2).jpg,6.140350877192983
female/indian/woman-smiling-1057659_1920.jpg,7.111111111111111
female/caucasian/ronaldo-oliveira-TOQlWdx_5Zc-unsplash.jpg,7.238095238095238
female/indian/caroline-hernandez-vGacDiUiD7I-unsplash.jpg,5.092592592592593
female/black/cassandra-hamer-OyTCN8T9aGo-unsplash.jpg,6.777777777777778
female/asian/girl-5934632_1920.jpg,7.333333333333333
female/hispanic/giano-currie-5-9YOsmf8IQ-unsplash.jpg,6.407407407407407
female/caucasian/girl-1773894_1920.jpg,6.988095238095238
female/asian/mathias-huysmans-kWLwiYznS3M-unsplash.jpg,7.7
male/caucasian/man-4070556_1920.jpg,6.851190476190476
male/caucasian/pexels-julia-m-cameron-4144458.jpg,6.666666666666667
female/caucasian/mike-austin-t24Wz_EFerc-unsplash.jpg,7.4
male/caucasian/pexels-david-garrison-2128815.jpg,6.777777777777778
female/caucasian/amelia-barklid-q97o6P6_lMQ-unsplash.jpg,6.267857142857143
female/hispanic/obi-onyeador-7ckRPDhlgOk-unsplash.jpg,6.166666666666666
female/caucasian/baris-selcen-6bjgSD6Wxus-unsplash.jpg,8.0
male/caucasian/pexels-andrea-piacquadio-3811804.jpg,5.777777777777778
male/caucasian/man-2590777_1920.jpg,6.132653061224489
female/caucasian/alexander-krivitskiy-moMIHvUEujM-unsplash.jpg,7.685185185185185
female/caucasian/tengyart-fc0KjyjkNo4-unsplash.jpg,7.416666666666667
male/caucasian/black-2178681_1920.jpg,3.836666666666667
female/asian/aiony-haust-Nsze2HlxoZo-unsplash.jpg,8.2
male/caucasian/119.jpg,7.048780487804878
female/caucasian/coffee-4783442_1920.jpg,6.03448275862069
female/asian/old-2474161_1920.jpg,5.392857142857143
female/caucasian/fezbot2000-h_OTf7uvXuM-unsplash.jpg,7.5
female/caucasian/young-1544115_1920.jpg,7.6
female/caucasian/connor-wilkins-eW6JCH_fbck-unsplash.jpg,7.777777777777778
male/black/alex-ware-Paf7eZ_DD9A-unsplash.jpg,5.139455782312925
male/asian/alexandre-debieve-xbeKrAgzGhQ-unsplash.jpg,6.375
male/caucasian/hean-prinsloo-OVfgeJIghbU-unsplash.jpg,6.767441860465116
female/caucasian/oz-seyrek-cwh8976pscU-unsplash.jpg,7.814814814814815
male/hispanic/misael-silvera-5CSRi249CQk-unsplash.jpg,6.25
female/mideastern/woman-3950652_1920.jpg,5.551724137931035
female/asian/christian-senan-N0vZpzFrU0w-unsplash.jpg,6.875
female/asian/muhammad-ruqiyaddin-0BFQaFG9iR0-unsplash.jpg,7.888888888888889
female/mideastern/siddharth-salve-66R_Ji_rKd4-unsplash.jpg,7.095238095238095
female/asian/chinh-le-duc-TV1QYUtTxJ8-unsplash.jpg,5.5
male/caucasian/jeremiah-lawrence-5fD2hY1lv1U-unsplash.jpg,5.696969696969697
female/asian/girl-5933162_1920.jpg,7.75
female/black/christina-wocintechchat-com-_5_CBVCLBsY-unsplash.jpg,5.92
female/caucasian/genessa-panainte-g3OqMfRfo_8-unsplash.jpg,5.55
male/caucasian/guy-4392888_1920.jpg,5.758865248226949
female/hispanic/luiza-braun-_R3H5FaoBq4-unsplash.jpg,5.111111111111111
female/black/woman-3144280_1920.jpg,7.673076923076923
female/caucasian/girl-1848910_1920.jpg,7.384615384615385
male/black/pexels-cottonbro-6626903.jpg,5.666666666666667
male/caucasian/dane-wetton-vzticETKMYU-unsplash.jpg,5.8375
male/caucasian/elizeu-dias-BiwrbstAhOI-unsplash.jpg,6.818181818181818
female/indian/asit-khanda-Oq_cWa7a67Y-unsplash.jpg,5.310344827586207
male/asian/pexels-min-an-752802.jpg,6.375
male/black/temitope-olukayode-bNl3lzD0LpU-unsplash.jpg,4.25
female/mideastern/derek-perez-I-MGoMKFWpE-unsplash.jpg,6.473684210526316
male/caucasian/nick-linnen-BCQVNAUo_7Y-unsplash.jpg,6.210526315789473
female/hispanic/adult-1867720_1920.jpg,8.68421052631579
male/asian/wells-chan-SDZvNIBjkx0-unsplash.jpg,5.246376811594203
male/caucasian/taylor-8Vt2haq8NSQ-unsplash.jpg,6.813953488372093
male/caucasian/zheka-boychenko-vPkTWyTgk8E-unsplash.jpg,6.475
female/caucasian/young-woman-3477557_1920.jpg,6.75
female/hispanic/sergio-souza-P-PKKQvASEE-unsplash.jpg,7.333333333333333
male/caucasian/boy-3028416_1920.jpg,4.647727272727272
female/asian/jaizer-capangpangan-04SoDoueyF8-unsplash.jpg,5.94871794871795
female/indian/teenager-475189_1920.jpg,4.633333333333334
male/caucasian/viktor-juric--10t7s-rYzE-unsplash.jpg,6.304964539007091
female/caucasian/artem-ivanchencko-M9-VgKDrhDA-unsplash.jpg,6.416666666666667
male/hispanic/jonas-kakaroto-KIPqvvTOC1s-unsplash.jpg,5.235507246376812
female/caucasian/woman-1246224_1920.jpg,7.551724137931035
female/asian/amoon-ra-p1JglmknQr0-unsplash.jpg,6.125
male/asian/credit-card-1599787_1920.jpg,4.163265306122449
male/black/pexels-nappy-935969.jpg,5.888888888888889
male/caucasian/fabio-henning-vnTk1yaRgzg-unsplash.jpg,5.282051282051282
female/black/steward-masweneng-Ws4YEqBafus-unsplash.jpg,5.083333333333333
male/caucasian/r-d-smith-k-f3PYgAPwQ-unsplash.jpg,5.935
female/asian/girl-4036509_1920.jpg,6.446428571428571
female/mideastern/pexels-samad-ismayilov-786858.jpg,8.625
female/caucasian/laura-chouette-nkWnc-W_GP8-unsplash.jpg,7.392857142857143
female/caucasian/andreea-pop-ZR0Ij09RN9w-unsplash.jpg,4.607142857142857
male/black/dorrell-tibbs-GntSiIMHyVM-unsplash.jpg,4.964285714285714
female/hispanic/engin-akyurt-N7YaZf7szz0-unsplash.jpg,6.65
male/mideastern/boy-2407597_1920.jpg,5.333333333333333
male/indian/shivam-singh-2_X6NMP-E_U-unsplash.jpg,5.894444444444445
female/caucasian/karsten-winegeart-U-jSHnClgNU-unsplash(1).jpg,4.619047619047619
female/indian/joshua-purnell-jiBvOb7A860-unsplash.jpg,7.333333333333333
male/black/pexels-katerina-holmes-5905497.jpg,5.222222222222222
female/caucasian/jorge-cesar-2Qyd-R4z57E-unsplash.jpg,5.583333333333333
male/indian/hichem-dahmani-8VitrkP2-mw-unsplash.jpg,4.0
female/mideastern/pexels-engin-akyurt-3168993.jpg,6.777777777777778
male/caucasian/pexels-mart¿¬-pardo-1674318.jpg,9.333333333333334
male/caucasian/clint-mckoy-_J2JFRHLijI-unsplash.jpg,5.619658119658119
female/asian/girl-5934674_1920.jpg,6.444444444444445
male/caucasian/artemy-pyankov-rshCkwcpZXw-unsplash.jpg,4.01111111111111
female/caucasian/women-4184796_1920.jpg,7.160919540229886
female/caucasian/lotte-meijer-oyy71fLMZCY-unsplash.jpg,5.666666666666667
male/mideastern/man-5923039_1920.jpg,6.222222222222222
male/hispanic/jorge-salvador-iGzHMzRZjRs-unsplash.jpg,5.940476190476191
female/hispanic/matthew-reyes-Zh9KXMPIcVk-unsplash.jpg,6.407407407407407
female/indian/beautiful-2271357_1920.jpg,5.962962962962963
female/caucasian/beautiful-2114449_1920.jpg,6.1
male/asian/ash-edmonds-AxtUIbOIPBE-unsplash.jpg,3.555555555555555
male/mideastern/baby-5925923_1920.jpg,6.111111111111111
female/mideastern/girl-3551364_1920.jpg,6.0
male/black/prince-akachi-4Yv84VgQkRM-unsplash.jpg,5.284313725490196
female/black/john-torcasio-tgVm0tkbf1U-unsplash.jpg,5.407407407407407
female/indian/indian-4755313_1920.jpg,5.925925925925926
female/indian/pexels-manjeet-singh-yadav-1162983.jpg,8.5
male/black/larry-crayton-Jt0fZKDmNFM-unsplash.jpg,5.578947368421052
female/hispanic/alex-blajan-iRsktlI-hls-unsplash.jpg,6.037037037037037
female/indian/indian-5033680_1920.jpg,7.711538461538462
female/caucasian/svyatoslav-romanov-BrEAp01_m5w-unsplash.jpg,7.333333333333333
male/caucasian/thomas-verleene-zdaUF3dsfOU-unsplash.jpg,6.127659574468085
female/caucasian/rene-porter-_PzZxrEswRY-unsplash.jpg,6.296296296296297
male/caucasian/creating-a-brand-qF-W8_oNHzE-unsplash.jpg,6.399122807017544
male/caucasian/austin-wade-X6Uj51n5CE8-unsplash.jpg,6.175438596491228
female/asian/6.jpg,7.130081300813009
female/asian/asian-2111681_1920.jpg,8.2
male/caucasian/man-3552370_1920.jpg,7.178571428571429
male/caucasian/vicky-hladynets-BUNTFZ25_hI-unsplash.jpg,6.065789473684211
male/caucasian/guy-4478447_1920.jpg,6.896666666666667
male/mideastern/aleksandar-popovski-Jy4ELSGPHTc-unsplash.jpg,3.5
female/black/pexels-zen-chung-5537979.jpg,6.222222222222222
female/caucasian/f8.jpg,7.611111111111111
male/caucasian/mark-decile-ODah33uNGvU-unsplash.jpg,6.200854700854701
female/caucasian/kareya-saleh-tLKOj6cNwe0-unsplash.jpg,7.673076923076923
male/caucasian/portrait-3338642_1920.jpg,5.546511627906977
male/caucasian/carlos-macias-UWRTZRwPLyg-unsplash.jpg,3.747517730496454
female/indian/woman-3146093_1920.jpg,5.655172413793103
male/hispanic/human-1993383_1920.jpg,6.821428571428571
female/caucasian/joanna-nix-walkup-xjBjRNn5TKg-unsplash.jpg,6.288461538461538
male/asian/ha-nguy-n-OFSQ6bHjFjs-unsplash.jpg,6.272727272727272
female/asian/dr-1621296_1920.jpg,5.590909090909091
female/asian/bbh-singapore-4-v5HrV1940-unsplash.jpg,5.851851851851852
male/indian/model-633771_1920.jpg,4.65686274509804
male/caucasian/martin-magnemyr-V4B0nrIJcls-unsplash.jpg,6.888888888888889
female/hispanic/woman-984247_1920.jpg,7.666666666666667
female/asian/watercolor-1214824_1920.jpg,6.631578947368421
female/mideastern/daniil-lobachev-XAo09LtQiAQ-unsplash.jpg,7.05
male/asian/pexels-juan-n-gomez-2589650.jpg,4.0
female/caucasian/teenager-775053_1920.jpg,7.178571428571429
female/mideastern/cristian-newman-f49XhYbpiA0-unsplash.jpg,8.173333333333334
female/indian/jewellery-4255833_1920.jpg,7.173076923076923
male/asian/portrait-3756873_1920.jpg,5.196078431372549
male/caucasian/norbert-kundrak-Qkka6rvSToY-unsplash.jpg,7.170940170940171
male/caucasian/portrait-3353699_1920.jpg,5.783333333333334
male/indian/kids-2408614_1920.jpg,5.111111111111111
female/asian/alexandra-lammerink-nG5ZS2wlnrQ-unsplash.jpg,6.666666666666667
female/caucasian/fran-hogan-0vyvnOH-LVQ-unsplash.jpg,3.25
male/indian/115.jpg,6.951923076923077
male/hispanic/pexels-italo-melo-2379005.jpg,6.666666666666667
male/caucasian/young-man-3354511_1920.jpg,6.294871794871795
female/asian/alex-sorto-kNstJF4l5cA-unsplash.jpg,6.892857142857143
male/caucasian/youth-393656_1920.jpg,5.551020408163265
female/hispanic/mateus-campos-felipe-JoM_lC1WAnE-unsplash.jpg,7.333333333333333
male/hispanic/pexels-cottonbro-4255413.jpg,5.555555555555555
female/black/pexels-rebrand-cities-1367270.jpg,7.555555555555555
male/caucasian/duman-photography-GvvtE31b0JI-unsplash.jpg,6.757142857142857
female/caucasian/girl-868785_1920.jpg,6.215277777777779
male/asian/pexels-gabby-k-5384445.jpg,8.0
male/caucasian/jake-oates-9gGTLP0QL1M-unsplash.jpg,5.350877192982456
female/asian/leo-rivas-2iqKxsN659U-unsplash.jpg,5.857142857142857
female/asian/tong-nguyen-van-ERIZwv4V5pA-unsplash.jpg,8.272727272727273
female/caucasian/red-dress-5071171_1920.jpg,5.931034482758621
male/black/pexels-marcelo-chagas-2291012.jpg,6.222222222222222
female/caucasian/kate_mes7-LauVwE7sFrI-unsplash.jpg,6.892857142857143
female/caucasian/woman-3055841_1920.jpg,7.266666666666667
female/indian/teenager-1612462_1920.jpg,6.952380952380953
male/caucasian/christopher-campbell-i4OHxtxiMtk-unsplash.jpg,6.171875
male/indian/shudipto-sarker-IoFK2MP2aJ0-unsplash.jpg,6.323412698412699
male/hispanic/gaurav-saini-lIxF9Xk6t5E-unsplash.jpg,6.684210526315789
female/caucasian/hamburg-1399966_1920.jpg,4.25
female/asian/girl-2894898_1920.jpg,5.766666666666667
male/caucasian/christopher-campbell-jxWFbUqNEOM-unsplash.jpg,6.238095238095238
female/caucasian/girl-1888161_1920.jpg,8.11111111111111
female/caucasian/marivi-pazos-cvpk5Y4ZWUs-unsplash.jpg,5.777777777777778
female/caucasian/cold-1284029_1920.jpg,7.793103448275862
male/mideastern/emir-saldierna-oGcAzDcAXWU-unsplash.jpg,5.710144927536231
male/caucasian/dubai-1972702_1920.jpg,5.047619047619047
male/asian/handsome-guy-5891610_1920.jpg,6.666666666666667
female/black/pexels-kaone-makoko-3785991.jpg,5.0
male/indian/puvvukonvict-photography-0M_Aej4dRWU-unsplash.jpg,5.166666666666667
male/indian/alex-avalos-Mfoj3mxvYl8-unsplash.jpg,5.162962962962963
female/caucasian/rad-pozniakov-J-fH2bKQQIA-unsplash.jpg,3.625
male/indian/pexels-zain-ali-905470.jpg,4.333333333333333
female/caucasian/victoria-volkova-5tQj1sy6ozE-unsplash.jpg,7.28
female/indian/yogendra-singh-2W1bkp_Mie4-unsplash.jpg,6.035714285714286
female/caucasian/woman-3123557_1920.jpg,4.155172413793103
male/indian/muhammad-murtaza-ghani-Qt6x9oQ3H08-unsplash.jpg,5.166666666666666
female/mideastern/davidcohen-U6VDR7S3afY-unsplash.jpg,6.526315789473684
male/caucasian/young-2807688_1920.jpg,4.877358490566038
male/asian/dale-alejandro-QbCiAUrFjag-unsplash.jpg,4.555555555555555
male/caucasian/toa-heftiba-chn-__w4I3M-unsplash.jpg,6.906504065040649
female/mideastern/bardia-hashemirad-3P7jxpEgkC4-unsplash.jpg,7.26
female/black/pexels-mwabonje-2680369.jpg,3.625
male/hispanic/pexels-armin-rimoldi-5301742.jpg,4.222222222222222
male/hispanic/man-352563_1280.jpg,4.436507936507936
male/caucasian/mariana-sandulovych-m23wyWvZw2U-unsplash.jpg,5.313157894736842
male/caucasian/black-and-white-4387130_1920.jpg,5.714285714285714
female/mideastern/girl-1360874_1920.jpg,7.5
female/black/beautiful-3257190_1920.jpg,5.821428571428571
female/caucasian/yorkie-1393913_1920.jpg,5.567307692307693
female/caucasian/mohammed-hassan-xC2YIBmTROU-unsplash.jpg,4.307692307692307
female/caucasian/ayo-ogunseinde-6W4F62sN_yI-unsplash.jpg,8.62962962962963
female/mideastern/mukul-kumar-OYFdvoK6z6Y-unsplash.jpg,7.526315789473684
female/caucasian/girl-2209147_1920.jpg,7.44871794871795
female/hispanic/samantha-green-0D1Fm1Fkblo-unsplash.jpg,7.888888888888889
male/caucasian/wesley-tingey-TvPCUHten1o-unsplash.jpg,5.326923076923077
female/caucasian/analise-benevides-x-CinW2XVRw-unsplash.jpg,5.553571428571429
female/asian/jeswin-thomas-rnjwbDDQUHk-unsplash.jpg,6.210526315789473
female/black/head-shoot-1542339_1920.jpg,4.804597701149426
female/caucasian/jeffery-erhunse-Z9lbmEjyYjU-unsplash.jpg,7.32
female/indian/pexels-ketut-subiyanto-4584579.jpg,6.222222222222222
male/caucasian/john-torcasio-1coR0hGFenQ-unsplash.jpg,3.589285714285714
male/black/steward-masweneng-IvaGYGAX3jI-unsplash.jpg,3.35
male/mideastern/irene-strong-nTX1KAnjHWI-unsplash.jpg,6.909090909090909
male/black/marie-michele-bouchard-bEZQWH49daU-unsplash.jpg,4.736666666666667
male/black/clem-onojeghuo-f1_w7Wrnabg-unsplash.jpg,4.476190476190476
female/caucasian/mark-decile-UxJh17PRILY-unsplash.jpg,7.444444444444445
female/indian/agnieszka-kowalczyk-W0d-rh52NgE-unsplash.jpg,5.666666666666667
female/hispanic/huseyin-topcu-pE5dKSGH6G8-unsplash(1).jpg,7.842105263157895
male/caucasian/boy-2691494_1920.jpg,4.868421052631579
male/caucasian/fabio-henning-m6A7X_C8Jq4-unsplash.jpg,5.9
female/asian/isco-wcJOYUVOwDc-unsplash.jpg,8.11111111111111
male/indian/usman-yousaf-xYzEQptq7XU-unsplash.jpg,6.606060606060606
female/caucasian/portrait-1092787_1920.jpg,5.178571428571429
male/caucasian/brittany-bendabout-dxSOJGYFJ6Y-unsplash.jpg,4.90625
male/black/pexels-nappy-936119.jpg,6.0
male/asian/pexels-jameson-mallari-atenta-3008355.jpg,4.75
male/mideastern/james-barr-oRsSeYqJUgY-unsplash.jpg,7.068027210884354
female/hispanic/raamin-ka-m8_JWQYF6GE-unsplash.jpg,7.083333333333333
male/caucasian/serhiy-hipskyy-6KPUS5tUp3Y-unsplash.jpg,6.777777777777778
female/indian/aayush-gop-rawat-VPwSJhu5uhs-unsplash.jpg,7.545454545454546
male/hispanic/man-912226_1920.jpg,5.078947368421052
female/asian/pexels-tuấn-kiệt-jr-1391499.jpg,9.0
female/caucasian/luiza-braun-VdxeNFB4ymA-unsplash.jpg,7.230769230769231
male/caucasian/pexels-linkedin-sales-navigator-2182970.jpg,5.111111111111111
female/indian/portrait-4428523_1920.jpg,6.981481481481482
male/hispanic/g_1.jpg,6.8
male/indian/indian-5882625_1920.jpg,6.935897435897436
male/mideastern/ashkan-forouzani-jXnCPQ5JTVo-unsplash.jpg,5.604166666666667
female/hispanic/matteo-minoglio-ywl3J10ZmBI-unsplash.jpg,5.461538461538462
female/hispanic/summer-carnival-4408804_1920.jpg,6.333333333333333
female/caucasian/sheri-hooley-gcyPLFzmcSA-unsplash.jpg,6.857142857142857
female/indian/girl-5898963_1920.jpg,7.333333333333333
male/asian/monk-186094_1920.jpg,3.794573643410852
male/hispanic/hust-wilson-o0ggKYPgnzg-unsplash.jpg,5.0
female/caucasian/karsten-winegeart-hS8kY12h3is-unsplash.jpg,7.285714285714286
female/hispanic/alex-avalos-M1dTxJm6Lbo-unsplash.jpg,6.92
male/caucasian/petr-sevcovic-e12wQLAjQi0-unsplash.jpg,6.175438596491229
male/mideastern/man-355612_1920.jpg,3.670731707317073
female/caucasian/jayson-hinrichsen-uOZd-i3n0UI-unsplash.jpg,7.055555555555555
female/indian/actress-1736962_1920.jpg,6.388888888888889
female/caucasian/bindi-2416039_1920.jpg,7.964285714285714
male/asian/sport-1815798_1920.jpg,4.91156462585034
male/black/rui-silvestre-hAMJpesMeDE-unsplash.jpg,5.35
female/caucasian/dominic-blignaut-Wwir9Xis204-unsplash.jpg,5.7
female/hispanic/simon-marsault-2901RQjU0ZQ-unsplash.jpg,6.592592592592593
female/hispanic/amir-taheri-tJDKalQxTxo-unsplash.jpg,8.166666666666666
female/caucasian/rw-studios-GaPevteWAIU-unsplash.jpg,8.4
male/hispanic/carlos-arthur-m-r-mgLuffTBCWk-unsplash.jpg,4.84375
female/asian/bin-thi-u-xOBpdqH2Uao-unsplash.jpg,7.842105263157895
male/caucasian/matheus-farias-fa314kBSJxo-unsplash.jpg,4.472868217054264
male/hispanic/man-947161_1920.jpg,5.349056603773585
male/indian/lijo-easo-1JEg1c--_dM-unsplash.jpg,6.027777777777778
male/indian/sazzad-aryan-rjm8go9rL8Y-unsplash.jpg,6.368421052631579
female/mideastern/the-creative-exchange-UhpAf0ySwuk-unsplash.jpg,6.94
male/caucasian/aldo-delara-3_Si7AS2iA4-unsplash.jpg,5.583333333333333
female/caucasian/girl-736752_1920.jpg,6.469135802469135
male/black/dominique-jordan-cYgNxkwCEoI-unsplash.jpg,5.285714285714286
female/black/ernan-solozabal-kfQWyxttMeQ-unsplash.jpg,6.111111111111111
male/caucasian/bannon-morrissy-RxiAV5LC-ww-unsplash.jpg,6.874149659863945
female/caucasian/marisa-harris-b95_M23cIXA-unsplash.jpg,3.571428571428572
female/asian/ipad-1721428_1920.jpg,7.0
female/indian/woman-4686064_1920.jpg,5.928571428571429
male/indian/128.jpg,5.013157894736842
female/asian/pexels-ketut-subiyanto-4350178.jpg,6.333333333333333
female/caucasian/pexels-skyler-ewing-4680778.jpg,7.444444444444445
female/caucasian/woman-3187336_1920.jpg,5.866666666666666
female/asian/h-f-e-co-2ayXMZmiRWk-unsplash.jpg,8.833333333333334
male/indian/portrait-2181213_1280.jpg,4.99290780141844
male/caucasian/piotr-wilk-LcCvM4vZEyg-unsplash.jpg,5.089430894308943
male/hispanic/g_5.jpg,7.15
male/asian/pexels-ketut-subiyanto-4473405.jpg,4.888888888888889
male/indian/pexels-rahul-shah-888956.jpg,5.888888888888889
female/indian/prom-1476761_1920.jpg,6.466666666666667
male/caucasian/ilya-shishikhin-2blzycUKsA0-unsplash.jpg,6.487179487179487
female/caucasian/brooke-cagle-BwhJOU0sgdY-unsplash.jpg,6.464285714285714
female/black/woman-659348_1920.jpg,6.5
female/indian/beautiful-indian-woman-4773817_1920.jpg,5.767857142857143
female/asian/xu-duo-w2p_6UBRSTY-unsplash.jpg,5.666666666666667
male/indian/naga-sajjanapu-zXds99Aem5E-unsplash.jpg,5.583333333333333
male/black/julian-myles-Izg_qfON0ao-unsplash.jpg,4.444444444444445
female/caucasian/caique-silva-3ujVzg9i2EI-unsplash.jpg,6.678571428571429
female/caucasian/jen-theodore-o-9p4xo432I-unsplash.jpg,6.037037037037037
female/black/prince-akachi-LWkFHEGpleE-unsplash.jpg,6.308641975308642
female/black/pexels-rodnae-productions-4921034.jpg,6.333333333333333
male/caucasian/aiony-haust-ybd0faxFuHE-unsplash.jpg,6.333333333333333
male/black/pexels-bestbe-models-2282520.jpg,5.777777777777778
male/caucasian/male-3847141_1920.jpg,6.258503401360543
male/hispanic/andrei-caliman-xRkj9n5_HNo-unsplash.jpg,7.583333333333333
female/caucasian/62.jpg,8.716666666666667
female/caucasian/theo-rql-a4pyoiTdSqI-unsplash.jpg,7.75925925925926
female/caucasian/anton-malanin-lxEqRDB9Ng8-unsplash.jpg,7.36
male/caucasian/xenia-bogarova-yyrH1RR7iy4-unsplash.jpg,6.621951219512195
male/asian/thabang-madnsela-nwYas4Usbac-unsplash.jpg,5.444444444444445
male/black/brock-wegner-obKMefpXRE4-unsplash.jpg,6.0
male/asian/doil-oh-v15GcVql4CM-unsplash.jpg,6.0
female/indian/indian-4190972_1920.jpg,7.222222222222222
male/mideastern/handsome-1290126_1920.jpg,6.75
female/caucasian/jeffery-erhunse-wSOzt6GMBac-unsplash.jpg,7.111111111111111
male/indian/man-3346780_1920.jpg,6.068627450980392
female/caucasian/14.jpg,5.903455284552845
female/indian/yogendra-singh-Sx00bDu24_k-unsplash.jpg,6.25925925925926
female/caucasian/patrik-velich-RtVGS4vGkgM-unsplash.jpg,7.25
female/mideastern/pexels-arsham-haghani-3536991.jpg,8.125
male/caucasian/young-man-4971459_1920.jpg,6.891156462585033
male/indian/guy3.jpg,7.211538461538462
female/hispanic/4.jpg,6.916279069767441
female/black/woman-1018291_1920.jpg,5.379310344827586
male/black/wilfried-vowoto-QlRYZr7CNxg-unsplash.jpg,4.523809523809524
female/asian/jim-flores-ebidnEfTCtk-unsplash.jpg,7.222222222222222
female/black/christina-wocintechchat-com-Zpzf7TLj_gA-unsplash.jpg,5.107142857142857
female/asian/asian-3885641_1920.jpg,7.615384615384615
female/hispanic/francesca-zama-1fhl_kmbfAE-unsplash.jpg,9.222222222222221
male/caucasian/benjamin-klaver-9oZc8FXHVAQ-unsplash.jpg,6.666666666666667
female/caucasian/white-cat-with-blonde-4655233_1920.jpg,7.714285714285714
male/caucasian/kenzie-kraft-OIrGE60UwAY-unsplash.jpg,7.294444444444444
male/asian/people-1731137_1920.jpg,4.761904761904762
female/black/pexels-murat-esibatir-4355346.jpg,7.833333333333333
male/indian/md-rakib-SW_pFXUOjTQ-unsplash.jpg,4.944444444444445
female/black/34.jpg,7.142857142857143
male/mideastern/kamal-alkhatib-i4ls_N9o968-unsplash.jpg,5.555555555555555
male/asian/raphiell-alfaridzy-ME-7JcPzt80-unsplash.jpg,3.25
male/caucasian/business-1323472_1920.jpg,4.9375
male/black/pexels-dellon-thomas-1405963.jpg,7.25
male/hispanic/salar-arif-4CWNGHc-luo-unsplash.jpg,6.16
male/indian/pexels-dhemer-gonçalves-3036415.jpg,6.625
female/asian/pexels-ike-louie-natividad-2709388.jpg,4.375
female/mideastern/kirill-balobanov-sRPbVu7FOsw-unsplash.jpg,8.166666666666666
male/black/man-5937492_1920.jpg,6.111111111111111
male/caucasian/pexels-caroline-ayumi-fugitani-3718045.jpg,5.888888888888889
male/caucasian/mysterious-4289694_1920.jpg,6.3625
male/black/man-2607437_1920.jpg,3.86
male/mideastern/ruslan-ihnatenko-2Bb2auSD1hY-unsplash.jpg,4.583333333333333
female/asian/thanh-duc-phan-i5R8hbZFDdc-unsplash.jpg,7.230769230769231
female/caucasian/lovely-3338911_1920.jpg,5.730769230769231
female/caucasian/18.jpg,5.619047619047619
female/black/pexels-jorge-fakhouri-filho-1852015.jpg,7.0
male/hispanic/gabriella-clare-marino-G3Nj7b_UBLo-unsplash.jpg,5.545454545454546
female/mideastern/wall-3449760_1920.jpg,5.642857142857143
female/black/african-american-1180847_1920.jpg,4.838709677419355
male/hispanic/boy-1846704_1920.jpg,6.25
male/black/jay-mullings-DXlXiFDNPRs-unsplash.jpg,4.166666666666667
male/hispanic/joao-marinho-5rpUUOuBQ5w-unsplash.jpg,6.368421052631579
female/hispanic/vinicius-amnx-amano-4mK2KVuYrDs-unsplash.jpg,7.833333333333333
female/hispanic/pexels-du-photographer-1843667.jpg,7.222222222222222
male/asian/fikran-jabbart-dZ6SQ0d-IVc-unsplash.jpg,3.777777777777778
male/black/pexels-cottonbro-6616674.jpg,6.222222222222222
male/asian/kaylyn-mok-VoO6z6Ffx0I-unsplash.jpg,6.416666666666667
female/hispanic/beautiful-1845148_1920.jpg,7.729166666666667
male/black/clem-onojeghuo-1qyw0De2XC8-unsplash.jpg,4.404255319148936
female/hispanic/reza-gholami-bgf_I27qcmM-unsplash.jpg,7.461538461538462
female/hispanic/raamin-ka-ucfVRXL2PrY-unsplash.jpg,8.583333333333334
female/caucasian/model-2670279_1920.jpg,6.413793103448276
male/mideastern/portrait-3052641_1920.jpg,4.175
female/mideastern/ana-itonishvili-obVDLsGF-QI-unsplash.jpg,6.475
male/black/samuel-aboh-NGVBWmvmSHI-unsplash.jpg,4.175531914893617
male/indian/aryan-ghauri-dRatGbY1k8Y-unsplash.jpg,5.583333333333333
male/indian/rohan-g-T9ckn3XHHnA-unsplash.jpg,5.696581196581197
female/indian/swarnavo-chakrabarti-1s-7JQTdXY4-unsplash.jpg,6.0
male/mideastern/sandeep-swarnkar-Dj5hm0S257U-unsplash.jpg,5.666666666666667
female/indian/portrait-4773342_1920.jpg,7.137931034482759
female/caucasian/business-3188067_1920.jpg,6.827586206896552
female/hispanic/raamin-ka-v8dc2XkhIfM-unsplash.jpg,7.666666666666667
male/hispanic/taylor-vatem-AcyB19Kpg48-unsplash.jpg,5.583333333333333
male/hispanic/pexels-luan-queiros-3260952.jpg,7.0
male/caucasian/boy-2301660_1920.jpg,6.006944444444446
female/hispanic/steven-aguilar-9kmy3mYHo6Y-unsplash.jpg,6.916666666666667
female/indian/natasha-kasim-BqD0Id4qemc-unsplash.jpg,6.666666666666667
male/mideastern/luca-anasta-JMNXb6KBJwI-unsplash.jpg,3.479591836734694
male/caucasian/lorene-farrugia-UJLAMjEjISo-unsplash.jpg,3.872222222222222
female/caucasian/eva-wilcock-hHFijaQdfTw-unsplash.jpg,5.88
female/asian/daniel-rigdon-dXmXKPP2L4E-unsplash.jpg,7.05
male/caucasian/rabbi-3485884_1920.jpg,4.433962264150943
male/asian/dominic-blignaut-VZgm7GtN-cU-unsplash.jpg,6.03030303030303
female/caucasian/black-dress-2985654_1920.jpg,5.529761904761905
male/caucasian/guy-4733626_1920.jpg,6.634782608695652
female/asian/xu-duo-kSyOJGwlGm0-unsplash.jpg,7.0
male/asian/md-duran-CY6HTDht5FI-unsplash.jpg,5.84848484848485
female/hispanic/ernest-brillo-U2TP4-H8ly4-unsplash.jpg,5.947368421052632
male/caucasian/nathan-van-de-graaf-8ngIBwU2-5U-unsplash.jpg,5.887037037037036
male/caucasian/ricky-higby-5jqNqM1Npsg-unsplash.jpg,5.44
female/caucasian/lacie-slezak-Wn3oVkIn1HU-unsplash.jpg,7.25
male/mideastern/hannah-cook-dqa2LjshmWY-unsplash.jpg,7.222222222222222
male/black/leilani-angel-K84vnnzxmTQ-unsplash.jpg,5.291666666666666
male/caucasian/sigmund-QjCNk0TxGfc-unsplash.jpg,4.956521739130435
male/indian/evan-dvorkin-FLhnC9S_UE8-unsplash.jpg,7.09
male/caucasian/taylor-hernandez-hZdF1lzo8fs-unsplash.jpg,6.0
male/indian/pexels-yogendra-singh-5499219.jpg,3.0
male/caucasian/117.jpg,6.004761904761906
male/caucasian/sara-dubler-dDE6naQBc2Q-unsplash.jpg,6.179166666666666
female/mideastern/alan-santana-0HEgM6UpGPY-unsplash.jpg,6.8
female/hispanic/beautiful-19075_1920.jpg,7.25
male/black/mubarak-show-Ve7xjKImd28-unsplash.jpg,4.172916666666667
female/asian/pexels-mikhail-nilov-6612835.jpg,8.222222222222221
male/caucasian/pexels-keith-lobo-3854982.jpg,6.888888888888889
male/indian/mitchell-luo-Mp8ZXtgR_Lg-unsplash.jpg,5.683673469387755
male/asian/pexels-min-an-991217.jpg,6.625
female/indian/gift-habeshaw-XvqeCMXHwzQ-unsplash.jpg,7.305555555555555
female/caucasian/taylor-deas-melesh-byRGjjO-Ync-unsplash.jpg,6.22
female/indian/indian-5033667_1920.jpg,5.612903225806452
female/caucasian/f6.jpg,8.263157894736842
male/caucasian/fabio-lucas-LFqkME0ZlY8-unsplash.jpg,7.111111111111111
female/caucasian/madison-hedgecock-qlBA-4odDbw-unsplash.jpg,7.333333333333333
female/indian/ethan-johnson-n815BbX98ds-unsplash.jpg,8.307692307692308
male/indian/portrait-2529905_1920.jpg,4.210526315789473
female/caucasian/redheads-4606477_1920.jpg,4.178571428571429
female/caucasian/teen-4361981_1920.jpg,7.862068965517241
male/black/pexels-luiz-fernando-3021593.jpg,4.888888888888889
female/asian/d9.jpg,7.545454545454546
female/mideastern/omid-armin-2HUKJuFRemE-unsplash.jpg,8.111111111111112
female/mideastern/s-jDpjN4U5mxE-unsplash.jpg,4.607142857142857
female/asian/girl-4618070_1920.jpg,7.326923076923077
male/asian/sane-sodbayar-Pew-AwCKoZU-unsplash.jpg,6.666666666666667
female/black/pexels-rfstudio-3061415.jpg,6.0
male/caucasian/paolo-bendandi-D-8XODEIr_s-unsplash.jpg,5.551418439716312
male/caucasian/coney-island-4488742_1920.jpg,4.540816326530612
male/caucasian/robert-lazar-gln1ySXJJbU-unsplash.jpg,4.795454545454546
female/asian/d4_1.jpg,8.5
female/caucasian/40.jpg,8.166666666666668
female/hispanic/kim-carpenter-IHIgnhLvz5Q-unsplash.jpg,6.157894736842105
male/caucasian/alyssa-graham-Rg0ul-v4d0A-unsplash.jpg,4.845238095238095
female/caucasian/girl-1234487_1920.jpg,8.197916666666668
male/caucasian/matt-sings-ixmVe2qr8TM-unsplash.jpg,4.948717948717949
female/black/pexels-marlon-schmeiski-3839904.jpg,6.555555555555555
male/asian/national-cancer-institute-kooSjlL8LnQ-unsplash.jpg,4.189542483660131
male/black/male-4948673_1920.jpg,5.212765957446808
male/black/man-4539035_1920.jpg,4.72
male/black/pexels-oladimeji-ajegbile-2650090.jpg,4.333333333333333
female/caucasian/woman-526329_1920.jpg,5.9
male/caucasian/sven-kucinic-Pjl9OrTRXFg-unsplash.jpg,5.658536585365853
female/hispanic/jonathan-borba-UdhvRvpaBP0-unsplash.jpg,7.636363636363637
female/caucasian/new-years-eve-4597232_1920.jpg,6.551724137931035
female/indian/face-5677905_1920.jpg,5.888888888888889
male/caucasian/robert-godwin-cdksyTqEXzo-unsplash.jpg,4.952380952380953
male/mideastern/t-r-a-v-e-l-e-r-g-e-e-k-p5oh6YkMTb0-unsplash.jpg,5.547297297297297
female/hispanic/fashion-1107721_1920.jpg,8.04
male/mideastern/ahmadreza-najafi-D5r5jhOaNNE-unsplash.jpg,5.462264150943396
male/caucasian/kas-YHDWG6-EsYc-unsplash.jpg,5.913194444444446
female/caucasian/vintage-635274_1920.jpg,6.535714285714286
male/caucasian/pexels-anna-shvets-4971982.jpg,3.333333333333333
female/caucasian/woman-2112292_1920.jpg,7.5
male/caucasian/toa-heftiba-Gf12dq0xgHA-unsplash.jpg,5.846938775510204
male/hispanic/ante-samarzija-hOc5-fe3fzE-unsplash.jpg,5.166666666666667
female/caucasian/girl-5365495_1920.jpg,8.575
female/indian/deepika-padukone-2779557_1920.jpg,8.777777777777779
female/caucasian/pexels-petra-bauman-1565538.jpg,5.888888888888889
female/indian/pexels-miguel-arcanjo-saddi-1213768.jpg,7.333333333333333
male/asian/pexels-cottonbro-5319510.jpg,5.0
male/mideastern/mauro-paillex-moDxmttUP00-unsplash.jpg,3.879432624113476
female/indian/pexels-mentatdgt-1167134.jpg,6.777777777777778
female/mideastern/houcine-ncib-2Qg42qfZpRo-unsplash.jpg,6.074074074074074
male/indian/pexels-yogendra-singh-3748221.jpg,6.555555555555555
female/indian/beauty-4175607_1920.jpg,6.037037037037037
female/asian/pexels-min-an-1589369.jpg,7.555555555555555
male/hispanic/christian-buehner-9-ROKwX-C0Q-unsplash.jpg,6.929078014184397
female/caucasian/mature-857525_1920.jpg,3.75
male/caucasian/augustin-de-montesquiou-neVX_NUKeLQ-unsplash.jpg,5.857142857142857
female/caucasian/quinten-de-graaf-Ox1jePviTRQ-unsplash.jpg,6.03448275862069
male/caucasian/taras-chernus-8CEKQlmnf50-unsplash.jpg,5.462264150943396
female/caucasian/mark-decile-W0fOHWkpxUQ-unsplash.jpg,7.614035087719299
female/black/marcelo-rangel-E4P7SYt-hPs-unsplash.jpg,6.416666666666667
female/asian/girl-1733349_1920.jpg,7.5
female/hispanic/zulmaury-saavedra--Keh6vLM7w0-unsplash.jpg,6.807692307692307
female/caucasian/girl-1471048_1920.jpg,6.0
male/mideastern/pexels-hebert-santos-5485599.jpg,5.444444444444445
female/black/models-2158971_1920.jpg,3.931034482758621
female/caucasian/ionut-comanici-RDcEWH5hSDE-unsplash.jpg,7.269230769230769
female/caucasian/girl-139353_1920.jpg,6.396551724137931
female/hispanic/tabitha-turner-NlN-dY9Fk3A-unsplash.jpg,7.019230769230769
female/black/ziphaus-NizskSsegM8-unsplash.jpg,6.606060606060606
female/indian/girl-4656172_1920.jpg,4.310344827586207
male/mideastern/tradition-60791_1920.jpg,4.125
male/hispanic/pexels-moose-photos-1036643.jpg,5.888888888888889
male/indian/man-921004_1920.jpg,4.604651162790698
female/caucasian/aleksandr-minakov-bY4GXQKfZrA-unsplash.jpg,7.115384615384615
male/mideastern/man-2785071_1920.jpg,4.746031746031745
female/indian/60.jpg,6.8
male/mideastern/seth-doyle-wys9Jty8wNQ-unsplash.jpg,6.948717948717949
female/caucasian/sincerely-media-PN9wP2yZ9c8-unsplash.jpg,5.769230769230769
female/caucasian/blake-barlow-7Ge4b_kcPLQ-unsplash.jpg,6.711538461538462
male/black/young-man-3366016_1920.jpg,6.033333333333333
female/black/pieter-benjamin-nijs-lb8gB8jnKDA-unsplash.jpg,6.583333333333333
female/caucasian/portrait-886039_1920.jpg,5.714285714285714
male/caucasian/roman-holoschchuk-I2SU6dCGsnI-unsplash.jpg,6.198412698412699
female/black/pexels-adrienne-andersen-2552130.jpg,6.444444444444445
male/caucasian/alex_rainer-O4f4caX_H3g-unsplash.jpg,6.14
female/black/samuel-aboh-RGomcmMkTEA-unsplash.jpg,6.166666666666667
male/hispanic/man-2030662_1920.jpg,6.503267973856208
male/caucasian/taylor-nhIbH2OwB7M-unsplash.jpg,6.7
male/caucasian/beard-4136705_1920.jpg,4.575
male/black/pexels-macharia-edson-2914149.jpg,3.666666666666667
female/indian/dollar-gill-wcd5bS3x9mE-unsplash.jpg,6.85
female/asian/pexels-carol-wd-3454302.jpg,6.555555555555555
female/caucasian/girl-3848191_1920.jpg,7.55
male/asian/guy1.jpg,6.961538461538462
male/black/people-3247352_1920.jpg,3.672727272727273
male/caucasian/selfie-543366_1280.jpg,4.561594202898551
female/caucasian/pexels-pixabay-247322.jpg,9.0
male/mideastern/shoaeb-hameed-kEfO2edX4Gg-unsplash.jpg,3.6
male/caucasian/sinitta-leunen-KwHFS8vMHvA-unsplash.jpg,5.833333333333333
female/caucasian/people-5060268_1920.jpg,6.846153846153846
female/mideastern/warrior-1240995_1920.jpg,6.080459770114942
female/asian/manny-moreno-g9mefExQHfM-unsplash.jpg,7.25
male/caucasian/portrait-3518462_1920.jpg,6.666666666666667
female/indian/pexels-kevin-kabore-4966995.jpg,5.888888888888889
female/black/pexels-samson-katt-5256700.jpg,6.0
male/indian/muhammad-ali-2LTkVBl6ViM-unsplash.jpg,4.547619047619047
male/asian/134.jpg,5.0775
male/black/zach-vessels-5ia9JBnlLp0-unsplash(1).jpg,5.488372093023256
male/mideastern/vaishnav-chogale-rJuA7hz1M7Q-unsplash.jpg,6.0
male/asian/george-rinon-rJSfWc6qSI8-unsplash.jpg,4.916666666666667
male/asian/sarad-shrestha-i1okjBPfPlY-unsplash.jpg,5.666666666666667
female/black/eye-for-ebony-BKxipJKe3G0-unsplash.jpg,6.178571428571429
male/asian/lars-zhang-Emvn9asFvPw-unsplash.jpg,5.666666666666667
female/hispanic/ben-o-bro-ly748H13ts0-unsplash.jpg,7.026315789473684
male/mideastern/sadhu-1166066_1920.jpg,2.711382113821138
male/black/black-man-4699505_1920.jpg,4.361702127659575
female/caucasian/model-429733_1920.jpg,7.172413793103448
male/indian/pexels-the-baljinder-4089881.jpg,4.0
female/caucasian/sheri-hooley-YkJFWW4TMhk-unsplash.jpg,5.185185185185185
female/caucasian/teacher-1280966_1920.jpg,5.03448275862069
male/black/seni-oremodu-A7UFsx5NZMY-unsplash.jpg,4.464285714285714
male/caucasian/tomas-gal-0y7_9bRUoz0-unsplash.jpg,6.760162601626015
female/asian/model-1822567_1920.jpg,7.357142857142857
male/caucasian/pexels-andrea-piacquadio-3779455.jpg,7.625
male/asian/liam-martens-W3ANdzEvdZE-unsplash.jpg,4.137254901960785
female/asian/huseyin-topcu-szDEzZPyfcQ-unsplash.jpg,7.363636363636363
female/caucasian/fashion-2690306_1920.jpg,7.344827586206897
male/indian/kazi-mizan-bfReptWpKEg-unsplash.jpg,6.033333333333333
male/caucasian/man-2326484_1920.jpg,3.995
male/indian/nehal-patel-aho7nVdauuc-unsplash.jpg,5.5
male/mideastern/118.jpg,5.365079365079366
male/black/portrait-3275985_1920.jpg,5.506535947712419
male/hispanic/ricardo-aguilera-FZ08deIUo7U-unsplash.jpg,4.863636363636363
male/hispanic/jasper-garratt-jJjUdYDga7o-unsplash.jpg,4.698581560283688
male/hispanic/elvis-ray-sIIoJ0uGkUc-unsplash.jpg,6.512820512820513
female/caucasian/patrik-velich-fqRwG7ijHwA-unsplash.jpg,6.894736842105263
male/caucasian/nick-karvounis-JyO_szjGvUw-unsplash.jpg,6.285714285714286
female/caucasian/jen-theodore-Gr2XxjGaeeo-unsplash.jpg,6.315789473684211
female/indian/pexels-darshan-peeal-2784078.jpg,8.5
male/hispanic/mael-balland-uPgFSd7POhw-unsplash.jpg,4.285714285714286
male/mideastern/thobe-805762_1920.jpg,6.43201754385965
male/caucasian/daniel-lincoln--zhQtP1eUdE-unsplash.jpg,6.402439024390244
female/hispanic/9.jpg,7.444444444444446
female/caucasian/gothic-1770548_1920.jpg,5.67741935483871
female/caucasian/pexels-andrea-piacquadio-3768877.jpg,5.0
male/mideastern/itay-verchik-6ZKGBzrDd3I-unsplash.jpg,5.357723577235773
female/black/jackson-david-Iex31-cnO-o-unsplash.jpg,5.615384615384615
male/hispanic/daniil-onischenko-XqX_PfrFXdQ-unsplash.jpg,6.75
female/mideastern/mohammad-khaksarmadani-4FDsNcCR8iQ-unsplash.jpg,7.88
female/caucasian/ann-danilina-zgohOdeKpnA-unsplash.jpg,7.0
male/hispanic/daniel-alvarez-4832112_1920.jpg,5.605263157894737
female/hispanic/raamin-ka-8J56bYMT3-Q-unsplash.jpg,7.35
female/asian/cozies-tone-k4PSfwVsHIY-unsplash.jpg,7.72
male/caucasian/yan-berthemy-0r5t7wKzem4-unsplash.jpg,5.416666666666667
female/hispanic/mateus-campos-felipe-AMSLWjFhivg-unsplash.jpg,7.666666666666667
female/black/force-majeure-a5-_X8IktJg-unsplash.jpg,6.0
female/caucasian/brock-wegner-Ip5PiEDGK3s-unsplash.jpg,8.105263157894736
female/black/jefferson-nnadiekwe-etYRmDQMcQQ-unsplash.jpg,4.857142857142857
female/caucasian/naeim-jafari-mW3145wbwlw-unsplash.jpg,8.75
male/caucasian/where-is-pykh-_3vfugHP3Ro-unsplash.jpg,5.067708333333333
female/asian/gema-saputera-MWuZfECSg0U-unsplash.jpg,5.888888888888889
male/caucasian/conor-sexton-BBhY-e1XsT0-unsplash.jpg,6.566666666666666
female/indian/59.jpg,7.525
male/caucasian/beard-1845166_1920.jpg,6.995934959349595
male/caucasian/igor-stepanov-5uUPrmZgEYM-unsplash.jpg,7.286231884057972
male/mideastern/wilfred-sequeira-tXNjCm4bN8Y-unsplash.jpg,3.692307692307693
female/caucasian/logan-weaver-GLE_xlFgXTI-unsplash.jpg,7.285714285714286
female/hispanic/shahin-khalaji-NdGrKgLVbIA-unsplash.jpg,7.0
male/indian/pexels-john-stephenson-5308640.jpg,5.222222222222222
female/mideastern/raamin-ka-4eOyl_iUQB8-unsplash.jpg,7.786666666666666
female/caucasian/woman-69712_1280.jpg,4.230769230769231
male/black/alieza-rizvie-RhYNbSQlxSY-unsplash.jpg,6.35
male/caucasian/man-945482_1920.jpg,6.885620915032679
male/mideastern/ashkan-forouzani-rSUGzRIa-8M-unsplash.jpg,4.715447154471544
male/caucasian/pexels-rodrigo-souza-2531553.jpg,8.222222222222221
female/caucasian/sinitta-leunen-b4GXxJEn1Hc-unsplash.jpg,7.875
female/mideastern/alireza-esmaeeli-JfR_6qzips8-unsplash.jpg,7.923076923076923
female/hispanic/arid-1868523_1920.jpg,7.928571428571429
female/caucasian/model-881425_1920.jpg,5.655172413793103
female/caucasian/fabio-alves-PE1IpWTeKfQ-unsplash.jpg,6.809523809523809
male/asian/jeff-tumale-C_JB2G5mSYQ-unsplash.jpg,5.206521739130435
female/black/african-2197414_1920.jpg,5.2
female/hispanic/omar-lopez-8dYeSX5x4HY-unsplash.jpg,7.636363636363637
female/caucasian/max-muselmann-3e0dM8wZJK0-unsplash.jpg,7.071428571428571
male/caucasian/boy-3566903_1920.jpg,6.987804878048781
male/hispanic/whereslugo-DMVD9RkZIwQ-unsplash.jpg,7.020325203252032
female/mideastern/woman-1462682_1920.jpg,6.596153846153846
male/hispanic/diego-sanchez-FnbRghTNtdE-unsplash.jpg,6.909090909090909
female/caucasian/girl-2359121_1920.jpg,7.642857142857143
female/asian/pexels-cottonbro-3419693.jpg,7.0
male/caucasian/jesman-fabio-8yd15MUkIpI-unsplash.jpg,5.103703703703704
male/hispanic/brian-lundquist-IAWN962A4aA-unsplash.jpg,6.849593495934958
female/mideastern/portrait-2650253_1920.jpg,5.481481481481482
male/indian/couple-engagement-pictures-2136097_1920.jpg,3.943262411347518
male/caucasian/jesse-schoff-ibII8H5Ad4c-unsplash.jpg,6.725
female/black/pexels-dellon-thomas-3189024.jpg,8.125
female/indian/nature-3110567_1920.jpg,5.535714285714286
male/caucasian/man-2854030_1920.jpg,7.421666666666666
male/indian/kamran-ch-7pES3XC7l7Q-unsplash.jpg,6.555555555555555
male/black/britain-eriksen-Qz_xqGsshWU-unsplash.jpg,5.777777777777778
female/mideastern/pexels-samad-ismayilov-735552.jpg,8.375
male/caucasian/ryan-porter-XW1HtPgi1G4-unsplash.jpg,7.5
female/caucasian/female-2836137_1920.jpg,7.714285714285714
male/asian/career-451281_1920.jpg,5.0
male/indian/ashkan-forouzani-b8dhPVAxWfE-unsplash.jpg,5.545454545454546
male/hispanic/cosmin-serban-6RP0cM4-xbk-unsplash.jpg,6.378472222222221
female/caucasian/joshua-rawson-harris-7jrNEAdxwUE-unsplash.jpg,7.230769230769231
female/indian/bride-5170727_1920.jpg,7.375
male/hispanic/daniil-onischenko-YtvwVAVUrLI-unsplash.jpg,6.526315789473684
female/indian/sayan-ghosh-sVDp3cxrDR4-unsplash.jpg,6.888888888888889
male/caucasian/man-1242018_1920.jpg,5.433962264150943
male/mideastern/alireza-moh-WHaTWy-nCkw-unsplash.jpg,5.755555555555556
female/mideastern/latin-4793762_1920.jpg,5.814814814814815
male/caucasian/brazil-1368806_1920.jpg,6.362847222222221
female/indian/indian-woman-5450102_1920.jpg,8.555555555555555
female/asian/gemma-chua-tran-QaiIaCkGCtI-unsplash.jpg,5.969696969696969
female/mideastern/pexels-toni-ph-2040376.jpg,7.555555555555555
female/caucasian/levin-anton-08Fqp6sWQ-E-unsplash.jpg,5.25
female/caucasian/granny-1280445_1920.jpg,3.03448275862069
male/asian/pexels-min-an-898768.jpg,6.444444444444445
female/caucasian/human-3183056_1920.jpg,5.888888888888889
male/black/pexels-nesto-1676213.jpg,5.5
female/caucasian/business-woman-2756210_1920.jpg,6.896551724137931
male/black/person-801789_1920.jpg,4.865384615384615
male/hispanic/olena-sergienko-FzFTy03noZ0-unsplash.jpg,6.0
male/mideastern/sammy-chandio-xmbL3d1gE5Q-unsplash.jpg,6.236111111111112
female/mideastern/dev-asangbam-AJOka3Plw6g-unsplash.jpg,6.263157894736842
female/asian/woman-5775938_1920.jpg,6.222222222222222
female/asian/pexels-mental-health-america-(mha)-5531323.jpg,7.75
male/caucasian/andre-sebastian-C2Nf5iPOnz0-unsplash.jpg,7.611111111111112
female/caucasian/fezbot2000-nahUo1GhcrA-unsplash.jpg,8.192307692307692
female/mideastern/hijab-5009607_1920.jpg,6.476190476190476
male/caucasian/pexels-andrea-piacquadio-3824771.jpg,2.625
female/indian/happy-4895044_1920.jpg,5.03448275862069
female/caucasian/apostolos-vamvouras-egW3HtJfsrE-unsplash.jpg,6.314814814814815
male/hispanic/georgia-mashford-UzxZBo7nP9E-unsplash.jpg,6.770833333333333
female/asian/asian-girl-3113208_1920.jpg,5.423076923076923
female/caucasian/anastasia-vityukova-Cq6TBhIV0fw-unsplash.jpg,6.27
female/hispanic/couple-5227606_1920.jpg,6.666666666666667
female/asian/gemma-chua-tran-Sgqo6Cohf9M-unsplash.jpg,6.519230769230769
male/hispanic/carol-magalhaes-oSPye-Bcdas-unsplash.jpg,5.420731707317073
male/caucasian/man-4123268_1920.jpg,6.18859649122807
male/indian/muhammad-murtaza-ghani-Z5zPPTDQtHU-unsplash.jpg,6.714285714285714
male/caucasian/cleyton-ewerton-U_z1WoDoISA-unsplash.jpg,7.029166666666667
male/caucasian/man-931974_1920.jpg,4.62
male/asian/pexels-min-an-751204.jpg,6.222222222222222
female/caucasian/person-5896670_1920.jpg,6.777777777777778
male/caucasian/nathan-dumlao-ger61_TX6oI-unsplash.jpg,3.296666666666666
male/indian/muhammad-murtaza-ghani-nUjfEYmJYl0-unsplash.jpg,4.619047619047619
female/black/kelly-sikkema-q2hBflsr71o-unsplash.jpg,5.636363636363637
male/caucasian/pexels-spencer-selover-775358.jpg,7.666666666666667
female/indian/sarah-cervantes-79GLX12EY98-unsplash.jpg,7.32
female/asian/yannes-kiefer-VZfSq4TQTHY-unsplash.jpg,3.035714285714286
male/asian/pexels-david-yu-3136182.jpg,5.444444444444445
