relative_path,size_bytes,extension
"Eigenface,Geom.features,HOG,Gabor,SIFT+shallow predictor.ipynb",664523,.ipynb
FaceNet_512_features/female/asian/13.csv,13033,.csv
FaceNet_512_features/female/asian/20.csv,13063,.csv
FaceNet_512_features/female/asian/21.csv,13043,.csv
FaceNet_512_features/female/asian/23.csv,13068,.csv
FaceNet_512_features/female/asian/30.csv,13048,.csv
FaceNet_512_features/female/asian/36.csv,13054,.csv
FaceNet_512_features/female/asian/42.csv,13041,.csv
FaceNet_512_features/female/asian/51.csv,13045,.csv
FaceNet_512_features/female/asian/57.csv,13047,.csv
FaceNet_512_features/female/asian/6.csv,13053,.csv
FaceNet_512_features/female/asian/7.csv,13061,.csv
FaceNet_512_features/female/asian/afif-kusuma-y-mT2OATY6k-unsplash.csv,13058,.csv
FaceNet_512_features/female/asian/agung-pratamah-Xdm08vqsFrs-unsplash.csv,13049,.csv
FaceNet_512_features/female/asian/ahmad-qime-in2aoHwX5bA-unsplash.csv,13051,.csv
FaceNet_512_features/female/asian/aiony-haust-Nsze2HlxoZo-unsplash.csv,13037,.csv
FaceNet_512_features/female/asian/aiony-haust-orYdcTza06E-unsplash.csv,13058,.csv
FaceNet_512_features/female/asian/alex-sorto-kNstJF4l5cA-unsplash.csv,13038,.csv
FaceNet_512_features/female/asian/alex-sorto-suymY_8bk4Y-unsplash.csv,13044,.csv
FaceNet_512_features/female/asian/alexandra-lammerink-MVao99Qwew0-unsplash.csv,13062,.csv
FaceNet_512_features/female/asian/alexandra-lammerink-nG5ZS2wlnrQ-unsplash.csv,13036,.csv
FaceNet_512_features/female/asian/altanbagana-jargal-o79BpJ-tgew-unsplash.csv,13054,.csv
FaceNet_512_features/female/asian/amoon-ra-p1JglmknQr0-unsplash.csv,13047,.csv
FaceNet_512_features/female/asian/andres-hernandez-KVjiBiBvT-c-unsplash.csv,13065,.csv
FaceNet_512_features/female/asian/annie-lin-876188_1920.csv,13047,.csv
FaceNet_512_features/female/asian/anthony-tran-3Xkms-gMvZg-unsplash.csv,13036,.csv
FaceNet_512_features/female/asian/anthony-tran-6s3L8El33QE-unsplash.csv,13034,.csv
FaceNet_512_features/female/asian/anthony-tran-RG9Z5CtnlUQ-unsplash.csv,13040,.csv
FaceNet_512_features/female/asian/anthony-tran-_G0OrcPOpJw-unsplash.csv,13055,.csv
FaceNet_512_features/female/asian/ao-dai-2730822_1920.csv,13044,.csv
FaceNet_512_features/female/asian/aodai-4603493_1920.csv,13048,.csv
FaceNet_512_features/female/asian/asian-2111681_1920.csv,13047,.csv
FaceNet_512_features/female/asian/asian-2209044_1920.csv,13030,.csv
FaceNet_512_features/female/asian/asian-2302727_1920.csv,13035,.csv
FaceNet_512_features/female/asian/asian-3752815_1920.csv,13060,.csv
FaceNet_512_features/female/asian/asian-3885641_1920.csv,13050,.csv
FaceNet_512_features/female/asian/asian-3932158_1920.csv,13058,.csv
FaceNet_512_features/female/asian/asian-girl-3113208_1920.csv,13039,.csv
FaceNet_512_features/female/asian/asian-girl-4819726_1920.csv,13048,.csv
FaceNet_512_features/female/asian/austin-wade-ex6qfO4TPMY-unsplash.csv,13050,.csv
FaceNet_512_features/female/asian/azamat-kinzhitayev-yyf5DCBtm4E-unsplash.csv,13045,.csv
FaceNet_512_features/female/asian/bbh-singapore-4-v5HrV1940-unsplash.csv,13049,.csv
FaceNet_512_features/female/asian/bin-thi-u-xOBpdqH2Uao-unsplash.csv,13052,.csv
FaceNet_512_features/female/asian/blake-cheek-3dT98ifg9J4-unsplash.csv,13036,.csv
FaceNet_512_features/female/asian/bui-thanh-tam-D6meliiyaWs-unsplash.csv,13055,.csv
FaceNet_512_features/female/asian/character-2454694_1920.csv,13054,.csv
FaceNet_512_features/female/asian/chinh-le-duc-TV1QYUtTxJ8-unsplash.csv,13043,.csv
FaceNet_512_features/female/asian/christian-senan-N0vZpzFrU0w-unsplash.csv,13050,.csv
FaceNet_512_features/female/asian/conner-ching-nzu-xTOEBlM-unsplash.csv,13057,.csv
FaceNet_512_features/female/asian/cozies-tone-k4PSfwVsHIY-unsplash.csv,13063,.csv
FaceNet_512_features/female/asian/cris-trung-LRLxSTpq2Ds-unsplash.csv,13064,.csv
FaceNet_512_features/female/asian/d4_1.csv,13044,.csv
FaceNet_512_features/female/asian/d9.csv,13063,.csv
FaceNet_512_features/female/asian/dani-bayuni-FhuHS2959uI-unsplash.csv,13052,.csv
FaceNet_512_features/female/asian/daniel-rigdon-dXmXKPP2L4E-unsplash.csv,13052,.csv
FaceNet_512_features/female/asian/dev-asangbam-R4CHODMJTzA-unsplash.csv,13046,.csv
FaceNet_512_features/female/asian/diao-darius-K3k7X7OA394-unsplash.csv,13040,.csv
FaceNet_512_features/female/asian/documentary-2695341_1920.csv,13043,.csv
FaceNet_512_features/female/asian/dr-1621296_1920.csv,13052,.csv
FaceNet_512_features/female/asian/du-wei-5rrrG8IZ8Dc-unsplash.csv,13040,.csv
FaceNet_512_features/female/asian/europeana-m9LowiQVMLA-unsplash.csv,13036,.csv
FaceNet_512_features/female/asian/face-1146038_1920.csv,13067,.csv
FaceNet_512_features/female/asian/face-977177_1920.csv,13044,.csv
FaceNet_512_features/female/asian/faizfajer-VzmoR9Meu3w-unsplash.csv,13050,.csv
FaceNet_512_features/female/asian/fashion-4257899_1920.csv,13048,.csv
FaceNet_512_features/female/asian/fashion-4257904_1920.csv,13050,.csv
FaceNet_512_features/female/asian/female-3976486_1920.csv,13036,.csv
FaceNet_512_features/female/asian/frederick-ferdianto-Dunxame8wxg-unsplash.csv,13047,.csv
FaceNet_512_features/female/asian/gema-saputera-MWuZfECSg0U-unsplash.csv,13033,.csv
FaceNet_512_features/female/asian/gemma-chua-tran-QaiIaCkGCtI-unsplash.csv,13046,.csv
FaceNet_512_features/female/asian/gemma-chua-tran-Sgqo6Cohf9M-unsplash.csv,13061,.csv
FaceNet_512_features/female/asian/girl-1718116_1920.csv,13031,.csv
FaceNet_512_features/female/asian/girl-1721429_1920.csv,13044,.csv
FaceNet_512_features/female/asian/girl-1733337_1920.csv,13046,.csv
FaceNet_512_features/female/asian/girl-1733349_1920.csv,13034,.csv
FaceNet_512_features/female/asian/girl-1741925_1920.csv,13040,.csv
FaceNet_512_features/female/asian/girl-1741941_1920.csv,13049,.csv
FaceNet_512_features/female/asian/girl-184596_1920.csv,13045,.csv
FaceNet_512_features/female/asian/girl-1848949_1920.csv,13054,.csv
FaceNet_512_features/female/asian/girl-2704116_1920.csv,13063,.csv
FaceNet_512_features/female/asian/girl-2894898_1920.csv,13057,.csv
FaceNet_512_features/female/asian/girl-3738843_1920.csv,13048,.csv
FaceNet_512_features/female/asian/girl-4036509_1920.csv,13054,.csv
FaceNet_512_features/female/asian/girl-4618070_1920.csv,13053,.csv
FaceNet_512_features/female/asian/girl-4622990_1920.csv,13050,.csv
FaceNet_512_features/female/asian/girl-526707_1920.csv,13056,.csv
FaceNet_512_features/female/asian/girl-5846478_1920.csv,13054,.csv
FaceNet_512_features/female/asian/girl-5933162_1920.csv,13043,.csv
FaceNet_512_features/female/asian/girl-5934632_1920.csv,13047,.csv
FaceNet_512_features/female/asian/girl-5934674_1920.csv,13057,.csv
FaceNet_512_features/female/asian/h-f-e-co-2ayXMZmiRWk-unsplash.csv,13054,.csv
FaceNet_512_features/female/asian/hannah-xu-A3B7VHK71Ks-unsplash.csv,13047,.csv
FaceNet_512_features/female/asian/hello-5919349_1920.csv,13060,.csv
FaceNet_512_features/female/asian/hhh13-gMC5TecfnD4-unsplash.csv,13048,.csv
FaceNet_512_features/female/asian/hijab-5090230_1920.csv,13040,.csv
FaceNet_512_features/female/asian/huseyin-topcu-szDEzZPyfcQ-unsplash.csv,13043,.csv
FaceNet_512_features/female/asian/huu-chung-dang-lP02hkcp7H0-unsplash.csv,13061,.csv
FaceNet_512_features/female/asian/ipad-1721428_1920.csv,13036,.csv
FaceNet_512_features/female/asian/irene-strong-gKJ2FFsCOD0-unsplash.csv,13047,.csv
FaceNet_512_features/female/asian/isco-wcJOYUVOwDc-unsplash.csv,13044,.csv
FaceNet_512_features/female/asian/jaizer-capangpangan-04SoDoueyF8-unsplash.csv,13045,.csv
FaceNet_512_features/female/asian/japan-1432871_1920.csv,13039,.csv
FaceNet_512_features/female/asian/jasmin-chew-WUVozkQFLz0-unsplash.csv,13055,.csv
FaceNet_512_features/female/asian/jernej-graj-GY5gWDimEyg-unsplash.csv,13043,.csv
FaceNet_512_features/female/asian/jernej-graj-muXeYVQaPyA-unsplash.csv,13037,.csv
FaceNet_512_features/female/asian/jeswin-thomas-rnjwbDDQUHk-unsplash.csv,13047,.csv
FaceNet_512_features/female/asian/jim-flores-dE6c9RZoyL8-unsplash.csv,13057,.csv
FaceNet_512_features/female/asian/jim-flores-ebidnEfTCtk-unsplash.csv,13054,.csv
FaceNet_512_features/female/asian/jimmy-chang-VplzfrQvCm4-unsplash.csv,13070,.csv
FaceNet_512_features/female/asian/joel-mott-LaK153ghdig-unsplash.csv,13034,.csv
FaceNet_512_features/female/asian/joel-mott-Z8MesVFSYac-unsplash.csv,13043,.csv
FaceNet_512_features/female/asian/joeyy-lee-pCcPFfJ-LzM-unsplash.csv,13060,.csv
FaceNet_512_features/female/asian/john-mark-ramos-SGINHNM-vhk-unsplash.csv,13042,.csv
FaceNet_512_features/female/asian/kseniia-ilinykh-BHmKkfpwuuc-unsplash.csv,13026,.csv
FaceNet_512_features/female/asian/le-minh-phuong-jGZITdFhmts-unsplash.csv,13060,.csv
FaceNet_512_features/female/asian/leo-rivas-2iqKxsN659U-unsplash.csv,13054,.csv
FaceNet_512_features/female/asian/mahendra-febrianto-KtCBIpLGu1E-unsplash.csv,13053,.csv
FaceNet_512_features/female/asian/manny-moreno-g9mefExQHfM-unsplash.csv,13031,.csv
FaceNet_512_features/female/asian/mathias-huysmans-U4JDjYmjn1g-unsplash.csv,13042,.csv
FaceNet_512_features/female/asian/mathias-huysmans-kWLwiYznS3M-unsplash.csv,13048,.csv
FaceNet_512_features/female/asian/model-1822567_1920.csv,13059,.csv
FaceNet_512_features/female/asian/mongolia-4538999_1920.csv,13031,.csv
FaceNet_512_features/female/asian/muhammad-ruqiyaddin-0BFQaFG9iR0-unsplash.csv,13064,.csv
FaceNet_512_features/female/asian/muslim-417317_1920.csv,13036,.csv
FaceNet_512_features/female/asian/nathan-anderson-2nqji_XO20w-unsplash.csv,13054,.csv
FaceNet_512_features/female/asian/nima-sarram-3VOI8o6Ftio-unsplash.csv,13054,.csv
FaceNet_512_features/female/asian/old-2474161_1920.csv,13045,.csv
FaceNet_512_features/female/asian/outdoors-3341719_1920.csv,13049,.csv
FaceNet_512_features/female/asian/people-3332333_1920.csv,13031,.csv
FaceNet_512_features/female/asian/pexels-amir-hamzah-photo-2705292.csv,13062,.csv
FaceNet_512_features/female/asian/pexels-anna-shvets-4672555.csv,13049,.csv
FaceNet_512_features/female/asian/pexels-carol-wd-3454302.csv,13056,.csv
FaceNet_512_features/female/asian/pexels-cottonbro-3419647.csv,13056,.csv
FaceNet_512_features/female/asian/pexels-cottonbro-3419693.csv,13045,.csv
FaceNet_512_features/female/asian/pexels-duy-dinh-3614523.csv,13063,.csv
FaceNet_512_features/female/asian/pexels-happy-pixels-3170437.csv,13051,.csv
FaceNet_512_features/female/asian/pexels-hải-nguyễn-3616937.csv,13052,.csv
FaceNet_512_features/female/asian/pexels-ike-louie-natividad-2709388.csv,13058,.csv
FaceNet_512_features/female/asian/pexels-ketut-subiyanto-4350057.csv,13035,.csv
FaceNet_512_features/female/asian/pexels-ketut-subiyanto-4350178.csv,13056,.csv
FaceNet_512_features/female/asian/pexels-maria-orlova-4906257.csv,13037,.csv
FaceNet_512_features/female/asian/pexels-maria-orlova-4946391.csv,13037,.csv
FaceNet_512_features/female/asian/pexels-meijii-2014864.csv,13057,.csv
FaceNet_512_features/female/asian/pexels-mental-health-america-(mha)-5531323.csv,13046,.csv
FaceNet_512_features/female/asian/pexels-mikhail-nilov-6612835.csv,13045,.csv
FaceNet_512_features/female/asian/pexels-min-an-1070751.csv,13046,.csv
FaceNet_512_features/female/asian/pexels-min-an-1586654.csv,13030,.csv
FaceNet_512_features/female/asian/pexels-min-an-1589369.csv,13040,.csv
FaceNet_512_features/female/asian/pexels-min-an-732425.csv,13051,.csv
FaceNet_512_features/female/asian/pexels-nguyễn-lâm-886477.csv,13059,.csv
FaceNet_512_features/female/asian/pexels-raka-miftah-3522693.csv,13039,.csv
FaceNet_512_features/female/asian/pexels-raydar-341970.csv,13052,.csv
FaceNet_512_features/female/asian/pexels-rodnae-productions-4920897.csv,13056,.csv
FaceNet_512_features/female/asian/pexels-shahi-zidan-2692577.csv,13049,.csv
FaceNet_512_features/female/asian/pexels-sora-shimazaki-5938295.csv,13057,.csv
FaceNet_512_features/female/asian/pexels-sora-shimazaki-5938437.csv,13045,.csv
FaceNet_512_features/female/asian/pexels-thunyarat-klaiklang-1814538.csv,13063,.csv
FaceNet_512_features/female/asian/pexels-tima-miroshnichenko-6614828.csv,13044,.csv
FaceNet_512_features/female/asian/pexels-tuấn-kiệt-jr-1391499.csv,13041,.csv
FaceNet_512_features/female/asian/pexels-zen-chung-5538615.csv,13041,.csv
FaceNet_512_features/female/asian/philippe-leone-ffrGEGb4Y58-unsplash.csv,13080,.csv
FaceNet_512_features/female/asian/portrait-3058726_1920.csv,13036,.csv
FaceNet_512_features/female/asian/portrait-3622823_1920.csv,13045,.csv
FaceNet_512_features/female/asian/portrait-4202918_1920.csv,13048,.csv
FaceNet_512_features/female/asian/portrait-750780_1920.csv,13046,.csv
FaceNet_512_features/female/asian/pregnancy-2594275_1920.csv,13055,.csv
FaceNet_512_features/female/asian/rainier-ridao-L1STkrnnBHw-unsplash.csv,13055,.csv
FaceNet_512_features/female/asian/raychan-sw30Y2Ek5t0-unsplash.csv,13062,.csv
FaceNet_512_features/female/asian/samuel-berner-xtpz9sSRUDw-unsplash.csv,13027,.csv
FaceNet_512_features/female/asian/sankhadeep-barman-aHTbdSquNCY-unsplash.csv,13037,.csv
FaceNet_512_features/female/asian/selfie-4127339_1920.csv,13042,.csv
FaceNet_512_features/female/asian/simon-marsault-jUyP2PcuBls-unsplash.csv,13041,.csv
FaceNet_512_features/female/asian/suhendro-purnomo--ApMYrUyi0o-unsplash.csv,13037,.csv
FaceNet_512_features/female/asian/suhendro-purnomo-4E3noTlLm1c-unsplash.csv,13050,.csv
FaceNet_512_features/female/asian/tabitha-turner-e5ckVRrQj_8-unsplash.csv,13048,.csv
FaceNet_512_features/female/asian/thanh-duc-phan-i5R8hbZFDdc-unsplash.csv,13076,.csv
FaceNet_512_features/female/asian/toa-heftiba-aQ0YRudYjm0-unsplash.csv,13044,.csv
FaceNet_512_features/female/asian/tong-nguyen-van-ERIZwv4V5pA-unsplash.csv,13051,.csv
FaceNet_512_features/female/asian/tong-nguyen-van-wXnaknPMpK0-unsplash.csv,13051,.csv
FaceNet_512_features/female/asian/vietnamese-4646223_1920.csv,13056,.csv
FaceNet_512_features/female/asian/vin-stratton-LkDICOYBYAg-unsplash.csv,13037,.csv
FaceNet_512_features/female/asian/vino-li-yuJYUYpnFlo-unsplash.csv,13035,.csv
FaceNet_512_features/female/asian/visualsofdana-KD1xdIkw3Z8-unsplash.csv,13024,.csv
FaceNet_512_features/female/asian/watercolor-1214824_1920.csv,13040,.csv
FaceNet_512_features/female/asian/woman-2294787_1920.csv,13060,.csv
FaceNet_512_features/female/asian/woman-2690362_1920.csv,13055,.csv
FaceNet_512_features/female/asian/woman-3178537_1920.csv,13040,.csv
FaceNet_512_features/female/asian/woman-3951558_1920.csv,13046,.csv
FaceNet_512_features/female/asian/woman-4804268_1920.csv,13053,.csv
FaceNet_512_features/female/asian/woman-5573135_1920.csv,13052,.csv
FaceNet_512_features/female/asian/woman-5775938_1920.csv,13057,.csv
FaceNet_512_features/female/asian/woman-984426_1920.csv,13045,.csv
FaceNet_512_features/female/asian/women-1507748_1920.csv,13044,.csv
FaceNet_512_features/female/asian/women-4445664_1920.csv,13033,.csv
FaceNet_512_features/female/asian/women-5930352_1920.csv,13064,.csv
FaceNet_512_features/female/asian/xu-duo-kSyOJGwlGm0-unsplash.csv,13063,.csv
FaceNet_512_features/female/asian/xu-duo-w2p_6UBRSTY-unsplash.csv,13039,.csv
FaceNet_512_features/female/asian/yannes-kiefer-VZfSq4TQTHY-unsplash.csv,13054,.csv
FaceNet_512_features/female/asian/yeo-khee-uZCY6vjHGmE-unsplash.csv,13050,.csv
FaceNet_512_features/female/asian/young-women-1281280_1920.csv,13038,.csv
FaceNet_512_features/female/black/1.csv,13065,.csv
FaceNet_512_features/female/black/15.csv,13036,.csv
FaceNet_512_features/female/black/27.csv,13061,.csv
FaceNet_512_features/female/black/31.csv,13049,.csv
FaceNet_512_features/female/black/34.csv,13057,.csv
FaceNet_512_features/female/black/39.csv,13057,.csv
FaceNet_512_features/female/black/52.csv,13054,.csv
FaceNet_512_features/female/black/61.csv,13050,.csv
FaceNet_512_features/female/black/african-2197414_1920.csv,13052,.csv
FaceNet_512_features/female/black/african-2942355_1920.csv,13044,.csv
FaceNet_512_features/female/black/african-american-1180847_1920.csv,13048,.csv
FaceNet_512_features/female/black/amevi-wisdom-wiUl_NyafcY-unsplash.csv,13060,.csv
FaceNet_512_features/female/black/amin-rk-stz6pJV6UKw-unsplash.csv,13057,.csv
FaceNet_512_features/female/black/ashley-byrd-AyOC81h1CGw-unsplash.csv,13035,.csv
FaceNet_512_features/female/black/attractive-1869761_1920.csv,13063,.csv
FaceNet_512_features/female/black/beautiful-3257190_1920.csv,13045,.csv
FaceNet_512_features/female/black/brenna-huff-0bayIkan-Ao-unsplash.csv,13056,.csv
FaceNet_512_features/female/black/cassandra-hamer-OyTCN8T9aGo-unsplash.csv,13056,.csv
FaceNet_512_features/female/black/cassandra-hamer-t2obqqft_xM-unsplash.csv,13042,.csv
FaceNet_512_features/female/black/cheerleader-863890_1920.csv,13035,.csv
FaceNet_512_features/female/black/chelsea-ferenando-LmYENEcVmqM-unsplash.csv,13037,.csv
FaceNet_512_features/female/black/christina-wocintechchat-com-Zpzf7TLj_gA-unsplash.csv,13059,.csv
FaceNet_512_features/female/black/christina-wocintechchat-com-_5_CBVCLBsY-unsplash.csv,13038,.csv
FaceNet_512_features/female/black/clarke-sanders-HOQpBGL95Z8-unsplash.csv,13052,.csv
FaceNet_512_features/female/black/clarke-sanders-e_W1qouapG8-unsplash.csv,13055,.csv
FaceNet_512_features/female/black/clem-onojeghuo-FbTOrJ2G8KI-unsplash.csv,13045,.csv
FaceNet_512_features/female/black/cleyton-ewerton-sFdbI7P47XE-unsplash.csv,13046,.csv
FaceNet_512_features/female/black/cute-4721888_1920.csv,13045,.csv
FaceNet_512_features/female/black/dario-didon-Zqx1BVQBGII-unsplash.csv,13056,.csv
FaceNet_512_features/female/black/david-todd-mccarty-e17ti0-AYoA-unsplash.csv,13050,.csv
FaceNet_512_features/female/black/demorris-byrd-7Xqi7VLqfpA-unsplash.csv,13058,.csv
FaceNet_512_features/female/black/ebony-1643426_1920.csv,13062,.csv
FaceNet_512_features/female/black/emma-valerio-Hz_hQrk9hQ8-unsplash.csv,13056,.csv
FaceNet_512_features/female/black/emmanuel-zua-iKNvqz1evXI-unsplash.csv,13055,.csv
FaceNet_512_features/female/black/engin-akyurt-Obi2AUzEZyU-unsplash.csv,13041,.csv
FaceNet_512_features/female/black/engin-akyurt-lyh6c9MLdBY-unsplash.csv,13066,.csv
FaceNet_512_features/female/black/ernan-solozabal-kfQWyxttMeQ-unsplash.csv,13060,.csv
FaceNet_512_features/female/black/etty-fidele-AzVexpHvuKY-unsplash.csv,13054,.csv
FaceNet_512_features/female/black/etty-fidele-TWR--mm6s5o-unsplash.csv,13044,.csv
FaceNet_512_features/female/black/eye-for-ebony-BKxipJKe3G0-unsplash.csv,13030,.csv
FaceNet_512_features/female/black/eye-for-ebony-Z7ZmNovyF_M-unsplash.csv,13064,.csv
FaceNet_512_features/female/black/female-4899174_1920.csv,13053,.csv
FaceNet_512_features/female/black/female-4899179_1920.csv,13038,.csv
FaceNet_512_features/female/black/force-majeure-a5-_X8IktJg-unsplash.csv,13060,.csv
FaceNet_512_features/female/black/gabriel-silverio-HibLL8rsiwc-unsplash.csv,13059,.csv
FaceNet_512_features/female/black/gabrielle-henderson-hZpmaacR8gE-unsplash.csv,13057,.csv
FaceNet_512_features/female/black/gift-habeshaw-kZ6KJLSKGDQ-unsplash.csv,13036,.csv
FaceNet_512_features/female/black/girl-1245835_1920.csv,13048,.csv
FaceNet_512_features/female/black/girl-1868930_1920.csv,13053,.csv
FaceNet_512_features/female/black/girl-1912901_1920.csv,13044,.csv
FaceNet_512_features/female/black/girl-444688_1920.csv,13057,.csv
FaceNet_512_features/female/black/gustavo-lanes-ZaL84ooeZpk-unsplash.csv,13031,.csv
FaceNet_512_features/female/black/head-shoot-1542339_1920.csv,13041,.csv
FaceNet_512_features/female/black/jackson-david-Iex31-cnO-o-unsplash.csv,13067,.csv
FaceNet_512_features/female/black/jd-mason-4eRATsC7zTY-unsplash.csv,13058,.csv
FaceNet_512_features/female/black/jefferson-nnadiekwe-etYRmDQMcQQ-unsplash.csv,13049,.csv
FaceNet_512_features/female/black/jessica-felicio-8vgkMCSq4EU-unsplash.csv,13069,.csv
FaceNet_512_features/female/black/jessica-felicio-F16KPYxfm6s-unsplash.csv,13048,.csv
FaceNet_512_features/female/black/jessica-felicio-YEbFUPYfUlo-unsplash.csv,13056,.csv
FaceNet_512_features/female/black/jessica-felicio-_cvwXhGqG-o-unsplash.csv,13072,.csv
FaceNet_512_features/female/black/john-torcasio-tgVm0tkbf1U-unsplash.csv,13054,.csv
FaceNet_512_features/female/black/jovaughn-stephens-3ajz-2RgEi8-unsplash.csv,13062,.csv
FaceNet_512_features/female/black/juno-jo-nwdPxI1h4NQ-unsplash.csv,13052,.csv
FaceNet_512_features/female/black/kal-visuals-fEbgg7USu3E-unsplash.csv,13043,.csv
FaceNet_512_features/female/black/kelly-fournier-rPykmpWcL5s-unsplash.csv,13049,.csv
FaceNet_512_features/female/black/kelly-sikkema-q2hBflsr71o-unsplash.csv,13050,.csv
FaceNet_512_features/female/black/leighann-blackwood-nRVMVZvy6mo-unsplash.csv,13061,.csv
FaceNet_512_features/female/black/lethu-zimu-bkyKiFfV91Q-unsplash.csv,13047,.csv
FaceNet_512_features/female/black/lucas-lenzi-2RwB3AHphb4-unsplash.csv,13042,.csv
FaceNet_512_features/female/black/makeup-1442912_1920.csv,13040,.csv
FaceNet_512_features/female/black/marcelo-rangel-E4P7SYt-hPs-unsplash.csv,13039,.csv
FaceNet_512_features/female/black/march-for-peace-1727917_1920.csv,13056,.csv
FaceNet_512_features/female/black/matheus-ferrero-4cEVIKj7xtY-unsplash.csv,13055,.csv
FaceNet_512_features/female/black/mehmet-turgut-kirkgoz-2rVzuyCowLI-unsplash.csv,13070,.csv
FaceNet_512_features/female/black/michelle-obama-1129160_1920.csv,13039,.csv
FaceNet_512_features/female/black/model-4676037_1920.csv,13074,.csv
FaceNet_512_features/female/black/models-2158971_1920.csv,13062,.csv
FaceNet_512_features/female/black/national-cancer-institute-duNbFJRhaJQ-unsplash.csv,13061,.csv
FaceNet_512_features/female/black/nick-grant-ygrOmmn1Oss-unsplash.csv,13043,.csv
FaceNet_512_features/female/black/noah-buscher-AR7aumwKr2s-unsplash.csv,13050,.csv
FaceNet_512_features/female/black/oladimeji-odunsi-aU_eOcelLhQ-unsplash.csv,13053,.csv
FaceNet_512_features/female/black/oladimeji-odunsi-pV2Kw7Tts14-unsplash.csv,13059,.csv
FaceNet_512_features/female/black/olivier-rule-RKqIIjqWRak-unsplash.csv,13054,.csv
FaceNet_512_features/female/black/pablo-merchan-montes-ro1i0CMzBfI-unsplash.csv,13072,.csv
FaceNet_512_features/female/black/people-2587179_1920.csv,13057,.csv
FaceNet_512_features/female/black/people-3104635_1920.csv,13051,.csv
FaceNet_512_features/female/black/people-3238357_1920.csv,13047,.csv
FaceNet_512_features/female/black/pexels-adrienne-andersen-2552129.csv,13046,.csv
FaceNet_512_features/female/black/pexels-adrienne-andersen-2552130.csv,13038,.csv
FaceNet_512_features/female/black/pexels-adrienne-andersen-2661256.csv,13049,.csv
FaceNet_512_features/female/black/pexels-andrea-piacquadio-3880766.csv,13081,.csv
FaceNet_512_features/female/black/pexels-athena-1831792.csv,13048,.csv
FaceNet_512_features/female/black/pexels-avonne-stalling-3916455.csv,13050,.csv
FaceNet_512_features/female/black/pexels-bernard-ng-3318310.csv,13042,.csv
FaceNet_512_features/female/black/pexels-cottonbro-4505450.csv,13054,.csv
FaceNet_512_features/female/black/pexels-dalila-dalprat-1995129.csv,13062,.csv
FaceNet_512_features/female/black/pexels-dellon-thomas-3189024.csv,13043,.csv
FaceNet_512_features/female/black/pexels-ezekixl-akinnewu-950243.csv,13054,.csv
FaceNet_512_features/female/black/pexels-ike-louie-natividad-3310695.csv,13045,.csv
FaceNet_512_features/female/black/pexels-jermaine-ulinwa-3321515.csv,13057,.csv
FaceNet_512_features/female/black/pexels-jorge-fakhouri-filho-1852015.csv,13065,.csv
FaceNet_512_features/female/black/pexels-kaone-makoko-3785991.csv,13057,.csv
FaceNet_512_features/female/black/pexels-marcelo-chagas-2535859.csv,13062,.csv
FaceNet_512_features/female/black/pexels-marcelo-chagas-2539732.csv,13038,.csv
FaceNet_512_features/female/black/pexels-marcelo-dias-2448994.csv,13040,.csv
FaceNet_512_features/female/black/pexels-marlon-schmeiski-3839904.csv,13047,.csv
FaceNet_512_features/female/black/pexels-moh-mckenzie-3597035.csv,13054,.csv
FaceNet_512_features/female/black/pexels-muhammadtaha-ibrahim-ma'aji-3280901.csv,13054,.csv
FaceNet_512_features/female/black/pexels-murat-esibatir-4355346.csv,13038,.csv
FaceNet_512_features/female/black/pexels-mwabonje-2680369.csv,13048,.csv
FaceNet_512_features/female/black/pexels-nappy-1068205.csv,13058,.csv
FaceNet_512_features/female/black/pexels-noa-photography-4364604.csv,13053,.csv
FaceNet_512_features/female/black/pexels-ogo-2434049.csv,13061,.csv
FaceNet_512_features/female/black/pexels-rebrand-cities-1367270.csv,13066,.csv
FaceNet_512_features/female/black/pexels-rfstudio-3061415.csv,13054,.csv
FaceNet_512_features/female/black/pexels-rodnae-productions-4911184.csv,13050,.csv
FaceNet_512_features/female/black/pexels-rodnae-productions-4921034.csv,13058,.csv
FaceNet_512_features/female/black/pexels-samson-katt-5256700.csv,13045,.csv
FaceNet_512_features/female/black/pexels-shotpot-6337498.csv,13059,.csv
FaceNet_512_features/female/black/pexels-willsantt-1962844.csv,13045,.csv
FaceNet_512_features/female/black/pexels-zen-chung-5537979.csv,13066,.csv
FaceNet_512_features/female/black/pieter-benjamin-nijs-lb8gB8jnKDA-unsplash.csv,13052,.csv
FaceNet_512_features/female/black/portrait-856125_1920.csv,13052,.csv
FaceNet_512_features/female/black/prince-akachi-J1OScm_uHUQ-unsplash.csv,13051,.csv
FaceNet_512_features/female/black/prince-akachi-LWkFHEGpleE-unsplash.csv,13056,.csv
FaceNet_512_features/female/black/prince-akachi-l3IHXOdMyHQ-unsplash.csv,13064,.csv
FaceNet_512_features/female/black/princess-Lo9qLgRIUIs-unsplash.csv,13046,.csv
FaceNet_512_features/female/black/raphael-lovaski-3cbvEhhQspg-unsplash.csv,13040,.csv
FaceNet_512_features/female/black/ricardo-esquivel-O8i3pW1leYs-unsplash.csv,13065,.csv
FaceNet_512_features/female/black/ronise-da-luz-5DJ8sR-m58I-unsplash.csv,13052,.csv
FaceNet_512_features/female/black/samuel-aboh-RGomcmMkTEA-unsplash.csv,13052,.csv
FaceNet_512_features/female/black/shot-by-cerqueira-cthGStT-j_A-unsplash.csv,13053,.csv
FaceNet_512_features/female/black/smile-2072907_1920.csv,13067,.csv
FaceNet_512_features/female/black/smile-2072908_1920.csv,13064,.csv
FaceNet_512_features/female/black/steward-masweneng-Ws4YEqBafus-unsplash.csv,13067,.csv
FaceNet_512_features/female/black/suad-kamardeen-4VN2WWVWqDs-unsplash.csv,13063,.csv
FaceNet_512_features/female/black/suad-kamardeen-khewjy5l4Zo-unsplash.csv,13072,.csv
FaceNet_512_features/female/black/suad-kamardeen-pn2-F5lKM-U-unsplash.csv,13053,.csv
FaceNet_512_features/female/black/tyrell-charles-m4NimBSfcYI-unsplash.csv,13049,.csv
FaceNet_512_features/female/black/vladimir-yelizarov-1Fx-iiR8R_4-unsplash.csv,13057,.csv
FaceNet_512_features/female/black/vladimir-yelizarov-lCDPfozQC08-unsplash.csv,13049,.csv
FaceNet_512_features/female/black/vonecia-carswell-X5f2DFCjhWs-unsplash.csv,13067,.csv
FaceNet_512_features/female/black/wadi-lissa-PnCTTH_mmYg-unsplash.csv,13060,.csv
FaceNet_512_features/female/black/woman-1018284_1920.csv,13068,.csv
FaceNet_512_features/female/black/woman-1018291_1920.csv,13046,.csv
FaceNet_512_features/female/black/woman-3144280_1920.csv,13055,.csv
FaceNet_512_features/female/black/woman-5932291_1920.csv,13062,.csv
FaceNet_512_features/female/black/woman-5939698_1920.csv,13048,.csv
FaceNet_512_features/female/black/woman-659348_1920.csv,13054,.csv
FaceNet_512_features/female/black/woman-868521_1920.csv,13049,.csv
FaceNet_512_features/female/black/ziphaus-NizskSsegM8-unsplash.csv,13038,.csv
FaceNet_512_features/female/caucasian/10_1.csv,13058,.csv
FaceNet_512_features/female/caucasian/11.csv,13057,.csv
FaceNet_512_features/female/caucasian/12.csv,13057,.csv
FaceNet_512_features/female/caucasian/14.csv,13059,.csv
FaceNet_512_features/female/caucasian/16.csv,13057,.csv
FaceNet_512_features/female/caucasian/18.csv,13041,.csv
FaceNet_512_features/female/caucasian/19.csv,13041,.csv
FaceNet_512_features/female/caucasian/28.csv,13041,.csv
FaceNet_512_features/female/caucasian/40.csv,13059,.csv
FaceNet_512_features/female/caucasian/5.csv,13055,.csv
FaceNet_512_features/female/caucasian/55.csv,13062,.csv
FaceNet_512_features/female/caucasian/62.csv,13047,.csv
FaceNet_512_features/female/caucasian/8.csv,13046,.csv
FaceNet_512_features/female/caucasian/actress-1893312_1920.csv,13045,.csv
FaceNet_512_features/female/caucasian/adult-1867889_1920.csv,13078,.csv
FaceNet_512_features/female/caucasian/ahmadreza-najafi-VjxPbl_ErF8-unsplash.csv,13064,.csv
FaceNet_512_features/female/caucasian/aircraft-976685_1920.csv,13032,.csv
FaceNet_512_features/female/caucasian/aleksandr-minakov-bY4GXQKfZrA-unsplash.csv,13042,.csv
FaceNet_512_features/female/caucasian/alex-perez-42e14e_DSWE-unsplash.csv,13046,.csv
FaceNet_512_features/female/caucasian/alex-sheldon-p63g4kQAt_4-unsplash.csv,13038,.csv
FaceNet_512_features/female/caucasian/alexander-krivitskiy-moMIHvUEujM-unsplash.csv,13050,.csv
FaceNet_512_features/female/caucasian/alexander-scott-lambley-i2AmfpRO0Cc-unsplash.csv,13058,.csv
FaceNet_512_features/female/caucasian/alexandre-croussette-P9C8YtG4eYU-unsplash.csv,13054,.csv
FaceNet_512_features/female/caucasian/alexis-brown-XhFROJiMDtA-unsplash.csv,13038,.csv
FaceNet_512_features/female/caucasian/alexis-reyna-Ghq7sANg8Lc-unsplash.csv,13064,.csv
FaceNet_512_features/female/caucasian/ali-pazani-VPYKT3ePiEM-unsplash.csv,13050,.csv
FaceNet_512_features/female/caucasian/allef-vinicius-PoM0yxiD6L8-unsplash.csv,13049,.csv
FaceNet_512_features/female/caucasian/allef-vinicius-RTiPK6GPBxg-unsplash.csv,13053,.csv
FaceNet_512_features/female/caucasian/amelia-barklid-q97o6P6_lMQ-unsplash.csv,13045,.csv
FaceNet_512_features/female/caucasian/amir-taheri-kQdhNGTVa3A-unsplash.csv,13048,.csv
FaceNet_512_features/female/caucasian/analise-benevides-x-CinW2XVRw-unsplash.csv,13061,.csv
FaceNet_512_features/female/caucasian/anastasia-vityukova-Cq6TBhIV0fw-unsplash.csv,13058,.csv
FaceNet_512_features/female/caucasian/anastasiya-nekhaeva-vqGyIoD3PAc-unsplash.csv,13053,.csv
FaceNet_512_features/female/caucasian/anastasiya-pavlova-7ip-IOC2yvA-unsplash.csv,13062,.csv
FaceNet_512_features/female/caucasian/anastasiya-pavlova-OthOW3y_UII-unsplash.csv,13049,.csv
FaceNet_512_features/female/caucasian/anastasiya-pavlova-tPD0S5mLkgI-unsplash.csv,13064,.csv
FaceNet_512_features/female/caucasian/andreea-pop-ZR0Ij09RN9w-unsplash.csv,13059,.csv
FaceNet_512_features/female/caucasian/andreea-pop-uR4cG4C2tsg-unsplash.csv,13042,.csv
FaceNet_512_features/female/caucasian/andrey-svistunov-IcSCXCRgATw-unsplash.csv,13062,.csv
FaceNet_512_features/female/caucasian/andrey-zvyagintsev-byfNhh81CWU-unsplash.csv,13067,.csv
FaceNet_512_features/female/caucasian/andriyko-podilnyk-KyQxMKaPTM0-unsplash.csv,13045,.csv
FaceNet_512_features/female/caucasian/andriyko-podilnyk-jFAG_ixCrsM-unsplash.csv,13061,.csv
FaceNet_512_features/female/caucasian/anita-jankovic-_OMk87F-zvI-unsplash.csv,13049,.csv
FaceNet_512_features/female/caucasian/ann-agterberg-WqATKbXqGZQ-unsplash.csv,13045,.csv
FaceNet_512_features/female/caucasian/ann-danilina-zgohOdeKpnA-unsplash.csv,13063,.csv
FaceNet_512_features/female/caucasian/anne-peres-plsF6obTgms-unsplash.csv,13056,.csv
FaceNet_512_features/female/caucasian/annika-palmari-H0-6Y5GmyMQ-unsplash.csv,13061,.csv
FaceNet_512_features/female/caucasian/anton-darius-NaV1BloVk0g-unsplash.csv,13073,.csv
FaceNet_512_features/female/caucasian/anton-malanin-lxEqRDB9Ng8-unsplash.csv,13050,.csv
FaceNet_512_features/female/caucasian/apostolos-vamvouras-egW3HtJfsrE-unsplash.csv,13031,.csv
FaceNet_512_features/female/caucasian/arno-senoner-5UCPo5N2cyg-unsplash.csv,13053,.csv
FaceNet_512_features/female/caucasian/artem-ivanchencko-M9-VgKDrhDA-unsplash.csv,13046,.csv
FaceNet_512_features/female/caucasian/artem-kryzhanivskyi-AdRJsBCjwms-unsplash.csv,13070,.csv
FaceNet_512_features/female/caucasian/aschas-O15EA5W8rmI-unsplash.csv,13063,.csv
FaceNet_512_features/female/caucasian/ayo-ogunseinde-6W4F62sN_yI-unsplash.csv,13058,.csv
FaceNet_512_features/female/caucasian/bailey-mahon-jfPKQraxv0w-unsplash.csv,13048,.csv
FaceNet_512_features/female/caucasian/baris-selcen-6bjgSD6Wxus-unsplash.csv,13037,.csv
FaceNet_512_features/female/caucasian/beautiful-1844724_1920.csv,13043,.csv
FaceNet_512_features/female/caucasian/beautiful-1867092_1920.csv,13057,.csv
FaceNet_512_features/female/caucasian/beautiful-1867431_1920.csv,13068,.csv
FaceNet_512_features/female/caucasian/beautiful-2114449_1920.csv,13048,.csv
FaceNet_512_features/female/caucasian/beautiful-2819394_1920.csv,13055,.csv
FaceNet_512_features/female/caucasian/beautiful-model-4597225_1920.csv,13054,.csv
FaceNet_512_features/female/caucasian/beautiful-young-woman-635271_1920.csv,13046,.csv
FaceNet_512_features/female/caucasian/beauty-1132617_1920.csv,13048,.csv
FaceNet_512_features/female/caucasian/bella-4368194_1920.csv,13046,.csv
FaceNet_512_features/female/caucasian/ben-den-engelsen-AGTxr6b9xJU-unsplash.csv,13046,.csv
FaceNet_512_features/female/caucasian/bikini-885382_1920.csv,13058,.csv
FaceNet_512_features/female/caucasian/bindi-2416039_1920.csv,13061,.csv
FaceNet_512_features/female/caucasian/black-dress-2985654_1920.csv,13047,.csv
FaceNet_512_features/female/caucasian/blake-barlow-7Ge4b_kcPLQ-unsplash.csv,13053,.csv
FaceNet_512_features/female/caucasian/blake-barlow-L9NrqmDPT-g-unsplash.csv,13049,.csv
FaceNet_512_features/female/caucasian/blond-3952534_1920.csv,13051,.csv
FaceNet_512_features/female/caucasian/blonde-2885907_1920.csv,13039,.csv
FaceNet_512_features/female/caucasian/bradley-dunn-Hy879rKHhbc-unsplash.csv,13042,.csv
FaceNet_512_features/female/caucasian/brett-carey-dPJ5H1qdBfQ-unsplash.csv,13044,.csv
FaceNet_512_features/female/caucasian/brock-wegner-Ip5PiEDGK3s-unsplash.csv,13063,.csv
FaceNet_512_features/female/caucasian/brooke-cagle-BwhJOU0sgdY-unsplash.csv,13067,.csv
FaceNet_512_features/female/caucasian/brooke-cagle-QZRAaYfmvA8-unsplash.csv,13058,.csv
FaceNet_512_features/female/caucasian/brooke-cagle-iQ-CjxFHNQk-unsplash.csv,13083,.csv
FaceNet_512_features/female/caucasian/bruce-dixon--lYtsl62gyU-unsplash.csv,13034,.csv
FaceNet_512_features/female/caucasian/brunette-3627300_1920.csv,13061,.csv
FaceNet_512_features/female/caucasian/bruno-bucar-juC6zUwJTHE-unsplash.csv,13062,.csv
FaceNet_512_features/female/caucasian/business-3188067_1920.csv,13054,.csv
FaceNet_512_features/female/caucasian/business-3456505_1920.csv,13072,.csv
FaceNet_512_features/female/caucasian/business-3560916_1920.csv,13044,.csv
FaceNet_512_features/female/caucasian/business-woman-2756210_1920.csv,13069,.csv
FaceNet_512_features/female/caucasian/caique-silva-3ujVzg9i2EI-unsplash.csv,13045,.csv
FaceNet_512_features/female/caucasian/callie-morgan-JlymtjqG2aU-unsplash.csv,13057,.csv
FaceNet_512_features/female/caucasian/camila-quintero-franco-8NDuYUjSMiY-unsplash.csv,13063,.csv
FaceNet_512_features/female/caucasian/carlos-augusto-qmsP-aRLWsc-unsplash.csv,13052,.csv
FaceNet_512_features/female/caucasian/carlos-lindner-1fBp3p-1CyY-unsplash.csv,13063,.csv
FaceNet_512_features/female/caucasian/carlos-lindner-8X6_ppAuhnI-unsplash.csv,13052,.csv
FaceNet_512_features/female/caucasian/carlos-lindner-DkSkgaPie8s-unsplash.csv,13048,.csv
FaceNet_512_features/female/caucasian/carlos-lindner-zvZ-HASOA74-unsplash.csv,13056,.csv
FaceNet_512_features/female/caucasian/caroline-hernandez-c82O-ojHu9E-unsplash.csv,13054,.csv
FaceNet_512_features/female/caucasian/caroline-hernandez-s7cX3UfuFAA-unsplash.csv,13053,.csv
FaceNet_512_features/female/caucasian/charisse-kenion-AZRVxIyCLxY-unsplash.csv,13081,.csv
FaceNet_512_features/female/caucasian/charlie-garcia-xJ_lOztx-VE-unsplash.csv,13050,.csv
FaceNet_512_features/female/caucasian/child-3031836_1920.csv,13044,.csv
FaceNet_512_features/female/caucasian/christiana-rivers-DvpKGEH2zco-unsplash.csv,13062,.csv
FaceNet_512_features/female/caucasian/christiana-rivers-O_XIvDy0pcs-unsplash.csv,13046,.csv
FaceNet_512_features/female/caucasian/christina-wocintechchat-com-0Zx1bDv5BNY-unsplash.csv,13047,.csv
FaceNet_512_features/female/caucasian/clayton-cardinalli-ZqmmwcE1DQ8-unsplash.csv,13045,.csv
FaceNet_512_features/female/caucasian/coffee-4783442_1920.csv,13054,.csv
FaceNet_512_features/female/caucasian/cold-1284029_1920.csv,13033,.csv
FaceNet_512_features/female/caucasian/cole-plichta-7la6TtuqYOI-unsplash.csv,13052,.csv
FaceNet_512_features/female/caucasian/connor-wilkins-eW6JCH_fbck-unsplash.csv,13052,.csv
FaceNet_512_features/female/caucasian/corinne-kutz-jfIgh0ijkqM-unsplash.csv,13061,.csv
FaceNet_512_features/female/caucasian/court-cook-TSZo17r3m0s-unsplash.csv,13056,.csv
FaceNet_512_features/female/caucasian/creating-a-brand-WxAOdbDpMiU-uns.csv,13069,.csv
FaceNet_512_features/female/caucasian/cristian-newman-l9I93gZKTG4-unsplash.csv,13074,.csv
FaceNet_512_features/female/caucasian/d015.csv,13060,.csv
FaceNet_512_features/female/caucasian/d02.csv,13072,.csv
FaceNet_512_features/female/caucasian/d15.csv,13065,.csv
FaceNet_512_features/female/caucasian/dan-ROJFuWCsfmA-unsplash.csv,13047,.csv
FaceNet_512_features/female/caucasian/dane-wetton-0AqoGTLmIjQ-unsplash.csv,13054,.csv
FaceNet_512_features/female/caucasian/daniel-corneschi-BK3edUeZHls-unsplash.csv,13054,.csv
FaceNet_512_features/female/caucasian/daniel-corneschi-e4lszwLJ_As-unsplash.csv,13048,.csv
FaceNet_512_features/female/caucasian/daniel-spase-s4bml9X2lVs-unsplash.csv,13061,.csv
FaceNet_512_features/female/caucasian/daniil-kuzelev-AkGd_YB6Q2c-unsplash.csv,13041,.csv
FaceNet_512_features/female/caucasian/david-todd-mccarty-EIeLcpn-9bM-unsplash.csv,13047,.csv
FaceNet_512_features/female/caucasian/denis-agati-3dL0mzyUS6M-unsplash.csv,13041,.csv
FaceNet_512_features/female/caucasian/derick-daily--1_NYuwIQxU-unsplash.csv,13054,.csv
FaceNet_512_features/female/caucasian/dominic-blignaut-Wwir9Xis204-unsplash.csv,13054,.csv
FaceNet_512_features/female/caucasian/edward-cisneros-_H6wpor9mjs-unsplash.csv,13038,.csv
FaceNet_512_features/female/caucasian/egor-barmin-i-JkONlmR_o-unsplash.csv,13056,.csv
FaceNet_512_features/female/caucasian/egor-barmin-tFF1gAwC6iE-unsplash.csv,13057,.csv
FaceNet_512_features/female/caucasian/elderly-1557141_1920.csv,13078,.csv
FaceNet_512_features/female/caucasian/eleanor-Xd3J56n0d2Q-unsplash.csv,13056,.csv
FaceNet_512_features/female/caucasian/elijah-m-henderson-r9lTXKNtq7I-unsplash.csv,13060,.csv
FaceNet_512_features/female/caucasian/emmanuel-bior-N06QdiZgK_E-unsplash.csv,13042,.csv
FaceNet_512_features/female/caucasian/engin-akyurt-gXBlAoQF61Q-unsplash.csv,13054,.csv
FaceNet_512_features/female/caucasian/ethan-haddox-NTjSR3zYpsY-unsplash.csv,13042,.csv
FaceNet_512_features/female/caucasian/eva-wilcock-hHFijaQdfTw-unsplash.csv,13051,.csv
FaceNet_512_features/female/caucasian/f1.csv,13058,.csv
FaceNet_512_features/female/caucasian/f12.csv,13042,.csv
FaceNet_512_features/female/caucasian/f3.csv,13072,.csv
FaceNet_512_features/female/caucasian/f6.csv,13060,.csv
FaceNet_512_features/female/caucasian/f8.csv,13040,.csv
FaceNet_512_features/female/caucasian/fabio-alves-PE1IpWTeKfQ-unsplash.csv,13044,.csv
FaceNet_512_features/female/caucasian/fantasy-3452327_1920.csv,13059,.csv
FaceNet_512_features/female/caucasian/fashion-1284308_1920.csv,13070,.csv
FaceNet_512_features/female/caucasian/fashion-1846490_1920.csv,13052,.csv
FaceNet_512_features/female/caucasian/fashion-238553_1920.csv,13036,.csv
FaceNet_512_features/female/caucasian/fashion-2690306_1920.csv,13054,.csv
FaceNet_512_features/female/caucasian/fashion-3059143_1920.csv,13063,.csv
FaceNet_512_features/female/caucasian/fashion-3080644_1920.csv,13043,.csv
FaceNet_512_features/female/caucasian/female-2674500_1920.csv,13061,.csv
FaceNet_512_features/female/caucasian/female-2836137_1920.csv,13074,.csv
FaceNet_512_features/female/caucasian/fezbot2000-L0RvwcsiSFw-unsplash.csv,13054,.csv
FaceNet_512_features/female/caucasian/fezbot2000-V4CU3OBsrEk-unsplash.csv,13017,.csv
FaceNet_512_features/female/caucasian/fezbot2000-h_OTf7uvXuM-unsplash.csv,13066,.csv
FaceNet_512_features/female/caucasian/fezbot2000-nahUo1GhcrA-unsplash.csv,13060,.csv
FaceNet_512_features/female/caucasian/fran-hogan-0vyvnOH-LVQ-unsplash.csv,13078,.csv
FaceNet_512_features/female/caucasian/francesca-zama-GVIesWuFdI8-unsplash.csv,13060,.csv
FaceNet_512_features/female/caucasian/freckles-2411973_1920.csv,13042,.csv
FaceNet_512_features/female/caucasian/freestocks-9UVmlIb0wJU-unsplash.csv,13040,.csv
FaceNet_512_features/female/caucasian/french-4525967_1920.csv,13076,.csv
FaceNet_512_features/female/caucasian/gabriel-porras-u_tdzVxTTr8-unsplash.csv,13078,.csv
FaceNet_512_features/female/caucasian/gabriel-silverio-K_b41GaWC5Y-unsplash.csv,13055,.csv
FaceNet_512_features/female/caucasian/gabriel-silverio-u3WmDyKGsrY-unsplash.csv,13052,.csv
FaceNet_512_features/female/caucasian/garin-chadwick-dVnnPd2xgf4-unsplash.csv,13053,.csv
FaceNet_512_features/female/caucasian/gary-edmonstone-LmdWNvd7C7U-unsplash.csv,13031,.csv
FaceNet_512_features/female/caucasian/gemma-chua-tran-UIZYDvmQg6U-unsplash.csv,13047,.csv
FaceNet_512_features/female/caucasian/gemma-chua-tran-u1eZM06-MPw-unsplash.csv,13050,.csv
FaceNet_512_features/female/caucasian/genessa-panainte-g3OqMfRfo_8-unsplash.csv,13063,.csv
FaceNet_512_features/female/caucasian/girl-1018414_1920.csv,13052,.csv
FaceNet_512_features/female/caucasian/girl-1049372_1920.csv,13040,.csv
FaceNet_512_features/female/caucasian/girl-1125322_1920.csv,13036,.csv
FaceNet_512_features/female/caucasian/girl-1209193_1920.csv,13046,.csv
FaceNet_512_features/female/caucasian/girl-1234487_1920.csv,13049,.csv
FaceNet_512_features/female/caucasian/girl-13480.csv,13043,.csv
FaceNet_512_features/female/caucasian/girl-139353_1920.csv,13061,.csv
FaceNet_512_features/female/caucasian/girl-1471048_1920.csv,13044,.csv
FaceNet_512_features/female/caucasian/girl-1482002_1920.csv,13053,.csv
FaceNet_512_features/female/caucasian/girl-1763686_1920.csv,13061,.csv
FaceNet_512_features/female/caucasian/girl-1773894_1920.csv,13054,.csv
FaceNet_512_features/female/caucasian/girl-1848910_1920.csv,13040,.csv
FaceNet_512_features/female/caucasian/girl-1888161_1920.csv,13069,.csv
FaceNet_512_features/female/caucasian/girl-204327_1920.csv,13036,.csv
FaceNet_512_features/female/caucasian/girl-2120196_1920.csv,13062,.csv
FaceNet_512_features/female/caucasian/girl-2209147_1920.csv,13065,.csv
FaceNet_512_features/female/caucasian/girl-2334888_1920.csv,13052,.csv
FaceNet_512_features/female/caucasian/girl-2359121_1920.csv,13050,.csv
FaceNet_512_features/female/caucasian/girl-2363819_1920.csv,13039,.csv
FaceNet_512_features/female/caucasian/girl-237871_1920.csv,13053,.csv
FaceNet_512_features/female/caucasian/girl-2406963_1920.csv,13041,.csv
FaceNet_512_features/female/caucasian/girl-2522405_1920.csv,13051,.csv
FaceNet_512_features/female/caucasian/girl-2663559_1920.csv,13050,.csv
FaceNet_512_features/female/caucasian/girl-2772177_1920.csv,13054,.csv
FaceNet_512_features/female/caucasian/girl-2961959_1920.csv,13064,.csv
FaceNet_512_features/female/caucasian/girl-3023831_1920.csv,13053,.csv
FaceNet_512_features/female/caucasian/girl-3183050_1920.csv,13057,.csv
FaceNet_512_features/female/caucasian/girl-3277529_1920.csv,13034,.csv
FaceNet_512_features/female/caucasian/girl-3447599_1920.csv,13048,.csv
FaceNet_512_features/female/caucasian/girl-3576679_1920.csv,13056,.csv
FaceNet_512_features/female/caucasian/girl-3718537_1920.csv,13050,.csv
FaceNet_512_features/female/caucasian/girl-3848191_1920.csv,13042,.csv
FaceNet_512_features/female/caucasian/girl-3874872_1920.csv,13066,.csv
FaceNet_512_features/female/caucasian/girl-3901714_1920.csv,13047,.csv
FaceNet_512_features/female/caucasian/girl-3956612_1920.csv,13045,.csv
FaceNet_512_features/female/caucasian/girl-4015898_1920.csv,13045,.csv
FaceNet_512_features/female/caucasian/girl-4185856_1920.csv,13049,.csv
FaceNet_512_features/female/caucasian/girl-4212523_1920.csv,13059,.csv
FaceNet_512_features/female/caucasian/girl-4283996_1920.csv,13064,.csv
FaceNet_512_features/female/caucasian/girl-4283998_1920.csv,13055,.csv
FaceNet_512_features/female/caucasian/girl-4448689_1920.csv,13048,.csv
FaceNet_512_features/female/caucasian/girl-4570763_1920.csv,13075,.csv
FaceNet_512_features/female/caucasian/girl-4930782_1920.csv,13060,.csv
FaceNet_512_features/female/caucasian/girl-499408_1920.csv,13043,.csv
FaceNet_512_features/female/caucasian/girl-5365495_1920.csv,13040,.csv
FaceNet_512_features/female/caucasian/girl-641673_1920.csv,13045,.csv
FaceNet_512_features/female/caucasian/girl-657753_1920.csv,13052,.csv
FaceNet_512_features/female/caucasian/girl-669823_1920.csv,13046,.csv
FaceNet_512_features/female/caucasian/girl-736752_1920.csv,13056,.csv
FaceNet_512_features/female/caucasian/girl-788813_1920.csv,13040,.csv
FaceNet_512_features/female/caucasian/girl-797078_1920.csv,13070,.csv
FaceNet_512_features/female/caucasian/girl-804059_1920.csv,13043,.csv
FaceNet_512_features/female/caucasian/girl-868785_1920.csv,13069,.csv
FaceNet_512_features/female/caucasian/girl-919048_1920.csv,13062,.csv
FaceNet_512_features/female/caucasian/gleb-lukomets-kKX-iJP8sX8-unsplash.csv,13053,.csv
FaceNet_512_features/female/caucasian/gothic-1770548_1920.csv,13024,.csv
FaceNet_512_features/female/caucasian/grandmother-5903707_1920.csv,13060,.csv
FaceNet_512_features/female/caucasian/granny-1280445_1920.csv,13070,.csv
FaceNet_512_features/female/caucasian/grimace-1012862_1920.csv,13064,.csv
FaceNet_512_features/female/caucasian/guillaume-bleyer-PPnwwUeUbYk-unsplash.csv,13059,.csv
FaceNet_512_features/female/caucasian/hadis-safari-zawAr1FKOMw-unsplash.csv,13051,.csv
FaceNet_512_features/female/caucasian/hairdresser-4564268_1920.csv,13049,.csv
FaceNet_512_features/female/caucasian/hamburg-1399966_1920.csv,13073,.csv
FaceNet_512_features/female/caucasian/hassan-khan-EGVccebWodM-unsplash.csv,13061,.csv
FaceNet_512_features/female/caucasian/helena-lopes-LSdo2qHFI8k-unsplash.csv,13063,.csv
FaceNet_512_features/female/caucasian/hesam-jr-TAGFNCnw7f4-unsplash.csv,13054,.csv
FaceNet_512_features/female/caucasian/hichem-dahmani-EhcwOfAn-mA-unsplash.csv,13040,.csv
FaceNet_512_features/female/caucasian/hiva-sharifi-YUK4px6sjdc-unsplash.csv,13062,.csv
FaceNet_512_features/female/caucasian/human-3183056_1920.csv,13057,.csv
FaceNet_512_features/female/caucasian/ilya-mirnyy-FrkBU4xWB9g-unsplash.csv,13058,.csv
FaceNet_512_features/female/caucasian/ionut-comanici-RDcEWH5hSDE-unsplash.csv,13066,.csv
FaceNet_512_features/female/caucasian/irina-iriser-T9_NHo5d0pc-unsplash.csv,13052,.csv
FaceNet_512_features/female/caucasian/isi-parente-0FjPiX4szEk-unsplash.csv,13040,.csv
FaceNet_512_features/female/caucasian/janko-ferlic-70NsMQvAYHE-unsplash.csv,13045,.csv
FaceNet_512_features/female/caucasian/jasmine-b-qaSPhHr_Iug-unsplash.csv,13072,.csv
FaceNet_512_features/female/caucasian/jassir-jonis-1weJoLwqGlI-unsplash.csv,13052,.csv
FaceNet_512_features/female/caucasian/jassir-jonis-yFoZ6B6KGN8-unsplash.csv,13067,.csv
FaceNet_512_features/female/caucasian/jayson-hinrichsen-uOZd-i3n0UI-unsplash.csv,13049,.csv
FaceNet_512_features/female/caucasian/jeffery-erhunse-Z9lbmEjyYjU-unsplash.csv,13047,.csv
FaceNet_512_features/female/caucasian/jeffery-erhunse-wSOzt6GMBac-unsplash.csv,13038,.csv
FaceNet_512_features/female/caucasian/jen-theodore-7A4TvZEW8zY-unsplash.csv,13060,.csv
FaceNet_512_features/female/caucasian/jen-theodore-Gr2XxjGaeeo-unsplash.csv,13042,.csv
FaceNet_512_features/female/caucasian/jen-theodore-i6iVOXfZM0s-unsplash.csv,13060,.csv
FaceNet_512_features/female/caucasian/jen-theodore-o-9p4xo432I-unsplash.csv,13042,.csv
FaceNet_512_features/female/caucasian/jennifer-marquez--shIc419kMU-unsplash.csv,13057,.csv
FaceNet_512_features/female/caucasian/jj-jordan-t9tNNBEPwV0-unsplash.csv,13061,.csv
FaceNet_512_features/female/caucasian/joanna-nix-walkup-xjBjRNn5TKg-unsplash.csv,13055,.csv
FaceNet_512_features/female/caucasian/joao-paulo-de-souza-oliveira-x-FNmzxyQ94-unsplash.csv,13054,.csv
FaceNet_512_features/female/caucasian/jon-ly-ADBOC3UP4eQ-unsplash.csv,13046,.csv
FaceNet_512_features/female/caucasian/jonathan-cooper-b-A6K_2cpWY-unsplash.csv,13043,.csv
FaceNet_512_features/female/caucasian/jonnelle-yankovich-c7TBD3PvoaQ-unsplash.csv,13048,.csv
FaceNet_512_features/female/caucasian/jorge-cesar-2Qyd-R4z57E-unsplash.csv,13038,.csv
FaceNet_512_features/female/caucasian/jose-pedro-ortiz-uwaVLojaY7w-unsplash.csv,13046,.csv
FaceNet_512_features/female/caucasian/joseph-kellner-TFR1yggdvq8-unsplash.csv,13065,.csv
FaceNet_512_features/female/caucasian/joseph-kellner-o6clLOJd4WY-unsplash.csv,13047,.csv
FaceNet_512_features/female/caucasian/joshua-rawson-harris-7jrNEAdxwUE-unsplash.csv,13063,.csv
FaceNet_512_features/female/caucasian/joy-4196371_1920.csv,13055,.csv
FaceNet_512_features/female/caucasian/juan-rojas-I3MF44-GrKs-unsplash.csv,13057,.csv
FaceNet_512_features/female/caucasian/jude-infantini-HKQKt4f8sAU-unsplash.csv,13030,.csv
FaceNet_512_features/female/caucasian/julia-kadel-Eqj3c1nynP4-unsplash.csv,13071,.csv
FaceNet_512_features/female/caucasian/julie-romaniuk-A2UMJQkXKJM-unsplash.csv,13034,.csv
FaceNet_512_features/female/caucasian/juno-jo-eIxDn1OVJT8-unsplash.csv,13052,.csv
FaceNet_512_features/female/caucasian/kareya-saleh-tLKOj6cNwe0-unsplash.csv,13038,.csv
FaceNet_512_features/female/caucasian/karoline-soares-BBOnm6XLdQo-unsplash.csv,13048,.csv
FaceNet_512_features/female/caucasian/karsten-winegeart-7dmtZSxMDi0-unsplash.csv,13046,.csv
FaceNet_512_features/female/caucasian/karsten-winegeart-U-jSHnClgNU-unsplash(1).csv,13052,.csv
FaceNet_512_features/female/caucasian/karsten-winegeart-hS8kY12h3is-unsplash.csv,13038,.csv
FaceNet_512_features/female/caucasian/karsten-winegeart-s2MjR3xoJkE-unsplash.csv,13059,.csv
FaceNet_512_features/female/caucasian/kate-hliznitsova-tD0wyPbnsLA-unsplash.csv,13041,.csv
FaceNet_512_features/female/caucasian/kate_mes7-LauVwE7sFrI-unsplash.csv,13049,.csv
FaceNet_512_features/female/caucasian/kayla-maurais-LLMLMR_Dwkg-unsplash.csv,13046,.csv
FaceNet_512_features/female/caucasian/kermen-tutkunova-zjYvn9yqJl4-unsplash.csv,13065,.csv
FaceNet_512_features/female/caucasian/khashayar-kouchpeydeh-z0PhHU7cy4Q-unsplash.csv,13058,.csv
FaceNet_512_features/female/caucasian/kim-jones-EcldzGBAB0A-unsplash.csv,13069,.csv
FaceNet_512_features/female/caucasian/kisses-1039533_1920.csv,13058,.csv
FaceNet_512_features/female/caucasian/klenova_tati-IvwxEUHpQ5Y-unsplash.csv,13048,.csv
FaceNet_512_features/female/caucasian/kristen-steed-qvFyDfhNHJI-unsplash.csv,13051,.csv
FaceNet_512_features/female/caucasian/kuma-kum-GKbPbR0ZAT4-unsplash.csv,13035,.csv
FaceNet_512_features/female/caucasian/lacie-slezak-Wn3oVkIn1HU-unsplash.csv,13060,.csv
FaceNet_512_features/female/caucasian/laura-chouette-nkWnc-W_GP8-unsplash.csv,13056,.csv
FaceNet_512_features/female/caucasian/laura-chouette-qaRaOPQbZhI-unsplash.csv,13050,.csv
FaceNet_512_features/female/caucasian/laura-dewilde-dhCxlHodZvM-unsplash.csv,13044,.csv
FaceNet_512_features/female/caucasian/levi-clancy-WE0gt7t4o2k-unsplash.csv,13035,.csv
FaceNet_512_features/female/caucasian/levi-stute-tvrn0E09L2c-unsplash.csv,13033,.csv
FaceNet_512_features/female/caucasian/levin-anton-08Fqp6sWQ-E-unsplash.csv,13052,.csv
FaceNet_512_features/female/caucasian/logan-weaver-GLE_xlFgXTI-unsplash.csv,13065,.csv
FaceNet_512_features/female/caucasian/logan-weaver-Isle-8YpbIQ-unsplash.csv,13037,.csv
FaceNet_512_features/female/caucasian/logan-weaver-QoZRUI6LdKw-unsplash.csv,13044,.csv
FaceNet_512_features/female/caucasian/logan-weaver-X1wFriUtQIE-unsplash.csv,13065,.csv
FaceNet_512_features/female/caucasian/logan-weaver-l0t4qHtj3fs-unsplash.csv,13045,.csv
FaceNet_512_features/female/caucasian/lotte-meijer-oyy71fLMZCY-unsplash.csv,13049,.csv
FaceNet_512_features/female/caucasian/love-2666674_1920.csv,13065,.csv
FaceNet_512_features/female/caucasian/lovely-3338911_1920.csv,13065,.csv
FaceNet_512_features/female/caucasian/lovely-3368231_1920.csv,13062,.csv
FaceNet_512_features/female/caucasian/luiza-braun-VdxeNFB4ymA-unsplash.csv,13052,.csv
FaceNet_512_features/female/caucasian/luiza-braun-YfDfwP3gSo0-unsplash.csv,13082,.csv
FaceNet_512_features/female/caucasian/luke-braswell-8s5brjtO4_M-unsplash.csv,13060,.csv
FaceNet_512_features/female/caucasian/madison-hedgecock-qlBA-4odDbw-unsplash.csv,13072,.csv
FaceNet_512_features/female/caucasian/manny-moreno-2HTX85gxynM-unsplash.csv,13059,.csv
FaceNet_512_features/female/caucasian/manny-moreno-IMecW34PSu8-unsplash.csv,13052,.csv
FaceNet_512_features/female/caucasian/manny-moreno-Ri_Al1VqjsU-unsplash.csv,13040,.csv
FaceNet_512_features/female/caucasian/manny-moreno-jeAW5LRuNts-unsplash.csv,13044,.csv
FaceNet_512_features/female/caucasian/marcel-strauss-4W0-5NOr6dg-unsplash.csv,13051,.csv
FaceNet_512_features/female/caucasian/mari-lezhava-Xm9-vA_bhm0-unsplash.csv,13060,.csv
FaceNet_512_features/female/caucasian/maria-lysenko-6ZbrDe3IjMg-unsplash.csv,13054,.csv
FaceNet_512_features/female/caucasian/marisa-harris-b95_M23cIXA-unsplash.csv,13041,.csv
FaceNet_512_features/female/caucasian/marivi-pazos-cvpk5Y4ZWUs-unsplash.csv,13058,.csv
FaceNet_512_features/female/caucasian/mark-decile-UxJh17PRILY-unsplash.csv,13041,.csv
FaceNet_512_features/female/caucasian/mark-decile-Vcc8VFc3uCo-unsplash.csv,13062,.csv
FaceNet_512_features/female/caucasian/mark-decile-W0fOHWkpxUQ-unsplash.csv,13028,.csv
FaceNet_512_features/female/caucasian/marketing-online-1427786_1920.csv,13058,.csv
FaceNet_512_features/female/caucasian/martin-guido-aYfyllIz-Xk-unsplash.csv,13051,.csv
FaceNet_512_features/female/caucasian/matheus-ferrero-LIaLQ2SIQuk-unsplash.csv,13049,.csv
FaceNet_512_features/female/caucasian/matteo-vistocco-pXctJ0xEhBs-unsplash.csv,13040,.csv
FaceNet_512_features/female/caucasian/mature-857525_1920.csv,13063,.csv
FaceNet_512_features/female/caucasian/max-muselmann-3e0dM8wZJK0-unsplash.csv,13034,.csv
FaceNet_512_features/female/caucasian/megan-bagshaw-VqblHgABSVA-unsplash.csv,13072,.csv
FaceNet_512_features/female/caucasian/meital-anlen-GJ5EBEVJI_0-unsplash.csv,13031,.csv
FaceNet_512_features/female/caucasian/metin-ozer-iSmTwuKTNDo-unsplash.csv,13051,.csv
FaceNet_512_features/female/caucasian/michael-burciaga-nPLOGnW9MWY-unsplash.csv,13057,.csv
FaceNet_512_features/female/caucasian/michael-dam-mEZ3PoFGs_k-unsplash.csv,13039,.csv
FaceNet_512_features/female/caucasian/michael-mims-fWWiaDox0BU-unsplash.csv,13042,.csv
FaceNet_512_features/female/caucasian/michele-seghieri-Y2SGPFU57Uc-unsplash.csv,13047,.csv
FaceNet_512_features/female/caucasian/michele-seghieri-eOC_7rRnSBg-unsplash.csv,13050,.csv
FaceNet_512_features/female/caucasian/mike-austin-JfpclLudxlE-unsplash.csv,13045,.csv
FaceNet_512_features/female/caucasian/mike-austin-jgSAuqMmJUE-unsplash.csv,13047,.csv
FaceNet_512_features/female/caucasian/mike-austin-oRVnmlBD4Vo-unsplash.csv,13059,.csv
FaceNet_512_features/female/caucasian/mike-austin-t24Wz_EFerc-unsplash.csv,13039,.csv
FaceNet_512_features/female/caucasian/model-1260144_1920.csv,13058,.csv
FaceNet_512_features/female/caucasian/model-1976191_1920.csv,13061,.csv
FaceNet_512_features/female/caucasian/model-2614569_1920.csv,13044,.csv
FaceNet_512_features/female/caucasian/model-2670279_1920.csv,13071,.csv
FaceNet_512_features/female/caucasian/model-299694_1920.csv,13037,.csv
FaceNet_512_features/female/caucasian/model-3665593_1920.csv,13032,.csv
FaceNet_512_features/female/caucasian/model-429733_1920.csv,13045,.csv
FaceNet_512_features/female/caucasian/model-4605248_1920.csv,13039,.csv
FaceNet_512_features/female/caucasian/model-483918_1920.csv,13050,.csv
FaceNet_512_features/female/caucasian/model-881425_1920.csv,13054,.csv
FaceNet_512_features/female/caucasian/mohammed-hassan-YyvV9rF39lk-unsplash.csv,13059,.csv
FaceNet_512_features/female/caucasian/mohammed-hassan-xC2YIBmTROU-unsplash.csv,13063,.csv
FaceNet_512_features/female/caucasian/museums-victoria-WZz1u5R5uT4-unsplash.csv,13041,.csv
FaceNet_512_features/female/caucasian/nadya-glo-fp6VYFSzM-Y-unsplash.csv,13046,.csv
FaceNet_512_features/female/caucasian/naeim-jafari-6Xai7XxOgBc-unsplash.csv,13059,.csv
FaceNet_512_features/female/caucasian/naeim-jafari-mW3145wbwlw-unsplash.csv,13051,.csv
FaceNet_512_features/female/caucasian/nathan-van-de-graaf-yomqHFm15N8-unsplash.csv,13051,.csv
FaceNet_512_features/female/caucasian/nature-3360202_1920.csv,13045,.csv
FaceNet_512_features/female/caucasian/new-years-eve-4597232_1920.csv,13058,.csv
FaceNet_512_features/female/caucasian/nick-arnot-AuCrXk0pLWo-unsplash.csv,13058,.csv
FaceNet_512_features/female/caucasian/nikita-shirokov-v2RUpFTS3mo-unsplash.csv,13062,.csv
FaceNet_512_features/female/caucasian/noah-buscher-AUM5vcnuYd4-unsplash.csv,13050,.csv
FaceNet_512_features/female/caucasian/old-woman-4189578_1920.csv,13066,.csv
FaceNet_512_features/female/caucasian/omid-armin-VS4Bg3tWWcI-unsplash.csv,13056,.csv
FaceNet_512_features/female/caucasian/oz-seyrek-cwh8976pscU-unsplash.csv,13064,.csv
FaceNet_512_features/female/caucasian/patrik-velich-OSasjoYvdNc-unsplash.csv,13040,.csv
FaceNet_512_features/female/caucasian/patrik-velich-RtVGS4vGkgM-unsplash.csv,13058,.csv
FaceNet_512_features/female/caucasian/patrik-velich-fqRwG7ijHwA-unsplash.csv,13053,.csv
FaceNet_512_features/female/caucasian/people-3004190_1920.csv,13057,.csv
FaceNet_512_features/female/caucasian/people-3057299_1920.csv,13057,.csv
FaceNet_512_features/female/caucasian/people-3310084_1920.csv,13047,.csv
FaceNet_512_features/female/caucasian/people-4919068_1920.csv,13051,.csv
FaceNet_512_features/female/caucasian/people-5060268_1920.csv,13055,.csv
FaceNet_512_features/female/caucasian/person-5896670_1920.csv,13056,.csv
FaceNet_512_features/female/caucasian/person-man-1205800_1920.csv,13054,.csv
FaceNet_512_features/female/caucasian/pexels-aadil-2598024.csv,13069,.csv
FaceNet_512_features/female/caucasian/pexels-ali-pazani-2787341.csv,13039,.csv
FaceNet_512_features/female/caucasian/pexels-ali-pazani-2811089.csv,13040,.csv
FaceNet_512_features/female/caucasian/pexels-ali-pazani-2878375.csv,13044,.csv
FaceNet_512_features/female/caucasian/pexels-alina-schelkanova-4495746.csv,13045,.csv
FaceNet_512_features/female/caucasian/pexels-andrea-piacquadio-3768877.csv,13070,.csv
FaceNet_512_features/female/caucasian/pexels-andrea-piacquadio-3769986.csv,13072,.csv
FaceNet_512_features/female/caucasian/pexels-anna-shvets-4971982.csv,13038,.csv
FaceNet_512_features/female/caucasian/pexels-gabby-k-5303015.csv,13048,.csv
FaceNet_512_features/female/caucasian/pexels-keli-santos-1853268.csv,13035,.csv
FaceNet_512_features/female/caucasian/pexels-mbardo-5293989.csv,13058,.csv
FaceNet_512_features/female/caucasian/pexels-megan-markham-2448531.csv,13064,.csv
FaceNet_512_features/female/caucasian/pexels-miggy-rivera-3209390.csv,13061,.csv
FaceNet_512_features/female/caucasian/pexels-nycolle-suabya-4759196.csv,13038,.csv
FaceNet_512_features/female/caucasian/pexels-petra-bauman-1565538.csv,13049,.csv
FaceNet_512_features/female/caucasian/pexels-pixabay-247322.csv,13035,.csv
FaceNet_512_features/female/caucasian/pexels-pixabay-40901.csv,13064,.csv
FaceNet_512_features/female/caucasian/pexels-rafael-barros-2130795.csv,13059,.csv
FaceNet_512_features/female/caucasian/pexels-saeed-khosravi-5450630.csv,13058,.csv
FaceNet_512_features/female/caucasian/pexels-skyler-ewing-4680619.csv,13050,.csv
FaceNet_512_features/female/caucasian/pexels-skyler-ewing-4680663.csv,13046,.csv
FaceNet_512_features/female/caucasian/pexels-skyler-ewing-4680778.csv,13062,.csv
FaceNet_512_features/female/caucasian/pexels-steven-arenas-620074.csv,13055,.csv
FaceNet_512_features/female/caucasian/pexels-tomaz-barcellos-1987301.csv,13055,.csv
FaceNet_512_features/female/caucasian/portrait-1092787_1920.csv,13037,.csv
FaceNet_512_features/female/caucasian/portrait-1579025_1920.csv,13048,.csv
FaceNet_512_features/female/caucasian/portrait-1833929_1920.csv,13038,.csv
FaceNet_512_features/female/caucasian/portrait-1944614_1920.csv,13051,.csv
FaceNet_512_features/female/caucasian/portrait-2690308_1920.csv,13063,.csv
FaceNet_512_features/female/caucasian/portrait-3083402_1920.csv,13058,.csv
FaceNet_512_features/female/caucasian/portrait-3190849_1920.csv,13036,.csv
FaceNet_512_features/female/caucasian/portrait-3216220_1920.csv,13066,.csv
FaceNet_512_features/female/caucasian/portrait-3289372_1920.csv,13026,.csv
FaceNet_512_features/female/caucasian/portrait-3292287_1920.csv,13070,.csv
FaceNet_512_features/female/caucasian/portrait-3315767_1920.csv,13035,.csv
FaceNet_512_features/female/caucasian/portrait-3364406_1920.csv,13057,.csv
FaceNet_512_features/female/caucasian/portrait-3600667_1920.csv,13047,.csv
FaceNet_512_features/female/caucasian/portrait-4373381_1920.csv,13047,.csv
FaceNet_512_features/female/caucasian/portrait-4808905_1920.csv,13049,.csv
FaceNet_512_features/female/caucasian/portrait-487067_1920.csv,13077,.csv
FaceNet_512_features/female/caucasian/portrait-597173_1920.csv,13062,.csv
FaceNet_512_features/female/caucasian/portrait-67485_1920.csv,13046,.csv
FaceNet_512_features/female/caucasian/portrait-886039_1920.csv,13044,.csv
FaceNet_512_features/female/caucasian/portrait-of-a-girl-4604219_1920.csv,13063,.csv
FaceNet_512_features/female/caucasian/pretty-2111498_1920.csv,13046,.csv
FaceNet_512_features/female/caucasian/pretty-girl-2039216_1920.csv,13050,.csv
FaceNet_512_features/female/caucasian/purchase-3090838_1920.csv,13028,.csv
FaceNet_512_features/female/caucasian/quinten-de-graaf-5G3bb016MnU-unsplash.csv,13070,.csv
FaceNet_512_features/female/caucasian/quinten-de-graaf-Ox1jePviTRQ-unsplash.csv,13078,.csv
FaceNet_512_features/female/caucasian/rad-pozniakov-J-fH2bKQQIA-unsplash.csv,13058,.csv
FaceNet_512_features/female/caucasian/raj-rana-15Vb4B_ma_s-unsplash.csv,13071,.csv
FaceNet_512_features/female/caucasian/ratiu-bia-7fzINre0NQE-unsplash.csv,13048,.csv
FaceNet_512_features/female/caucasian/red-dress-5071171_1920.csv,13058,.csv
FaceNet_512_features/female/caucasian/redhead-1903320_1920.csv,13050,.csv
FaceNet_512_features/female/caucasian/redhead-1996288_1920.csv,13043,.csv
FaceNet_512_features/female/caucasian/redheads-4606477_1920.csv,13037,.csv
FaceNet_512_features/female/caucasian/remy_loz-K3YvfgwLHBs-unsplash.csv,13069,.csv
FaceNet_512_features/female/caucasian/rene-porter-_PzZxrEswRY-unsplash.csv,13048,.csv
FaceNet_512_features/female/caucasian/riccardo-fissore-UxY52P2KaN8-unsplash.csv,13056,.csv
FaceNet_512_features/female/caucasian/ronaldo-oliveira-TOQlWdx_5Zc-unsplash.csv,13055,.csv
FaceNet_512_features/female/caucasian/rw-studios-GaPevteWAIU-unsplash.csv,13068,.csv
FaceNet_512_features/female/caucasian/sara-cervera-ZqU-9gWBfV8-unsplash.csv,13049,.csv
FaceNet_512_features/female/caucasian/sean-stratton-cANdHDaUAuw-unsplash.csv,13061,.csv
FaceNet_512_features/female/caucasian/sebastian-pociecha-9AdKSLh2320-unsplash.csv,13065,.csv
FaceNet_512_features/female/caucasian/sergey-sokolov-CbfFN5zE_sY-unsplash.csv,13054,.csv
FaceNet_512_features/female/caucasian/sergio-souza-nTgauPjp-uA-unsplash.csv,13053,.csv
FaceNet_512_features/female/caucasian/sharon-mccutcheon-EpsQ8oVcDj4-unsplash.csv,13050,.csv
FaceNet_512_features/female/caucasian/shayan-rti-TGjXfMuC7DI-unsplash.csv,13050,.csv
FaceNet_512_features/female/caucasian/shayan-rti-w3ZQzOxUh7I-unsplash.csv,13053,.csv
FaceNet_512_features/female/caucasian/sheri-hooley-SyuTPtihxrE-unsplash.csv,13064,.csv
FaceNet_512_features/female/caucasian/sheri-hooley-YkJFWW4TMhk-unsplash.csv,13068,.csv
FaceNet_512_features/female/caucasian/sheri-hooley-gQbE06VKL4M-unsplash.csv,13048,.csv
FaceNet_512_features/female/caucasian/sheri-hooley-gcyPLFzmcSA-unsplash.csv,13049,.csv
FaceNet_512_features/female/caucasian/shilja-74758_1920.csv,13044,.csv
FaceNet_512_features/female/caucasian/sincerely-media-6ne7_M6R7gQ-unsplash.csv,13053,.csv
FaceNet_512_features/female/caucasian/sincerely-media-PN9wP2yZ9c8-unsplash.csv,13056,.csv
FaceNet_512_features/female/caucasian/sincerely-media-T-q2QLhRFnY-unsplash.csv,13068,.csv
FaceNet_512_features/female/caucasian/sincerely-media-_IdTrwVwdWI-unsplash.csv,13050,.csv
FaceNet_512_features/female/caucasian/sinitta-leunen-b4GXxJEn1Hc-unsplash.csv,13058,.csv
FaceNet_512_features/female/caucasian/sirio-Ty4f_NOFO60-unsplash.csv,13054,.csv
FaceNet_512_features/female/caucasian/sofia--LNdco1UgNY-unsplash.csv,13063,.csv
FaceNet_512_features/female/caucasian/sofia-kuniakina-GeAqNAWZ1d0-unsplash.csv,13065,.csv
FaceNet_512_features/female/caucasian/softball-1440812_1920.csv,13030,.csv
FaceNet_512_features/female/caucasian/soroush-karimi-Zwa7DtcYUb0-unsplash.csv,13048,.csv
FaceNet_512_features/female/caucasian/steady-hand-co-sdSnS1WF7C8-unsplash.csv,13038,.csv
FaceNet_512_features/female/caucasian/steven-aguilar-GTld8AoIfbE-unsplash.csv,13038,.csv
FaceNet_512_features/female/caucasian/studio-portrait-487065_1920.csv,13053,.csv
FaceNet_512_features/female/caucasian/svyatoslav-romanov-BrEAp01_m5w-unsplash.csv,13036,.csv
FaceNet_512_features/female/caucasian/tamara-bellis-JTtWu85K9So-unsplash.csv,13065,.csv
FaceNet_512_features/female/caucasian/tamas-tuzes-katai-nUP9GAg218U-unsplash.csv,13054,.csv
FaceNet_512_features/female/caucasian/tanya-trofymchuk-gCKYhaa4b2E-unsplash.csv,13048,.csv
FaceNet_512_features/female/caucasian/taylor-deas-melesh-0WTtJ0bhJcw-unsplash.csv,13048,.csv
FaceNet_512_features/female/caucasian/taylor-deas-melesh-byRGjjO-Ync-unsplash.csv,13055,.csv
FaceNet_512_features/female/caucasian/teacher-1280966_1920.csv,13073,.csv
FaceNet_512_features/female/caucasian/teen-2678447_1920.csv,13039,.csv
FaceNet_512_features/female/caucasian/teen-4361981_1920.csv,13045,.csv
FaceNet_512_features/female/caucasian/teen-5096251_1920.csv,13041,.csv
FaceNet_512_features/female/caucasian/teenager-4985908_1920.csv,13057,.csv
FaceNet_512_features/female/caucasian/teenager-775053_1920.csv,13050,.csv
FaceNet_512_features/female/caucasian/tengyart-fc0KjyjkNo4-unsplash.csv,13051,.csv
FaceNet_512_features/female/caucasian/theo-rql-a4pyoiTdSqI-unsplash(2).csv,13058,.csv
FaceNet_512_features/female/caucasian/theo-rql-a4pyoiTdSqI-unsplash.csv,13058,.csv
FaceNet_512_features/female/caucasian/thinking-1887363_1920.csv,13063,.csv
FaceNet_512_features/female/caucasian/thoughtful-583373_1920.csv,13060,.csv
FaceNet_512_features/female/caucasian/timothy-dykes-90uVYog2FKE-unsplash.csv,13058,.csv
FaceNet_512_features/female/caucasian/timothy-dykes-kPEF5QvdqCI-unsplash.csv,13068,.csv
FaceNet_512_features/female/caucasian/timur-romanov-u-fY6-iUJPg-unsplash.csv,13058,.csv
FaceNet_512_features/female/caucasian/toa-heftiba-U7NLqKoMmiQ-unsplash.csv,13068,.csv
FaceNet_512_features/female/caucasian/todd-kent-k8NwmlJr508-unsplash.csv,13048,.csv
FaceNet_512_features/female/caucasian/valdemars-magone-8ACtYtJ5G-E-unsplash(1).csv,13056,.csv
FaceNet_512_features/female/caucasian/valentin-lacoste-ggAPxrb4Deg-unsplash.csv,13050,.csv
FaceNet_512_features/female/caucasian/valerie-elash-9IL_stSpvOU-unsplash.csv,13052,.csv
FaceNet_512_features/female/caucasian/valerie-elash-JQDflNNnrEE-unsplash.csv,13055,.csv
FaceNet_512_features/female/caucasian/valerie-elash-Z5g_6TLS6Ho-unsplash.csv,13059,.csv
FaceNet_512_features/female/caucasian/victoria-volkova-5tQj1sy6ozE-unsplash.csv,13044,.csv
FaceNet_512_features/female/caucasian/vince-fleming-ktx5O_H4DKc-unsplash.csv,13038,.csv
FaceNet_512_features/female/caucasian/vintage-635274_1920.csv,13029,.csv
FaceNet_512_features/female/caucasian/vlad-baranov-PoZcPg18Qm0-unsplash.csv,13068,.csv
FaceNet_512_features/female/caucasian/vladislav-nikonov-XyoRtTE5P9U-unsplash.csv,13048,.csv
FaceNet_512_features/female/caucasian/volleyball-player-1624970_1920.csv,13051,.csv
FaceNet_512_features/female/caucasian/white-cat-with-blonde-4655233_1920.csv,13062,.csv
FaceNet_512_features/female/caucasian/winter-1520232_1920.csv,13033,.csv
FaceNet_512_features/female/caucasian/woman-1000538_1920.csv,13070,.csv
FaceNet_512_features/female/caucasian/woman-1054683_1280.csv,13040,.csv
FaceNet_512_features/female/caucasian/woman-1140032_1920.csv,13076,.csv
FaceNet_512_features/female/caucasian/woman-1140923_1920.csv,13052,.csv
FaceNet_512_features/female/caucasian/woman-1246224_1920.csv,13052,.csv
FaceNet_512_features/female/caucasian/woman-1373041_1280.csv,13050,.csv
FaceNet_512_features/female/caucasian/woman-1393311_1920.csv,13065,.csv
FaceNet_512_features/female/caucasian/woman-1447084_1920.csv,13055,.csv
FaceNet_512_features/female/caucasian/woman-1598944_1920.csv,13050,.csv
FaceNet_512_features/female/caucasian/woman-1615242_1920.csv,13065,.csv
FaceNet_512_features/female/caucasian/woman-2112292_1920.csv,13045,.csv
FaceNet_512_features/female/caucasian/woman-2127806_1920.csv,13049,.csv
FaceNet_512_features/female/caucasian/woman-2138461_1920.csv,13046,.csv
FaceNet_512_features/female/caucasian/woman-2293390_1920.csv,13048,.csv
FaceNet_512_features/female/caucasian/woman-2635404_1920.csv,13074,.csv
FaceNet_512_features/female/caucasian/woman-3034836_1920.csv,13043,.csv
FaceNet_512_features/female/caucasian/woman-3055841_1920.csv,13050,.csv
FaceNet_512_features/female/caucasian/woman-3073289_1920.csv,13052,.csv
FaceNet_512_features/female/caucasian/woman-3096734_1920.csv,13063,.csv
FaceNet_512_features/female/caucasian/woman-3123557_1920.csv,13061,.csv
FaceNet_512_features/female/caucasian/woman-3136667_1920.csv,13043,.csv
FaceNet_512_features/female/caucasian/woman-3187336_1920.csv,13054,.csv
FaceNet_512_features/female/caucasian/woman-3240094_1920.csv,13057,.csv
FaceNet_512_features/female/caucasian/woman-3658390_1920.csv,13048,.csv
FaceNet_512_features/female/caucasian/woman-3668495_1920.csv,13062,.csv
FaceNet_512_features/female/caucasian/woman-3714620_1920.csv,13043,.csv
FaceNet_512_features/female/caucasian/woman-3718859_1920.csv,13050,.csv
FaceNet_512_features/female/caucasian/woman-3990680_1920.csv,13054,.csv
FaceNet_512_features/female/caucasian/woman-4130601_1920.csv,13082,.csv
FaceNet_512_features/female/caucasian/woman-4134319_1920.csv,13065,.csv
FaceNet_512_features/female/caucasian/woman-435852_1920.csv,13055,.csv
FaceNet_512_features/female/caucasian/woman-467708_1920.csv,13049,.csv
FaceNet_512_features/female/caucasian/woman-4791398_1920.csv,13057,.csv
FaceNet_512_features/female/caucasian/woman-526329_1920.csv,13049,.csv
FaceNet_512_features/female/caucasian/woman-5381567_1920.csv,13065,.csv
FaceNet_512_features/female/caucasian/woman-5480503_1920.csv,13068,.csv
FaceNet_512_features/female/caucasian/woman-5919218_1920.csv,13045,.csv
FaceNet_512_features/female/caucasian/woman-659352_1920.csv,13038,.csv
FaceNet_512_features/female/caucasian/woman-69712_1280.csv,13058,.csv
FaceNet_512_features/female/caucasian/woman-751236_1920.csv,13031,.csv
FaceNet_512_features/female/caucasian/woman-828953_1920.csv,13046,.csv
FaceNet_512_features/female/caucasian/woman-885845_1920.csv,13038,.csv
FaceNet_512_features/female/caucasian/woman-918583_1920.csv,13064,.csv
FaceNet_512_features/female/caucasian/woman-918776_1920.csv,13058,.csv
FaceNet_512_features/female/caucasian/women-1209678_1920.csv,13052,.csv
FaceNet_512_features/female/caucasian/women-4184796_1920.csv,13038,.csv
FaceNet_512_features/female/caucasian/women-4851678_1920.csv,13052,.csv
FaceNet_512_features/female/caucasian/yorkie-1393913_1920.csv,13060,.csv
FaceNet_512_features/female/caucasian/young-1544115_1920.csv,13057,.csv
FaceNet_512_features/female/caucasian/young-572341_1920.csv,13048,.csv
FaceNet_512_features/female/caucasian/young-610543_1920.csv,13054,.csv
FaceNet_512_features/female/caucasian/young-girl-2143037_1280.csv,13065,.csv
FaceNet_512_features/female/caucasian/young-girl-2763395_1920.csv,13040,.csv
FaceNet_512_features/female/caucasian/young-girl-510441_1920.csv,13047,.csv
FaceNet_512_features/female/caucasian/young-woman-3477557_1920.csv,13066,.csv
FaceNet_512_features/female/caucasian/yours-UecWQkR6M4s-unsplash.csv,13078,.csv
FaceNet_512_features/female/hispanic/2.csv,13046,.csv
FaceNet_512_features/female/hispanic/22.csv,13052,.csv
FaceNet_512_features/female/hispanic/25.csv,13054,.csv
FaceNet_512_features/female/hispanic/26.csv,13059,.csv
FaceNet_512_features/female/hispanic/4.csv,13048,.csv
FaceNet_512_features/female/hispanic/58.csv,13063,.csv
FaceNet_512_features/female/hispanic/9.csv,13050,.csv
FaceNet_512_features/female/hispanic/adult-1867720_1920.csv,13047,.csv
FaceNet_512_features/female/hispanic/alex-avalos-M1dTxJm6Lbo-unsplash.csv,13072,.csv
FaceNet_512_features/female/hispanic/alex-blajan-iRsktlI-hls-unsplash.csv,13040,.csv
FaceNet_512_features/female/hispanic/ali-pazani-s9PJ3mD5KvY-unsplash.csv,13036,.csv
FaceNet_512_features/female/hispanic/allef-vinicius-C_1jjFJioWg-unsplash.csv,13049,.csv
FaceNet_512_features/female/hispanic/allef-vinicius-PA0vICn6DwE-unsplash.csv,13051,.csv
FaceNet_512_features/female/hispanic/allef-vinicius-Q9L-n57IqLw-unsplash.csv,13059,.csv
FaceNet_512_features/female/hispanic/amir-taheri-tJDKalQxTxo-unsplash.csv,13048,.csv
FaceNet_512_features/female/hispanic/anastasiya-pavlova-v6XumrQC1NA-unsplash.csv,13050,.csv
FaceNet_512_features/female/hispanic/andres-hernandez-KRwFmEBlgJo-unsplash.csv,13031,.csv
FaceNet_512_features/female/hispanic/arid-1868523_1920.csv,13056,.csv
FaceNet_512_features/female/hispanic/ayo-ogunseinde-THIs-cpyebg-unsplash.csv,13040,.csv
FaceNet_512_features/female/hispanic/beautiful-1274056_1920.csv,13055,.csv
FaceNet_512_features/female/hispanic/beautiful-1274361_1920.csv,13069,.csv
FaceNet_512_features/female/hispanic/beautiful-1845148_1920.csv,13041,.csv
FaceNet_512_features/female/hispanic/beautiful-1869534_1920.csv,13050,.csv
FaceNet_512_features/female/hispanic/beautiful-1887355_1920.csv,13076,.csv
FaceNet_512_features/female/hispanic/beautiful-19075_1920.csv,13056,.csv
FaceNet_512_features/female/hispanic/ben-o-bro-ly748H13ts0-unsplash.csv,13062,.csv
FaceNet_512_features/female/hispanic/blake-carpenter-qWiJBa6soE0-unsplash.csv,13050,.csv
FaceNet_512_features/female/hispanic/bruno-dias-D22Tgx6TP5M-unsplash.csv,13046,.csv
FaceNet_512_features/female/hispanic/christian-ferrer-aK5Dt6L6_hQ-unsplash.csv,13046,.csv
FaceNet_512_features/female/hispanic/christina-wocintechchat-com-SJvDxw0azqw-unsplash.csv,13061,.csv
FaceNet_512_features/female/hispanic/confused-2681507_1920.csv,13055,.csv
FaceNet_512_features/female/hispanic/conner-ching-b9833srFlac-unsplash.csv,13045,.csv
FaceNet_512_features/female/hispanic/couple-5227606_1920.csv,13039,.csv
FaceNet_512_features/female/hispanic/david-suarez-d81WD5Q87E0-unsplash.csv,13059,.csv
FaceNet_512_features/female/hispanic/dollar-gill-qBhFwtGQGag-unsplash.csv,13031,.csv
FaceNet_512_features/female/hispanic/dorothy-puscas-kMgtp2f7yKs-unsplash.csv,13064,.csv
FaceNet_512_features/female/hispanic/egyptian-girl-4194413_1920.csv,13055,.csv
FaceNet_512_features/female/hispanic/engin-akyurt-N7YaZf7szz0-unsplash.csv,13045,.csv
FaceNet_512_features/female/hispanic/ernest-brillo-U2TP4-H8ly4-unsplash.csv,13075,.csv
FaceNet_512_features/female/hispanic/farhad-eidi-yfefPhTFWU8-unsplash.csv,13063,.csv
FaceNet_512_features/female/hispanic/fashion-1107721_1920.csv,13049,.csv
FaceNet_512_features/female/hispanic/febri-sym-HKuhUKNWFtY-unsplash.csv,13050,.csv
FaceNet_512_features/female/hispanic/francesca-zama-1fhl_kmbfAE-unsplash.csv,13077,.csv
FaceNet_512_features/female/hispanic/gama-films-h_9KkS8c9Sw-unsplash.csv,13049,.csv
FaceNet_512_features/female/hispanic/giano-currie-5-9YOsmf8IQ-unsplash.csv,13028,.csv
FaceNet_512_features/female/hispanic/girl-1258630_1920.csv,13053,.csv
FaceNet_512_features/female/hispanic/girl-2410042_1920.csv,13039,.csv
FaceNet_512_features/female/hispanic/girl-2922427_1920.csv,13051,.csv
FaceNet_512_features/female/hispanic/girl-3839501_1920.csv,13044,.csv
FaceNet_512_features/female/hispanic/girl-390568_1920.csv,13055,.csv
FaceNet_512_features/female/hispanic/girl-4610430_1920.csv,13034,.csv
FaceNet_512_features/female/hispanic/girl-4818720_1920.csv,13044,.csv
FaceNet_512_features/female/hispanic/girl-608827_1920.csv,13042,.csv
FaceNet_512_features/female/hispanic/girl-676185_1920.csv,13057,.csv
FaceNet_512_features/female/hispanic/girl-883006_1920.csv,13029,.csv
FaceNet_512_features/female/hispanic/hian-oliveira-n_L_ppO4QtY-unsplash.csv,13041,.csv
FaceNet_512_features/female/hispanic/huseyin-topcu-pE5dKSGH6G8-unsplash(1).csv,13035,.csv
FaceNet_512_features/female/hispanic/hussein-sorkheveis-ACIknRqDnBQ-unsplash.csv,13051,.csv
FaceNet_512_features/female/hispanic/irene-strong-MgvAATOwJBc-unsplash.csv,13056,.csv
FaceNet_512_features/female/hispanic/islander-mtcnn-kwHBTNUQIqs-unsplash.csv,13058,.csv
FaceNet_512_features/female/hispanic/jacob-mejicanos-gcYA1p1_b28-unsplash.csv,13044,.csv
FaceNet_512_features/female/hispanic/joanna-nix-walkup-u7_TR3LGqhU-unsplash.csv,13058,.csv
FaceNet_512_features/female/hispanic/joao-paulo-de-souza-oliveira-ZHKKg9lnCSk-unsplash.csv,13055,.csv
FaceNet_512_features/female/hispanic/joe-milne-MuDYCc7EE_o-unsplash.csv,13035,.csv
FaceNet_512_features/female/hispanic/joelvalve-7JEZ6laI4qM-unsplash.csv,13039,.csv
FaceNet_512_features/female/hispanic/jonathan-borba-UdhvRvpaBP0-unsplash.csv,13050,.csv
FaceNet_512_features/female/hispanic/jose-g-ortega-castro-qs_TbXSztSg-unsplash.csv,13041,.csv
FaceNet_512_features/female/hispanic/joseph-perez-pSa5RttmLHs-unsplash.csv,13056,.csv
FaceNet_512_features/female/hispanic/juan-encalada-vIM0htb0gJs-unsplash.csv,13064,.csv
FaceNet_512_features/female/hispanic/julian-florez-l5rmMuK8070-unsplash.csv,13047,.csv
FaceNet_512_features/female/hispanic/keenan-constance-XSCvo0loB-Q-unsplash.csv,13038,.csv
FaceNet_512_features/female/hispanic/khaled-ghareeb-bcQh4nVETaY-unsplash.csv,13058,.csv
FaceNet_512_features/female/hispanic/kim-carpenter-IHIgnhLvz5Q-unsplash.csv,13055,.csv
FaceNet_512_features/female/hispanic/kunj-parekh-VfC7Pm5BxuI-unsplash.csv,13049,.csv
FaceNet_512_features/female/hispanic/luiza-braun-_R3H5FaoBq4-unsplash.csv,13058,.csv
FaceNet_512_features/female/hispanic/madison-hedgecock-tacwAxr3PvU-unsplash.csv,13075,.csv
FaceNet_512_features/female/hispanic/marisol-casben-PbwKSCq9aVo-unsplash.csv,13064,.csv
FaceNet_512_features/female/hispanic/mark-decile-UU1d9HCtgaE-unsplash.csv,13061,.csv
FaceNet_512_features/female/hispanic/mark-decile-hAw-uxfLXD4-unsplash.csv,13046,.csv
FaceNet_512_features/female/hispanic/martin-lopez-mQVryuQEG_Y-unsplash.csv,13058,.csv
FaceNet_512_features/female/hispanic/mateus-campos-felipe-AMSLWjFhivg-unsplash.csv,13047,.csv
FaceNet_512_features/female/hispanic/mateus-campos-felipe-Fsgzm8N0hIY-unsplash.csv,13048,.csv
FaceNet_512_features/female/hispanic/mateus-campos-felipe-JoM_lC1WAnE-unsplash.csv,13031,.csv
FaceNet_512_features/female/hispanic/mateus-campos-felipe-ZxdJFgSGQBA-unsplash.csv,13043,.csv
FaceNet_512_features/female/hispanic/mateus-campos-felipe-csdVYOLOqls-unsplash.csv,13044,.csv
FaceNet_512_features/female/hispanic/mateus-campos-felipe-dQvUjiVaXCg-unsplash.csv,13025,.csv
FaceNet_512_features/female/hispanic/mateus-campos-felipe-zd8px974bC8-unsplash.csv,13053,.csv
FaceNet_512_features/female/hispanic/matteo-minoglio-jjveuyKSv0g-unsplash.csv,13070,.csv
FaceNet_512_features/female/hispanic/matteo-minoglio-ywl3J10ZmBI-unsplash.csv,13055,.csv
FaceNet_512_features/female/hispanic/matthew-reyes-Zh9KXMPIcVk-unsplash.csv,13058,.csv
FaceNet_512_features/female/hispanic/mohammed-hassan-MOR6bWWuy-A-unsplash.csv,13044,.csv
FaceNet_512_features/female/hispanic/obi-onyeador-02QKRJiv-JI-unsplash.csv,13060,.csv
FaceNet_512_features/female/hispanic/obi-onyeador-7ckRPDhlgOk-unsplash.csv,13055,.csv
FaceNet_512_features/female/hispanic/omar-lopez-0-uzdU3gUYw-unsplash.csv,13062,.csv
FaceNet_512_features/female/hispanic/omar-lopez-8dYeSX5x4HY-unsplash.csv,13055,.csv
FaceNet_512_features/female/hispanic/omar-lopez-auEe5lKHZCw-unsplash.csv,13044,.csv
FaceNet_512_features/female/hispanic/omar-lopez-nomivMNW07o-unsplash.csv,13051,.csv
FaceNet_512_features/female/hispanic/omid-armin-xOjzehJ49Hk-unsplash.csv,13053,.csv
FaceNet_512_features/female/hispanic/patrick-gillespie-8j0CTWsImzo-unsplash.csv,13039,.csv
FaceNet_512_features/female/hispanic/pexels-alex-green-5699868.csv,13064,.csv
FaceNet_512_features/female/hispanic/pexels-bran-sodre-2446105.csv,13055,.csv
FaceNet_512_features/female/hispanic/pexels-dalila-dalprat-1853049.csv,13045,.csv
FaceNet_512_features/female/hispanic/pexels-daniel-xavier-1239288.csv,13047,.csv
FaceNet_512_features/female/hispanic/pexels-du-photographer-1843667.csv,13059,.csv
FaceNet_512_features/female/hispanic/pexels-ingrid-santana-2100063.csv,13054,.csv
FaceNet_512_features/female/hispanic/pexels-ingrid-santana-2253707.csv,13032,.csv
FaceNet_512_features/female/hispanic/pexels-lehandross-2383118.csv,13066,.csv
FaceNet_512_features/female/hispanic/pexels-lola-russian-1855582.csv,13035,.csv
FaceNet_512_features/female/hispanic/pexels-nicole-michalou-5778909.csv,13051,.csv
FaceNet_512_features/female/hispanic/pexels-talal-hakim-4593319.csv,13059,.csv
FaceNet_512_features/female/hispanic/pexels-tha¿¬s-silva-3135649.csv,13055,.csv
FaceNet_512_features/female/hispanic/pexels-thiago-machado-1853035.csv,13037,.csv
FaceNet_512_features/female/hispanic/portrait-4137472_1920.csv,13035,.csv
FaceNet_512_features/female/hispanic/portrait-4717916_1920.csv,13042,.csv
FaceNet_512_features/female/hispanic/pretty-2682798_1920.csv,13045,.csv
FaceNet_512_features/female/hispanic/priscilla-whendy-GLH_XaAvVQM-unsplash.csv,13058,.csv
FaceNet_512_features/female/hispanic/raamin-ka-4lQmQ_DBbNc-unsplash.csv,13053,.csv
FaceNet_512_features/female/hispanic/raamin-ka-8J56bYMT3-Q-unsplash.csv,13040,.csv
FaceNet_512_features/female/hispanic/raamin-ka-kYtN89E5ce4-unsplash.csv,13050,.csv
FaceNet_512_features/female/hispanic/raamin-ka-m8_JWQYF6GE-unsplash.csv,13053,.csv
FaceNet_512_features/female/hispanic/raamin-ka-ucfVRXL2PrY-unsplash.csv,13045,.csv
FaceNet_512_features/female/hispanic/raamin-ka-v8dc2XkhIfM-unsplash.csv,13071,.csv
FaceNet_512_features/female/hispanic/raamin-ka-wUKtCWijJTQ-unsplash.csv,13043,.csv
FaceNet_512_features/female/hispanic/raamin-ka-zfWcUc48WXk-unsplash.csv,13054,.csv
FaceNet_512_features/female/hispanic/rafaella-mendes-diniz-AoL-mVxprmk-unsplash.csv,13051,.csv
FaceNet_512_features/female/hispanic/red-4886345_1920.csv,13047,.csv
FaceNet_512_features/female/hispanic/reza-gholami-bgf_I27qcmM-unsplash.csv,13041,.csv
FaceNet_512_features/female/hispanic/sabrina-may-iuJClDf7S-M-unsplash.csv,13046,.csv
FaceNet_512_features/female/hispanic/samantha-green-0D1Fm1Fkblo-unsplash.csv,13060,.csv
FaceNet_512_features/female/hispanic/sergio-souza-P-PKKQvASEE-unsplash.csv,13045,.csv
FaceNet_512_features/female/hispanic/shahin-khalaji-NdGrKgLVbIA-unsplash.csv,13055,.csv
FaceNet_512_features/female/hispanic/shawn-olivier-boivin-blanchard-FBIGTYhErFw-unsplash.csv,13059,.csv
FaceNet_512_features/female/hispanic/siavosh-hosseini-XIDBMAAHGpQ-unsplash.csv,13059,.csv
FaceNet_512_features/female/hispanic/simon-marsault-2901RQjU0ZQ-unsplash.csv,13053,.csv
FaceNet_512_features/female/hispanic/steven-aguilar-9kmy3mYHo6Y-unsplash.csv,13054,.csv
FaceNet_512_features/female/hispanic/summer-carnival-4408804_1920.csv,13052,.csv
FaceNet_512_features/female/hispanic/tabitha-turner-NlN-dY9Fk3A-unsplash.csv,13042,.csv
FaceNet_512_features/female/hispanic/tyler-nix-CsR_n6i__L0-unsplash.csv,13050,.csv
FaceNet_512_features/female/hispanic/vinicius-amnx-amano-4mK2KVuYrDs-unsplash.csv,13057,.csv
FaceNet_512_features/female/hispanic/vinicius-wiesehofer-UOavP_Z38lE-unsplash.csv,13059,.csv
FaceNet_512_features/female/hispanic/willspirit-sbln--hNSeRvzgP8-unsplash.csv,13066,.csv
FaceNet_512_features/female/hispanic/woman-2773007_1920.csv,13045,.csv
FaceNet_512_features/female/hispanic/woman-3191152_1920.csv,13091,.csv
FaceNet_512_features/female/hispanic/woman-4552028_1920.csv,13063,.csv
FaceNet_512_features/female/hispanic/woman-5225288_1920.csv,13049,.csv
FaceNet_512_features/female/hispanic/woman-5870296_1920.csv,13047,.csv
FaceNet_512_features/female/hispanic/woman-984247_1920.csv,13036,.csv
FaceNet_512_features/female/hispanic/women-4043627_1920.csv,13042,.csv
FaceNet_512_features/female/hispanic/zulmaury-saavedra--Keh6vLM7w0-unsplash.csv,13045,.csv
FaceNet_512_features/female/indian/32.csv,13062,.csv
FaceNet_512_features/female/indian/33.csv,13042,.csv
FaceNet_512_features/female/indian/35.csv,13054,.csv
FaceNet_512_features/female/indian/37.csv,13046,.csv
FaceNet_512_features/female/indian/38.csv,13028,.csv
FaceNet_512_features/female/indian/54.csv,13051,.csv
FaceNet_512_features/female/indian/59.csv,13057,.csv
FaceNet_512_features/female/indian/60.csv,13051,.csv
FaceNet_512_features/female/indian/aayush-gop-rawat-VPwSJhu5uhs-unsplash.csv,13037,.csv
FaceNet_512_features/female/indian/actress-1736962_1920.csv,13054,.csv
FaceNet_512_features/female/indian/aditi-rao-hydari-1748439_1920.csv,13049,.csv
FaceNet_512_features/female/indian/agnieszka-kowalczyk-W0d-rh52NgE-unsplash.csv,13069,.csv
FaceNet_512_features/female/indian/anelale-najera--p_HZ1et98U-unsplash.csv,13053,.csv
FaceNet_512_features/female/indian/anh-nguyen-z6PZ7ZH9MMQ-unsplash.csv,13030,.csv
FaceNet_512_features/female/indian/anshika-panchal-CX7WFaWeFhw-unsplash.csv,13056,.csv
FaceNet_512_features/female/indian/anusha-reddy--zP_lFB6vCk-unsplash.csv,13058,.csv
FaceNet_512_features/female/indian/arindam-deb-1cdWV-VMjSk-unsplash.csv,13047,.csv
FaceNet_512_features/female/indian/arvin-keynes-IPETsB4dcCs-unsplash.csv,13048,.csv
FaceNet_512_features/female/indian/asit-khanda-Oq_cWa7a67Y-unsplash.csv,13046,.csv
FaceNet_512_features/female/indian/awab-husameldin-YOytR4BXEqM-unsplash.csv,13055,.csv
FaceNet_512_features/female/indian/beautiful-2271357_1920.csv,13056,.csv
FaceNet_512_features/female/indian/beautiful-indian-woman-4773817_1920.csv,13060,.csv
FaceNet_512_features/female/indian/beauty-4175607_1920.csv,13048,.csv
FaceNet_512_features/female/indian/bride-5170727_1920.csv,13033,.csv
FaceNet_512_features/female/indian/bride-5170730_1920.csv,13051,.csv
FaceNet_512_features/female/indian/bulbul-ahmed-s4Uv58E4PXc-unsplash.csv,13053,.csv
FaceNet_512_features/female/indian/caroline-hernandez-vGacDiUiD7I-unsplash.csv,13049,.csv
FaceNet_512_features/female/indian/charles-postiaux-J9vlgGgytC0-unsplash.csv,13045,.csv
FaceNet_512_features/female/indian/child-3199624_1920.csv,13060,.csv
FaceNet_512_features/female/indian/christina-wocintechchat-com-1Kf3jFemsPk-unsplash.csv,13035,.csv
FaceNet_512_features/female/indian/christina-wocintechchat-com-z5SOVx-y3F4-unsplash.csv,13053,.csv
FaceNet_512_features/female/indian/clinton-naik-k-YuHdAtTP0-unsplash.csv,13051,.csv
FaceNet_512_features/female/indian/couple-4686423_1920.csv,13048,.csv
FaceNet_512_features/female/indian/d14.csv,13060,.csv
FaceNet_512_features/female/indian/deepika-padukone-2779557_1920.csv,13050,.csv
FaceNet_512_features/female/indian/dollar-gill-Ciujwy5epq4-unsplash.csv,13047,.csv
FaceNet_512_features/female/indian/dollar-gill-wcd5bS3x9mE-unsplash.csv,13046,.csv
FaceNet_512_features/female/indian/dollar-gill-zWZvu5ZXbrM-unsplash.csv,13036,.csv
FaceNet_512_features/female/indian/erick-marroquin-xlNSZ9aImbw-unsplash.csv,13045,.csv
FaceNet_512_features/female/indian/ethan-johnson-n815BbX98ds-unsplash.csv,13062,.csv
FaceNet_512_features/female/indian/eyes-5938203_1920.csv,13054,.csv
FaceNet_512_features/female/indian/f14.csv,13060,.csv
FaceNet_512_features/female/indian/face-5677905_1920.csv,13040,.csv
FaceNet_512_features/female/indian/female-1544783_1920.csv,13053,.csv
FaceNet_512_features/female/indian/gift-habeshaw-XvqeCMXHwzQ-unsplash.csv,13059,.csv
FaceNet_512_features/female/indian/girl-4656172_1920.csv,13064,.csv
FaceNet_512_features/female/indian/girl-517524_1920.csv,13039,.csv
FaceNet_512_features/female/indian/girl-526716_1920.csv,13049,.csv
FaceNet_512_features/female/indian/girl-5471992_1920.csv,13046,.csv
FaceNet_512_features/female/indian/girl-5898963_1920.csv,13044,.csv
FaceNet_512_features/female/indian/gleb-lukomets-R9tTeq4rV5U-unsplash.csv,13036,.csv
FaceNet_512_features/female/indian/happy-4895044_1920.csv,13044,.csv
FaceNet_512_features/female/indian/huu-chung-dang-lP02hkcp7H0-unsplash.csv,13061,.csv
FaceNet_512_features/female/indian/india-4869731_1920.csv,13070,.csv
FaceNet_512_features/female/indian/indian-4190972_1920.csv,13044,.csv
FaceNet_512_features/female/indian/indian-4755313_1920.csv,13046,.csv
FaceNet_512_features/female/indian/indian-4755323_1920.csv,13030,.csv
FaceNet_512_features/female/indian/indian-5033667_1920.csv,13049,.csv
FaceNet_512_features/female/indian/indian-5033680_1920.csv,13045,.csv
FaceNet_512_features/female/indian/indian-5033682_1920.csv,13051,.csv
FaceNet_512_features/female/indian/indian-5449593_1920.csv,13054,.csv
FaceNet_512_features/female/indian/indian-girl-4985302_1920.csv,13049,.csv
FaceNet_512_features/female/indian/indian-woman-5092871_1920.csv,13072,.csv
FaceNet_512_features/female/indian/indian-woman-5450102_1920.csv,13053,.csv
FaceNet_512_features/female/indian/jennifer-marquez-9oLwI18NFfY-unsplash.csv,13053,.csv
FaceNet_512_features/female/indian/jewellery-4255833_1920.csv,13040,.csv
FaceNet_512_features/female/indian/joshua-purnell-jiBvOb7A860-unsplash.csv,13046,.csv
FaceNet_512_features/female/indian/juanma-velasquez-la7uU1hQ_nM-unsplash.csv,13052,.csv
FaceNet_512_features/female/indian/julian-florez-LWaFYrn4SfY-unsplash.csv,13038,.csv
FaceNet_512_features/female/indian/juniar-baresi-1g-BQ3wkgWI-unsplash.csv,13055,.csv
FaceNet_512_features/female/indian/jyotirmoy-gupta-AXBsyZVjPLQ-unsplash.csv,13057,.csv
FaceNet_512_features/female/indian/jyotirmoy-gupta-fbUvVn1_ViQ-unsplash.csv,13056,.csv
FaceNet_512_features/female/indian/kunal-goswami-YHSohAq-PuI-unsplash.csv,13043,.csv
FaceNet_512_features/female/indian/latina-4573900_1920.csv,13035,.csv
FaceNet_512_features/female/indian/loren-joseph-11eY-tkB9VU-unsplash.csv,13061,.csv
FaceNet_512_features/female/indian/loren-joseph-jhu22nvxxCw-unsplash.csv,13055,.csv
FaceNet_512_features/female/indian/make-up-artist-3987573_1920.csv,13057,.csv
FaceNet_512_features/female/indian/model-3008722_1920.csv,13053,.csv
FaceNet_512_features/female/indian/model-4255841_1920.csv,13048,.csv
FaceNet_512_features/female/indian/model-4668350_1920.csv,13067,.csv
FaceNet_512_features/female/indian/model-5576784_1920.csv,13044,.csv
FaceNet_512_features/female/indian/model-5576796_1920.csv,13059,.csv
FaceNet_512_features/female/indian/natasha-kasim-BqD0Id4qemc-unsplash.csv,13061,.csv
FaceNet_512_features/female/indian/nature-3110567_1920.csv,13050,.csv
FaceNet_512_features/female/indian/pexels-arif-khan-4595532.csv,13052,.csv
FaceNet_512_features/female/indian/pexels-arvind-shakya-796557.csv,13062,.csv
FaceNet_512_features/female/indian/pexels-azraq-al-rezoan-5151189.csv,13032,.csv
FaceNet_512_features/female/indian/pexels-azraq-al-rezoan-5641188.csv,13053,.csv
FaceNet_512_features/female/indian/pexels-bran-sodre-1856538.csv,13054,.csv
FaceNet_512_features/female/indian/pexels-darshan-peeal-2784078.csv,13041,.csv
FaceNet_512_features/female/indian/pexels-devil-imran-6414067.csv,13051,.csv
FaceNet_512_features/female/indian/pexels-himesh-mehta-3059930.csv,13060,.csv
FaceNet_512_features/female/indian/pexels-jc-romero-3236737.csv,13065,.csv
FaceNet_512_features/female/indian/pexels-kaushal-moradiya-2781201.csv,13050,.csv
FaceNet_512_features/female/indian/pexels-ketut-subiyanto-4307688.csv,13046,.csv
FaceNet_512_features/female/indian/pexels-ketut-subiyanto-4584579.csv,13048,.csv
FaceNet_512_features/female/indian/pexels-kevin-kabore-4966995.csv,13042,.csv
FaceNet_512_features/female/indian/pexels-mabel-lee-2739792.csv,13041,.csv
FaceNet_512_features/female/indian/pexels-manjeet-singh-yadav-1162983.csv,13062,.csv
FaceNet_512_features/female/indian/pexels-mentatdgt-1167134.csv,13056,.csv
FaceNet_512_features/female/indian/pexels-mentatdgt-1306557.csv,13038,.csv
FaceNet_512_features/female/indian/pexels-mentatdgt-2558680.csv,13068,.csv
FaceNet_512_features/female/indian/pexels-miguel-arcanjo-saddi-1213768.csv,13047,.csv
FaceNet_512_features/female/indian/pexels-nandhu-kumar-2703082.csv,13066,.csv
FaceNet_512_features/female/indian/pexels-rafi-ahmed-haven-1253364.csv,13054,.csv
FaceNet_512_features/female/indian/pexels-rahul-pandit-3894370.csv,13046,.csv
FaceNet_512_features/female/indian/pexels-rahul-pandit-5382522.csv,13051,.csv
FaceNet_512_features/female/indian/pexels-shubham-sharma-2912695.csv,13058,.csv
FaceNet_512_features/female/indian/pexels-skg-photography-2270078.csv,13044,.csv
FaceNet_512_features/female/indian/pexels-tima-miroshnichenko-5988665.csv,13046,.csv
FaceNet_512_features/female/indian/pexels-trung-nguyen-2435583.csv,13067,.csv
FaceNet_512_features/female/indian/portrait-4428523_1920.csv,13064,.csv
FaceNet_512_features/female/indian/portrait-4773342_1920.csv,13039,.csv
FaceNet_512_features/female/indian/portrait-5604743_1920.csv,13058,.csv
FaceNet_512_features/female/indian/pradeep-ranjan-qMrXRcDP5Vw-unsplash.csv,13037,.csv
FaceNet_512_features/female/indian/prom-1476761_1920.csv,13057,.csv
FaceNet_512_features/female/indian/sarah-cervantes-79GLX12EY98-unsplash.csv,13046,.csv
FaceNet_512_features/female/indian/sayan-ghosh-sVDp3cxrDR4-unsplash.csv,13066,.csv
FaceNet_512_features/female/indian/sergio-souza-jzXgkWDL2YM-unsplash.csv,13067,.csv
FaceNet_512_features/female/indian/shifaaz-shamoon-MqLy-G-dBi8-unsp.csv,13046,.csv
FaceNet_512_features/female/indian/shotlist-7sPYFUKOK_8-unsplash.csv,13055,.csv
FaceNet_512_features/female/indian/shy-girl-5942197_1920.csv,13042,.csv
FaceNet_512_features/female/indian/soham-banerjee-22DWv_qBMZo-unsplash.csv,13061,.csv
FaceNet_512_features/female/indian/swarnavo-chakrabarti-1s-7JQTdXY4-unsplash.csv,13066,.csv
FaceNet_512_features/female/indian/sylvester-dsouza-LAprsXXH-Nc-unsplash.csv,13046,.csv
FaceNet_512_features/female/indian/teenager-1612462_1920.csv,13041,.csv
FaceNet_512_features/female/indian/teenager-475189_1920.csv,13051,.csv
FaceNet_512_features/female/indian/thanks-1209247_1920.csv,13042,.csv
FaceNet_512_features/female/indian/ursula-spaulding-_B_UiKIAo20-unsplash.csv,13063,.csv
FaceNet_512_features/female/indian/vaibhav-nagare-oM20muBHP_4-unsplash.csv,13048,.csv
FaceNet_512_features/female/indian/weeding-4207311_1920.csv,13043,.csv
FaceNet_512_features/female/indian/woman-3105856_1920.csv,13062,.csv
FaceNet_512_features/female/indian/woman-3146093_1920.csv,13054,.csv
FaceNet_512_features/female/indian/woman-4456917_1920.csv,13046,.csv
FaceNet_512_features/female/indian/woman-4686064_1920.csv,13042,.csv
FaceNet_512_features/female/indian/woman-4686065_1920.csv,13057,.csv
FaceNet_512_features/female/indian/woman-5267153_1920.csv,13044,.csv
FaceNet_512_features/female/indian/woman-5576751_1920.csv,13028,.csv
FaceNet_512_features/female/indian/woman-5604742_1920.csv,13041,.csv
FaceNet_512_features/female/indian/woman-5910803_1920.csv,13033,.csv
FaceNet_512_features/female/indian/woman-5922147_1920.csv,13061,.csv
FaceNet_512_features/female/indian/woman-5922149_1920.csv,13043,.csv
FaceNet_512_features/female/indian/woman-761642_1920.csv,13053,.csv
FaceNet_512_features/female/indian/woman-smiling-1057659_1920.csv,13053,.csv
FaceNet_512_features/female/indian/women-4419736_1920.csv,13052,.csv
FaceNet_512_features/female/indian/yogendra-singh-2W1bkp_Mie4-unsplash.csv,13045,.csv
FaceNet_512_features/female/indian/yogendra-singh-Sx00bDu24_k-unsplash.csv,13042,.csv
FaceNet_512_features/female/indian/young-1822685_1920.csv,13045,.csv
FaceNet_512_features/female/indian/youth-3983781_1920.csv,13039,.csv
FaceNet_512_features/female/indian/zahra-amiri-QuL60_NbW_0-unsplash.csv,13049,.csv
FaceNet_512_features/female/indian/zhang-kaiyv-voWjZ-NIrqo-unsplash.csv,13049,.csv
FaceNet_512_features/female/mideastern/17.csv,13057,.csv
FaceNet_512_features/female/mideastern/24.csv,13045,.csv
FaceNet_512_features/female/mideastern/29.csv,13046,.csv
FaceNet_512_features/female/mideastern/3.csv,13047,.csv
FaceNet_512_features/female/mideastern/41.csv,13046,.csv
FaceNet_512_features/female/mideastern/50.csv,13059,.csv
FaceNet_512_features/female/mideastern/53.csv,13066,.csv
FaceNet_512_features/female/mideastern/56.csv,13059,.csv
FaceNet_512_features/female/mideastern/abi-lewis-5f8i3ckEswk-unsplash.csv,13055,.csv
FaceNet_512_features/female/mideastern/alan-santana-0HEgM6UpGPY-unsplash.csv,13036,.csv
FaceNet_512_features/female/mideastern/alex-michaelsen-twXWoTWOUeQ-unsplash.csv,13060,.csv
FaceNet_512_features/female/mideastern/alexandru-zdrobau-BGz8vO3pK8k-unsplash.csv,13049,.csv
FaceNet_512_features/female/mideastern/ali-pazani-4GSOe3Dl314-unsplash.csv,13052,.csv
FaceNet_512_features/female/mideastern/alireza-esmaeeli-JfR_6qzips8-unsplash.csv,13054,.csv
FaceNet_512_features/female/mideastern/allef-vinicius-BqNEe_ZAtxg-unsplash.csv,13052,.csv
FaceNet_512_features/female/mideastern/allef-vinicius-yOp7FXdn3cM-unsplash.csv,13054,.csv
FaceNet_512_features/female/mideastern/ana-itonishvili-12KpxzD4iis-unsplash.csv,13067,.csv
FaceNet_512_features/female/mideastern/ana-itonishvili-obVDLsGF-QI-unsplash.csv,13064,.csv
FaceNet_512_features/female/mideastern/ana-itonishvili-qToBjrHjuYo-unsplash.csv,13071,.csv
FaceNet_512_features/female/mideastern/ana-itonishvili-tsqu8UcbL3w-unsplash.csv,13056,.csv
FaceNet_512_features/female/mideastern/anastasia-leonova-J52-_tGlXfU-unsplash.csv,13058,.csv
FaceNet_512_features/female/mideastern/aranprime-hwzLBk3079Q-unsplash.csv,13044,.csv
FaceNet_512_features/female/mideastern/ashkan-forouzani-SNYaOnl22u8-unsplash.csv,13050,.csv
FaceNet_512_features/female/mideastern/bardia-hashemirad-3P7jxpEgkC4-unsplash.csv,13037,.csv
FaceNet_512_features/female/mideastern/barry-fitzsimmons-FdPjKwHWqPo-unsplash.csv,13057,.csv
FaceNet_512_features/female/mideastern/cafe-4730085_1920.csv,13043,.csv
FaceNet_512_features/female/mideastern/carlos-lindner-cMGFhR6YCZM-unsplash.csv,13051,.csv
FaceNet_512_features/female/mideastern/cristian-newman-f49XhYbpiA0-unsplash.csv,13051,.csv
FaceNet_512_features/female/mideastern/d10.csv,13060,.csv
FaceNet_512_features/female/mideastern/d2.csv,13050,.csv
FaceNet_512_features/female/mideastern/daniel-tong-Vaznn9k5GqQ-unsplash.csv,13047,.csv
FaceNet_512_features/female/mideastern/daniil-lobachev-XAo09LtQiAQ-unsplash.csv,13055,.csv
FaceNet_512_features/female/mideastern/davidcohen-U6VDR7S3afY-unsplash.csv,13059,.csv
FaceNet_512_features/female/mideastern/derek-perez-I-MGoMKFWpE-unsplash.csv,13040,.csv
FaceNet_512_features/female/mideastern/dev-asangbam-AJOka3Plw6g-unsplash.csv,13053,.csv
FaceNet_512_features/female/mideastern/dimitri-bong-2M45kvvIC-4-unsplash.csv,13086,.csv
FaceNet_512_features/female/mideastern/face-2432004_1920.csv,13044,.csv
FaceNet_512_features/female/mideastern/ghaly-wedinly-K07jvi25Qxg-unsplash.csv,13055,.csv
FaceNet_512_features/female/mideastern/girl-1360874_1920.csv,13046,.csv
FaceNet_512_features/female/mideastern/girl-1364014_1920.csv,13036,.csv
FaceNet_512_features/female/mideastern/girl-1518158_1920.csv,13053,.csv
FaceNet_512_features/female/mideastern/girl-2651718_1920.csv,13069,.csv
FaceNet_512_features/female/mideastern/girl-3551364_1920.csv,13075,.csv
FaceNet_512_features/female/mideastern/gursimrat-ganda-KrCDlVjrMsQ-unsplash.csv,13049,.csv
FaceNet_512_features/female/mideastern/gustavo-lanes-neFlyoPfCRM-unsplash.csv,13048,.csv
FaceNet_512_features/female/mideastern/hamid-tajik-QXbJ3yhMNK4-unsplash.csv,13047,.csv
FaceNet_512_features/female/mideastern/hamid-tajik-uvnApE6gmnM-unsplash.csv,13055,.csv
FaceNet_512_features/female/mideastern/hamza-nouasria-1H52tHTJPiI-unsplash.csv,13046,.csv
FaceNet_512_features/female/mideastern/hijab-5009607_1920.csv,13046,.csv
FaceNet_512_features/female/mideastern/hisu-lee-NayZJyAK8vg-unsplash.csv,13042,.csv
FaceNet_512_features/female/mideastern/houcine-ncib-2Qg42qfZpRo-unsplash.csv,13054,.csv
FaceNet_512_features/female/mideastern/houcine-ncib-JInbeCEqTbs-unsplash.csv,13042,.csv
FaceNet_512_features/female/mideastern/humphrey-muleba-38dk7QXDBzs-unsplash.csv,13077,.csv
FaceNet_512_features/female/mideastern/imad-clicks-2_qmEnz7bQ4-unsplash.csv,13046,.csv
FaceNet_512_features/female/mideastern/jakob-owens-HjL1JGnuh3o-unsplash.csv,13065,.csv
FaceNet_512_features/female/mideastern/jamill-del-rosario-jn3w2ouoPv4-unsplash.csv,13049,.csv
FaceNet_512_features/female/mideastern/jan-kopriva-VKHv4GLr5O0-unsplash.csv,13052,.csv
FaceNet_512_features/female/mideastern/jeffrey-wegrzyn-It0_SCr3AF4-unsplash.csv,13053,.csv
FaceNet_512_features/female/mideastern/joao-paulo-de-souza-oliveira-7-CSeYLI-KM-unsplash.csv,13033,.csv
FaceNet_512_features/female/mideastern/joao-paulo-de-souza-oliveira-PK5HVHRWYa8-unsplash.csv,13045,.csv
FaceNet_512_features/female/mideastern/jonathan-borba-5rQG1mib90I-unspl.csv,13062,.csv
FaceNet_512_features/female/mideastern/jonathan-borba-5rQG1mib90I-unsplash.csv,13068,.csv
FaceNet_512_features/female/mideastern/jordan-dca_s9Wy8c0-unsplash.csv,13042,.csv
FaceNet_512_features/female/mideastern/joshua-rawson-harris-eMDcPM6bqVc-unsplash.csv,13049,.csv
FaceNet_512_features/female/mideastern/julian-florez-l5rmMuK8070-unsplash.csv,13047,.csv
FaceNet_512_features/female/mideastern/july-brenda-gonzales-callapaza-DEseREQoXPQ-unsplash.csv,13050,.csv
FaceNet_512_features/female/mideastern/jyotirmoy-gupta-fpBNEz7N14s-unsplash.csv,13061,.csv
FaceNet_512_features/female/mideastern/kal-visuals-b1Hg7QI-zcc-unsplash.csv,13049,.csv
FaceNet_512_features/female/mideastern/kamal-alkhatib-IETO_Z0BrsE-unsplash (1).csv,13062,.csv
FaceNet_512_features/female/mideastern/kamal-alkhatib-ZG531DsOagU-unsplash.csv,13063,.csv
FaceNet_512_features/female/mideastern/karthik-pillai-jF9aTJ_T_Tw-unsplash.csv,13044,.csv
FaceNet_512_features/female/mideastern/khaled-ghareeb-xZSEvSlHRv8-unsplash.csv,13047,.csv
FaceNet_512_features/female/mideastern/kirill-balobanov-Ef3AOkt6hHg-unsplash.csv,13064,.csv
FaceNet_512_features/female/mideastern/kirill-balobanov-sRPbVu7FOsw-unsplash.csv,13074,.csv
FaceNet_512_features/female/mideastern/kunal-goswami-YHSohAq-PuI-unsplash.csv,13043,.csv
FaceNet_512_features/female/mideastern/latin-4793762_1920.csv,13035,.csv
FaceNet_512_features/female/mideastern/little-2192347_1920.csv,13041,.csv
FaceNet_512_features/female/mideastern/little-girl-5912824_1920.csv,13046,.csv
FaceNet_512_features/female/mideastern/luiza-braun-f11edIs0_ZU-unsplash.csv,13074,.csv
FaceNet_512_features/female/mideastern/luke-braswell-oYFv-_JKsVk-unsplash.csv,13040,.csv
FaceNet_512_features/female/mideastern/mia-cambriello-dQgKjETjqDg-unsplash.csv,13041,.csv
FaceNet_512_features/female/mideastern/michele-seghieri-vsS70e-zC34-unsplash.csv,13062,.csv
FaceNet_512_features/female/mideastern/model-4606802_1920.csv,13065,.csv
FaceNet_512_features/female/mideastern/model-5029025_1920.csv,13059,.csv
FaceNet_512_features/female/mideastern/model-5046435_1920.csv,13051,.csv
FaceNet_512_features/female/mideastern/mohammad-khaksarmadani-4FDsNcCR8iQ-unsplash.csv,13055,.csv
FaceNet_512_features/female/mideastern/mosoianu-bogdan-eY1_nQs9aNI-unsplash.csv,13065,.csv
FaceNet_512_features/female/mideastern/mukul-kumar-OYFdvoK6z6Y-unsplash.csv,13042,.csv
FaceNet_512_features/female/mideastern/muslim-5016604_1920.csv,13041,.csv
FaceNet_512_features/female/mideastern/muslim-5016606_1920.csv,13057,.csv
FaceNet_512_features/female/mideastern/nathan-bingle-Rmdja7-az8M-unsplash.csv,13046,.csv
FaceNet_512_features/female/mideastern/omid-armin-2HUKJuFRemE-unsplash.csv,13049,.csv
FaceNet_512_features/female/mideastern/oscar-nord-1UJNl0Ffhw8-unsplash.csv,13042,.csv
FaceNet_512_features/female/mideastern/ospan-ali-ue9wiyU842k-unsplash.csv,13047,.csv
FaceNet_512_features/female/mideastern/pexels-andrea-piacquadio-3762807.csv,13064,.csv
FaceNet_512_features/female/mideastern/pexels-anna-tarazevich-5119587.csv,13061,.csv
FaceNet_512_features/female/mideastern/pexels-anubhaw-anand-3263992.csv,13040,.csv
FaceNet_512_features/female/mideastern/pexels-arsham-haghani-3536991.csv,13039,.csv
FaceNet_512_features/female/mideastern/pexels-artem-podrez-5125221.csv,13064,.csv
FaceNet_512_features/female/mideastern/pexels-bharat-kumar-2055033.csv,13024,.csv
FaceNet_512_features/female/mideastern/pexels-bran-sodre-1852345.csv,13034,.csv
FaceNet_512_features/female/mideastern/pexels-engin-akyurt-3168993.csv,13064,.csv
FaceNet_512_features/female/mideastern/pexels-fauzan-ahmad-muzakky-2698444.csv,13059,.csv
FaceNet_512_features/female/mideastern/pexels-fotografierende-1793059.csv,13060,.csv
FaceNet_512_features/female/mideastern/pexels-italo-melo-1786258.csv,13079,.csv
FaceNet_512_features/female/mideastern/pexels-lucas-macario-1891709.csv,13049,.csv
FaceNet_512_features/female/mideastern/pexels-marlon-alves-3935356.csv,13055,.csv
FaceNet_512_features/female/mideastern/pexels-matheus-henrin-2071150.csv,13033,.csv
FaceNet_512_features/female/mideastern/pexels-mohamed-abdelgaffar-1684304.csv,13055,.csv
FaceNet_512_features/female/mideastern/pexels-mohamed-abdelgaffar-1698731.csv,13048,.csv
FaceNet_512_features/female/mideastern/pexels-mohamed-abdelgaffar-764529.csv,13059,.csv
FaceNet_512_features/female/mideastern/pexels-pixabay-35551.csv,13039,.csv
FaceNet_512_features/female/mideastern/pexels-ricael-sousa-1837158.csv,13047,.csv
FaceNet_512_features/female/mideastern/pexels-rodnae-productions-4911079.csv,13062,.csv
FaceNet_512_features/female/mideastern/pexels-samad-ismayilov-735552.csv,13049,.csv
FaceNet_512_features/female/mideastern/pexels-samad-ismayilov-786858.csv,13050,.csv
FaceNet_512_features/female/mideastern/pexels-the-lazy-artist-gallery-1149840.csv,13051,.csv
FaceNet_512_features/female/mideastern/pexels-toni-ph-2040376.csv,13056,.csv
FaceNet_512_features/female/mideastern/pexels-wesley-rocha-3797438.csv,13047,.csv
FaceNet_512_features/female/mideastern/photography-4403690_1920.csv,13056,.csv
FaceNet_512_features/female/mideastern/portrait-2650253_1920.csv,13040,.csv
FaceNet_512_features/female/mideastern/portrait-5554731_1920.csv,13051,.csv
FaceNet_512_features/female/mideastern/pratik-gupta--LXaJgKwxzs-unsplash.csv,13047,.csv
FaceNet_512_features/female/mideastern/qasim-sadiq-A4FN0SPut6w-unsplash.csv,13061,.csv
FaceNet_512_features/female/mideastern/raamin-ka-4eOyl_iUQB8-unsplash.csv,13053,.csv
FaceNet_512_features/female/mideastern/raamin-ka-4lQmQ_DBbNc-unsplash.csv,13053,.csv
FaceNet_512_features/female/mideastern/raamin-ka-FfZRzlmFsvY-unsplash.csv,13047,.csv
FaceNet_512_features/female/mideastern/raamin-ka-hdra4gfbznU-unsplash.csv,13046,.csv
FaceNet_512_features/female/mideastern/ronny-sison-7eDUHk7Jb_o-unsplash.csv,13037,.csv
FaceNet_512_features/female/mideastern/s-jDpjN4U5mxE-unsplash - ╕▒▒╛.csv,13064,.csv
FaceNet_512_features/female/mideastern/s-jDpjN4U5mxE-unsplash.csv,13064,.csv
FaceNet_512_features/female/mideastern/sandeep-swarnkar-o2Bl6Y9hPos-unsplash.csv,13055,.csv
FaceNet_512_features/female/mideastern/sayan-ghosh-ZRVmiVKFMDs-unsplash.csv,13052,.csv
FaceNet_512_features/female/mideastern/shahin-khalaji-Fwp2mRiD7N4-unsplash.csv,13054,.csv
FaceNet_512_features/female/mideastern/shalom-de-leon-QsqKwK09TUI-unsplash.csv,13046,.csv
FaceNet_512_features/female/mideastern/siddharth-salve-66R_Ji_rKd4-unsplash.csv,13062,.csv
FaceNet_512_features/female/mideastern/smile-2504329_1920.csv,13030,.csv
FaceNet_512_features/female/mideastern/sour-moha-Uxo2j3rJq5Y-unsplash.csv,13048,.csv
FaceNet_512_features/female/mideastern/the-creative-exchange-UhpAf0ySwuk-unsplash - ╕▒▒╛.csv,13055,.csv
FaceNet_512_features/female/mideastern/the-creative-exchange-UhpAf0ySwuk-unsplash.csv,13055,.csv
FaceNet_512_features/female/mideastern/the-model-shows-makeup-4600504_1920.csv,13048,.csv
FaceNet_512_features/female/mideastern/tyler-nix-aSIw_EnF71g-unsplash.csv,13055,.csv
FaceNet_512_features/female/mideastern/wall-3449760_1920.csv,13051,.csv
FaceNet_512_features/female/mideastern/warrior-1240995_1920.csv,13038,.csv
FaceNet_512_features/female/mideastern/wesley-tingey-oeEqKb7gTrk-unsplash.csv,13059,.csv
FaceNet_512_features/female/mideastern/woman-1284347_1920.csv,13056,.csv
FaceNet_512_features/female/mideastern/woman-1462682_1920.csv,13045,.csv
FaceNet_512_features/female/mideastern/woman-1584341_1280.csv,13066,.csv
FaceNet_512_features/female/mideastern/woman-2465429_1920.csv,13041,.csv
FaceNet_512_features/female/mideastern/woman-2542252_1920.csv,13071,.csv
FaceNet_512_features/female/mideastern/woman-3182019_1920.csv,13053,.csv
FaceNet_512_features/female/mideastern/woman-3950652_1920.csv,13044,.csv
FaceNet_512_features/female/mideastern/yogendra-singh-AlpBsZF_uXM-unsplash.csv,13061,.csv
FaceNet_512_features/male/asian/125.csv,13041,.csv
FaceNet_512_features/male/asian/134.csv,13052,.csv
FaceNet_512_features/male/asian/137.csv,13063,.csv
FaceNet_512_features/male/asian/141.csv,13053,.csv
FaceNet_512_features/male/asian/alexandre-debieve-xbeKrAgzGhQ-unsplash.csv,13059,.csv
FaceNet_512_features/male/asian/ali-yahya-155huuQwGvA-unsplash.csv,13055,.csv
FaceNet_512_features/male/asian/angelo-abear-XDevBdyfMD8-unsplash.csv,13064,.csv
FaceNet_512_features/male/asian/aryo-lahap-ZVc4Zg4TY8s-unsplash.csv,13059,.csv
FaceNet_512_features/male/asian/aserusainhuu-veaARmpXY88-unsplash.csv,13060,.csv
FaceNet_512_features/male/asian/ash-edmonds-AxtUIbOIPBE-unsplash.csv,13074,.csv
FaceNet_512_features/male/asian/bibek-thakuri-J_9xThkkGEM-unsplash.csv,13045,.csv
FaceNet_512_features/male/asian/billow-926-7j50lTjDc9o-unsplash.csv,13048,.csv
FaceNet_512_features/male/asian/boy-4393262_1920.csv,13041,.csv
FaceNet_512_features/male/asian/boy-4445663_1920.csv,13038,.csv
FaceNet_512_features/male/asian/boy-4746524_1920.csv,13037,.csv
FaceNet_512_features/male/asian/boy-4754320_1920.csv,13026,.csv
FaceNet_512_features/male/asian/brendan-hollis-00pYNLXfhFI-unsplash.csv,13058,.csv
FaceNet_512_features/male/asian/bride-5867605_1920.csv,13054,.csv
FaceNet_512_features/male/asian/bridgette-chen-unyQ2AkhKgM-unsplash.csv,13045,.csv
FaceNet_512_features/male/asian/businessman-1247947_1920.csv,13052,.csv
FaceNet_512_features/male/asian/campus-2787759_1920.csv,13045,.csv
FaceNet_512_features/male/asian/capturing-the-human-heart-i9uIhSlOWYc-unsplash.csv,13054,.csv
FaceNet_512_features/male/asian/career-451281_1920.csv,13041,.csv
FaceNet_512_features/male/asian/chander-mohan-9zaQ3PjrvxA-unsplash.csv,13062,.csv
FaceNet_512_features/male/asian/chelms-varthoumlien-yok4LRlBEEI-unsplash.csv,13057,.csv
FaceNet_512_features/male/asian/chris-hardy-SS0PaWpkm8w-unsplash.csv,13067,.csv
FaceNet_512_features/male/asian/christian-senan-BN2VEGCf140-unsplash.csv,13059,.csv
FaceNet_512_features/male/asian/christian-senan-KW4JsQp8zGU-unsplash.csv,13044,.csv
FaceNet_512_features/male/asian/commercial-3264998_1920.csv,13053,.csv
FaceNet_512_features/male/asian/credit-card-1599787_1920.csv,13052,.csv
FaceNet_512_features/male/asian/dale-alejandro-QbCiAUrFjag-unsplash.csv,13028,.csv
FaceNet_512_features/male/asian/dale-alejandro-RYrMPoxzaZ0-unsplash.csv,13037,.csv
FaceNet_512_features/male/asian/darshan-patel-QJEVpydulGs-unsplash.csv,13051,.csv
FaceNet_512_features/male/asian/dev-asangbam-Ox_mKPMBpTw-unsplash.csv,13040,.csv
FaceNet_512_features/male/asian/dhimas-arya-ROuU8ayA8_w-unsplash.csv,13057,.csv
FaceNet_512_features/male/asian/doil-oh-v15GcVql4CM-unsplash.csv,13044,.csv
FaceNet_512_features/male/asian/dominic-blignaut-VZgm7GtN-cU-unsplash.csv,13054,.csv
FaceNet_512_features/male/asian/emir-taner-bTe1h3b8Ncc-unsplash.csv,13048,.csv
FaceNet_512_features/male/asian/face-1223346_1920.csv,13043,.csv
FaceNet_512_features/male/asian/face-1391628_1920.csv,13048,.csv
FaceNet_512_features/male/asian/fahmi-anwar-dBtBDtiM780-unsplash.csv,13067,.csv
FaceNet_512_features/male/asian/farhan-shaikh-iylgKUdIljc-unsplash.csv,13071,.csv
FaceNet_512_features/male/asian/fikran-jabbart-dZ6SQ0d-IVc-unsplash.csv,13045,.csv
FaceNet_512_features/male/asian/filipe-almeida-mnEWC72eWDM-unsplash.csv,13073,.csv
FaceNet_512_features/male/asian/g_2.csv,13036,.csv
FaceNet_512_features/male/asian/gabriel-tovar-E6gYWTFDsQI-unsplash.csv,13053,.csv
FaceNet_512_features/male/asian/gabriel-tovar-RDf0qh6VvQ0-unsplash.csv,13031,.csv
FaceNet_512_features/male/asian/gabriel-tovar-xF6HoP2oy74-unsplash.csv,13061,.csv
FaceNet_512_features/male/asian/george-rinon-rJSfWc6qSI8-unsplash.csv,13054,.csv
FaceNet_512_features/male/asian/groom-1731035_1920.csv,13037,.csv
FaceNet_512_features/male/asian/guy1.csv,13038,.csv
FaceNet_512_features/male/asian/guy13.csv,13048,.csv
FaceNet_512_features/male/asian/guy4.csv,13061,.csv
FaceNet_512_features/male/asian/ha-nguy-n-CelYET8aK68-unsplash.csv,13026,.csv
FaceNet_512_features/male/asian/ha-nguy-n-OFSQ6bHjFjs-unsplash.csv,13063,.csv
FaceNet_512_features/male/asian/handsome-guy-5891610_1920.csv,13041,.csv
FaceNet_512_features/male/asian/herbal-medicine-1182254_1920.csv,13075,.csv
FaceNet_512_features/male/asian/human-2538246_1920.csv,13049,.csv
FaceNet_512_features/male/asian/huy-le-XibZiVSku68-unsplash.csv,13055,.csv
FaceNet_512_features/male/asian/ibuki-tsubo-xQOy5w4waCk-unsplash.csv,13062,.csv
FaceNet_512_features/male/asian/igor-figueredo-WZhygX_blqg-unsplash.csv,13073,.csv
FaceNet_512_features/male/asian/imansyah-muhamad-putera-KchIV_GDy6U-unsplash.csv,13049,.csv
FaceNet_512_features/male/asian/imansyah-muhamad-putera-n4KewLKFOZw-unsplash.csv,13035,.csv
FaceNet_512_features/male/asian/ivan-c-fajardo-qDfKLhq3q5I-unsplash.csv,13054,.csv
FaceNet_512_features/male/asian/jassir-jonis-dS6a-NAqbII-unsplash.csv,13049,.csv
FaceNet_512_features/male/asian/jeff-tumale-C_JB2G5mSYQ-unsplash.csv,13049,.csv
FaceNet_512_features/male/asian/jiangxulei1990-U3G3ed8-BT4-unsplash.csv,13044,.csv
FaceNet_512_features/male/asian/joseph-gonzalez-iFgRcqHznqg-unsplash.csv,13061,.csv
FaceNet_512_features/male/asian/juan-encalada-WC7KIHo13Fc-unsplash.csv,13044,.csv
FaceNet_512_features/male/asian/kahar-erbol-ifl-af6d_0c-unsplash.csv,13066,.csv
FaceNet_512_features/male/asian/kaylyn-mok-VoO6z6Ffx0I-unsplash.csv,13037,.csv
FaceNet_512_features/male/asian/landovan-4aSkbR8Kdwk-unsplash.csv,13060,.csv
FaceNet_512_features/male/asian/lars-zhang-Emvn9asFvPw-unsplash.csv,13050,.csv
FaceNet_512_features/male/asian/lars-zhang-jVmrOAO4hZ0-unsplash.csv,13049,.csv
FaceNet_512_features/male/asian/leo-sagala-ImCWS7xydLY-unsplash.csv,13049,.csv
FaceNet_512_features/male/asian/lex-faure-u4yvBG2wU30-unsplash.csv,13073,.csv
FaceNet_512_features/male/asian/liam-martens-W3ANdzEvdZE-unsplash.csv,13050,.csv
FaceNet_512_features/male/asian/long-truong-kVNadxWFsGM-unsplash.csv,13045,.csv
FaceNet_512_features/male/asian/man-2702805_1920.csv,13067,.csv
FaceNet_512_features/male/asian/man-537136_1920.csv,13037,.csv
FaceNet_512_features/male/asian/mark-decile-6K_081J_d5A-unsplash.csv,13032,.csv
FaceNet_512_features/male/asian/marsha-dhita-uHIN59WI_zc-unsplash.csv,13054,.csv
FaceNet_512_features/male/asian/mason-wilkes-TMgQMXoglsM-unsplash.csv,13023,.csv
FaceNet_512_features/male/asian/mathieu-neuilly-BTBAoU_taRU-unsplash.csv,13045,.csv
FaceNet_512_features/male/asian/md-duran-CY6HTDht5FI-unsplash.csv,13048,.csv
FaceNet_512_features/male/asian/model-2911332_1920.csv,13052,.csv
FaceNet_512_features/male/asian/model-2911363_1920.csv,13040,.csv
FaceNet_512_features/male/asian/monk-186094_1920.csv,13052,.csv
FaceNet_512_features/male/asian/nathan-dumlao-woZEuvPV3to-unsplash.csv,13078,.csv
FaceNet_512_features/male/asian/national-cancer-institute-kooSjlL8LnQ-unsplash.csv,13058,.csv
FaceNet_512_features/male/asian/niklas-veenhuis-wMlBf99Uyss-unsplash.csv,13060,.csv
FaceNet_512_features/male/asian/old-man-971889_1920.csv,13079,.csv
FaceNet_512_features/male/asian/parents-2305916_1920.csv,13044,.csv
FaceNet_512_features/male/asian/people-1731137_1920.csv,13048,.csv
FaceNet_512_features/male/asian/pexels-andrea-piacquadio-3761521.csv,13046,.csv
FaceNet_512_features/male/asian/pexels-ba-phi-1182128.csv,13028,.csv
FaceNet_512_features/male/asian/pexels-ba-phi-1339536.csv,13041,.csv
FaceNet_512_features/male/asian/pexels-ba-phi-1752126.csv,13045,.csv
FaceNet_512_features/male/asian/pexels-chevanon-photography-2421934.csv,13052,.csv
FaceNet_512_features/male/asian/pexels-cottonbro-5319510.csv,13037,.csv
FaceNet_512_features/male/asian/pexels-cottonbro-5529905.csv,13049,.csv
FaceNet_512_features/male/asian/pexels-cottonbro-5532846.csv,13049,.csv
FaceNet_512_features/male/asian/pexels-david-yu-3136182.csv,13056,.csv
FaceNet_512_features/male/asian/pexels-dellon-thomas-3674248.csv,13061,.csv
FaceNet_512_features/male/asian/pexels-gabby-k-5384445.csv,13041,.csv
FaceNet_512_features/male/asian/pexels-gatot-adri-2693621.csv,13055,.csv
FaceNet_512_features/male/asian/pexels-gaurav-ranjitkar-4095473.csv,13054,.csv
FaceNet_512_features/male/asian/pexels-griffin-wooldridge-3970083.csv,13051,.csv
FaceNet_512_features/male/asian/pexels-gustav-lundborg-2007119.csv,13054,.csv
FaceNet_512_features/male/asian/pexels-hoang-gia-huy-6465256.csv,13036,.csv
FaceNet_512_features/male/asian/pexels-jameson-mallari-atenta-2872703.csv,13043,.csv
FaceNet_512_features/male/asian/pexels-jameson-mallari-atenta-3008355.csv,13027,.csv
FaceNet_512_features/male/asian/pexels-jermaine-ulinwa-3289153.csv,13053,.csv
FaceNet_512_features/male/asian/pexels-joen-nguyen-2599510.csv,13045,.csv
FaceNet_512_features/male/asian/pexels-juan-n-gomez-2589650.csv,13042,.csv
FaceNet_512_features/male/asian/pexels-kaniseeyapose-2751061.csv,13041,.csv
FaceNet_512_features/male/asian/pexels-ketut-subiyanto-4473405.csv,13040,.csv
FaceNet_512_features/male/asian/pexels-luc-marshall-1671396.csv,13041,.csv
FaceNet_512_features/male/asian/pexels-luthfi-ramaditya-1747178.csv,13051,.csv
FaceNet_512_features/male/asian/pexels-min-an-1153351.csv,13055,.csv
FaceNet_512_features/male/asian/pexels-min-an-1157461.csv,13046,.csv
FaceNet_512_features/male/asian/pexels-min-an-751204.csv,13042,.csv
FaceNet_512_features/male/asian/pexels-min-an-752802.csv,13051,.csv
FaceNet_512_features/male/asian/pexels-min-an-898768.csv,13058,.csv
FaceNet_512_features/male/asian/pexels-min-an-991217.csv,13032,.csv
FaceNet_512_features/male/asian/pexels-padli-pradana-3751857.csv,13048,.csv
FaceNet_512_features/male/asian/pexels-raul-reynoso-1578531.csv,13043,.csv
FaceNet_512_features/male/asian/pexels-satyabrata-das-6605720.csv,13055,.csv
FaceNet_512_features/male/asian/pexels-saul-joseph-2846602.csv,13052,.csv
FaceNet_512_features/male/asian/pexels-sigit-hidayat-1767557.csv,13052,.csv
FaceNet_512_features/male/asian/pexels-streetwindy-4055355.csv,13038,.csv
FaceNet_512_features/male/asian/pexels-sultan-raimosan-6125903.csv,13065,.csv
FaceNet_512_features/male/asian/pexels-zorro-zombie-1261998.csv,13052,.csv
FaceNet_512_features/male/asian/portrait-3756873_1920.csv,13053,.csv
FaceNet_512_features/male/asian/raphiell-alfaridzy-ME-7JcPzt80-unsplash.csv,13064,.csv
FaceNet_512_features/male/asian/raphiell-alfaridzy-jagYILIMvxw-unsplash.csv,13067,.csv
FaceNet_512_features/male/asian/sane-sodbayar-KhrbDMmnF8I-unsplash.csv,13051,.csv
FaceNet_512_features/male/asian/sane-sodbayar-Pew-AwCKoZU-unsplash.csv,13057,.csv
FaceNet_512_features/male/asian/sarad-shrestha-i1okjBPfPlY-unsplash.csv,13064,.csv
FaceNet_512_features/male/asian/simon-marsault-ZNaL-IDTbZc-unsplash.csv,13033,.csv
FaceNet_512_features/male/asian/sport-1815798_1920.csv,13026,.csv
FaceNet_512_features/male/asian/stand-alone-1686740_1920.csv,13057,.csv
FaceNet_512_features/male/asian/staring-3547110_1920.csv,13054,.csv
FaceNet_512_features/male/asian/stephanie-nakagawa-ADSKIn0ScDg-unsplash.csv,13049,.csv
FaceNet_512_features/male/asian/sung-wang-g4DgCF90EM4-unsplash.csv,13058,.csv
FaceNet_512_features/male/asian/tanjir-ahmed-chowdhury-rXyJjeDdWVk-unsplash.csv,13059,.csv
FaceNet_512_features/male/asian/teeth-977208_1920.csv,13061,.csv
FaceNet_512_features/male/asian/thabang-madnsela-nwYas4Usbac-unsplash.csv,13050,.csv
FaceNet_512_features/male/asian/the-landscape-3245475_1920.csv,13054,.csv
FaceNet_512_features/male/asian/tran-thanh-uOyRSCT0O10-unsplash.csv,13045,.csv
FaceNet_512_features/male/asian/wells-chan-SDZvNIBjkx0-unsplash.csv,13039,.csv
FaceNet_512_features/male/asian/xu-duo-gobC9sSIXc4-unsplash.csv,13045,.csv
FaceNet_512_features/male/asian/yang-deng-C4bZ_42MAYA-unsplash.csv,13040,.csv
FaceNet_512_features/male/black/114.csv,13082,.csv
FaceNet_512_features/male/black/124.csv,13067,.csv
FaceNet_512_features/male/black/african-american-1436661_1920.csv,13067,.csv
FaceNet_512_features/male/black/african-american-2751286_1920.csv,13071,.csv
FaceNet_512_features/male/black/alekon-pictures-iaoYtl50cVk-unsplash.csv,13064,.csv
FaceNet_512_features/male/black/alekzan-powell-5t5krHi1LQ8-unsplash.csv,13075,.csv
FaceNet_512_features/male/black/alex-robinson-AGr13YPOPqw-unsplash.csv,13065,.csv
FaceNet_512_features/male/black/alex-ware-Paf7eZ_DD9A-unsplash.csv,13047,.csv
FaceNet_512_features/male/black/alieza-rizvie-RhYNbSQlxSY-unsplash.csv,13067,.csv
FaceNet_512_features/male/black/angry-boy-3740043_1920.csv,13076,.csv
FaceNet_512_features/male/black/annie-spratt-QdK6aujOLYs-unsplash.csv,13045,.csv
FaceNet_512_features/male/black/awab-husameldin-4CxTSNe_8Qk-unsplash.csv,13087,.csv
FaceNet_512_features/male/black/beard-1834429_1920.csv,13075,.csv
FaceNet_512_features/male/black/belinda-fewings-ci0IbJuBsfg-unsplash.csv,13067,.csv
FaceNet_512_features/male/black/black-man-4699505_1920.csv,13046,.csv
FaceNet_512_features/male/black/black-professional-4334648_1920.csv,13060,.csv
FaceNet_512_features/male/black/brian-lundquist-3_WZlLre0rY-unsplash.csv,13062,.csv
FaceNet_512_features/male/black/brian-lundquist-8KRgRFWUwws-unsplash.csv,13072,.csv
FaceNet_512_features/male/black/brian-lundquist-bf6ZtR545rU-unsplash.csv,13071,.csv
FaceNet_512_features/male/black/brian-lundquist-oqfSpGiS42w-unsplash.csv,13068,.csv
FaceNet_512_features/male/black/britain-eriksen-Qz_xqGsshWU-unsplash.csv,13059,.csv
FaceNet_512_features/male/black/brock-wegner-obKMefpXRE4-unsplash.csv,13070,.csv
FaceNet_512_features/male/black/charisse-kenion-Na2b9JIVsIU-unsplash.csv,13067,.csv
FaceNet_512_features/male/black/charles-etoroma-95UF6LXe-Lo-unsplash.csv,13063,.csv
FaceNet_512_features/male/black/christian-lunde-v-dd__G7g7k-unsplash.csv,13080,.csv
FaceNet_512_features/male/black/clem-onojeghuo-1qyw0De2XC8-unsplash.csv,13072,.csv
FaceNet_512_features/male/black/clem-onojeghuo-9y8HtS6Voi0-unsplash.csv,13060,.csv
FaceNet_512_features/male/black/clem-onojeghuo-f1_w7Wrnabg-unsplash.csv,13065,.csv
FaceNet_512_features/male/black/close-up-1868524_1920.csv,13073,.csv
FaceNet_512_features/male/black/curtis-powell-3mMvCsW6ZYs-unsplash.csv,13076,.csv
FaceNet_512_features/male/black/danny-protas-FK_07CcGRwY-unsplash.csv,13065,.csv
FaceNet_512_features/male/black/david-rotimi-6hGIMs-TOYU-unsplash.csv,13070,.csv
FaceNet_512_features/male/black/david-todd-mccarty-NXlQ2PnzMGg-unsplash.csv,13074,.csv
FaceNet_512_features/male/black/demorris-byrd-ORLHeCxK3xA-unsplash.csv,13065,.csv
FaceNet_512_features/male/black/divine-effiong-_e8yPP3C9n0-unsplash.csv,13061,.csv
FaceNet_512_features/male/black/dominique-jordan-JSRmthCownc-unsplash.csv,13062,.csv
FaceNet_512_features/male/black/dominique-jordan-cYgNxkwCEoI-unsplash.csv,13057,.csv
FaceNet_512_features/male/black/dorrell-tibbs-GntSiIMHyVM-unsplash.csv,13080,.csv
FaceNet_512_features/male/black/dorrell-tibbs-gisFZKWpKQ4-unsplash.csv,13076,.csv
FaceNet_512_features/male/black/ebuka-nwaju-erV_cqnFrOM-unsplash.csv,13062,.csv
FaceNet_512_features/male/black/elizeu-dias-2EGNqazbAMk-unsplash.csv,13067,.csv
FaceNet_512_features/male/black/esteban-castle-FULkoZ989E4-unsplash.csv,13054,.csv
FaceNet_512_features/male/black/filipp-romanovskij-H4q-AEA02rY-unsplash.csv,13042,.csv
FaceNet_512_features/male/black/fitness-465202_1920.csv,13050,.csv
FaceNet_512_features/male/black/gift-habeshaw-KBv5dEN3QtY-unsplash(1).csv,13070,.csv
FaceNet_512_features/male/black/gift-habeshaw-KBv5dEN3QtY-unsplash(2).csv,13070,.csv
FaceNet_512_features/male/black/guy-615808_1920.csv,13060,.csv
FaceNet_512_features/male/black/guy11.csv,13050,.csv
FaceNet_512_features/male/black/guy6.csv,13067,.csv
FaceNet_512_features/male/black/humphrey-muleba-72QxUqXuXz8-unsplash.csv,13068,.csv
FaceNet_512_features/male/black/hunter-newton-7eTWaJ4Ex8I-unsplash.csv,13084,.csv
FaceNet_512_features/male/black/jassir-jonis-QWa0TIUW638-unsplash.csv,13064,.csv
FaceNet_512_features/male/black/jay-mullings-DXlXiFDNPRs-unsplash.csv,13062,.csv
FaceNet_512_features/male/black/joshua-rodriguez-3H4PToAVncA-unsplash.csv,13074,.csv
FaceNet_512_features/male/black/julian-myles-Izg_qfON0ao-unsplash.csv,13059,.csv
FaceNet_512_features/male/black/kareem-hayes-R1t3IQhYTqE-unsplash.csv,13068,.csv
FaceNet_512_features/male/black/karsten-winegeart-JfN0kpooAyw-unsplash.csv,13073,.csv
FaceNet_512_features/male/black/karsten-winegeart-p5dIUQFbme4-unsplash.csv,13081,.csv
FaceNet_512_features/male/black/karsten-winegeart-uvMNz3ZS8J0-unsplash.csv,13077,.csv
FaceNet_512_features/male/black/keitravis-squire-0YgjYyptKlU-unsplash.csv,13073,.csv
FaceNet_512_features/male/black/khloe-arledge-nGkC7RhVzGU-unsplash.csv,13068,.csv
FaceNet_512_features/male/black/lari-avn-oZPHLlcyGb8-unsplash.csv,13078,.csv
FaceNet_512_features/male/black/larry-crayton-Jt0fZKDmNFM-unsplash.csv,13083,.csv
FaceNet_512_features/male/black/leilani-angel-K84vnnzxmTQ-unsplash.csv,13069,.csv
FaceNet_512_features/male/black/look-4780865_1920.csv,13051,.csv
FaceNet_512_features/male/black/luke-2373974_1920.csv,13073,.csv
FaceNet_512_features/male/black/maatla-seetelo-RdjeaWx3n70-unsplash.csv,13073,.csv
FaceNet_512_features/male/black/male-1905388_1920.csv,13084,.csv
FaceNet_512_features/male/black/male-4948673_1920.csv,13097,.csv
FaceNet_512_features/male/black/man-2590836_1920.csv,13060,.csv
FaceNet_512_features/male/black/man-2607437_1920.csv,13067,.csv
FaceNet_512_features/male/black/man-4345079_1920.csv,13082,.csv
FaceNet_512_features/male/black/man-4539035_1920.csv,13057,.csv
FaceNet_512_features/male/black/man-4568762_1920.csv,13061,.csv
FaceNet_512_features/male/black/man-5937492_1920.csv,13061,.csv
FaceNet_512_features/male/black/man-984217_1920.csv,13061,.csv
FaceNet_512_features/male/black/manny-moreno-ajhtGO4Cs7g-unsplash.csv,13078,.csv
FaceNet_512_features/male/black/marie-michele-bouchard-bEZQWH49daU-unsplash.csv,13067,.csv
FaceNet_512_features/male/black/mbusowethu-radebe-CS2uCrpNzJY-unsplash.csv,13061,.csv
FaceNet_512_features/male/black/melodie-descoubes-o6siGr9lrwM-unsplash.csv,13084,.csv
FaceNet_512_features/male/black/mohammad-faruque-SpIKPT8zeAs-unsplash.csv,13076,.csv
FaceNet_512_features/male/black/morgan-vander-hart-GVB-E8mr4Xk-unsplash.csv,13061,.csv
FaceNet_512_features/male/black/mubarak-show-Ve7xjKImd28-unsplash.csv,13069,.csv
FaceNet_512_features/male/black/nico-marks-mFcc5b_t74Q-unsplash.csv,13085,.csv
FaceNet_512_features/male/black/oladimeji-odunsi-g8bZKBcGnaU-unsplash.csv,13082,.csv
FaceNet_512_features/male/black/osheen-turnbull-sU0IT6W8KaU-unsplash.csv,13057,.csv
FaceNet_512_features/male/black/payton-tuttle-n_RdRxH_7h4-unspla.csv,13065,.csv
FaceNet_512_features/male/black/people-3247352_1920.csv,13072,.csv
FaceNet_512_features/male/black/person-801789_1920.csv,13073,.csv
FaceNet_512_features/male/black/pexels-alex-green-5699771.csv,13083,.csv
FaceNet_512_features/male/black/pexels-areous-ahmad-2122949.csv,13059,.csv
FaceNet_512_features/male/black/pexels-bestbe-models-2282520.csv,13064,.csv
FaceNet_512_features/male/black/pexels-blac-bear-3805873.csv,13054,.csv
FaceNet_512_features/male/black/pexels-c-technical-6612112.csv,13085,.csv
FaceNet_512_features/male/black/pexels-cottonbro-6616672.csv,13074,.csv
FaceNet_512_features/male/black/pexels-cottonbro-6616674.csv,13069,.csv
FaceNet_512_features/male/black/pexels-cottonbro-6626360.csv,13058,.csv
FaceNet_512_features/male/black/pexels-cottonbro-6626903.csv,13083,.csv
FaceNet_512_features/male/black/pexels-dellon-thomas-1405963.csv,13072,.csv
FaceNet_512_features/male/black/pexels-dellon-thomas-2474307.csv,13059,.csv
FaceNet_512_features/male/black/pexels-george-ikwegbu-2379429.csv,13066,.csv
FaceNet_512_features/male/black/pexels-jan-valle-4061161.csv,13062,.csv
FaceNet_512_features/male/black/pexels-kampus-production-5940858.csv,13067,.csv
FaceNet_512_features/male/black/pexels-katerina-holmes-5905497.csv,13059,.csv
FaceNet_512_features/male/black/pexels-kenex-media-sa-6573686.csv,13071,.csv
FaceNet_512_features/male/black/pexels-kyle-woods-4022812.csv,13071,.csv
FaceNet_512_features/male/black/pexels-luiz-fernando-3021593.csv,13045,.csv
FaceNet_512_features/male/black/pexels-macharia-edson-2914149.csv,13073,.csv
FaceNet_512_features/male/black/pexels-marcelo-chagas-2121531.csv,13050,.csv
FaceNet_512_features/male/black/pexels-marcelo-chagas-2291012.csv,13053,.csv
FaceNet_512_features/male/black/pexels-moh-mckenzie-3597035.csv,13054,.csv
FaceNet_512_features/male/black/pexels-mwabonje-2096476.csv,13076,.csv
FaceNet_512_features/male/black/pexels-nappy-935969.csv,13082,.csv
FaceNet_512_features/male/black/pexels-nappy-936117.csv,13066,.csv
FaceNet_512_features/male/black/pexels-nappy-936119.csv,13068,.csv
FaceNet_512_features/male/black/pexels-natasha-lois-4689910.csv,13066,.csv
FaceNet_512_features/male/black/pexels-nesto-1676213.csv,13083,.csv
FaceNet_512_features/male/black/pexels-oladimeji-ajegbile-2650090.csv,13060,.csv
FaceNet_512_features/male/black/pexels-ono-kosuki-5648108.csv,13072,.csv
FaceNet_512_features/male/black/pexels-rafael-freire-5714735.csv,13077,.csv
FaceNet_512_features/male/black/pexels-rodney-gainous-jr-2719416.csv,13072,.csv
FaceNet_512_features/male/black/pexels-ryutaro-tsukata-6249088.csv,13075,.csv
FaceNet_512_features/male/black/pexels-spencer-selover-428333.csv,13066,.csv
FaceNet_512_features/male/black/pexels-teddy-joseph-2955375.csv,13049,.csv
FaceNet_512_features/male/black/pexels-tom-leishman-5255326.csv,13065,.csv
FaceNet_512_features/male/black/pexels-zack-jarosz-2024901.csv,13078,.csv
FaceNet_512_features/male/black/philip-martin-5aGUyCW_PJw-unsplash.csv,13073,.csv
FaceNet_512_features/male/black/portrait-3275985_1920.csv,13070,.csv
FaceNet_512_features/male/black/prince-akachi-4Yv84VgQkRM-unsplash.csv,13055,.csv
FaceNet_512_features/male/black/prince-akachi-s6tVlDVKz38-unsplash.csv,13062,.csv
FaceNet_512_features/male/black/raphael-nast-x1od0bnYmIw-unsplash.csv,13084,.csv
FaceNet_512_features/male/black/rui-silvestre-hAMJpesMeDE-unsplash.csv,13072,.csv
FaceNet_512_features/male/black/samuel-aboh-NGVBWmvmSHI-unsplash.csv,13073,.csv
FaceNet_512_features/male/black/seni-oremodu-A7UFsx5NZMY-unsplash.csv,13077,.csv
FaceNet_512_features/male/black/sexy-man-3414909_1920.csv,13078,.csv
FaceNet_512_features/male/black/smiling-businessman-4455090_1920.csv,13054,.csv
FaceNet_512_features/male/black/steven-jones-JSXZnudXhXk-unsplash.csv,13085,.csv
FaceNet_512_features/male/black/steward-masweneng-IvaGYGAX3jI-unsplash.csv,13061,.csv
FaceNet_512_features/male/black/streegar-bORAYzcoJ8A-unsplash.csv,13060,.csv
FaceNet_512_features/male/black/sudanese-2895751_1920.csv,13058,.csv
FaceNet_512_features/male/black/tanaka-pendeke-iHfBBeiAVCE-unsplash.csv,13083,.csv
FaceNet_512_features/male/black/taylor-wright-XLqe-qr2OK8-unsplash.csv,13069,.csv
FaceNet_512_features/male/black/temitope-olukayode-bNl3lzD0LpU-unsplash.csv,13051,.csv
FaceNet_512_features/male/black/timothy-barlin-2BJwlRZaR5M-unsplash.csv,13066,.csv
FaceNet_512_features/male/black/tobi-oshinnaike-Z7MKNGFnbOw-unsplash.csv,13053,.csv
FaceNet_512_features/male/black/tobias-nii-kwatei-quartey-RVa0FzYg9WE-unsplash.csv,13075,.csv
FaceNet_512_features/male/black/wilfried-vowoto-QlRYZr7CNxg-unsplash.csv,13084,.csv
FaceNet_512_features/male/black/young-man-3366016_1920.csv,13058,.csv
FaceNet_512_features/male/black/zach-vessels-5ia9JBnlLp0-unsplash(1).csv,13068,.csv
FaceNet_512_features/male/black/zach-vessels-s6JfKHyLKDw-unsplash.csv,13049,.csv
FaceNet_512_features/male/caucasian/0.csv,13052,.csv
FaceNet_512_features/male/caucasian/111.csv,13042,.csv
FaceNet_512_features/male/caucasian/113.csv,13075,.csv
FaceNet_512_features/male/caucasian/117.csv,13054,.csv
FaceNet_512_features/male/caucasian/119.csv,13020,.csv
FaceNet_512_features/male/caucasian/120.csv,13056,.csv
FaceNet_512_features/male/caucasian/122.csv,13063,.csv
FaceNet_512_features/male/caucasian/126.csv,13048,.csv
FaceNet_512_features/male/caucasian/127.csv,13052,.csv
FaceNet_512_features/male/caucasian/130.csv,13050,.csv
FaceNet_512_features/male/caucasian/133.csv,13043,.csv
FaceNet_512_features/male/caucasian/136.csv,13042,.csv
FaceNet_512_features/male/caucasian/138.csv,13033,.csv
FaceNet_512_features/male/caucasian/140.csv,13064,.csv
FaceNet_512_features/male/caucasian/142.csv,13060,.csv
FaceNet_512_features/male/caucasian/143.csv,13049,.csv
FaceNet_512_features/male/caucasian/aiony-haust-ybd0faxFuHE-unsplash.csv,13047,.csv
FaceNet_512_features/male/caucasian/aldo-delara-3_Si7AS2iA4-unsplash.csv,13056,.csv
FaceNet_512_features/male/caucasian/alex-brisbey-1tVmD_KJZxo-unsplash.csv,13067,.csv
FaceNet_512_features/male/caucasian/alex-sheldon-j1WRSUj5QI0-unsplash.csv,13063,.csv
FaceNet_512_features/male/caucasian/alex_rainer-O4f4caX_H3g-unsplash.csv,13058,.csv
FaceNet_512_features/male/caucasian/alexander-jawfox-BdfMdaTWGLU-unsplash.csv,13044,.csv
FaceNet_512_features/male/caucasian/alfred-kenneally-JwzpdmSYIDc-unsplash.csv,13049,.csv
FaceNet_512_features/male/caucasian/ali-morshedlou-WMD64tMfc4k-unsplash.csv,13041,.csv
FaceNet_512_features/male/caucasian/alyssa-graham-Rg0ul-v4d0A-unsplash.csv,13065,.csv
FaceNet_512_features/male/caucasian/anastasia-vityukova-0jSd5XW58Ak-unsplash.csv,13039,.csv
FaceNet_512_features/male/caucasian/andre-sebastian-C2Nf5iPOnz0-unsplash.csv,13068,.csv
FaceNet_512_features/male/caucasian/andreea-pop-bTVliFTsdHI-unsplash.csv,13052,.csv
FaceNet_512_features/male/caucasian/andrew-lancaster--rRZ_vlrawE-unsplash.csv,13077,.csv
FaceNet_512_features/male/caucasian/andriyko-podilnyk-S8ufy2IyFnM-unsplash.csv,13046,.csv
FaceNet_512_features/male/caucasian/angelika-agibalova-06Bl5S7tySM-unsplash.csv,13035,.csv
FaceNet_512_features/male/caucasian/angelo-abear-l1AXPSU_W9M-unsplash.csv,13076,.csv
FaceNet_512_features/male/caucasian/application-1934972_1920.csv,13033,.csv
FaceNet_512_features/male/caucasian/artemy-pyankov-rshCkwcpZXw-unsplash.csv,13034,.csv
FaceNet_512_features/male/caucasian/ashkan-forouzani-ldkvWj0lrqk-unsplash.csv,13044,.csv
FaceNet_512_features/male/caucasian/augustin-de-montesquiou-neVX_NUKeLQ-unsplash.csv,13052,.csv
FaceNet_512_features/male/caucasian/austin-distel-7bMdiIqz_J4-unsplash.csv,13027,.csv
FaceNet_512_features/male/caucasian/austin-human-Ec7cHN7ofi0-unsplash.csv,13059,.csv
FaceNet_512_features/male/caucasian/austin-wade-X6Uj51n5CE8-unsplash.csv,13050,.csv
FaceNet_512_features/male/caucasian/bannon-morrissy-RxiAV5LC-ww-unsplash.csv,13054,.csv
FaceNet_512_features/male/caucasian/bantersnaps-mtsb-bCvrBY-unsplash.csv,13060,.csv
FaceNet_512_features/male/caucasian/beard-1845166_1920.csv,13052,.csv
FaceNet_512_features/male/caucasian/beard-4136705_1920.csv,13070,.csv
FaceNet_512_features/male/caucasian/beard-4205158_1920.csv,13047,.csv
FaceNet_512_features/male/caucasian/beautiful-3027662_1920.csv,13065,.csv
FaceNet_512_features/male/caucasian/benjamin-klaver-9oZc8FXHVAQ-unsplash.csv,13053,.csv
FaceNet_512_features/male/caucasian/big-dodzy-MxXdQOvU6ic-unsplash.csv,13046,.csv
FaceNet_512_features/male/caucasian/black-2178681_1920.csv,13039,.csv
FaceNet_512_features/male/caucasian/black-and-white-4387130_1920.csv,13044,.csv
FaceNet_512_features/male/caucasian/boy-1185446_1920.csv,13043,.csv
FaceNet_512_features/male/caucasian/boy-2145113_1920.csv,13042,.csv
FaceNet_512_features/male/caucasian/boy-2301660_1920.csv,13034,.csv
FaceNet_512_features/male/caucasian/boy-2420289_1920.csv,13023,.csv
FaceNet_512_features/male/caucasian/boy-2691494_1920.csv,13050,.csv
FaceNet_512_features/male/caucasian/boy-2736655_1920.csv,13051,.csv
FaceNet_512_features/male/caucasian/boy-3008920_1920.csv,13051,.csv
FaceNet_512_features/male/caucasian/boy-3028416_1920.csv,13059,.csv
FaceNet_512_features/male/caucasian/boy-3562120_1920.csv,13036,.csv
FaceNet_512_features/male/caucasian/boy-3566903_1920.csv,13033,.csv
FaceNet_512_features/male/caucasian/boy-508524_1920.csv,13044,.csv
FaceNet_512_features/male/caucasian/brazil-1368806_1920.csv,13044,.csv
FaceNet_512_features/male/caucasian/brendan-hollis-A6Bv1AD8F5U-unsplash.csv,13045,.csv
FaceNet_512_features/male/caucasian/brett-952579_1920.csv,13040,.csv
FaceNet_512_features/male/caucasian/brittany-bendabout-dxSOJGYFJ6Y-unsplash.csv,13048,.csv
FaceNet_512_features/male/caucasian/bruno-bucar-BGcjf5DzK_8-unsplash.csv,13055,.csv
FaceNet_512_features/male/caucasian/business-1323472_1920.csv,13044,.csv
FaceNet_512_features/male/caucasian/cade-renfroe-V0U3m342g1Y-unsplash.csv,13058,.csv
FaceNet_512_features/male/caucasian/carlos-andres-gomez-GpxY8FOpPGg-unsplash.csv,13044,.csv
FaceNet_512_features/male/caucasian/carlos-macias-UWRTZRwPLyg-unsplash.csv,13056,.csv
FaceNet_512_features/male/caucasian/chalo-garcia-2mWKL_I70qk-unsplash.csv,13036,.csv
FaceNet_512_features/male/caucasian/charisse-kenion-bYxVLLifeIc-unsplash.csv,13059,.csv
FaceNet_512_features/male/caucasian/charles-buchler-C6-GjBAOtZc-unsplash.csv,13080,.csv
FaceNet_512_features/male/caucasian/chase-jiggliemon-wilson-tu_uBj2_oTQ-unsplash.csv,13058,.csv
FaceNet_512_features/male/caucasian/christian-buehner-rzXvU-H0u6U-unsplash.csv,13078,.csv
FaceNet_512_features/male/caucasian/christopher-campbell-hWMEo_qqz5M-unsplash.csv,13036,.csv
FaceNet_512_features/male/caucasian/christopher-campbell-i4OHxtxiMtk-unsplash.csv,13028,.csv
FaceNet_512_features/male/caucasian/christopher-campbell-jxWFbUqNEOM-unsplash.csv,13040,.csv
FaceNet_512_features/male/caucasian/cleyton-ewerton-U_z1WoDoISA-unsplash.csv,13040,.csv
FaceNet_512_features/male/caucasian/clint-mckoy-_J2JFRHLijI-unsplash.csv,13060,.csv
FaceNet_512_features/male/caucasian/cobro-vfidsFiK-lM-unsplash.csv,13036,.csv
FaceNet_512_features/male/caucasian/cody-chan-TeAj27VRKzg-unsplash.csv,13055,.csv
FaceNet_512_features/male/caucasian/coney-island-4488742_1920.csv,13048,.csv
FaceNet_512_features/male/caucasian/conor-sexton-BBhY-e1XsT0-unsplash.csv,13066,.csv
FaceNet_512_features/male/caucasian/couple-1719683_1920.csv,13054,.csv
FaceNet_512_features/male/caucasian/cowboy-67630_1920.csv,13064,.csv
FaceNet_512_features/male/caucasian/creating-a-brand-qF-W8_oNHzE-unsplash.csv,13055,.csv
FaceNet_512_features/male/caucasian/creating-a-brand-xcQWU0Eff-U-unsplash.csv,13048,.csv
FaceNet_512_features/male/caucasian/damir-spanic-I4EV0N4kpCU-unsplash.csv,13057,.csv
FaceNet_512_features/male/caucasian/damir-spanic-rHDK3UU7HUw-unsplash.csv,13054,.csv
FaceNet_512_features/male/caucasian/dane-wetton-vzticETKMYU-unsplash.csv,13059,.csv
FaceNet_512_features/male/caucasian/dane-wetton-vzticETKMYU-unsplash1.csv,13059,.csv
FaceNet_512_features/male/caucasian/daniel-lincoln--zhQtP1eUdE-unsplash.csv,13060,.csv
FaceNet_512_features/male/caucasian/daniel-logchies-N_ugHGVjIbc-unsplash.csv,13031,.csv
FaceNet_512_features/male/caucasian/daniil-onischenko-_J2fMaieLSM-unsplash.csv,13046,.csv
FaceNet_512_features/male/caucasian/derek-owens-YCbJCM249KE-unsplash.csv,13048,.csv
FaceNet_512_features/male/caucasian/derick-mckinney-243Q39DzM3M-unsplash.csv,13050,.csv
FaceNet_512_features/male/caucasian/derick-mckinney-bBuUjB98PPY-unsplash.csv,13036,.csv
FaceNet_512_features/male/caucasian/derick-mckinney-eyFbjKWlR2g-unsplash.csv,13081,.csv
FaceNet_512_features/male/caucasian/diego-sanchez--1cYDFE5-Lo-unsplash.csv,13049,.csv
FaceNet_512_features/male/caucasian/dima-dallacqua-4c23dXiYPhc-unsplash.csv,13046,.csv
FaceNet_512_features/male/caucasian/dima-dallacqua-NzBr-Vy_e8M-unsplash.csv,13044,.csv
FaceNet_512_features/male/caucasian/dmitry-vechorko-E9PFbdhZmus-unsplash.csv,13048,.csv
FaceNet_512_features/male/caucasian/dubai-1972702_1920.csv,13069,.csv
FaceNet_512_features/male/caucasian/duman-photography-GvvtE31b0JI-unsplash.csv,13051,.csv
FaceNet_512_features/male/caucasian/edwin-ashitendoh-Ss9zJmj4G70-unsplash.csv,13073,.csv
FaceNet_512_features/male/caucasian/elijah-hiett-m7bRe_XS7BY-unsplash.csv,13053,.csv
FaceNet_512_features/male/caucasian/elijah-hiett-vAVGdV1oklQ-unsplash.csv,13057,.csv
FaceNet_512_features/male/caucasian/elizeu-dias-BiwrbstAhOI-unsplash.csv,13058,.csv
FaceNet_512_features/male/caucasian/elvis-ray-tbSiO437eDY-unsplash.csv,13047,.csv
FaceNet_512_features/male/caucasian/emiliano-vittoriosi-fIM5oAdHAxE-unsplash.csv,13050,.csv
FaceNet_512_features/male/caucasian/emrecan-arik-apJKb2Js_Vg-unsplash.csv,13040,.csv
FaceNet_512_features/male/caucasian/entrepreneurship-3498256_1920.csv,13057,.csv
FaceNet_512_features/male/caucasian/eric-karim-cornelis-b3oyT44E3LE-unsplash.csv,13042,.csv
FaceNet_512_features/male/caucasian/erik-mclean-06vpBIHmiYc-unsplash.csv,13063,.csv
FaceNet_512_features/male/caucasian/erik-mclean-8YbkDZwLx70-unsplash.csv,13063,.csv
FaceNet_512_features/male/caucasian/erik-mclean-seybbgI9-4k-unsplash.csv,13067,.csv
FaceNet_512_features/male/caucasian/esvan-UvgK58_MU9c-unsplash(1).csv,13040,.csv
FaceNet_512_features/male/caucasian/fabio-henning-m6A7X_C8Jq4-unsplash.csv,13063,.csv
FaceNet_512_features/male/caucasian/fabio-henning-vnTk1yaRgzg-unsplash.csv,13055,.csv
FaceNet_512_features/male/caucasian/fabio-lucas-LFqkME0ZlY8-unsplash.csv,13067,.csv
FaceNet_512_features/male/caucasian/fabio-scaletta-yhKc2M6Z500-unsplash.csv,13045,.csv
FaceNet_512_features/male/caucasian/face-2171923_1920.csv,13059,.csv
FaceNet_512_features/male/caucasian/fashion-1866574_1920.csv,13029,.csv
FaceNet_512_features/male/caucasian/fashion-2082066_1920.csv,13038,.csv
FaceNet_512_features/male/caucasian/felea-emanuel-Pv5y8bab5L4-unsplash.csv,13044,.csv
FaceNet_512_features/male/caucasian/foto-sushi-6anudmpILw4-unsplash.csv,13062,.csv
FaceNet_512_features/male/caucasian/g_11.csv,13018,.csv
FaceNet_512_features/male/caucasian/g_14.csv,13049,.csv
FaceNet_512_features/male/caucasian/g_3.csv,13037,.csv
FaceNet_512_features/male/caucasian/g_6.csv,13051,.csv
FaceNet_512_features/male/caucasian/g_8.csv,13039,.csv
FaceNet_512_features/male/caucasian/gabe-pierce-cZ_RjozBNPM-unsplash.csv,13048,.csv
FaceNet_512_features/male/caucasian/georgy-trofimov-rowvvDUAs5M-unsplash.csv,13034,.csv
FaceNet_512_features/male/caucasian/gregory-buzdyk-bdbC8RlXSUU-unsplash (1).csv,13043,.csv
FaceNet_512_features/male/caucasian/guy-1079623_1920.csv,13053,.csv
FaceNet_512_features/male/caucasian/guy-1266366_1920.csv,13049,.csv
FaceNet_512_features/male/caucasian/guy-3608788_1920.csv,13045,.csv
FaceNet_512_features/male/caucasian/guy-4392888_1920.csv,13045,.csv
FaceNet_512_features/male/caucasian/guy-4478447_1920.csv,13041,.csv
FaceNet_512_features/male/caucasian/guy-4733624_1920.csv,13042,.csv
FaceNet_512_features/male/caucasian/guy-4733626_1920.csv,13024,.csv
FaceNet_512_features/male/caucasian/guy-5929422_1920.csv,13070,.csv
FaceNet_512_features/male/caucasian/guy-690653_640.csv,13060,.csv
FaceNet_512_features/male/caucasian/guy12.csv,13042,.csv
FaceNet_512_features/male/caucasian/guy15.csv,13054,.csv
FaceNet_512_features/male/caucasian/guy2.csv,13034,.csv
FaceNet_512_features/male/caucasian/guy5.csv,13038,.csv
FaceNet_512_features/male/caucasian/guy9.csv,13037,.csv
FaceNet_512_features/male/caucasian/hamid-tajik-FjT7kFSFczs-unsplash(1).csv,13059,.csv
FaceNet_512_features/male/caucasian/hamid-tajik-FjT7kFSFczs-unsplash.csv,13054,.csv
FaceNet_512_features/male/caucasian/handsome-4133131_1920.csv,13073,.csv
FaceNet_512_features/male/caucasian/happy-3004355_1920.csv,13047,.csv
FaceNet_512_features/male/caucasian/harishan-kobalasingam-8PMvB4VyVXA-unsplash.csv,13058,.csv
FaceNet_512_features/male/caucasian/harry-cunningham-EPi3TRQc5Z0-unsplash.csv,13054,.csv
FaceNet_512_features/male/caucasian/hashim-hadi-XLvLGDu_5wE-unsplash.csv,13050,.csv
FaceNet_512_features/male/caucasian/headphones-4602763_1920.csv,13065,.csv
FaceNet_512_features/male/caucasian/hean-prinsloo-OVfgeJIghbU-unsplash.csv,13052,.csv
FaceNet_512_features/male/caucasian/hipster-358479_1920.csv,13023,.csv
FaceNet_512_features/male/caucasian/human-3094550_1280.csv,13041,.csv
FaceNet_512_features/male/caucasian/hunter-newton-WQEe4c757Gs-unsplash.csv,13029,.csv
FaceNet_512_features/male/caucasian/ian-dooley-d1UPkiFd04A-unsplash.csv,13047,.csv
FaceNet_512_features/male/caucasian/igor-stepanov-5uUPrmZgEYM-unsplash.csv,13036,.csv
FaceNet_512_features/male/caucasian/ilya-shishikhin-2blzycUKsA0-unsplash.csv,13044,.csv
FaceNet_512_features/male/caucasian/irene-strong-Y-AQ3mBVros-unsplash.csv,13052,.csv
FaceNet_512_features/male/caucasian/irene-strong-v2aKnjMbP_k-unsplash.csv,13056,.csv
FaceNet_512_features/male/caucasian/isaac-reynaldo-70BSk8hT52k-unsplash.csv,13037,.csv
FaceNet_512_features/male/caucasian/isolated-4063379_1920.csv,13079,.csv
FaceNet_512_features/male/caucasian/jackson-david-8q-EOrlhP8I-unsplash.csv,13062,.csv
FaceNet_512_features/male/caucasian/jairph-qygkHfHMaBI-unsplash.csv,13045,.csv
FaceNet_512_features/male/caucasian/jake-davies-nOxQW5SIx9c-unsplash.csv,13043,.csv
FaceNet_512_features/male/caucasian/jake-nebov-aFNzgYOM560-unsplash.csv,13035,.csv
FaceNet_512_features/male/caucasian/jake-oates-9gGTLP0QL1M-unsplash.csv,13054,.csv
FaceNet_512_features/male/caucasian/jalen-terry-QmWqxITdWbI-unsplash.csv,13053,.csv
FaceNet_512_features/male/caucasian/james-barr-4t3k6JjuPi4-unsplash.csv,13049,.csv
FaceNet_512_features/male/caucasian/james-barr-G6ACpD4bPOw-unsplash(1).csv,13055,.csv
FaceNet_512_features/male/caucasian/james-barr-G6ACpD4bPOw-unsplash.csv,13055,.csv
FaceNet_512_features/male/caucasian/james-barr-_U7YytlNunM-unsplash.csv,13038,.csv
FaceNet_512_features/male/caucasian/janko-ferlic-GWFffQS5eWU-unsplash.csv,13046,.csv
FaceNet_512_features/male/caucasian/jarred-ray-Nskqh3dRzSQ-unsplash.csv,13041,.csv
FaceNet_512_features/male/caucasian/jassir-jonis-Hr9BKfMF6QE-unsplash.csv,13060,.csv
FaceNet_512_features/male/caucasian/jd-mason-13_7xGYBb7c-unsplash.csv,13071,.csv
FaceNet_512_features/male/caucasian/jens-lindner-dP6g1YJWQcA-unsplash.csv,13062,.csv
FaceNet_512_features/male/caucasian/jeremiah-lawrence-5fD2hY1lv1U-unsplash.csv,13056,.csv
FaceNet_512_features/male/caucasian/jeremy-bishop-ctAsm_deVVk-unsplash.csv,13057,.csv
FaceNet_512_features/male/caucasian/jesman-fabio-8yd15MUkIpI-unsplash.csv,13045,.csv
FaceNet_512_features/male/caucasian/jesse-schoff-ibII8H5Ad4c-unsplash.csv,13065,.csv
FaceNet_512_features/male/caucasian/joackim-weiler-lxX0dJQHV3w-unsplash.csv,13065,.csv
FaceNet_512_features/male/caucasian/joanna-nix-walkup-LalqRz_8QRE-unsplash.csv,13041,.csv
FaceNet_512_features/male/caucasian/joanna-nix-walkup-VWAzEW0bi58-unsplash.csv,13039,.csv
FaceNet_512_features/male/caucasian/joel-barwick-r0l0Es5fbbs-unsplash.csv,13053,.csv
FaceNet_512_features/male/caucasian/john-torcasio-1coR0hGFenQ-unsplash.csv,13071,.csv
FaceNet_512_features/male/caucasian/joker-5485787_1920.csv,13044,.csv
FaceNet_512_features/male/caucasian/jonathan-farber-QaAZ82Kspck-unsplash.csv,13073,.csv
FaceNet_512_features/male/caucasian/joshua-reddekopp-lSD2Y9AydhY-unsplash.csv,13046,.csv
FaceNet_512_features/male/caucasian/joycoast-wood-watches-sunglasses-xUsrdhGRMfE-unsplash.csv,13027,.csv
FaceNet_512_features/male/caucasian/julian-wan-NHlTr-9eE4o-unsplash.csv,13050,.csv
FaceNet_512_features/male/caucasian/julian-wan-cCvnG-937HE-unsplash.csv,13039,.csv
FaceNet_512_features/male/caucasian/justin-chen-J7Cf1Gch49E-unsplash.csv,13048,.csv
FaceNet_512_features/male/caucasian/karina-tess-fr5rB_Ocl7w-unsplash.csv,13047,.csv
FaceNet_512_features/male/caucasian/kas-YHDWG6-EsYc-unsplash.csv,13069,.csv
FaceNet_512_features/male/caucasian/kenzie-kraft-OIrGE60UwAY-unsplash.csv,13067,.csv
FaceNet_512_features/male/caucasian/kenzie-kraft-b8vUsjhAeYQ-unsplash.csv,13034,.csv
FaceNet_512_features/male/caucasian/kitera-dent-UFNv8ZGGbX0-unsplash(1).csv,13037,.csv
FaceNet_512_features/male/caucasian/kon-karampelas-5Mo6u9CQLTE-unsplash.csv,13057,.csv
FaceNet_512_features/male/caucasian/kyryll-ushakov-S3DMQzP6QG8-unsplash.csv,13062,.csv
FaceNet_512_features/male/caucasian/laura-dewilde-G2iXD2Bkt7g-unsplash.csv,13044,.csv
FaceNet_512_features/male/caucasian/lesly-juarez-RukI4qZGlQs-unsplash.csv,13046,.csv
FaceNet_512_features/male/caucasian/lion27-xqJjNYb8qZc-unsplash.csv,13027,.csv
FaceNet_512_features/male/caucasian/lisa-wall-K80QIp2VW0E-unsplash.csv,13056,.csv
FaceNet_512_features/male/caucasian/lisa-wall-x5aOKbKhM_o-unsplash.csv,13051,.csv
FaceNet_512_features/male/caucasian/logan-weaver--A5R9HBwjaE-unsplash.csv,13048,.csv
FaceNet_512_features/male/caucasian/logan-weaver-7z2KFFWQ7n0-unsplash.csv,13037,.csv
FaceNet_512_features/male/caucasian/logan-weaver-s_mI8h4_5JY-unsplash.csv,13046,.csv
FaceNet_512_features/male/caucasian/lorene-farrugia-UJLAMjEjISo-unsplash.csv,13040,.csv
FaceNet_512_features/male/caucasian/luca-pellegrini-pRopJ47ilxg-unsplash.csv,13036,.csv
FaceNet_512_features/male/caucasian/lucas-newton-GkQaSPkp54o-unsplash.csv,13046,.csv
FaceNet_512_features/male/caucasian/lucas-ruffiner-_Z48n2rZk5M-unsplash.csv,13046,.csv
FaceNet_512_features/male/caucasian/ludovic-migneault-4uj3iZ5m084-unsplash.csv,13030,.csv
FaceNet_512_features/male/caucasian/ludvig-wiese-d-MfHM-jHwc-unsplash.csv,13060,.csv
FaceNet_512_features/male/caucasian/luis-villasmil-hh3ViD0r0Rc-unsplash.csv,13062,.csv
FaceNet_512_features/male/caucasian/luiza-braun-VaXkho6CPx0-unsplash(1).csv,13068,.csv
FaceNet_512_features/male/caucasian/lumber-1281323_1920.csv,13054,.csv
FaceNet_512_features/male/caucasian/luther-bottrill-DVeTzIywKw4-unsplash.csv,13055,.csv
FaceNet_512_features/male/caucasian/male-2634974_1920.csv,13045,.csv
FaceNet_512_features/male/caucasian/male-3673510_1920.csv,13053,.csv
FaceNet_512_features/male/caucasian/male-3847141_1920.csv,13061,.csv
FaceNet_512_features/male/caucasian/male-4494498_1920.csv,13051,.csv
FaceNet_512_features/male/caucasian/male-4572748_1920.csv,13057,.csv
FaceNet_512_features/male/caucasian/male-467711_1920.csv,13059,.csv
FaceNet_512_features/male/caucasian/male-4687507_1920.csv,13065,.csv
FaceNet_512_features/male/caucasian/male-model-2807612_1920.csv,13057,.csv
FaceNet_512_features/male/caucasian/man-1122364_1920.csv,13075,.csv
FaceNet_512_features/male/caucasian/man-1146530_1920.csv,13055,.csv
FaceNet_512_features/male/caucasian/man-1161334_1920.csv,13072,.csv
FaceNet_512_features/male/caucasian/man-1209494_1920.csv,13067,.csv
FaceNet_512_features/male/caucasian/man-1242018_1920.csv,13049,.csv
FaceNet_512_features/male/caucasian/man-1868320_1920.csv,13054,.csv
FaceNet_512_features/male/caucasian/man-2326484_1920.csv,13048,.csv
FaceNet_512_features/male/caucasian/man-2590777_1920.csv,13062,.csv
FaceNet_512_features/male/caucasian/man-2616244_1920.csv,13047,.csv
FaceNet_512_features/male/caucasian/man-2804281_1920.csv,13034,.csv
FaceNet_512_features/male/caucasian/man-2854030_1920.csv,13055,.csv
FaceNet_512_features/male/caucasian/man-3122063_1920.csv,13057,.csv
FaceNet_512_features/male/caucasian/man-3177583_1920.csv,13050,.csv
FaceNet_512_features/male/caucasian/man-3373869_1920.csv,13049,.csv
FaceNet_512_features/male/caucasian/man-3403180_1920.csv,13057,.csv
FaceNet_512_features/male/caucasian/man-3437398_1920.csv,13031,.csv
FaceNet_512_features/male/caucasian/man-3439283_1920.csv,13052,.csv
FaceNet_512_features/male/caucasian/man-3552370_1920.csv,13054,.csv
FaceNet_512_features/male/caucasian/man-3786991_1920.csv,13055,.csv
FaceNet_512_features/male/caucasian/man-379677_1920.csv,13055,.csv
FaceNet_512_features/male/caucasian/man-3803551_1920.csv,13052,.csv
FaceNet_512_features/male/caucasian/man-3967820_1920.csv,13028,.csv
FaceNet_512_features/male/caucasian/man-4070556_1920.csv,13033,.csv
FaceNet_512_features/male/caucasian/man-4123268_1920.csv,13057,.csv
FaceNet_512_features/male/caucasian/man-4220914_1920.csv,13047,.csv
FaceNet_512_features/male/caucasian/man-4302299_1920.csv,13074,.csv
FaceNet_512_features/male/caucasian/man-4818722_1920.csv,13056,.csv
FaceNet_512_features/male/caucasian/man-4821291_1920.csv,13058,.csv
FaceNet_512_features/male/caucasian/man-5917529_1920.csv,13063,.csv
FaceNet_512_features/male/caucasian/man-5928801_1920.csv,13060,.csv
FaceNet_512_features/male/caucasian/man-597178_1920.csv,13045,.csv
FaceNet_512_features/male/caucasian/man-61004_1920.csv,13043,.csv
FaceNet_512_features/male/caucasian/man-67467_1920.csv,13042,.csv
FaceNet_512_features/male/caucasian/man-838636_1920.csv,13057,.csv
FaceNet_512_features/male/caucasian/man-894182_1920.csv,13054,.csv
FaceNet_512_features/male/caucasian/man-919045_1920.csv,13036,.csv
FaceNet_512_features/male/caucasian/man-931974_1920.csv,13052,.csv
FaceNet_512_features/male/caucasian/man-943554_1920.csv,13060,.csv
FaceNet_512_features/male/caucasian/man-945482_1920.csv,13030,.csv
FaceNet_512_features/male/caucasian/man-962563_1920.csv,13054,.csv
FaceNet_512_features/male/caucasian/mariana-sandulovych-m23wyWvZw2U-unsplash.csv,13065,.csv
FaceNet_512_features/male/caucasian/marie-michele-bouchard-8d-1HViXfdk-unsplash.csv,13043,.csv
FaceNet_512_features/male/caucasian/marie-michele-bouchard-Jdcfl34n-AQ-unsplash.csv,13046,.csv
FaceNet_512_features/male/caucasian/mark-decile-ODah33uNGvU-unsplash.csv,13057,.csv
FaceNet_512_features/male/caucasian/mark-farias-dt60oksDTx8-unsplash.csv,13055,.csv
FaceNet_512_features/male/caucasian/martin-magnemyr-V4B0nrIJcls-unsplash.csv,13022,.csv
FaceNet_512_features/male/caucasian/mateus-pinheiro-6e0z7TFIlo0-unsplash.csv,13068,.csv
FaceNet_512_features/male/caucasian/matheus-farias-fa314kBSJxo-unsplash.csv,13037,.csv
FaceNet_512_features/male/caucasian/matt-sings-ixmVe2qr8TM-unsplash.csv,13051,.csv
FaceNet_512_features/male/caucasian/matteo-minoglio-JDBR1pXomQw-unsplash.csv,13050,.csv
FaceNet_512_features/male/caucasian/max-bender-1uMdzWWCAJk-unsplash.csv,13064,.csv
FaceNet_512_features/male/caucasian/mehdi-lamaaffar-lrALtuCkYs0-unsplash.csv,13035,.csv
FaceNet_512_features/male/caucasian/mehmet-turgut-kirkgoz-GHks3u7dzcc-unsplash.csv,13046,.csv
FaceNet_512_features/male/caucasian/mens-3849286_1920.csv,13064,.csv
FaceNet_512_features/male/caucasian/mikhail-marchenko-nuOfp2JdBB8-unsplash.csv,13060,.csv
FaceNet_512_features/male/caucasian/mitchell-griest-k879YX17xVQ-unsplash.csv,13055,.csv
FaceNet_512_features/male/caucasian/model-3513812_1920.csv,13042,.csv
FaceNet_512_features/male/caucasian/model-4759613_1920.csv,13038,.csv
FaceNet_512_features/male/caucasian/mohamed-nohassi-Z60j5qAOW_M-unsplash.csv,13047,.csv
FaceNet_512_features/male/caucasian/morten-pedersen-Z-bgD8pMv30-unsplash.csv,13057,.csv
FaceNet_512_features/male/caucasian/musician-1380216_1920.csv,13075,.csv
FaceNet_512_features/male/caucasian/mysterious-4289694_1920.csv,13050,.csv
FaceNet_512_features/male/caucasian/nate-J5U-22o1ubw-unsplash.csv,13030,.csv
FaceNet_512_features/male/caucasian/nathan-dumlao-4m2-An3yFx0-unsplash.csv,13062,.csv
FaceNet_512_features/male/caucasian/nathan-dumlao-SJl7ZfClJEc-unsplash.csv,13049,.csv
FaceNet_512_features/male/caucasian/nathan-dumlao-ger61_TX6oI-unsplash.csv,13045,.csv
FaceNet_512_features/male/caucasian/nathan-van-de-graaf-8ngIBwU2-5U-unsplash.csv,13058,.csv
FaceNet_512_features/male/caucasian/nathaniel-vala-cBKz-2Db6Rg-unsplash.csv,13053,.csv
FaceNet_512_features/male/caucasian/neonbrand-8AGfQQl_RSM-unsplash.csv,13041,.csv
FaceNet_512_features/male/caucasian/nick-karvounis-JyO_szjGvUw-unsplash.csv,13048,.csv
FaceNet_512_features/male/caucasian/nick-linnen-BCQVNAUo_7Y-unsplash.csv,13049,.csv
FaceNet_512_features/male/caucasian/nikita-fox-2ODe_T5WRzA-unsplash.csv,13049,.csv
FaceNet_512_features/male/caucasian/niklas-veenhuis-HqWKpGBPm8I-unsplash.csv,13061,.csv
FaceNet_512_features/male/caucasian/nikolay-vybornov-lC6f79utuKM-unsplash.csv,13036,.csv
FaceNet_512_features/male/caucasian/noah-blaine-clark-d8OX1jeN5Ac-unsplash.csv,13063,.csv
FaceNet_512_features/male/caucasian/noble-mitchell-qZr1NKjcD0E-unsplash.csv,13053,.csv
FaceNet_512_features/male/caucasian/norbert-kundrak-Qkka6rvSToY-unsplash.csv,13048,.csv
FaceNet_512_features/male/caucasian/oleg-ivanov--9ctS97imKs-unsplash.csv,13053,.csv
FaceNet_512_features/male/caucasian/paolo-bendandi-D-8XODEIr_s-unsplash.csv,13060,.csv
FaceNet_512_features/male/caucasian/patricia-prudente-__LnEJsm7ns-unsplash.csv,13074,.csv
FaceNet_512_features/male/caucasian/people-1492096_1920.csv,13059,.csv
FaceNet_512_features/male/caucasian/people-1690965_1920.csv,13058,.csv
FaceNet_512_features/male/caucasian/people-875597_1920.csv,13070,.csv
FaceNet_512_features/male/caucasian/person-4556344_1920.csv,13068,.csv
FaceNet_512_features/male/caucasian/person-700003_1920.csv,13051,.csv
FaceNet_512_features/male/caucasian/person-771996_1920.csv,13049,.csv
FaceNet_512_features/male/caucasian/petr-sevcovic-e12wQLAjQi0-unsplash.csv,13060,.csv
FaceNet_512_features/male/caucasian/pexels-alex-green-6625960.csv,13056,.csv
FaceNet_512_features/male/caucasian/pexels-andrea-piacquadio-3779455.csv,13041,.csv
FaceNet_512_features/male/caucasian/pexels-andrea-piacquadio-3811804.csv,13031,.csv
FaceNet_512_features/male/caucasian/pexels-andrea-piacquadio-3824771.csv,13053,.csv
FaceNet_512_features/male/caucasian/pexels-andrea-piacquadio-3831631.csv,13056,.csv
FaceNet_512_features/male/caucasian/pexels-anna-shvets-4971982.csv,13038,.csv
FaceNet_512_features/male/caucasian/pexels-caroline-ayumi-fugitani-3718045.csv,13044,.csv
FaceNet_512_features/male/caucasian/pexels-cottonbro-4100430.csv,13054,.csv
FaceNet_512_features/male/caucasian/pexels-cottonbro-4812639.csv,13043,.csv
FaceNet_512_features/male/caucasian/pexels-daisa-tj-3408420.csv,13070,.csv
FaceNet_512_features/male/caucasian/pexels-david-garrison-2128807.csv,13062,.csv
FaceNet_512_features/male/caucasian/pexels-david-garrison-2128815.csv,13035,.csv
FaceNet_512_features/male/caucasian/pexels-elle-hughes-1680175.csv,13051,.csv
FaceNet_512_features/male/caucasian/pexels-ethan-jones-3222422 (1).csv,13053,.csv
FaceNet_512_features/male/caucasian/pexels-hamid-tajik-6273203.csv,13035,.csv
FaceNet_512_features/male/caucasian/pexels-ira-dulger-1452127.csv,13034,.csv
FaceNet_512_features/male/caucasian/pexels-jaysen-scott-1858490.csv,13047,.csv
FaceNet_512_features/male/caucasian/pexels-jj-jordan-3149592.csv,13044,.csv
FaceNet_512_features/male/caucasian/pexels-julia-m-cameron-4144458.csv,13046,.csv
FaceNet_512_features/male/caucasian/pexels-keith-lobo-3854982.csv,13076,.csv
FaceNet_512_features/male/caucasian/pexels-linkedin-sales-navigator-2182970.csv,13057,.csv
FaceNet_512_features/male/caucasian/pexels-martin-p¿ªchy-2078265.csv,13046,.csv
FaceNet_512_features/male/caucasian/pexels-mart¿¬-pardo-1674318.csv,13047,.csv
FaceNet_512_features/male/caucasian/pexels-ralph-rabago-3290888.csv,13044,.csv
FaceNet_512_features/male/caucasian/pexels-rodrigo-souza-2531553.csv,13064,.csv
FaceNet_512_features/male/caucasian/pexels-sebastian-libuda-678785.csv,13040,.csv
FaceNet_512_features/male/caucasian/pexels-spencer-selover-775358.csv,13044,.csv
FaceNet_512_features/male/caucasian/pexels-vikas-mani-2764950.csv,13046,.csv
FaceNet_512_features/male/caucasian/philipp-wuthrich--oHSNY6F-xU-unsplash.csv,13059,.csv
FaceNet_512_features/male/caucasian/piotr-wilk-LcCvM4vZEyg-unsplash.csv,13036,.csv
FaceNet_512_features/male/caucasian/portrait-1141481_1920.csv,13021,.csv
FaceNet_512_features/male/caucasian/portrait-1535271_1920.csv,13044,.csv
FaceNet_512_features/male/caucasian/portrait-2501866_1920.csv,13055,.csv
FaceNet_512_features/male/caucasian/portrait-2573013_1920.csv,13074,.csv
FaceNet_512_features/male/caucasian/portrait-2946213_1920.csv,13053,.csv
FaceNet_512_features/male/caucasian/portrait-3059314_1920.csv,13071,.csv
FaceNet_512_features/male/caucasian/portrait-3334378_1280.csv,13030,.csv
FaceNet_512_features/male/caucasian/portrait-3338642_1920.csv,13036,.csv
FaceNet_512_features/male/caucasian/portrait-3353699_1920.csv,13037,.csv
FaceNet_512_features/male/caucasian/portrait-3518462_1920.csv,13050,.csv
FaceNet_512_features/male/caucasian/portrait-3518463_1920.csv,13034,.csv
FaceNet_512_features/male/caucasian/r-d-smith-k-f3PYgAPwQ-unsplash.csv,13053,.csv
FaceNet_512_features/male/caucasian/rabbi-3485884_1920.csv,13059,.csv
FaceNet_512_features/male/caucasian/ricky-higby-5jqNqM1Npsg-unsplash.csv,13074,.csv
FaceNet_512_features/male/caucasian/robert-godwin-cdksyTqEXzo-unsplash.csv,13043,.csv
FaceNet_512_features/male/caucasian/robert-harkness-MB_5XK9E7vM-unsplash.csv,13069,.csv
FaceNet_512_features/male/caucasian/robert-lazar-gln1ySXJJbU-unsplash.csv,13033,.csv
FaceNet_512_features/male/caucasian/roland-hechanova-3O18O0CZiZ4-unsplash.csv,13062,.csv
FaceNet_512_features/male/caucasian/roman-holoschchuk-I2SU6dCGsnI-unsplash.csv,13057,.csv
FaceNet_512_features/male/caucasian/roman-holoschchuk-O-98kcPe0P8-unsplash.csv,13057,.csv
FaceNet_512_features/male/caucasian/ronan-kruithof-SMrz4oEO95I-unsplash.csv,13039,.csv
FaceNet_512_features/male/caucasian/ronny-sison-Ajrb9WJlVzI-unsplash.csv,13066,.csv
FaceNet_512_features/male/caucasian/rooftop-1261214_1920.csv,13047,.csv
FaceNet_512_features/male/caucasian/ryan-porter-XW1HtPgi1G4-unsplash.csv,13070,.csv
FaceNet_512_features/male/caucasian/sara-dubler-dDE6naQBc2Q-unsplash.csv,13052,.csv
FaceNet_512_features/male/caucasian/sayo-garcia-n-LARjYGIeg-unsplash(1).csv,13055,.csv
FaceNet_512_features/male/caucasian/sayo-garcia-n-LARjYGIeg-unsplash.csv,13055,.csv
FaceNet_512_features/male/caucasian/scarf-3339049_1920.csv,13041,.csv
FaceNet_512_features/male/caucasian/scott-higdon-tD1XD54mx8w-unsplash.csv,13034,.csv
FaceNet_512_features/male/caucasian/sebastian-pociecha-xLc0r-hn0Do-unsplash.csv,13040,.csv
FaceNet_512_features/male/caucasian/selfie-4302321_1920.csv,13033,.csv
FaceNet_512_features/male/caucasian/selfie-543366_1280.csv,13044,.csv
FaceNet_512_features/male/caucasian/serhiy-hipskyy-6KPUS5tUp3Y-unsplash.csv,13046,.csv
FaceNet_512_features/male/caucasian/serhiy-hipskyy-Vilt9tibcLQ-unsplash.csv,13056,.csv
FaceNet_512_features/male/caucasian/sharon-mccutcheon-W2hSpLh5caQ-unsplash.csv,13060,.csv
FaceNet_512_features/male/caucasian/sigmund-QjCNk0TxGfc-unsplash.csv,13062,.csv
FaceNet_512_features/male/caucasian/sincerely-media-_iIB6g19mq4-unsplash.csv,13058,.csv
FaceNet_512_features/male/caucasian/sinitta-leunen-KwHFS8vMHvA-unsplash.csv,13055,.csv
FaceNet_512_features/male/caucasian/smile-2583221_1920.csv,13052,.csv
FaceNet_512_features/male/caucasian/smiling-888532_1920.csv,13051,.csv
FaceNet_512_features/male/caucasian/smirk-4778656_1920.csv,13064,.csv
FaceNet_512_features/male/caucasian/smitty-kVB7kYjBPJI-unsplash.csv,13052,.csv
FaceNet_512_features/male/caucasian/steven-erixon-C1nxojDnNPo-unsplash.csv,13046,.csv
FaceNet_512_features/male/caucasian/suit-3554990_1920.csv,13044,.csv
FaceNet_512_features/male/caucasian/sven-kucinic-Pjl9OrTRXFg-unsplash.csv,13037,.csv
FaceNet_512_features/male/caucasian/talen-de-st-croix-XzRhdAoNMa8-unsplash.csv,13024,.csv
FaceNet_512_features/male/caucasian/taras-chernus-8CEKQlmnf50-unsplash.csv,13038,.csv
FaceNet_512_features/male/caucasian/taylor-8Vt2haq8NSQ-unsplash.csv,13052,.csv
FaceNet_512_features/male/caucasian/taylor-hernandez-hZdF1lzo8fs-unsplash.csv,13050,.csv
FaceNet_512_features/male/caucasian/taylor-nhIbH2OwB7M-unsplash.csv,13072,.csv
FaceNet_512_features/male/caucasian/teen-722645_1920.csv,13068,.csv
FaceNet_512_features/male/caucasian/teen-722650_1920.csv,13068,.csv
FaceNet_512_features/male/caucasian/teenager-1131815_1280.csv,13063,.csv
FaceNet_512_features/male/caucasian/teenager-398355_1920.csv,13037,.csv
FaceNet_512_features/male/caucasian/thibault-debaene-Rtq9qhM3LOk-unsplash.csv,13044,.csv
FaceNet_512_features/male/caucasian/thomas-verleene-zdaUF3dsfOU-unsplash.csv,13058,.csv
FaceNet_512_features/male/caucasian/tim-tebow-foundation-Xo2OuzT5WtQ-unsplash.csv,13062,.csv
FaceNet_512_features/male/caucasian/toa-heftiba-Gf12dq0xgHA-unsplash.csv,13066,.csv
FaceNet_512_features/male/caucasian/toa-heftiba-chn-__w4I3M-unsplash.csv,13044,.csv
FaceNet_512_features/male/caucasian/toa-heftiba-nvEC7ALWiPg-unsplash.csv,13052,.csv
FaceNet_512_features/male/caucasian/toa-heftiba-ukvkvS2Wdlw-unsplash.csv,13066,.csv
FaceNet_512_features/male/caucasian/tobi-oshinnaike-Z7MKNGFnbOw-unsplash.csv,13053,.csv
FaceNet_512_features/male/caucasian/tomas-gal-0y7_9bRUoz0-unsplash.csv,13044,.csv
FaceNet_512_features/male/caucasian/tomas-gal-M6T8XDSl984-unsplash.csv,13060,.csv
FaceNet_512_features/male/caucasian/tomas-gal-hRsnfRjl40w-unsplash.csv,13056,.csv
FaceNet_512_features/male/caucasian/vampire-4798680_1920.csv,13067,.csv
FaceNet_512_features/male/caucasian/vasile-stancu-Rx-dasg6bN4-unsplash.csv,13044,.csv
FaceNet_512_features/male/caucasian/vicky-hladynets-BUNTFZ25_hI-unsplash.csv,13045,.csv
FaceNet_512_features/male/caucasian/vicky-hladynets-EruJpcY4i1w-unsplash.csv,13044,.csv
FaceNet_512_features/male/caucasian/vicky-hladynets-uyaTT9u6AvI-unsplash.csv,13056,.csv
FaceNet_512_features/male/caucasian/viktor-juric--10t7s-rYzE-unsplash.csv,13060,.csv
FaceNet_512_features/male/caucasian/vinicius-amnx-amano-XKoTZ1EUOJA-unsplash.csv,13067,.csv
FaceNet_512_features/male/caucasian/visuals-of-theodor-GXzUcBq9QAM-unsplash.csv,13067,.csv
FaceNet_512_features/male/caucasian/welshman-3654545_1920.csv,13051,.csv
FaceNet_512_features/male/caucasian/wes-walker-sahep-7OPkM-unsplash.csv,13066,.csv
FaceNet_512_features/male/caucasian/wesley-tingey-TvPCUHten1o-unsplash.csv,13043,.csv
FaceNet_512_features/male/caucasian/where-is-pykh-_3vfugHP3Ro-unsplash.csv,13044,.csv
FaceNet_512_features/male/caucasian/winter-1937626_1920.csv,13051,.csv
FaceNet_512_features/male/caucasian/xenia-bogarova-yyrH1RR7iy4-unsplash.csv,13039,.csv
FaceNet_512_features/male/caucasian/yan-berthemy-0r5t7wKzem4-unsplash.csv,13043,.csv
FaceNet_512_features/male/caucasian/young-2807688_1920.csv,13044,.csv
FaceNet_512_features/male/caucasian/young-3966056_1920.csv,13045,.csv
FaceNet_512_features/male/caucasian/young-4254330_1920.csv,13030,.csv
FaceNet_512_features/male/caucasian/young-4440156_1920.csv,13044,.csv
FaceNet_512_features/male/caucasian/young-4549901_1920.csv,13046,.csv
FaceNet_512_features/male/caucasian/young-507297_1920.csv,13035,.csv
FaceNet_512_features/male/caucasian/young-man-1272106_1920.csv,13038,.csv
FaceNet_512_features/male/caucasian/young-man-1281282_1920.csv,13046,.csv
FaceNet_512_features/male/caucasian/young-man-1990618_1920.csv,13051,.csv
FaceNet_512_features/male/caucasian/young-man-3354511_1920.csv,13033,.csv
FaceNet_512_features/male/caucasian/young-man-4971459_1920.csv,13030,.csv
FaceNet_512_features/male/caucasian/youth-393656_1920.csv,13057,.csv
FaceNet_512_features/male/caucasian/zheka-boychenko-vPkTWyTgk8E-unsplash.csv,13055,.csv
FaceNet_512_features/male/caucasian/zoran-borojevic-f5xiGmFwXIU-unsplash.csv,13036,.csv
FaceNet_512_features/male/hispanic/112.csv,13055,.csv
FaceNet_512_features/male/hispanic/121.csv,13043,.csv
FaceNet_512_features/male/hispanic/132.csv,13058,.csv
FaceNet_512_features/male/hispanic/alex-avalos-5L4ibEMAuN0-unsplash.csv,13043,.csv
FaceNet_512_features/male/hispanic/alex-quezada-IqiGfsnI0Rk-unsplash.csv,13065,.csv
FaceNet_512_features/male/hispanic/alex-suprun-ZHvM3XIOHoE-unsplash.csv,13053,.csv
FaceNet_512_features/male/hispanic/allef-vinicius-_5ZkuqGEIW0-unsplash.csv,13055,.csv
FaceNet_512_features/male/hispanic/amir-esrafili-xmYL_5Hpe4U-unsplash.csv,13076,.csv
FaceNet_512_features/male/hispanic/andrei-caliman-6R2Sj-8PerY-unsplash.csv,13067,.csv
FaceNet_512_features/male/hispanic/andrei-caliman-xRkj9n5_HNo-unsplash.csv,13064,.csv
FaceNet_512_features/male/hispanic/andres-hernandez-O5_adohk29M-unsplash.csv,13059,.csv
FaceNet_512_features/male/hispanic/ante-samarzija-hOc5-fe3fzE-unsplash.csv,13075,.csv
FaceNet_512_features/male/hispanic/antoine-da-cunha-r8AEmsxbf1A-unsplash.csv,13041,.csv
FaceNet_512_features/male/hispanic/anton-darius-3XY7BWwGolk-unsplash.csv,13047,.csv
FaceNet_512_features/male/hispanic/antreina-stone-VtZEhxeWHA8-unsplash.csv,13064,.csv
FaceNet_512_features/male/hispanic/austrian-national-library-NiwBev0Fosk-unsplash.csv,13069,.csv
FaceNet_512_features/male/hispanic/basketball-888531_1920.csv,13047,.csv
FaceNet_512_features/male/hispanic/beard-5216825_1920.csv,13069,.csv
FaceNet_512_features/male/hispanic/bearded-1903465_1920.csv,13040,.csv
FaceNet_512_features/male/hispanic/betzy-arosemena-Mx15HMZGQzY-unsplash.csv,13049,.csv
FaceNet_512_features/male/hispanic/black-and-white-1282264_1920.csv,13033,.csv
FaceNet_512_features/male/hispanic/boy-1284509_1920.csv,13046,.csv
FaceNet_512_features/male/hispanic/boy-1846704_1920.csv,13061,.csv
FaceNet_512_features/male/hispanic/boy-2699256_1920.csv,13042,.csv
FaceNet_512_features/male/hispanic/brian-lundquist-IAWN962A4aA-unsplash.csv,13064,.csv
FaceNet_512_features/male/hispanic/carlos-arthur-m-r-mgLuffTBCWk-unsplash.csv,13069,.csv
FaceNet_512_features/male/hispanic/carlos-gil-GfuvYM8LPPQ-unsplash.csv,13053,.csv
FaceNet_512_features/male/hispanic/carol-magalhaes-oSPye-Bcdas-unsplash.csv,13054,.csv
FaceNet_512_features/male/hispanic/chalo-garcia-PXccl_hEIww-unsplash.csv,13048,.csv
FaceNet_512_features/male/hispanic/christian-buehner-9-ROKwX-C0Q-unsplash.csv,13059,.csv
FaceNet_512_features/male/hispanic/christian-buehner-QLcxFso3gLk-unsplash.csv,13038,.csv
FaceNet_512_features/male/hispanic/christian-buehner-hIbh3VlZgwU-unsplash.csv,13073,.csv
FaceNet_512_features/male/hispanic/christian-buehner-wJkSeq7DzrI-unsplash.csv,13057,.csv
FaceNet_512_features/male/hispanic/clarisse-meyer-B9TzBwBVUpw-unsplash.csv,13033,.csv
FaceNet_512_features/male/hispanic/cosmin-serban-6RP0cM4-xbk-unsplash.csv,13055,.csv
FaceNet_512_features/male/hispanic/couple-5917009_1920.csv,13043,.csv
FaceNet_512_features/male/hispanic/creative-christians-6EwRNsuhFo4-unsplash.csv,13055,.csv
FaceNet_512_features/male/hispanic/daniel-alvarez-4832112_1920.csv,13055,.csv
FaceNet_512_features/male/hispanic/daniil-onischenko-XqX_PfrFXdQ-unsplash.csv,13037,.csv
FaceNet_512_features/male/hispanic/daniil-onischenko-YtvwVAVUrLI-unsplash.csv,13057,.csv
FaceNet_512_features/male/hispanic/darius-bashar-8Kfyz3FMjtE-unsplash.csv,13048,.csv
FaceNet_512_features/male/hispanic/deniz-gocmen-I_iTEsW8Cww-unsplash.csv,13074,.csv
FaceNet_512_features/male/hispanic/diego-sanchez-C20AJQ_yg14-unsplash.csv,13065,.csv
FaceNet_512_features/male/hispanic/diego-sanchez-FnbRghTNtdE-unsplash.csv,13038,.csv
FaceNet_512_features/male/hispanic/drew-hays-agGIKYs4mYs-unsplash.csv,13047,.csv
FaceNet_512_features/male/hispanic/elvis-ray-sIIoJ0uGkUc-unsplash.csv,13049,.csv
FaceNet_512_features/male/hispanic/erik-mclean-bTCQMLjXLZQ-unsplash.csv,13049,.csv
FaceNet_512_features/male/hispanic/face-3265605_1920.csv,13045,.csv
FaceNet_512_features/male/hispanic/g_1.csv,13053,.csv
FaceNet_512_features/male/hispanic/g_12.csv,13075,.csv
FaceNet_512_features/male/hispanic/g_13.csv,13062,.csv
FaceNet_512_features/male/hispanic/g_4.csv,13056,.csv
FaceNet_512_features/male/hispanic/g_5.csv,13029,.csv
FaceNet_512_features/male/hispanic/gabriella-clare-marino-G3Nj7b_UBLo-unsplash.csv,13062,.csv
FaceNet_512_features/male/hispanic/gaurav-saini-lIxF9Xk6t5E-unsplash.csv,13055,.csv
FaceNet_512_features/male/hispanic/georgia-mashford-UzxZBo7nP9E-unsplash.csv,13049,.csv
FaceNet_512_features/male/hispanic/guard-1129949_1920.csv,13070,.csv
FaceNet_512_features/male/hispanic/guilherme-franca-dNSQPOcDyN8-unsplash.csv,13064,.csv
FaceNet_512_features/male/hispanic/guy8.csv,13039,.csv
FaceNet_512_features/male/hispanic/hamed-taha-xPmMqkAze7g-unsplash.csv,13067,.csv
FaceNet_512_features/male/hispanic/human-1993383_1920.csv,13052,.csv
FaceNet_512_features/male/hispanic/hust-wilson-o0ggKYPgnzg-unsplash.csv,13040,.csv
FaceNet_512_features/male/hispanic/isaac-quesada-uTZ9UIxUKVY-unsplash.csv,13049,.csv
FaceNet_512_features/male/hispanic/ismail-taibi-yLFFEhcaYyw-unsplash.csv,13069,.csv
FaceNet_512_features/male/hispanic/jack-finnigan-veB8-OSCyM4-unsplash.csv,13075,.csv
FaceNet_512_features/male/hispanic/jaime-spaniol-0g9FHYb3IEY-unsplash.csv,13065,.csv
FaceNet_512_features/male/hispanic/janko-ferlic-G-jo31ESuRE-unsplash.csv,13055,.csv
FaceNet_512_features/male/hispanic/jasper-garratt-jJjUdYDga7o-unsplash.csv,13041,.csv
FaceNet_512_features/male/hispanic/joam-lima-vxwjMDcS_6Q-unsplash.csv,13051,.csv
FaceNet_512_features/male/hispanic/joao-marinho-5rpUUOuBQ5w-unsplash.csv,13044,.csv
FaceNet_512_features/male/hispanic/jonas-kakaroto-KIPqvvTOC1s-unsplash.csv,13057,.csv
FaceNet_512_features/male/hispanic/jorge-salvador-iGzHMzRZjRs-unsplash.csv,13045,.csv
FaceNet_512_features/male/hispanic/kenzie-kraft-9QW52RyBLao-unsplash.csv,13056,.csv
FaceNet_512_features/male/hispanic/kevin-turcios-Mn0mVsdg4EU-unsplash.csv,13057,.csv
FaceNet_512_features/male/hispanic/mael-balland-uPgFSd7POhw-unsplash.csv,13052,.csv
FaceNet_512_features/male/hispanic/male-4444163_1920.csv,13065,.csv
FaceNet_512_features/male/hispanic/man-1209137_1920.csv,13047,.csv
FaceNet_512_features/male/hispanic/man-1613566_1920.csv,13063,.csv
FaceNet_512_features/male/hispanic/man-1928649_1920.csv,13068,.csv
FaceNet_512_features/male/hispanic/man-2030662_1920.csv,13056,.csv
FaceNet_512_features/male/hispanic/man-2087436_1920.csv,13054,.csv
FaceNet_512_features/male/hispanic/man-2482464_1920.csv,13046,.csv
FaceNet_512_features/male/hispanic/man-352563_1280.csv,13074,.csv
FaceNet_512_features/male/hispanic/man-496471_1920.csv,13048,.csv
FaceNet_512_features/male/hispanic/man-912226_1920.csv,13035,.csv
FaceNet_512_features/male/hispanic/man-947161_1920.csv,13045,.csv
FaceNet_512_features/male/hispanic/marcos-paulo-prado-y6yrNx1MBEg-unsplash.csv,13070,.csv
FaceNet_512_features/male/hispanic/mark-decile-VHFnE1uz0wY-unsplash.csv,13047,.csv
FaceNet_512_features/male/hispanic/matheus-farias-_jOsfORtjew-unsplash.csv,13042,.csv
FaceNet_512_features/male/hispanic/max-harlynking-zaItO-b0afs-unsplash.csv,13065,.csv
FaceNet_512_features/male/hispanic/mehrad-vosoughi-iUQmEFtfdLw-unsplash.csv,13069,.csv
FaceNet_512_features/male/hispanic/michele-seghieri-9cRe2YMORtc-unsplash.csv,13053,.csv
FaceNet_512_features/male/hispanic/mihai-stefan-0_G9UHXy39c-unsplash.csv,13057,.csv
FaceNet_512_features/male/hispanic/mika-suYP9jClcSA-unsplash.csv,13065,.csv
FaceNet_512_features/male/hispanic/misael-silvera-5CSRi249CQk-unsplash.csv,13062,.csv
FaceNet_512_features/male/hispanic/model-3827058_1920.csv,13075,.csv
FaceNet_512_features/male/hispanic/model-3994985_1920.csv,13053,.csv
FaceNet_512_features/male/hispanic/model-4448780_1920.csv,13065,.csv
FaceNet_512_features/male/hispanic/mojtaba-ravanbakhsh-C1FZr9CIC5U-unsplash.csv,13051,.csv
FaceNet_512_features/male/hispanic/nathan-dumlao-iKwCVH4cyjQ-unsplash.csv,13059,.csv
FaceNet_512_features/male/hispanic/national-cancer-institute-NNpo-liY5aU-unsplash.csv,13058,.csv
FaceNet_512_features/male/hispanic/nature-1706767_1920.csv,13058,.csv
FaceNet_512_features/male/hispanic/olena-sergienko-FzFTy03noZ0-unsplash.csv,13055,.csv
FaceNet_512_features/male/hispanic/oosman-exptal-K2exjqPg3Zs-unsplash.csv,13062,.csv
FaceNet_512_features/male/hispanic/outdoors-3462520_1920(1).csv,13067,.csv
FaceNet_512_features/male/hispanic/paul-castanie-ukPQ7WBznvQ-unsplash.csv,13047,.csv
FaceNet_512_features/male/hispanic/people-2202472_1920.csv,13041,.csv
FaceNet_512_features/male/hispanic/people-2202474_1920.csv,13038,.csv
FaceNet_512_features/male/hispanic/people-2571917_1920.csv,13049,.csv
FaceNet_512_features/male/hispanic/people-2583959_1920.csv,13048,.csv
FaceNet_512_features/male/hispanic/pexels-anna-tarazevich-5234265.csv,13061,.csv
FaceNet_512_features/male/hispanic/pexels-armin-rimoldi-5301742.csv,13047,.csv
FaceNet_512_features/male/hispanic/pexels-cottonbro-4255413.csv,13061,.csv
FaceNet_512_features/male/hispanic/pexels-fady-hany-1466844.csv,13053,.csv
FaceNet_512_features/male/hispanic/pexels-hamid-tajik-6207046.csv,13044,.csv
FaceNet_512_features/male/hispanic/pexels-italo-melo-2379004.csv,13049,.csv
FaceNet_512_features/male/hispanic/pexels-italo-melo-2379005.csv,13048,.csv
FaceNet_512_features/male/hispanic/pexels-javon-swaby-2778211.csv,13073,.csv
FaceNet_512_features/male/hispanic/pexels-johanser-martinez-5372767.csv,13063,.csv
FaceNet_512_features/male/hispanic/pexels-luan-queiros-3260952.csv,13059,.csv
FaceNet_512_features/male/hispanic/pexels-moose-photos-1036643.csv,13056,.csv
FaceNet_512_features/male/hispanic/pexels-mustafa-husnii-381843.csv,13056,.csv
FaceNet_512_features/male/hispanic/pexels-ron¿║-ferreira-2304113.csv,13069,.csv
FaceNet_512_features/male/hispanic/pexels-zaetaflow-sec-3205230.csv,13064,.csv
FaceNet_512_features/male/hispanic/portrait-2244177_1280.csv,13056,.csv
FaceNet_512_features/male/hispanic/posing-996232_1920.csv,13046,.csv
FaceNet_512_features/male/hispanic/raj-rana-pgwb84pGonM-unsplash.csv,13086,.csv
FaceNet_512_features/male/hispanic/refugee-1226610_1920.csv,13047,.csv
FaceNet_512_features/male/hispanic/ricardo-aguilera-FZ08deIUo7U-unsplash.csv,13056,.csv
FaceNet_512_features/male/hispanic/riccardo-pitzalis-TpeBIIM0UIY-unsplash.csv,13079,.csv
FaceNet_512_features/male/hispanic/ronny-sison-3vzaG52ZCJY-unsplash.csv,13060,.csv
FaceNet_512_features/male/hispanic/ronny-sison-U9G_SPVlGd0-unsplash.csv,13055,.csv
FaceNet_512_features/male/hispanic/salar-arif-4CWNGHc-luo-unsplash.csv,13062,.csv
FaceNet_512_features/male/hispanic/sam-rios-mKoLyYCXVnw-unsplash.csv,13037,.csv
FaceNet_512_features/male/hispanic/silviu-beniamin-tofan-NEkD-WSpkbU-unsplash.csv,13057,.csv
FaceNet_512_features/male/hispanic/suzana-sousa-IC1_YWQn6so-unsplash.csv,13041,.csv
FaceNet_512_features/male/hispanic/tania-mousinho-ZTiPsISn3ac-unsplash.csv,13046,.csv
FaceNet_512_features/male/hispanic/tanjir-ahmed-chowdhury-YMJvX8k3Kfc-unsplash.csv,13055,.csv
FaceNet_512_features/male/hispanic/taylor-vatem-AcyB19Kpg48-unsplash.csv,13052,.csv
FaceNet_512_features/male/hispanic/toa-heftiba-2O1EUSTRBrY-unsplash.csv,13054,.csv
FaceNet_512_features/male/hispanic/toa-heftiba-w1ftQyDNF3U-unsplash.csv,13058,.csv
FaceNet_512_features/male/hispanic/tom-cochereau-695YdtftW6Y-unsplash.csv,13062,.csv
FaceNet_512_features/male/hispanic/tyler-nix-PQeoQdkU9jQ-unsplash.csv,13063,.csv
FaceNet_512_features/male/hispanic/vince-fleming-1NrzZHMFztA-unsplash.csv,13058,.csv
FaceNet_512_features/male/hispanic/whereslugo-DMVD9RkZIwQ-unsplash.csv,13063,.csv
FaceNet_512_features/male/hispanic/wonderlane-WzWScssFGJU-unsplash.csv,13058,.csv
FaceNet_512_features/male/hispanic/yogendra-singh-owqFcZRWzTw-unsplash.csv,13054,.csv
FaceNet_512_features/male/hispanic/z-3695551_1920.csv,13042,.csv
FaceNet_512_features/male/hispanic/ziphaus-Fkb4-bLAE4o-unsplash.csv,13054,.csv
FaceNet_512_features/male/hispanic/zulmaury-saavedra-Z9GKfYmWOAM-unsplash.csv,13050,.csv
FaceNet_512_features/male/indian/amir-mohammad-jafari-tKEti7E86Kc-unsplash.csv,13059,.csv
FaceNet_512_features/male/indian/ashkan-forouzani-rHuReQyQ72c-unsplash.csv,13048,.csv
FaceNet_512_features/male/indian/handsome-1805532_1920.csv,13040,.csv
FaceNet_512_features/male/indian/keenan-constance-292Pth2Y5QM-unsplash.csv,13078,.csv
FaceNet_512_features/male/indian/pexels-atul-choudhary-2753381.csv,13047,.csv
FaceNet_512_features/male/indian/pexels-suleman-mukhtar-452557.csv,13050,.csv
FaceNet_512_features/male/indian/pratik-gupta-PeG9dqAbyjE-unsplash.csv,13064,.csv
FaceNet_512_features/male/indian/puvvukonvict-photography-AtpSEe3.csv,13060,.csv
FaceNet_512_features/male/mideastern/118.csv,13052,.csv
FaceNet_512_features/male/mideastern/123.csv,13068,.csv
FaceNet_512_features/male/mideastern/129.csv,13050,.csv
FaceNet_512_features/male/mideastern/adrian-dascal-1QOsJGbNIgk-unsplash.csv,13060,.csv
FaceNet_512_features/male/mideastern/ahmadreza-najafi-D5r5jhOaNNE-unsplash.csv,13047,.csv
FaceNet_512_features/male/mideastern/aleksandar-popovski-Jy4ELSGPHTc-unsplash.csv,13056,.csv
FaceNet_512_features/male/mideastern/alireza-esmaeeli-Twu-xDzDqGg-unsplash.csv,13078,.csv
FaceNet_512_features/male/mideastern/alireza-moh-WHaTWy-nCkw-unsplash.csv,13045,.csv
FaceNet_512_features/male/mideastern/allef-vinicius-37l3ap7rouo-unsplash.csv,13043,.csv
FaceNet_512_features/male/mideastern/ameer-basheer-ABuzWPku1Ug-unsplash.csv,13067,.csv
FaceNet_512_features/male/mideastern/amine-bashir-inTUOzVxdOA-unsplash.csv,13056,.csv
FaceNet_512_features/male/mideastern/amir-mohammad-hp-MDylgrNv6-M-unsplash.csv,13062,.csv
FaceNet_512_features/male/mideastern/amr-taha-EbWk-8X2LSI-unsplash.csv,13043,.csv
FaceNet_512_features/male/mideastern/arabs-618749_1920.csv,13065,.csv
FaceNet_512_features/male/mideastern/artist-3852896_1920.csv,13055,.csv
FaceNet_512_features/male/mideastern/ashkan-forouzani-HF-pfqi3Cxk-unsplash(1).csv,13063,.csv
FaceNet_512_features/male/mideastern/ashkan-forouzani-HF-pfqi3Cxk-unsplash.csv,13063,.csv
FaceNet_512_features/male/mideastern/ashkan-forouzani-IZROIf9IO3I-unsplash.csv,13064,.csv
FaceNet_512_features/male/mideastern/ashkan-forouzani-Qqchjk9bk9U-unsplash.csv,13054,.csv
FaceNet_512_features/male/mideastern/ashkan-forouzani-YzsFkMBMhoQ-unsplash.csv,13043,.csv
FaceNet_512_features/male/mideastern/ashkan-forouzani-bS1z7PKjDEc-unsplash.csv,13066,.csv
FaceNet_512_features/male/mideastern/ashkan-forouzani-dz0C0Zv5QvM-unsplash(1).csv,13081,.csv
FaceNet_512_features/male/mideastern/ashkan-forouzani-dz0C0Zv5QvM-unsplash.csv,13081,.csv
FaceNet_512_features/male/mideastern/ashkan-forouzani-g0H0eazR5-M-unsplash(1).csv,13070,.csv
FaceNet_512_features/male/mideastern/ashkan-forouzani-g0H0eazR5-M-unsplash.csv,13070,.csv
FaceNet_512_features/male/mideastern/ashkan-forouzani-gvjqEmux8SU-unsplash.csv,13052,.csv
FaceNet_512_features/male/mideastern/ashkan-forouzani-jXnCPQ5JTVo-unsplash.csv,13033,.csv
FaceNet_512_features/male/mideastern/ashkan-forouzani-rSUGzRIa-8M-unsplash.csv,13055,.csv
FaceNet_512_features/male/mideastern/ashwini-chaudhary-fvm4bFVK7qM-unsplash.csv,13055,.csv
FaceNet_512_features/male/mideastern/baby-5925923_1920.csv,13062,.csv
FaceNet_512_features/male/mideastern/beard-1866984_1920.csv,13046,.csv
FaceNet_512_features/male/mideastern/bhavya-shah-jfzd8vXlDDY-unsplash.csv,13066,.csv
FaceNet_512_features/male/mideastern/biceps-2746490_1920.csv,13072,.csv
FaceNet_512_features/male/mideastern/boy-2407597_1920.csv,13044,.csv
FaceNet_512_features/male/mideastern/businessman-805769_1920.csv,13072,.csv
FaceNet_512_features/male/mideastern/chris-blonk-l1U_iSgNRGY-unsplash.csv,13042,.csv
FaceNet_512_features/male/mideastern/damir-yakupov-rsx0Bj6s770-unsplash.csv,13045,.csv
FaceNet_512_features/male/mideastern/dev-asangbam-amYKxUUet60-unsplash.csv,13059,.csv
FaceNet_512_features/male/mideastern/docusign-ujkG7mTs7IM-unsplash.csv,13053,.csv
FaceNet_512_features/male/mideastern/dollar-gill-KxCErTse64c-unsplash.csv,13060,.csv
FaceNet_512_features/male/mideastern/dollar-gill-Ofcqtn296M0-unsplash.csv,13037,.csv
FaceNet_512_features/male/mideastern/emir-saldierna-oGcAzDcAXWU-unsplash.csv,13030,.csv
FaceNet_512_features/male/mideastern/engin-akyurt-VwqQ-eJnz8o-unsplash.csv,13071,.csv
FaceNet_512_features/male/mideastern/face-3737238_1920.csv,13041,.csv
FaceNet_512_features/male/mideastern/fares-hamouche-3mv2czJrEiw-unsplash.csv,13040,.csv
FaceNet_512_features/male/mideastern/fashion-5608514_1920.csv,13050,.csv
FaceNet_512_features/male/mideastern/fayiz-musthafa-yGqsr6EVrGw-unsplash.csv,13072,.csv
FaceNet_512_features/male/mideastern/gita-krishnamurti-6B4KC-eWJDs-unsplash.csv,13045,.csv
FaceNet_512_features/male/mideastern/guillaume-issaly-cKuMOZ1-EKQ-unsplash.csv,13045,.csv
FaceNet_512_features/male/mideastern/gursimrat-ganda-ICZWButbZx4-unsplash.csv,13064,.csv
FaceNet_512_features/male/mideastern/handsome-1290126_1920.csv,13048,.csv
FaceNet_512_features/male/mideastern/hannah-cook-dqa2LjshmWY-unsplash.csv,13055,.csv
FaceNet_512_features/male/mideastern/henri-pham-Ml4tr2WO7JE-unsplash.csv,13046,.csv
FaceNet_512_features/male/mideastern/igor-rodrigues-FjFiPGWeWKI-unsplash.csv,13054,.csv
FaceNet_512_features/male/mideastern/irene-strong-nTX1KAnjHWI-unsplash.csv,13048,.csv
FaceNet_512_features/male/mideastern/itay-verchik-6ZKGBzrDd3I-unsplash.csv,13062,.csv
FaceNet_512_features/male/mideastern/james-barr-iboQqkO7AEw-unsplash.csv,13046,.csv
FaceNet_512_features/male/mideastern/james-barr-jYrFcbztIHA-unsplash.csv,13042,.csv
FaceNet_512_features/male/mideastern/james-barr-oRsSeYqJUgY-unsplash.csv,13045,.csv
FaceNet_512_features/male/mideastern/jassir-jonis-OHVBfnxiokY-unsplash.csv,13055,.csv
FaceNet_512_features/male/mideastern/jesus-eca-wU4hzVf122M-unsplash.csv,13045,.csv
FaceNet_512_features/male/mideastern/joel-muniz-juKjPjVBza8-unsplash.csv,13078,.csv
FaceNet_512_features/male/mideastern/jose-g-ortega-castro-cPGbyVIfIYU-unsplash.csv,13042,.csv
FaceNet_512_features/male/mideastern/joshua-purnell-kz6qS9mWbAo-unsplash.csv,13036,.csv
FaceNet_512_features/male/mideastern/kamal-alkhatib-i4ls_N9o968-unsplash.csv,13048,.csv
FaceNet_512_features/male/mideastern/kamil-mehmood-E_9onZVXwcQ-unsplash.csv,13068,.csv
FaceNet_512_features/male/mideastern/kate_mes7-YIyERGGmTfE-unsplash.csv,13046,.csv
FaceNet_512_features/male/mideastern/katie-moum-yXfdoI66AtQ-unsplash.csv,13076,.csv
FaceNet_512_features/male/mideastern/kouki-walim-71ZedHD4P7Y-unsplash.csv,13060,.csv
FaceNet_512_features/male/mideastern/lexscope-gRWdcPHz7uA-unsplash.csv,13062,.csv
FaceNet_512_features/male/mideastern/luca-anasta-JMNXb6KBJwI-unsplash.csv,13062,.csv
FaceNet_512_features/male/mideastern/lumensoft-technologies-JGGaefIIc6Y-unsplash.csv,13065,.csv
FaceNet_512_features/male/mideastern/male-4443092_1920.csv,13067,.csv
FaceNet_512_features/male/mideastern/male-4616459_1920.csv,13065,.csv
FaceNet_512_features/male/mideastern/male-5869656_1920.csv,13056,.csv
FaceNet_512_features/male/mideastern/male-5869769_1920.csv,13061,.csv
FaceNet_512_features/male/mideastern/male-5869776_1920.csv,13074,.csv
FaceNet_512_features/male/mideastern/man-1129953_1920.csv,13077,.csv
FaceNet_512_features/male/mideastern/man-1688347_1920.csv,13041,.csv
FaceNet_512_features/male/mideastern/man-1885147_1920.csv,13049,.csv
FaceNet_512_features/male/mideastern/man-2785071_1920.csv,13074,.csv
FaceNet_512_features/male/mideastern/man-2969985_1920.csv,13050,.csv
FaceNet_512_features/male/mideastern/man-3057370_1920.csv,13047,.csv
FaceNet_512_features/male/mideastern/man-3485138_1920.csv,13061,.csv
FaceNet_512_features/male/mideastern/man-355612_1920.csv,13073,.csv
FaceNet_512_features/male/mideastern/man-4752273_1920.csv,13043,.csv
FaceNet_512_features/male/mideastern/man-5613125_1920.csv,13053,.csv
FaceNet_512_features/male/mideastern/man-5923039_1920.csv,13055,.csv
FaceNet_512_features/male/mideastern/matthijs-van-dis-zdhgC39sT9w-unsplash.csv,13074,.csv
FaceNet_512_features/male/mideastern/mauro-paillex-moDxmttUP00-unsplash.csv,13066,.csv
FaceNet_512_features/male/mideastern/mehrdad-dadaei--aY-mUygMD0-unsplash(1).csv,13046,.csv
FaceNet_512_features/male/mideastern/mehrdad-dadaei--aY-mUygMD0-unsplash.csv,13046,.csv
FaceNet_512_features/male/mideastern/men-1171087_1920.csv,13065,.csv
FaceNet_512_features/male/mideastern/metin-ozer-2jLCmcuwAc8-unsplash.csv,13050,.csv
FaceNet_512_features/male/mideastern/meysam-jarahkar-SaQf2X_qZSU-unsplash.csv,13047,.csv
FaceNet_512_features/male/mideastern/mhrezaa-iOrq0FnSQTE-unsplash.csv,13060,.csv
FaceNet_512_features/male/mideastern/milad-shams-89UvLA2zWJI-unsplash.csv,13056,.csv
FaceNet_512_features/male/mideastern/milad-shams-CdObhuoQ7Q0-unsplash.csv,13052,.csv
FaceNet_512_features/male/mideastern/mile-modic-Sv9xCQ7RBCs-unsplash.csv,13082,.csv
FaceNet_512_features/male/mideastern/moein-rahmani-A3802JoFGqg-unsplash.csv,13051,.csv
FaceNet_512_features/male/mideastern/mohammad-metri-r8J8AfoHPz4-unsplash.csv,13050,.csv
FaceNet_512_features/male/mideastern/monica-dahiya-caPZQg42c54-unsplash.csv,13073,.csv
FaceNet_512_features/male/mideastern/moroccan-1270331_1920.csv,13040,.csv
FaceNet_512_features/male/mideastern/muhammad-faiz-zulkeflee-BuxUWCobuGA-unsplash.csv,13056,.csv
FaceNet_512_features/male/mideastern/mustache-5040636_1920.csv,13066,.csv
FaceNet_512_features/male/mideastern/naim-ahmed-8BcVHmAHtlw-unsplash.csv,13079,.csv
FaceNet_512_features/male/mideastern/nasro-azaizia-1NP6_EsAYl8-unsplash.csv,13050,.csv
FaceNet_512_features/male/mideastern/nonsap-visuals-kMJp7620W6U-unsplash.csv,13057,.csv
FaceNet_512_features/male/mideastern/nowah-bartscher-Gpm_PGnNAug-unsplash.csv,13050,.csv
FaceNet_512_features/male/mideastern/omar-ram-slwxJCmwHPY-unsplash.csv,13064,.csv
FaceNet_512_features/male/mideastern/paola-aguilar-LkQHGSVzfsk-unsplash.csv,13058,.csv
FaceNet_512_features/male/mideastern/people-3309614_1920.csv,13045,.csv
FaceNet_512_features/male/mideastern/pexels-ayaka-kato-2860892.csv,13082,.csv
FaceNet_512_features/male/mideastern/pexels-emre-keshavarz-3518392.csv,13063,.csv
FaceNet_512_features/male/mideastern/pexels-hebert-santos-5485599.csv,13046,.csv
FaceNet_512_features/male/mideastern/pexels-himesh-mehta-2880285.csv,13069,.csv
FaceNet_512_features/male/mideastern/pexels-hussein-altameemi-1678821.csv,13071,.csv
FaceNet_512_features/male/mideastern/pexels-ibadat-singh-2586823.csv,13061,.csv
FaceNet_512_features/male/mideastern/pexels-lina-kivaka-3395282.csv,13070,.csv
FaceNet_512_features/male/mideastern/pexels-marcelo-chagas-3583894.csv,13068,.csv
FaceNet_512_features/male/mideastern/pexels-pixabay-35539.csv,13062,.csv
FaceNet_512_features/male/mideastern/pexels-yazan-khalifeh-1000225.csv,13050,.csv
FaceNet_512_features/male/mideastern/portrait-2529904_1920.csv,13074,.csv
FaceNet_512_features/male/mideastern/portrait-3052641_1920.csv,13062,.csv
FaceNet_512_features/male/mideastern/portrait-4980389_1920.csv,13076,.csv
FaceNet_512_features/male/mideastern/portrait-5945929_1920.csv,13060,.csv
FaceNet_512_features/male/mideastern/reza-biazar-eSjmZW97cH8-unsplash.csv,13048,.csv
FaceNet_512_features/male/mideastern/riccardo-fissore-QMfP5xza0vU-unsplash.csv,13052,.csv
FaceNet_512_features/male/mideastern/ruslan-ihnatenko-2Bb2auSD1hY-unsplash.csv,13043,.csv
FaceNet_512_features/male/mideastern/sadhu-1166066_1920.csv,13072,.csv
FaceNet_512_features/male/mideastern/sahil-moosa-JWUYb-5OSYU-unsplash.csv,13072,.csv
FaceNet_512_features/male/mideastern/sammy-chandio-xmbL3d1gE5Q-unsplash.csv,13054,.csv
FaceNet_512_features/male/mideastern/sandeep-swarnkar-Dj5hm0S257U-unsplash.csv,13047,.csv
FaceNet_512_features/male/mideastern/seth-doyle-wys9Jty8wNQ-unsplash.csv,13061,.csv
FaceNet_512_features/male/mideastern/sexy-3049894_1920.csv,13049,.csv
FaceNet_512_features/male/mideastern/shivam-singh-2_X6NMP-E_U-unsplash.csv,13085,.csv
FaceNet_512_features/male/mideastern/shoaeb-hameed-kEfO2edX4Gg-unsplash.csv,13064,.csv
FaceNet_512_features/male/mideastern/sina-rezakhani-jIPRAqxE6P8-unsplash.csv,13060,.csv
FaceNet_512_features/male/mideastern/sumeet-singh-XPUxjOq8yFA-unsplash.csv,13027,.csv
FaceNet_512_features/male/mideastern/t-r-a-v-e-l-e-r-g-e-e-k-p5oh6YkMTb0-unsplash.csv,13049,.csv
FaceNet_512_features/male/mideastern/tanjir-ahmed-chowdhury-d-7p5mKk9ys-unsplash.csv,13053,.csv
FaceNet_512_features/male/mideastern/thobe-805762_1920.csv,13052,.csv
FaceNet_512_features/male/mideastern/tim-mossholder-zIBn97bCJoI-unsplash(1).csv,13054,.csv
FaceNet_512_features/male/mideastern/tradition-60791_1920.csv,13043,.csv
FaceNet_512_features/male/mideastern/vaishnav-chogale-rJuA7hz1M7Q-unsplash.csv,13044,.csv
FaceNet_512_features/male/mideastern/wilfred-sequeira-tXNjCm4bN8Y-unsplash.csv,13059,.csv
FaceNet_512_features/male/mideastern/young-4041629_1920.csv,13038,.csv
FaceNet_512_features/male/mideastern/zabih-khan-SQWDVRdjp2E-unsplash.csv,13043,.csv
FaceNet_512_features/male/mideastern/zachi-denicola-RytIjfk0tFY-unsplash.csv,13057,.csv
ME3.png,577637,.png
MEBeauty_creation_cleaning/.ipynb_checkpoints/clean_data_from_bad_raters-checkpoint.ipynb,72,.ipynb
MEBeauty_creation_cleaning/.ipynb_checkpoints/create_score_lists-checkpoint.ipynb,11488,.ipynb
MEBeauty_creation_cleaning/aws_dataset_scores_collection.ipynb,10953,.ipynb
MEBeauty_creation_cleaning/clean_data_from_bad_raters.ipynb,25902,.ipynb
MEBeauty_creation_cleaning/create_score_lists.ipynb,11488,.ipynb
MEBeauty_creation_cleaning/dataset_cleaning_analysis.ipynb,71674,.ipynb
README.md,3728,.md
cropped_images/images_crop_align_mtcnn/female/asian/13.jpg,14559,.jpg
cropped_images/images_crop_align_mtcnn/female/asian/20.jpg,17806,.jpg
cropped_images/images_crop_align_mtcnn/female/asian/21.jpg,18009,.jpg
cropped_images/images_crop_align_mtcnn/female/asian/23.jpg,14323,.jpg
cropped_images/images_crop_align_mtcnn/female/asian/30.jpg,12190,.jpg
cropped_images/images_crop_align_mtcnn/female/asian/36.jpg,17653,.jpg
cropped_images/images_crop_align_mtcnn/female/asian/42.jpg,16682,.jpg
cropped_images/images_crop_align_mtcnn/female/asian/51.jpg,14400,.jpg
cropped_images/images_crop_align_mtcnn/female/asian/57.jpg,14302,.jpg
cropped_images/images_crop_align_mtcnn/female/asian/6.jpg,16035,.jpg
cropped_images/images_crop_align_mtcnn/female/asian/7.jpg,15956,.jpg
cropped_images/images_crop_align_mtcnn/female/asian/afif-kusuma-y-mT2OATY6k-unsplash.jpg,13697,.jpg
cropped_images/images_crop_align_mtcnn/female/asian/agung-pratamah-Xdm08vqsFrs-unsplash.jpg,18083,.jpg
cropped_images/images_crop_align_mtcnn/female/asian/ahmad-qime-in2aoHwX5bA-unsplash.jpg,14664,.jpg
cropped_images/images_crop_align_mtcnn/female/asian/aiony-haust-Nsze2HlxoZo-unsplash.jpg,12023,.jpg
cropped_images/images_crop_align_mtcnn/female/asian/aiony-haust-orYdcTza06E-unsplash.jpg,12794,.jpg
cropped_images/images_crop_align_mtcnn/female/asian/alex-sorto-kNstJF4l5cA-unsplash.jpg,15154,.jpg
cropped_images/images_crop_align_mtcnn/female/asian/alex-sorto-suymY_8bk4Y-unsplash.jpg,13296,.jpg
cropped_images/images_crop_align_mtcnn/female/asian/alexandra-lammerink-MVao99Qwew0-unsplash.jpg,15426,.jpg
cropped_images/images_crop_align_mtcnn/female/asian/alexandra-lammerink-nG5ZS2wlnrQ-unsplash.jpg,13274,.jpg
cropped_images/images_crop_align_mtcnn/female/asian/altanbagana-jargal-o79BpJ-tgew-unsplash.jpg,12448,.jpg
cropped_images/images_crop_align_mtcnn/female/asian/amoon-ra-p1JglmknQr0-unsplash.jpg,20243,.jpg
cropped_images/images_crop_align_mtcnn/female/asian/andres-hernandez-KVjiBiBvT-c-unsplash.jpg,13017,.jpg
cropped_images/images_crop_align_mtcnn/female/asian/annie-lin-876188_1920.jpg,14703,.jpg
cropped_images/images_crop_align_mtcnn/female/asian/anthony-tran-3Xkms-gMvZg-unsplash.jpg,14555,.jpg
cropped_images/images_crop_align_mtcnn/female/asian/anthony-tran-6s3L8El33QE-unsplash.jpg,16119,.jpg
cropped_images/images_crop_align_mtcnn/female/asian/anthony-tran-RG9Z5CtnlUQ-unsplash.jpg,12611,.jpg
cropped_images/images_crop_align_mtcnn/female/asian/anthony-tran-_G0OrcPOpJw-unsplash.jpg,18442,.jpg
cropped_images/images_crop_align_mtcnn/female/asian/ao-dai-2730822_1920.jpg,10726,.jpg
cropped_images/images_crop_align_mtcnn/female/asian/aodai-4603493_1920.jpg,13173,.jpg
cropped_images/images_crop_align_mtcnn/female/asian/asian-2111681_1920.jpg,16050,.jpg
cropped_images/images_crop_align_mtcnn/female/asian/asian-2209044_1920.jpg,12287,.jpg
cropped_images/images_crop_align_mtcnn/female/asian/asian-2302727_1920.jpg,10536,.jpg
cropped_images/images_crop_align_mtcnn/female/asian/asian-3752815_1920.jpg,15547,.jpg
cropped_images/images_crop_align_mtcnn/female/asian/asian-3885641_1920.jpg,13783,.jpg
cropped_images/images_crop_align_mtcnn/female/asian/asian-3932158_1920.jpg,13091,.jpg
cropped_images/images_crop_align_mtcnn/female/asian/asian-girl-3113208_1920.jpg,14627,.jpg
cropped_images/images_crop_align_mtcnn/female/asian/asian-girl-4819726_1920.jpg,12190,.jpg
cropped_images/images_crop_align_mtcnn/female/asian/austin-wade-ex6qfO4TPMY-unsplash.jpg,13849,.jpg
cropped_images/images_crop_align_mtcnn/female/asian/azamat-kinzhitayev-yyf5DCBtm4E-unsplash.jpg,13297,.jpg
cropped_images/images_crop_align_mtcnn/female/asian/bbh-singapore-4-v5HrV1940-unsplash.jpg,13296,.jpg
cropped_images/images_crop_align_mtcnn/female/asian/bin-thi-u-xOBpdqH2Uao-unsplash.jpg,13555,.jpg
cropped_images/images_crop_align_mtcnn/female/asian/blake-cheek-3dT98ifg9J4-unsplash.jpg,12966,.jpg
cropped_images/images_crop_align_mtcnn/female/asian/bui-thanh-tam-D6meliiyaWs-unsplash.jpg,15068,.jpg
cropped_images/images_crop_align_mtcnn/female/asian/character-2454694_1920.jpg,14344,.jpg
cropped_images/images_crop_align_mtcnn/female/asian/chinh-le-duc-TV1QYUtTxJ8-unsplash.jpg,16480,.jpg
cropped_images/images_crop_align_mtcnn/female/asian/christian-senan-N0vZpzFrU0w-unsplash.jpg,12116,.jpg
cropped_images/images_crop_align_mtcnn/female/asian/conner-ching-nzu-xTOEBlM-unsplash.jpg,13503,.jpg
cropped_images/images_crop_align_mtcnn/female/asian/cozies-tone-k4PSfwVsHIY-unsplash.jpg,17705,.jpg
cropped_images/images_crop_align_mtcnn/female/asian/cris-trung-LRLxSTpq2Ds-unsplash.jpg,18110,.jpg
cropped_images/images_crop_align_mtcnn/female/asian/d4_1.jpg,15818,.jpg
cropped_images/images_crop_align_mtcnn/female/asian/d9.jpg,13096,.jpg
cropped_images/images_crop_align_mtcnn/female/asian/dani-bayuni-FhuHS2959uI-unsplash.jpg,17128,.jpg
cropped_images/images_crop_align_mtcnn/female/asian/daniel-rigdon-dXmXKPP2L4E-unsplash.jpg,12867,.jpg
cropped_images/images_crop_align_mtcnn/female/asian/dev-asangbam-R4CHODMJTzA-unsplash.jpg,16151,.jpg
cropped_images/images_crop_align_mtcnn/female/asian/diao-darius-K3k7X7OA394-unsplash.jpg,12059,.jpg
cropped_images/images_crop_align_mtcnn/female/asian/documentary-2695341_1920.jpg,14500,.jpg
cropped_images/images_crop_align_mtcnn/female/asian/dr-1621296_1920.jpg,14771,.jpg
cropped_images/images_crop_align_mtcnn/female/asian/du-wei-5rrrG8IZ8Dc-unsplash.jpg,13600,.jpg
cropped_images/images_crop_align_mtcnn/female/asian/europeana-m9LowiQVMLA-unsplash.jpg,10650,.jpg
cropped_images/images_crop_align_mtcnn/female/asian/face-1146038_1920.jpg,17282,.jpg
cropped_images/images_crop_align_mtcnn/female/asian/face-977177_1920.jpg,14343,.jpg
cropped_images/images_crop_align_mtcnn/female/asian/faizfajer-VzmoR9Meu3w-unsplash.jpg,17062,.jpg
cropped_images/images_crop_align_mtcnn/female/asian/fashion-4257899_1920.jpg,12667,.jpg
cropped_images/images_crop_align_mtcnn/female/asian/fashion-4257904_1920.jpg,15033,.jpg
cropped_images/images_crop_align_mtcnn/female/asian/female-3976486_1920.jpg,15310,.jpg
cropped_images/images_crop_align_mtcnn/female/asian/frederick-ferdianto-Dunxame8wxg-unsplash.jpg,13919,.jpg
cropped_images/images_crop_align_mtcnn/female/asian/gema-saputera-MWuZfECSg0U-unsplash.jpg,14927,.jpg
cropped_images/images_crop_align_mtcnn/female/asian/gemma-chua-tran-QaiIaCkGCtI-unsplash.jpg,14633,.jpg
cropped_images/images_crop_align_mtcnn/female/asian/gemma-chua-tran-Sgqo6Cohf9M-unsplash.jpg,13856,.jpg
cropped_images/images_crop_align_mtcnn/female/asian/girl-1718116_1920.jpg,13426,.jpg
cropped_images/images_crop_align_mtcnn/female/asian/girl-1721429_1920.jpg,17627,.jpg
cropped_images/images_crop_align_mtcnn/female/asian/girl-1733337_1920.jpg,13800,.jpg
cropped_images/images_crop_align_mtcnn/female/asian/girl-1733349_1920.jpg,14843,.jpg
cropped_images/images_crop_align_mtcnn/female/asian/girl-1741925_1920.jpg,19003,.jpg
cropped_images/images_crop_align_mtcnn/female/asian/girl-1741941_1920.jpg,15880,.jpg
cropped_images/images_crop_align_mtcnn/female/asian/girl-184596_1920.jpg,18321,.jpg
cropped_images/images_crop_align_mtcnn/female/asian/girl-1848949_1920.jpg,14394,.jpg
cropped_images/images_crop_align_mtcnn/female/asian/girl-2704116_1920.jpg,13121,.jpg
cropped_images/images_crop_align_mtcnn/female/asian/girl-2894898_1920.jpg,12693,.jpg
cropped_images/images_crop_align_mtcnn/female/asian/girl-3738843_1920.jpg,13158,.jpg
cropped_images/images_crop_align_mtcnn/female/asian/girl-4036509_1920.jpg,14668,.jpg
cropped_images/images_crop_align_mtcnn/female/asian/girl-4618070_1920.jpg,11536,.jpg
cropped_images/images_crop_align_mtcnn/female/asian/girl-4622990_1920.jpg,15929,.jpg
cropped_images/images_crop_align_mtcnn/female/asian/girl-526707_1920.jpg,13817,.jpg
cropped_images/images_crop_align_mtcnn/female/asian/girl-5846478_1920.jpg,14263,.jpg
cropped_images/images_crop_align_mtcnn/female/asian/girl-5933162_1920.jpg,14592,.jpg
cropped_images/images_crop_align_mtcnn/female/asian/girl-5934632_1920.jpg,10232,.jpg
cropped_images/images_crop_align_mtcnn/female/asian/girl-5934674_1920.jpg,14258,.jpg
cropped_images/images_crop_align_mtcnn/female/asian/h-f-e-co-2ayXMZmiRWk-unsplash.jpg,13235,.jpg
cropped_images/images_crop_align_mtcnn/female/asian/hannah-xu-A3B7VHK71Ks-unsplash.jpg,11877,.jpg
cropped_images/images_crop_align_mtcnn/female/asian/hello-5919349_1920.jpg,17502,.jpg
cropped_images/images_crop_align_mtcnn/female/asian/hhh13-gMC5TecfnD4-unsplash.jpg,13469,.jpg
cropped_images/images_crop_align_mtcnn/female/asian/hijab-5090230_1920.jpg,16011,.jpg
cropped_images/images_crop_align_mtcnn/female/asian/huseyin-topcu-szDEzZPyfcQ-unsplash.jpg,14466,.jpg
cropped_images/images_crop_align_mtcnn/female/asian/huu-chung-dang-lP02hkcp7H0-unsplash.jpg,15170,.jpg
cropped_images/images_crop_align_mtcnn/female/asian/ipad-1721428_1920.jpg,15159,.jpg
cropped_images/images_crop_align_mtcnn/female/asian/irene-strong-gKJ2FFsCOD0-unsplash.jpg,13534,.jpg
cropped_images/images_crop_align_mtcnn/female/asian/isco-wcJOYUVOwDc-unsplash.jpg,11793,.jpg
cropped_images/images_crop_align_mtcnn/female/asian/jaizer-capangpangan-04SoDoueyF8-unsplash.jpg,14760,.jpg
cropped_images/images_crop_align_mtcnn/female/asian/japan-1432871_1920.jpg,17112,.jpg
cropped_images/images_crop_align_mtcnn/female/asian/jasmin-chew-WUVozkQFLz0-unsplash.jpg,13930,.jpg
cropped_images/images_crop_align_mtcnn/female/asian/jernej-graj-GY5gWDimEyg-unsplash.jpg,14682,.jpg
cropped_images/images_crop_align_mtcnn/female/asian/jernej-graj-muXeYVQaPyA-unsplash.jpg,14270,.jpg
cropped_images/images_crop_align_mtcnn/female/asian/jeswin-thomas-rnjwbDDQUHk-unsplash.jpg,15243,.jpg
cropped_images/images_crop_align_mtcnn/female/asian/jim-flores-dE6c9RZoyL8-unsplash.jpg,11781,.jpg
cropped_images/images_crop_align_mtcnn/female/asian/jim-flores-ebidnEfTCtk-unsplash.jpg,13087,.jpg
cropped_images/images_crop_align_mtcnn/female/asian/jimmy-chang-VplzfrQvCm4-unsplash.jpg,14857,.jpg
cropped_images/images_crop_align_mtcnn/female/asian/joel-mott-LaK153ghdig-unsplash.jpg,15165,.jpg
cropped_images/images_crop_align_mtcnn/female/asian/joel-mott-Z8MesVFSYac-unsplash.jpg,12828,.jpg
cropped_images/images_crop_align_mtcnn/female/asian/joeyy-lee-pCcPFfJ-LzM-unsplash.jpg,11162,.jpg
cropped_images/images_crop_align_mtcnn/female/asian/john-mark-ramos-SGINHNM-vhk-unsplash.jpg,10321,.jpg
cropped_images/images_crop_align_mtcnn/female/asian/kseniia-ilinykh-BHmKkfpwuuc-unsplash.jpg,14836,.jpg
cropped_images/images_crop_align_mtcnn/female/asian/le-minh-phuong-jGZITdFhmts-unsplash.jpg,13563,.jpg
cropped_images/images_crop_align_mtcnn/female/asian/leo-rivas-2iqKxsN659U-unsplash.jpg,15370,.jpg
cropped_images/images_crop_align_mtcnn/female/asian/mahendra-febrianto-KtCBIpLGu1E-unsplash.jpg,14177,.jpg
cropped_images/images_crop_align_mtcnn/female/asian/manny-moreno-g9mefExQHfM-unsplash.jpg,13436,.jpg
cropped_images/images_crop_align_mtcnn/female/asian/mathias-huysmans-U4JDjYmjn1g-unsplash.jpg,12898,.jpg
cropped_images/images_crop_align_mtcnn/female/asian/mathias-huysmans-kWLwiYznS3M-unsplash.jpg,13539,.jpg
cropped_images/images_crop_align_mtcnn/female/asian/model-1822567_1920.jpg,12521,.jpg
cropped_images/images_crop_align_mtcnn/female/asian/mongolia-4538999_1920.jpg,16032,.jpg
cropped_images/images_crop_align_mtcnn/female/asian/muhammad-ruqiyaddin-0BFQaFG9iR0-unsplash.jpg,18615,.jpg
cropped_images/images_crop_align_mtcnn/female/asian/muslim-417317_1920.jpg,16085,.jpg
cropped_images/images_crop_align_mtcnn/female/asian/nathan-anderson-2nqji_XO20w-unsplash.jpg,17653,.jpg
cropped_images/images_crop_align_mtcnn/female/asian/nima-sarram-3VOI8o6Ftio-unsplash.jpg,11730,.jpg
cropped_images/images_crop_align_mtcnn/female/asian/old-2474161_1920.jpg,12739,.jpg
cropped_images/images_crop_align_mtcnn/female/asian/outdoors-3341719_1920.jpg,17221,.jpg
cropped_images/images_crop_align_mtcnn/female/asian/people-3332333_1920.jpg,12533,.jpg
cropped_images/images_crop_align_mtcnn/female/asian/pexels-amir-hamzah-photo-2705292.jpg,12870,.jpg
cropped_images/images_crop_align_mtcnn/female/asian/pexels-anna-shvets-4672555.jpg,16201,.jpg
cropped_images/images_crop_align_mtcnn/female/asian/pexels-carol-wd-3454302.jpg,12040,.jpg
cropped_images/images_crop_align_mtcnn/female/asian/pexels-cottonbro-3419647.jpg,16936,.jpg
cropped_images/images_crop_align_mtcnn/female/asian/pexels-cottonbro-3419693.jpg,16070,.jpg
cropped_images/images_crop_align_mtcnn/female/asian/pexels-duy-dinh-3614523.jpg,16504,.jpg
cropped_images/images_crop_align_mtcnn/female/asian/pexels-happy-pixels-3170437.jpg,12423,.jpg
cropped_images/images_crop_align_mtcnn/female/asian/pexels-hải-nguyễn-3616937.jpg,13299,.jpg
cropped_images/images_crop_align_mtcnn/female/asian/pexels-ike-louie-natividad-2709388.jpg,19324,.jpg
cropped_images/images_crop_align_mtcnn/female/asian/pexels-ketut-subiyanto-4350057.jpg,14942,.jpg
cropped_images/images_crop_align_mtcnn/female/asian/pexels-ketut-subiyanto-4350178.jpg,14800,.jpg
cropped_images/images_crop_align_mtcnn/female/asian/pexels-maria-orlova-4906257.jpg,13987,.jpg
cropped_images/images_crop_align_mtcnn/female/asian/pexels-maria-orlova-4946391.jpg,14576,.jpg
cropped_images/images_crop_align_mtcnn/female/asian/pexels-meijii-2014864.jpg,14163,.jpg
cropped_images/images_crop_align_mtcnn/female/asian/pexels-mental-health-america-(mha)-5531323.jpg,14062,.jpg
cropped_images/images_crop_align_mtcnn/female/asian/pexels-mikhail-nilov-6612835.jpg,12789,.jpg
cropped_images/images_crop_align_mtcnn/female/asian/pexels-min-an-1070751.jpg,13618,.jpg
cropped_images/images_crop_align_mtcnn/female/asian/pexels-min-an-1586654.jpg,13982,.jpg
cropped_images/images_crop_align_mtcnn/female/asian/pexels-min-an-1589369.jpg,13898,.jpg
cropped_images/images_crop_align_mtcnn/female/asian/pexels-min-an-732425.jpg,13196,.jpg
cropped_images/images_crop_align_mtcnn/female/asian/pexels-nguyễn-lâm-886477.jpg,13626,.jpg
cropped_images/images_crop_align_mtcnn/female/asian/pexels-raka-miftah-3522693.jpg,11369,.jpg
cropped_images/images_crop_align_mtcnn/female/asian/pexels-raydar-341970.jpg,12274,.jpg
cropped_images/images_crop_align_mtcnn/female/asian/pexels-rodnae-productions-4920897.jpg,12956,.jpg
cropped_images/images_crop_align_mtcnn/female/asian/pexels-shahi-zidan-2692577.jpg,15412,.jpg
cropped_images/images_crop_align_mtcnn/female/asian/pexels-sora-shimazaki-5938295.jpg,16150,.jpg
cropped_images/images_crop_align_mtcnn/female/asian/pexels-sora-shimazaki-5938437.jpg,16029,.jpg
cropped_images/images_crop_align_mtcnn/female/asian/pexels-thunyarat-klaiklang-1814538.jpg,12816,.jpg
cropped_images/images_crop_align_mtcnn/female/asian/pexels-tima-miroshnichenko-6614828.jpg,15293,.jpg
cropped_images/images_crop_align_mtcnn/female/asian/pexels-tuấn-kiệt-jr-1391499.jpg,13103,.jpg
cropped_images/images_crop_align_mtcnn/female/asian/pexels-zen-chung-5538615.jpg,14178,.jpg
cropped_images/images_crop_align_mtcnn/female/asian/philippe-leone-ffrGEGb4Y58-unsplash.jpg,19817,.jpg
cropped_images/images_crop_align_mtcnn/female/asian/portrait-3058726_1920.jpg,16674,.jpg
cropped_images/images_crop_align_mtcnn/female/asian/portrait-3622823_1920.jpg,14400,.jpg
cropped_images/images_crop_align_mtcnn/female/asian/portrait-4202918_1920.jpg,12444,.jpg
cropped_images/images_crop_align_mtcnn/female/asian/portrait-750780_1920.jpg,16951,.jpg
cropped_images/images_crop_align_mtcnn/female/asian/pregnancy-2594275_1920.jpg,15812,.jpg
cropped_images/images_crop_align_mtcnn/female/asian/rainier-ridao-L1STkrnnBHw-unsplash.jpg,12854,.jpg
cropped_images/images_crop_align_mtcnn/female/asian/raychan-sw30Y2Ek5t0-unsplash.jpg,20745,.jpg
cropped_images/images_crop_align_mtcnn/female/asian/samuel-berner-xtpz9sSRUDw-unsplash.jpg,16240,.jpg
cropped_images/images_crop_align_mtcnn/female/asian/sankhadeep-barman-aHTbdSquNCY-unsplash.jpg,12793,.jpg
cropped_images/images_crop_align_mtcnn/female/asian/selfie-4127339_1920.jpg,14086,.jpg
cropped_images/images_crop_align_mtcnn/female/asian/simon-marsault-jUyP2PcuBls-unsplash.jpg,18364,.jpg
cropped_images/images_crop_align_mtcnn/female/asian/suhendro-purnomo--ApMYrUyi0o-unsplash.jpg,14088,.jpg
cropped_images/images_crop_align_mtcnn/female/asian/suhendro-purnomo-4E3noTlLm1c-unsplash.jpg,14215,.jpg
cropped_images/images_crop_align_mtcnn/female/asian/tabitha-turner-e5ckVRrQj_8-unsplash.jpg,13852,.jpg
cropped_images/images_crop_align_mtcnn/female/asian/thanh-duc-phan-i5R8hbZFDdc-unsplash.jpg,11128,.jpg
cropped_images/images_crop_align_mtcnn/female/asian/toa-heftiba-aQ0YRudYjm0-unsplash.jpg,15319,.jpg
cropped_images/images_crop_align_mtcnn/female/asian/tong-nguyen-van-ERIZwv4V5pA-unsplash.jpg,15286,.jpg
cropped_images/images_crop_align_mtcnn/female/asian/tong-nguyen-van-wXnaknPMpK0-unsplash.jpg,16539,.jpg
cropped_images/images_crop_align_mtcnn/female/asian/vietnamese-4646223_1920.jpg,11985,.jpg
cropped_images/images_crop_align_mtcnn/female/asian/vin-stratton-LkDICOYBYAg-unsplash.jpg,13688,.jpg
cropped_images/images_crop_align_mtcnn/female/asian/vino-li-yuJYUYpnFlo-unsplash.jpg,13569,.jpg
cropped_images/images_crop_align_mtcnn/female/asian/visualsofdana-KD1xdIkw3Z8-unsplash.jpg,15687,.jpg
cropped_images/images_crop_align_mtcnn/female/asian/watercolor-1214824_1920.jpg,17881,.jpg
cropped_images/images_crop_align_mtcnn/female/asian/woman-2294787_1920.jpg,15664,.jpg
cropped_images/images_crop_align_mtcnn/female/asian/woman-2690362_1920.jpg,15446,.jpg
cropped_images/images_crop_align_mtcnn/female/asian/woman-3178537_1920.jpg,14461,.jpg
cropped_images/images_crop_align_mtcnn/female/asian/woman-3951558_1920.jpg,14829,.jpg
cropped_images/images_crop_align_mtcnn/female/asian/woman-4804268_1920.jpg,12398,.jpg
cropped_images/images_crop_align_mtcnn/female/asian/woman-5573135_1920.jpg,12515,.jpg
cropped_images/images_crop_align_mtcnn/female/asian/woman-5775938_1920.jpg,15469,.jpg
cropped_images/images_crop_align_mtcnn/female/asian/woman-984426_1920.jpg,14471,.jpg
cropped_images/images_crop_align_mtcnn/female/asian/women-1507748_1920.jpg,14421,.jpg
cropped_images/images_crop_align_mtcnn/female/asian/women-4445664_1920.jpg,15479,.jpg
cropped_images/images_crop_align_mtcnn/female/asian/women-5930352_1920.jpg,13964,.jpg
cropped_images/images_crop_align_mtcnn/female/asian/xu-duo-kSyOJGwlGm0-unsplash.jpg,15945,.jpg
cropped_images/images_crop_align_mtcnn/female/asian/xu-duo-w2p_6UBRSTY-unsplash.jpg,14055,.jpg
cropped_images/images_crop_align_mtcnn/female/asian/yannes-kiefer-VZfSq4TQTHY-unsplash.jpg,18745,.jpg
cropped_images/images_crop_align_mtcnn/female/asian/yeo-khee-uZCY6vjHGmE-unsplash.jpg,18053,.jpg
cropped_images/images_crop_align_mtcnn/female/asian/young-women-1281280_1920.jpg,16235,.jpg
cropped_images/images_crop_align_mtcnn/female/black/1.jpg,13826,.jpg
cropped_images/images_crop_align_mtcnn/female/black/15.jpg,13763,.jpg
cropped_images/images_crop_align_mtcnn/female/black/27.jpg,12704,.jpg
cropped_images/images_crop_align_mtcnn/female/black/31.jpg,14959,.jpg
cropped_images/images_crop_align_mtcnn/female/black/34.jpg,16624,.jpg
cropped_images/images_crop_align_mtcnn/female/black/39.jpg,12380,.jpg
cropped_images/images_crop_align_mtcnn/female/black/52.jpg,18103,.jpg
cropped_images/images_crop_align_mtcnn/female/black/61.jpg,15833,.jpg
cropped_images/images_crop_align_mtcnn/female/black/african-2197414_1920.jpg,15249,.jpg
cropped_images/images_crop_align_mtcnn/female/black/african-2942355_1920.jpg,16578,.jpg
cropped_images/images_crop_align_mtcnn/female/black/african-american-1180847_1920.jpg,14206,.jpg
cropped_images/images_crop_align_mtcnn/female/black/amevi-wisdom-wiUl_NyafcY-unsplash.jpg,15119,.jpg
cropped_images/images_crop_align_mtcnn/female/black/amin-rk-stz6pJV6UKw-unsplash.jpg,15434,.jpg
cropped_images/images_crop_align_mtcnn/female/black/ashley-byrd-AyOC81h1CGw-unsplash.jpg,13022,.jpg
cropped_images/images_crop_align_mtcnn/female/black/attractive-1869761_1920.jpg,12547,.jpg
cropped_images/images_crop_align_mtcnn/female/black/beautiful-3257190_1920.jpg,15456,.jpg
cropped_images/images_crop_align_mtcnn/female/black/brenna-huff-0bayIkan-Ao-unsplash.jpg,12946,.jpg
cropped_images/images_crop_align_mtcnn/female/black/cassandra-hamer-OyTCN8T9aGo-unsplash.jpg,14102,.jpg
cropped_images/images_crop_align_mtcnn/female/black/cassandra-hamer-t2obqqft_xM-unsplash.jpg,15876,.jpg
cropped_images/images_crop_align_mtcnn/female/black/cheerleader-863890_1920.jpg,12797,.jpg
cropped_images/images_crop_align_mtcnn/female/black/chelsea-ferenando-LmYENEcVmqM-unsplash.jpg,13293,.jpg
cropped_images/images_crop_align_mtcnn/female/black/christina-wocintechchat-com-Zpzf7TLj_gA-unsplash.jpg,14262,.jpg
cropped_images/images_crop_align_mtcnn/female/black/christina-wocintechchat-com-_5_CBVCLBsY-unsplash.jpg,15854,.jpg
cropped_images/images_crop_align_mtcnn/female/black/clarke-sanders-HOQpBGL95Z8-unsplash.jpg,13729,.jpg
cropped_images/images_crop_align_mtcnn/female/black/clarke-sanders-e_W1qouapG8-unsplash.jpg,14747,.jpg
cropped_images/images_crop_align_mtcnn/female/black/clem-onojeghuo-FbTOrJ2G8KI-unsplash.jpg,19169,.jpg
cropped_images/images_crop_align_mtcnn/female/black/cleyton-ewerton-sFdbI7P47XE-unsplash.jpg,14027,.jpg
cropped_images/images_crop_align_mtcnn/female/black/cute-4721888_1920.jpg,12604,.jpg
cropped_images/images_crop_align_mtcnn/female/black/dario-didon-Zqx1BVQBGII-unsplash.jpg,15272,.jpg
cropped_images/images_crop_align_mtcnn/female/black/david-todd-mccarty-e17ti0-AYoA-unsplash.jpg,14166,.jpg
cropped_images/images_crop_align_mtcnn/female/black/demorris-byrd-7Xqi7VLqfpA-unsplash.jpg,11520,.jpg
cropped_images/images_crop_align_mtcnn/female/black/ebony-1643426_1920.jpg,14932,.jpg
cropped_images/images_crop_align_mtcnn/female/black/emma-valerio-Hz_hQrk9hQ8-unsplash.jpg,15921,.jpg
cropped_images/images_crop_align_mtcnn/female/black/emmanuel-zua-iKNvqz1evXI-unsplash.jpg,15781,.jpg
cropped_images/images_crop_align_mtcnn/female/black/engin-akyurt-Obi2AUzEZyU-unsplash.jpg,13364,.jpg
cropped_images/images_crop_align_mtcnn/female/black/engin-akyurt-lyh6c9MLdBY-unsplash.jpg,17386,.jpg
cropped_images/images_crop_align_mtcnn/female/black/ernan-solozabal-kfQWyxttMeQ-unsplash.jpg,15838,.jpg
cropped_images/images_crop_align_mtcnn/female/black/etty-fidele-AzVexpHvuKY-unsplash.jpg,13734,.jpg
cropped_images/images_crop_align_mtcnn/female/black/etty-fidele-TWR--mm6s5o-unsplash.jpg,15418,.jpg
cropped_images/images_crop_align_mtcnn/female/black/eye-for-ebony-BKxipJKe3G0-unsplash.jpg,15265,.jpg
cropped_images/images_crop_align_mtcnn/female/black/eye-for-ebony-Z7ZmNovyF_M-unsplash.jpg,16600,.jpg
cropped_images/images_crop_align_mtcnn/female/black/female-4899174_1920.jpg,11264,.jpg
cropped_images/images_crop_align_mtcnn/female/black/female-4899179_1920.jpg,17584,.jpg
cropped_images/images_crop_align_mtcnn/female/black/force-majeure-a5-_X8IktJg-unsplash.jpg,15022,.jpg
cropped_images/images_crop_align_mtcnn/female/black/gabriel-silverio-HibLL8rsiwc-unsplash.jpg,13968,.jpg
cropped_images/images_crop_align_mtcnn/female/black/gabrielle-henderson-hZpmaacR8gE-unsplash.jpg,15195,.jpg
cropped_images/images_crop_align_mtcnn/female/black/gift-habeshaw-kZ6KJLSKGDQ-unsplash.jpg,16756,.jpg
cropped_images/images_crop_align_mtcnn/female/black/girl-1245835_1920.jpg,14827,.jpg
cropped_images/images_crop_align_mtcnn/female/black/girl-1868930_1920.jpg,14151,.jpg
cropped_images/images_crop_align_mtcnn/female/black/girl-1912901_1920.jpg,16365,.jpg
cropped_images/images_crop_align_mtcnn/female/black/girl-444688_1920.jpg,15196,.jpg
cropped_images/images_crop_align_mtcnn/female/black/gustavo-lanes-ZaL84ooeZpk-unsplash.jpg,12945,.jpg
cropped_images/images_crop_align_mtcnn/female/black/head-shoot-1542339_1920.jpg,16877,.jpg
cropped_images/images_crop_align_mtcnn/female/black/jackson-david-Iex31-cnO-o-unsplash.jpg,18130,.jpg
cropped_images/images_crop_align_mtcnn/female/black/jd-mason-4eRATsC7zTY-unsplash.jpg,14871,.jpg
cropped_images/images_crop_align_mtcnn/female/black/jefferson-nnadiekwe-etYRmDQMcQQ-unsplash.jpg,15472,.jpg
cropped_images/images_crop_align_mtcnn/female/black/jessica-felicio-8vgkMCSq4EU-unsplash.jpg,14776,.jpg
cropped_images/images_crop_align_mtcnn/female/black/jessica-felicio-F16KPYxfm6s-unsplash.jpg,14367,.jpg
cropped_images/images_crop_align_mtcnn/female/black/jessica-felicio-YEbFUPYfUlo-unsplash.jpg,15669,.jpg
cropped_images/images_crop_align_mtcnn/female/black/jessica-felicio-_cvwXhGqG-o-unsplash.jpg,14072,.jpg
cropped_images/images_crop_align_mtcnn/female/black/john-torcasio-tgVm0tkbf1U-unsplash.jpg,18103,.jpg
cropped_images/images_crop_align_mtcnn/female/black/jovaughn-stephens-3ajz-2RgEi8-unsplash.jpg,14499,.jpg
cropped_images/images_crop_align_mtcnn/female/black/juno-jo-nwdPxI1h4NQ-unsplash.jpg,15224,.jpg
cropped_images/images_crop_align_mtcnn/female/black/kal-visuals-fEbgg7USu3E-unsplash.jpg,15842,.jpg
cropped_images/images_crop_align_mtcnn/female/black/kelly-fournier-rPykmpWcL5s-unsplash.jpg,17082,.jpg
cropped_images/images_crop_align_mtcnn/female/black/kelly-sikkema-q2hBflsr71o-unsplash.jpg,14614,.jpg
cropped_images/images_crop_align_mtcnn/female/black/leighann-blackwood-nRVMVZvy6mo-unsplash.jpg,9222,.jpg
cropped_images/images_crop_align_mtcnn/female/black/lethu-zimu-bkyKiFfV91Q-unsplash.jpg,19937,.jpg
cropped_images/images_crop_align_mtcnn/female/black/lucas-lenzi-2RwB3AHphb4-unsplash.jpg,14294,.jpg
cropped_images/images_crop_align_mtcnn/female/black/makeup-1442912_1920.jpg,12564,.jpg
cropped_images/images_crop_align_mtcnn/female/black/marcelo-rangel-E4P7SYt-hPs-unsplash.jpg,14897,.jpg
cropped_images/images_crop_align_mtcnn/female/black/march-for-peace-1727917_1920.jpg,12766,.jpg
cropped_images/images_crop_align_mtcnn/female/black/matheus-ferrero-4cEVIKj7xtY-unsplash.jpg,14031,.jpg
cropped_images/images_crop_align_mtcnn/female/black/mehmet-turgut-kirkgoz-2rVzuyCowLI-unsplash.jpg,14523,.jpg
cropped_images/images_crop_align_mtcnn/female/black/michelle-obama-1129160_1920.jpg,17371,.jpg
cropped_images/images_crop_align_mtcnn/female/black/model-4676037_1920.jpg,16420,.jpg
cropped_images/images_crop_align_mtcnn/female/black/models-2158971_1920.jpg,23829,.jpg
cropped_images/images_crop_align_mtcnn/female/black/national-cancer-institute-duNbFJRhaJQ-unsplash.jpg,13389,.jpg
cropped_images/images_crop_align_mtcnn/female/black/nick-grant-ygrOmmn1Oss-unsplash.jpg,17273,.jpg
cropped_images/images_crop_align_mtcnn/female/black/noah-buscher-AR7aumwKr2s-unsplash.jpg,11543,.jpg
cropped_images/images_crop_align_mtcnn/female/black/oladimeji-odunsi-aU_eOcelLhQ-unsplash.jpg,11701,.jpg
cropped_images/images_crop_align_mtcnn/female/black/oladimeji-odunsi-pV2Kw7Tts14-unsplash.jpg,16012,.jpg
cropped_images/images_crop_align_mtcnn/female/black/olivier-rule-RKqIIjqWRak-unsplash.jpg,15448,.jpg
cropped_images/images_crop_align_mtcnn/female/black/pablo-merchan-montes-ro1i0CMzBfI-unsplash.jpg,14635,.jpg
cropped_images/images_crop_align_mtcnn/female/black/people-2587179_1920.jpg,16996,.jpg
cropped_images/images_crop_align_mtcnn/female/black/people-3104635_1920.jpg,13707,.jpg
cropped_images/images_crop_align_mtcnn/female/black/people-3238357_1920.jpg,15573,.jpg
cropped_images/images_crop_align_mtcnn/female/black/pexels-adrienne-andersen-2552129.jpg,16677,.jpg
cropped_images/images_crop_align_mtcnn/female/black/pexels-adrienne-andersen-2552130.jpg,18381,.jpg
cropped_images/images_crop_align_mtcnn/female/black/pexels-adrienne-andersen-2661256.jpg,19241,.jpg
cropped_images/images_crop_align_mtcnn/female/black/pexels-andrea-piacquadio-3880766.jpg,12938,.jpg
cropped_images/images_crop_align_mtcnn/female/black/pexels-athena-1831792.jpg,13589,.jpg
cropped_images/images_crop_align_mtcnn/female/black/pexels-avonne-stalling-3916455.jpg,12491,.jpg
cropped_images/images_crop_align_mtcnn/female/black/pexels-bernard-ng-3318310.jpg,11608,.jpg
cropped_images/images_crop_align_mtcnn/female/black/pexels-cottonbro-4505450.jpg,16400,.jpg
cropped_images/images_crop_align_mtcnn/female/black/pexels-dalila-dalprat-1995129.jpg,13066,.jpg
cropped_images/images_crop_align_mtcnn/female/black/pexels-dellon-thomas-3189024.jpg,18018,.jpg
cropped_images/images_crop_align_mtcnn/female/black/pexels-ezekixl-akinnewu-950243.jpg,14931,.jpg
cropped_images/images_crop_align_mtcnn/female/black/pexels-ike-louie-natividad-3310695.jpg,14337,.jpg
cropped_images/images_crop_align_mtcnn/female/black/pexels-jermaine-ulinwa-3321515.jpg,16624,.jpg
cropped_images/images_crop_align_mtcnn/female/black/pexels-jorge-fakhouri-filho-1852015.jpg,15668,.jpg
cropped_images/images_crop_align_mtcnn/female/black/pexels-kaone-makoko-3785991.jpg,16739,.jpg
cropped_images/images_crop_align_mtcnn/female/black/pexels-marcelo-chagas-2535859.jpg,15060,.jpg
cropped_images/images_crop_align_mtcnn/female/black/pexels-marcelo-chagas-2539732.jpg,16398,.jpg
cropped_images/images_crop_align_mtcnn/female/black/pexels-marcelo-dias-2448994.jpg,12244,.jpg
cropped_images/images_crop_align_mtcnn/female/black/pexels-marlon-schmeiski-3839904.jpg,14641,.jpg
cropped_images/images_crop_align_mtcnn/female/black/pexels-moh-mckenzie-3597035.jpg,15900,.jpg
cropped_images/images_crop_align_mtcnn/female/black/pexels-muhammadtaha-ibrahim-ma'aji-3280901.jpg,16792,.jpg
cropped_images/images_crop_align_mtcnn/female/black/pexels-murat-esibatir-4355346.jpg,14217,.jpg
cropped_images/images_crop_align_mtcnn/female/black/pexels-mwabonje-2680369.jpg,19361,.jpg
cropped_images/images_crop_align_mtcnn/female/black/pexels-nappy-1068205.jpg,18622,.jpg
cropped_images/images_crop_align_mtcnn/female/black/pexels-noa-photography-4364604.jpg,15318,.jpg
cropped_images/images_crop_align_mtcnn/female/black/pexels-ogo-2434049.jpg,12704,.jpg
cropped_images/images_crop_align_mtcnn/female/black/pexels-rebrand-cities-1367270.jpg,13211,.jpg
cropped_images/images_crop_align_mtcnn/female/black/pexels-rfstudio-3061415.jpg,18473,.jpg
cropped_images/images_crop_align_mtcnn/female/black/pexels-rodnae-productions-4911184.jpg,16900,.jpg
cropped_images/images_crop_align_mtcnn/female/black/pexels-rodnae-productions-4921034.jpg,14901,.jpg
cropped_images/images_crop_align_mtcnn/female/black/pexels-samson-katt-5256700.jpg,16189,.jpg
cropped_images/images_crop_align_mtcnn/female/black/pexels-shotpot-6337498.jpg,15539,.jpg
cropped_images/images_crop_align_mtcnn/female/black/pexels-willsantt-1962844.jpg,14422,.jpg
cropped_images/images_crop_align_mtcnn/female/black/pexels-zen-chung-5537979.jpg,17390,.jpg
cropped_images/images_crop_align_mtcnn/female/black/pieter-benjamin-nijs-lb8gB8jnKDA-unsplash.jpg,14273,.jpg
cropped_images/images_crop_align_mtcnn/female/black/portrait-856125_1920.jpg,17661,.jpg
cropped_images/images_crop_align_mtcnn/female/black/prince-akachi-J1OScm_uHUQ-unsplash.jpg,14729,.jpg
cropped_images/images_crop_align_mtcnn/female/black/prince-akachi-LWkFHEGpleE-unsplash.jpg,14158,.jpg
cropped_images/images_crop_align_mtcnn/female/black/prince-akachi-l3IHXOdMyHQ-unsplash.jpg,13472,.jpg
cropped_images/images_crop_align_mtcnn/female/black/princess-Lo9qLgRIUIs-unsplash.jpg,17743,.jpg
cropped_images/images_crop_align_mtcnn/female/black/raphael-lovaski-3cbvEhhQspg-unsplash.jpg,14511,.jpg
cropped_images/images_crop_align_mtcnn/female/black/ricardo-esquivel-O8i3pW1leYs-unsplash.jpg,15674,.jpg
cropped_images/images_crop_align_mtcnn/female/black/ronise-da-luz-5DJ8sR-m58I-unsplash.jpg,14864,.jpg
cropped_images/images_crop_align_mtcnn/female/black/samuel-aboh-RGomcmMkTEA-unsplash.jpg,16034,.jpg
cropped_images/images_crop_align_mtcnn/female/black/shot-by-cerqueira-cthGStT-j_A-unsplash.jpg,15028,.jpg
cropped_images/images_crop_align_mtcnn/female/black/smile-2072907_1920.jpg,17862,.jpg
cropped_images/images_crop_align_mtcnn/female/black/smile-2072908_1920.jpg,11778,.jpg
cropped_images/images_crop_align_mtcnn/female/black/steward-masweneng-Ws4YEqBafus-unsplash.jpg,15632,.jpg
cropped_images/images_crop_align_mtcnn/female/black/suad-kamardeen-4VN2WWVWqDs-unsplash.jpg,16860,.jpg
cropped_images/images_crop_align_mtcnn/female/black/suad-kamardeen-khewjy5l4Zo-unsplash.jpg,19557,.jpg
cropped_images/images_crop_align_mtcnn/female/black/suad-kamardeen-pn2-F5lKM-U-unsplash.jpg,14342,.jpg
cropped_images/images_crop_align_mtcnn/female/black/tyrell-charles-m4NimBSfcYI-unsplash.jpg,15412,.jpg
cropped_images/images_crop_align_mtcnn/female/black/vladimir-yelizarov-1Fx-iiR8R_4-unsplash.jpg,12380,.jpg
cropped_images/images_crop_align_mtcnn/female/black/vladimir-yelizarov-lCDPfozQC08-unsplash.jpg,15635,.jpg
cropped_images/images_crop_align_mtcnn/female/black/vonecia-carswell-X5f2DFCjhWs-unsplash.jpg,13328,.jpg
cropped_images/images_crop_align_mtcnn/female/black/wadi-lissa-PnCTTH_mmYg-unsplash.jpg,15624,.jpg
cropped_images/images_crop_align_mtcnn/female/black/woman-1018284_1920.jpg,16824,.jpg
cropped_images/images_crop_align_mtcnn/female/black/woman-1018291_1920.jpg,13719,.jpg
cropped_images/images_crop_align_mtcnn/female/black/woman-3144280_1920.jpg,15531,.jpg
cropped_images/images_crop_align_mtcnn/female/black/woman-5932291_1920.jpg,17822,.jpg
cropped_images/images_crop_align_mtcnn/female/black/woman-5939698_1920.jpg,16446,.jpg
cropped_images/images_crop_align_mtcnn/female/black/woman-659348_1920.jpg,15308,.jpg
cropped_images/images_crop_align_mtcnn/female/black/woman-868521_1920.jpg,14959,.jpg
cropped_images/images_crop_align_mtcnn/female/black/ziphaus-NizskSsegM8-unsplash.jpg,14278,.jpg
cropped_images/images_crop_align_mtcnn/female/caucasian/10_1.jpg,15285,.jpg
cropped_images/images_crop_align_mtcnn/female/caucasian/11.jpg,17586,.jpg
cropped_images/images_crop_align_mtcnn/female/caucasian/12.jpg,14973,.jpg
cropped_images/images_crop_align_mtcnn/female/caucasian/14.jpg,15309,.jpg
cropped_images/images_crop_align_mtcnn/female/caucasian/16.jpg,15402,.jpg
cropped_images/images_crop_align_mtcnn/female/caucasian/18.jpg,18791,.jpg
cropped_images/images_crop_align_mtcnn/female/caucasian/19.jpg,13730,.jpg
cropped_images/images_crop_align_mtcnn/female/caucasian/28.jpg,17236,.jpg
cropped_images/images_crop_align_mtcnn/female/caucasian/40.jpg,17122,.jpg
cropped_images/images_crop_align_mtcnn/female/caucasian/5.jpg,14170,.jpg
cropped_images/images_crop_align_mtcnn/female/caucasian/55.jpg,12670,.jpg
cropped_images/images_crop_align_mtcnn/female/caucasian/62.jpg,15349,.jpg
cropped_images/images_crop_align_mtcnn/female/caucasian/8.jpg,17152,.jpg
cropped_images/images_crop_align_mtcnn/female/caucasian/actress-1893312_1920.jpg,13258,.jpg
cropped_images/images_crop_align_mtcnn/female/caucasian/adult-1867889_1920.jpg,13281,.jpg
cropped_images/images_crop_align_mtcnn/female/caucasian/ahmadreza-najafi-VjxPbl_ErF8-unsplash.jpg,17657,.jpg
cropped_images/images_crop_align_mtcnn/female/caucasian/aircraft-976685_1920.jpg,15927,.jpg
cropped_images/images_crop_align_mtcnn/female/caucasian/aleksandr-minakov-bY4GXQKfZrA-unsplash.jpg,13116,.jpg
cropped_images/images_crop_align_mtcnn/female/caucasian/alex-perez-42e14e_DSWE-unsplash.jpg,17818,.jpg
cropped_images/images_crop_align_mtcnn/female/caucasian/alex-sheldon-p63g4kQAt_4-unsplash.jpg,17029,.jpg
cropped_images/images_crop_align_mtcnn/female/caucasian/alexander-krivitskiy-moMIHvUEujM-unsplash.jpg,15329,.jpg
cropped_images/images_crop_align_mtcnn/female/caucasian/alexander-scott-lambley-i2AmfpRO0Cc-unsplash.jpg,15438,.jpg
cropped_images/images_crop_align_mtcnn/female/caucasian/alexandre-croussette-P9C8YtG4eYU-unsplash.jpg,12675,.jpg
cropped_images/images_crop_align_mtcnn/female/caucasian/alexis-brown-XhFROJiMDtA-unsplash.jpg,15309,.jpg
cropped_images/images_crop_align_mtcnn/female/caucasian/alexis-reyna-Ghq7sANg8Lc-unsplash.jpg,16310,.jpg
cropped_images/images_crop_align_mtcnn/female/caucasian/ali-pazani-VPYKT3ePiEM-unsplash.jpg,13932,.jpg
cropped_images/images_crop_align_mtcnn/female/caucasian/allef-vinicius-PoM0yxiD6L8-unsplash.jpg,11717,.jpg
cropped_images/images_crop_align_mtcnn/female/caucasian/allef-vinicius-RTiPK6GPBxg-unsplash.jpg,12607,.jpg
cropped_images/images_crop_align_mtcnn/female/caucasian/amelia-barklid-q97o6P6_lMQ-unsplash.jpg,14379,.jpg
cropped_images/images_crop_align_mtcnn/female/caucasian/amir-taheri-kQdhNGTVa3A-unsplash.jpg,15244,.jpg
cropped_images/images_crop_align_mtcnn/female/caucasian/analise-benevides-x-CinW2XVRw-unsplash.jpg,14026,.jpg
cropped_images/images_crop_align_mtcnn/female/caucasian/anastasia-vityukova-Cq6TBhIV0fw-unsplash.jpg,18298,.jpg
cropped_images/images_crop_align_mtcnn/female/caucasian/anastasiya-nekhaeva-vqGyIoD3PAc-unsplash.jpg,13638,.jpg
cropped_images/images_crop_align_mtcnn/female/caucasian/anastasiya-pavlova-7ip-IOC2yvA-unsplash.jpg,15262,.jpg
cropped_images/images_crop_align_mtcnn/female/caucasian/anastasiya-pavlova-OthOW3y_UII-unsplash.jpg,13286,.jpg
cropped_images/images_crop_align_mtcnn/female/caucasian/anastasiya-pavlova-tPD0S5mLkgI-unsplash.jpg,15310,.jpg
cropped_images/images_crop_align_mtcnn/female/caucasian/andreea-pop-ZR0Ij09RN9w-unsplash.jpg,17981,.jpg
cropped_images/images_crop_align_mtcnn/female/caucasian/andreea-pop-uR4cG4C2tsg-unsplash.jpg,16230,.jpg
cropped_images/images_crop_align_mtcnn/female/caucasian/andrey-svistunov-IcSCXCRgATw-unsplash.jpg,12352,.jpg
cropped_images/images_crop_align_mtcnn/female/caucasian/andrey-zvyagintsev-byfNhh81CWU-unsplash.jpg,19481,.jpg
cropped_images/images_crop_align_mtcnn/female/caucasian/andriyko-podilnyk-KyQxMKaPTM0-unsplash.jpg,15651,.jpg
cropped_images/images_crop_align_mtcnn/female/caucasian/andriyko-podilnyk-jFAG_ixCrsM-unsplash.jpg,15172,.jpg
cropped_images/images_crop_align_mtcnn/female/caucasian/anita-jankovic-_OMk87F-zvI-unsplash.jpg,13088,.jpg
cropped_images/images_crop_align_mtcnn/female/caucasian/ann-agterberg-WqATKbXqGZQ-unsplash.jpg,13688,.jpg
cropped_images/images_crop_align_mtcnn/female/caucasian/ann-danilina-zgohOdeKpnA-unsplash.jpg,13702,.jpg
cropped_images/images_crop_align_mtcnn/female/caucasian/anne-peres-plsF6obTgms-unsplash.jpg,16077,.jpg
cropped_images/images_crop_align_mtcnn/female/caucasian/annika-palmari-H0-6Y5GmyMQ-unsplash.jpg,16227,.jpg
cropped_images/images_crop_align_mtcnn/female/caucasian/anton-darius-NaV1BloVk0g-unsplash.jpg,14420,.jpg
cropped_images/images_crop_align_mtcnn/female/caucasian/anton-malanin-lxEqRDB9Ng8-unsplash.jpg,14616,.jpg
cropped_images/images_crop_align_mtcnn/female/caucasian/apostolos-vamvouras-egW3HtJfsrE-unsplash.jpg,13808,.jpg
cropped_images/images_crop_align_mtcnn/female/caucasian/arno-senoner-5UCPo5N2cyg-unsplash.jpg,13112,.jpg
cropped_images/images_crop_align_mtcnn/female/caucasian/artem-ivanchencko-M9-VgKDrhDA-unsplash.jpg,16638,.jpg
cropped_images/images_crop_align_mtcnn/female/caucasian/artem-kryzhanivskyi-AdRJsBCjwms-unsplash.jpg,19099,.jpg
cropped_images/images_crop_align_mtcnn/female/caucasian/aschas-O15EA5W8rmI-unsplash.jpg,13116,.jpg
cropped_images/images_crop_align_mtcnn/female/caucasian/ayo-ogunseinde-6W4F62sN_yI-unsplash.jpg,14154,.jpg
cropped_images/images_crop_align_mtcnn/female/caucasian/bailey-mahon-jfPKQraxv0w-unsplash.jpg,15359,.jpg
cropped_images/images_crop_align_mtcnn/female/caucasian/baris-selcen-6bjgSD6Wxus-unsplash.jpg,15426,.jpg
cropped_images/images_crop_align_mtcnn/female/caucasian/beautiful-1844724_1920.jpg,13696,.jpg
cropped_images/images_crop_align_mtcnn/female/caucasian/beautiful-1867092_1920.jpg,16312,.jpg
cropped_images/images_crop_align_mtcnn/female/caucasian/beautiful-1867431_1920.jpg,19638,.jpg
cropped_images/images_crop_align_mtcnn/female/caucasian/beautiful-2114449_1920.jpg,14057,.jpg
cropped_images/images_crop_align_mtcnn/female/caucasian/beautiful-2819394_1920.jpg,16040,.jpg
cropped_images/images_crop_align_mtcnn/female/caucasian/beautiful-model-4597225_1920.jpg,17745,.jpg
cropped_images/images_crop_align_mtcnn/female/caucasian/beautiful-young-woman-635271_1920.jpg,13350,.jpg
cropped_images/images_crop_align_mtcnn/female/caucasian/beauty-1132617_1920.jpg,12521,.jpg
cropped_images/images_crop_align_mtcnn/female/caucasian/bella-4368194_1920.jpg,17479,.jpg
cropped_images/images_crop_align_mtcnn/female/caucasian/ben-den-engelsen-AGTxr6b9xJU-unsplash.jpg,13146,.jpg
cropped_images/images_crop_align_mtcnn/female/caucasian/bikini-885382_1920.jpg,15714,.jpg
cropped_images/images_crop_align_mtcnn/female/caucasian/bindi-2416039_1920.jpg,17022,.jpg
cropped_images/images_crop_align_mtcnn/female/caucasian/black-dress-2985654_1920.jpg,15382,.jpg
cropped_images/images_crop_align_mtcnn/female/caucasian/blake-barlow-7Ge4b_kcPLQ-unsplash.jpg,13353,.jpg
cropped_images/images_crop_align_mtcnn/female/caucasian/blake-barlow-L9NrqmDPT-g-unsplash.jpg,13466,.jpg
cropped_images/images_crop_align_mtcnn/female/caucasian/blond-3952534_1920.jpg,16752,.jpg
cropped_images/images_crop_align_mtcnn/female/caucasian/blonde-2885907_1920.jpg,14238,.jpg
cropped_images/images_crop_align_mtcnn/female/caucasian/bradley-dunn-Hy879rKHhbc-unsplash.jpg,14737,.jpg
cropped_images/images_crop_align_mtcnn/female/caucasian/brett-carey-dPJ5H1qdBfQ-unsplash.jpg,14929,.jpg
cropped_images/images_crop_align_mtcnn/female/caucasian/brock-wegner-Ip5PiEDGK3s-unsplash.jpg,14225,.jpg
cropped_images/images_crop_align_mtcnn/female/caucasian/brooke-cagle-BwhJOU0sgdY-unsplash.jpg,13244,.jpg
cropped_images/images_crop_align_mtcnn/female/caucasian/brooke-cagle-QZRAaYfmvA8-unsplash.jpg,16878,.jpg
cropped_images/images_crop_align_mtcnn/female/caucasian/brooke-cagle-iQ-CjxFHNQk-unsplash.jpg,15181,.jpg
cropped_images/images_crop_align_mtcnn/female/caucasian/bruce-dixon--lYtsl62gyU-unsplash.jpg,14077,.jpg
cropped_images/images_crop_align_mtcnn/female/caucasian/brunette-3627300_1920.jpg,13475,.jpg
cropped_images/images_crop_align_mtcnn/female/caucasian/bruno-bucar-juC6zUwJTHE-unsplash.jpg,12242,.jpg
cropped_images/images_crop_align_mtcnn/female/caucasian/business-3188067_1920.jpg,14972,.jpg
cropped_images/images_crop_align_mtcnn/female/caucasian/business-3456505_1920.jpg,13900,.jpg
cropped_images/images_crop_align_mtcnn/female/caucasian/business-3560916_1920.jpg,15494,.jpg
cropped_images/images_crop_align_mtcnn/female/caucasian/business-woman-2756210_1920.jpg,14960,.jpg
cropped_images/images_crop_align_mtcnn/female/caucasian/caique-silva-3ujVzg9i2EI-unsplash.jpg,12886,.jpg
cropped_images/images_crop_align_mtcnn/female/caucasian/callie-morgan-JlymtjqG2aU-unsplash.jpg,13144,.jpg
cropped_images/images_crop_align_mtcnn/female/caucasian/camila-quintero-franco-8NDuYUjSMiY-unsplash.jpg,14089,.jpg
cropped_images/images_crop_align_mtcnn/female/caucasian/carlos-augusto-qmsP-aRLWsc-unsplash.jpg,15094,.jpg
cropped_images/images_crop_align_mtcnn/female/caucasian/carlos-lindner-1fBp3p-1CyY-unsplash.jpg,16849,.jpg
cropped_images/images_crop_align_mtcnn/female/caucasian/carlos-lindner-8X6_ppAuhnI-unsplash.jpg,17939,.jpg
cropped_images/images_crop_align_mtcnn/female/caucasian/carlos-lindner-DkSkgaPie8s-unsplash.jpg,19001,.jpg
cropped_images/images_crop_align_mtcnn/female/caucasian/carlos-lindner-zvZ-HASOA74-unsplash.jpg,17954,.jpg
cropped_images/images_crop_align_mtcnn/female/caucasian/caroline-hernandez-c82O-ojHu9E-unsplash.jpg,13850,.jpg
cropped_images/images_crop_align_mtcnn/female/caucasian/caroline-hernandez-s7cX3UfuFAA-unsplash.jpg,11896,.jpg
cropped_images/images_crop_align_mtcnn/female/caucasian/charisse-kenion-AZRVxIyCLxY-unsplash.jpg,15517,.jpg
cropped_images/images_crop_align_mtcnn/female/caucasian/charlie-garcia-xJ_lOztx-VE-unsplash.jpg,14661,.jpg
cropped_images/images_crop_align_mtcnn/female/caucasian/child-3031836_1920.jpg,16341,.jpg
cropped_images/images_crop_align_mtcnn/female/caucasian/christiana-rivers-DvpKGEH2zco-unsplash.jpg,14597,.jpg
cropped_images/images_crop_align_mtcnn/female/caucasian/christiana-rivers-O_XIvDy0pcs-unsplash.jpg,15934,.jpg
cropped_images/images_crop_align_mtcnn/female/caucasian/christina-wocintechchat-com-0Zx1bDv5BNY-unsplash.jpg,13608,.jpg
cropped_images/images_crop_align_mtcnn/female/caucasian/clayton-cardinalli-ZqmmwcE1DQ8-unsplash.jpg,16284,.jpg
cropped_images/images_crop_align_mtcnn/female/caucasian/coffee-4783442_1920.jpg,14381,.jpg
cropped_images/images_crop_align_mtcnn/female/caucasian/cold-1284029_1920.jpg,12686,.jpg
cropped_images/images_crop_align_mtcnn/female/caucasian/cole-plichta-7la6TtuqYOI-unsplash.jpg,13161,.jpg
cropped_images/images_crop_align_mtcnn/female/caucasian/connor-wilkins-eW6JCH_fbck-unsplash.jpg,13778,.jpg
cropped_images/images_crop_align_mtcnn/female/caucasian/corinne-kutz-jfIgh0ijkqM-unsplash.jpg,18231,.jpg
cropped_images/images_crop_align_mtcnn/female/caucasian/court-cook-TSZo17r3m0s-unsplash.jpg,16417,.jpg
cropped_images/images_crop_align_mtcnn/female/caucasian/creating-a-brand-WxAOdbDpMiU-uns.jpg,17200,.jpg
cropped_images/images_crop_align_mtcnn/female/caucasian/cristian-newman-l9I93gZKTG4-unsplash.jpg,19450,.jpg
cropped_images/images_crop_align_mtcnn/female/caucasian/d015.jpg,18236,.jpg
cropped_images/images_crop_align_mtcnn/female/caucasian/d02.jpg,15763,.jpg
cropped_images/images_crop_align_mtcnn/female/caucasian/d15.jpg,15060,.jpg
cropped_images/images_crop_align_mtcnn/female/caucasian/dan-ROJFuWCsfmA-unsplash.jpg,18826,.jpg
cropped_images/images_crop_align_mtcnn/female/caucasian/dane-wetton-0AqoGTLmIjQ-unsplash.jpg,12382,.jpg
cropped_images/images_crop_align_mtcnn/female/caucasian/daniel-corneschi-BK3edUeZHls-unsplash.jpg,15064,.jpg
cropped_images/images_crop_align_mtcnn/female/caucasian/daniel-corneschi-e4lszwLJ_As-unsplash.jpg,14834,.jpg
cropped_images/images_crop_align_mtcnn/female/caucasian/daniel-spase-s4bml9X2lVs-unsplash.jpg,15670,.jpg
cropped_images/images_crop_align_mtcnn/female/caucasian/daniil-kuzelev-AkGd_YB6Q2c-unsplash.jpg,14776,.jpg
cropped_images/images_crop_align_mtcnn/female/caucasian/david-todd-mccarty-EIeLcpn-9bM-unsplash.jpg,13585,.jpg
cropped_images/images_crop_align_mtcnn/female/caucasian/denis-agati-3dL0mzyUS6M-unsplash.jpg,16050,.jpg
cropped_images/images_crop_align_mtcnn/female/caucasian/derick-daily--1_NYuwIQxU-unsplash.jpg,14262,.jpg
cropped_images/images_crop_align_mtcnn/female/caucasian/dominic-blignaut-Wwir9Xis204-unsplash.jpg,15953,.jpg
cropped_images/images_crop_align_mtcnn/female/caucasian/edward-cisneros-_H6wpor9mjs-unsplash.jpg,15463,.jpg
cropped_images/images_crop_align_mtcnn/female/caucasian/egor-barmin-i-JkONlmR_o-unsplash.jpg,13467,.jpg
cropped_images/images_crop_align_mtcnn/female/caucasian/egor-barmin-tFF1gAwC6iE-unsplash.jpg,15414,.jpg
cropped_images/images_crop_align_mtcnn/female/caucasian/elderly-1557141_1920.jpg,15566,.jpg
cropped_images/images_crop_align_mtcnn/female/caucasian/eleanor-Xd3J56n0d2Q-unsplash.jpg,13542,.jpg
cropped_images/images_crop_align_mtcnn/female/caucasian/elijah-m-henderson-r9lTXKNtq7I-unsplash.jpg,15008,.jpg
cropped_images/images_crop_align_mtcnn/female/caucasian/emmanuel-bior-N06QdiZgK_E-unsplash.jpg,17599,.jpg
cropped_images/images_crop_align_mtcnn/female/caucasian/engin-akyurt-gXBlAoQF61Q-unsplash.jpg,11920,.jpg
cropped_images/images_crop_align_mtcnn/female/caucasian/ethan-haddox-NTjSR3zYpsY-unsplash.jpg,16034,.jpg
cropped_images/images_crop_align_mtcnn/female/caucasian/eva-wilcock-hHFijaQdfTw-unsplash.jpg,12071,.jpg
cropped_images/images_crop_align_mtcnn/female/caucasian/f1.jpg,18231,.jpg
cropped_images/images_crop_align_mtcnn/female/caucasian/f12.jpg,13205,.jpg
cropped_images/images_crop_align_mtcnn/female/caucasian/f3.png,62503,.png
cropped_images/images_crop_align_mtcnn/female/caucasian/f6.jpg,14908,.jpg
cropped_images/images_crop_align_mtcnn/female/caucasian/f8.jpg,15681,.jpg
cropped_images/images_crop_align_mtcnn/female/caucasian/fabio-alves-PE1IpWTeKfQ-unsplash.jpg,11619,.jpg
cropped_images/images_crop_align_mtcnn/female/caucasian/fantasy-3452327_1920.jpg,13850,.jpg
cropped_images/images_crop_align_mtcnn/female/caucasian/fashion-1284308_1920.jpg,13676,.jpg
cropped_images/images_crop_align_mtcnn/female/caucasian/fashion-1846490_1920.jpg,17541,.jpg
cropped_images/images_crop_align_mtcnn/female/caucasian/fashion-238553_1920.jpg,12177,.jpg
cropped_images/images_crop_align_mtcnn/female/caucasian/fashion-2690306_1920.jpg,13218,.jpg
cropped_images/images_crop_align_mtcnn/female/caucasian/fashion-3059143_1920.jpg,14757,.jpg
cropped_images/images_crop_align_mtcnn/female/caucasian/fashion-3080644_1920.jpg,14045,.jpg
cropped_images/images_crop_align_mtcnn/female/caucasian/female-2674500_1920.jpg,13281,.jpg
cropped_images/images_crop_align_mtcnn/female/caucasian/female-2836137_1920.jpg,13196,.jpg
cropped_images/images_crop_align_mtcnn/female/caucasian/fezbot2000-L0RvwcsiSFw-unsplash.jpg,11898,.jpg
cropped_images/images_crop_align_mtcnn/female/caucasian/fezbot2000-V4CU3OBsrEk-unsplash.jpg,15054,.jpg
cropped_images/images_crop_align_mtcnn/female/caucasian/fezbot2000-h_OTf7uvXuM-unsplash.jpg,16342,.jpg
cropped_images/images_crop_align_mtcnn/female/caucasian/fezbot2000-nahUo1GhcrA-unsplash.jpg,16109,.jpg
cropped_images/images_crop_align_mtcnn/female/caucasian/fran-hogan-0vyvnOH-LVQ-unsplash.jpg,18799,.jpg
cropped_images/images_crop_align_mtcnn/female/caucasian/francesca-zama-GVIesWuFdI8-unsplash.jpg,14153,.jpg
cropped_images/images_crop_align_mtcnn/female/caucasian/freckles-2411973_1920.jpg,18180,.jpg
cropped_images/images_crop_align_mtcnn/female/caucasian/freestocks-9UVmlIb0wJU-unsplash.jpg,15913,.jpg
cropped_images/images_crop_align_mtcnn/female/caucasian/french-4525967_1920.jpg,13023,.jpg
cropped_images/images_crop_align_mtcnn/female/caucasian/gabriel-porras-u_tdzVxTTr8-unsplash.jpg,14289,.jpg
cropped_images/images_crop_align_mtcnn/female/caucasian/gabriel-silverio-K_b41GaWC5Y-unsplash.jpg,13997,.jpg
cropped_images/images_crop_align_mtcnn/female/caucasian/gabriel-silverio-u3WmDyKGsrY-unsplash.jpg,18044,.jpg
cropped_images/images_crop_align_mtcnn/female/caucasian/garin-chadwick-dVnnPd2xgf4-unsplash.jpg,15360,.jpg
cropped_images/images_crop_align_mtcnn/female/caucasian/gary-edmonstone-LmdWNvd7C7U-unsplash.jpg,14560,.jpg
cropped_images/images_crop_align_mtcnn/female/caucasian/gemma-chua-tran-UIZYDvmQg6U-unsplash.jpg,16470,.jpg
cropped_images/images_crop_align_mtcnn/female/caucasian/gemma-chua-tran-u1eZM06-MPw-unsplash.jpg,16017,.jpg
cropped_images/images_crop_align_mtcnn/female/caucasian/genessa-panainte-g3OqMfRfo_8-unsplash.jpg,13942,.jpg
cropped_images/images_crop_align_mtcnn/female/caucasian/girl-1018414_1920.jpg,14505,.jpg
cropped_images/images_crop_align_mtcnn/female/caucasian/girl-1049372_1920.jpg,14887,.jpg
cropped_images/images_crop_align_mtcnn/female/caucasian/girl-1125322_1920.jpg,17058,.jpg
cropped_images/images_crop_align_mtcnn/female/caucasian/girl-1209193_1920.jpg,15711,.jpg
cropped_images/images_crop_align_mtcnn/female/caucasian/girl-1234487_1920.jpg,14864,.jpg
cropped_images/images_crop_align_mtcnn/female/caucasian/girl-13480.jpg,15522,.jpg
cropped_images/images_crop_align_mtcnn/female/caucasian/girl-139353_1920.jpg,15954,.jpg
cropped_images/images_crop_align_mtcnn/female/caucasian/girl-1471048_1920.jpg,15744,.jpg
cropped_images/images_crop_align_mtcnn/female/caucasian/girl-1482002_1920.jpg,17226,.jpg
cropped_images/images_crop_align_mtcnn/female/caucasian/girl-1763686_1920.jpg,19128,.jpg
cropped_images/images_crop_align_mtcnn/female/caucasian/girl-1773894_1920.jpg,16300,.jpg
cropped_images/images_crop_align_mtcnn/female/caucasian/girl-1848910_1920.jpg,13349,.jpg
cropped_images/images_crop_align_mtcnn/female/caucasian/girl-1888161_1920.jpg,17241,.jpg
cropped_images/images_crop_align_mtcnn/female/caucasian/girl-204327_1920.jpg,19616,.jpg
cropped_images/images_crop_align_mtcnn/female/caucasian/girl-2120196_1920.jpg,15973,.jpg
cropped_images/images_crop_align_mtcnn/female/caucasian/girl-2209147_1920.jpg,14436,.jpg
cropped_images/images_crop_align_mtcnn/female/caucasian/girl-2334888_1920.jpg,14980,.jpg
cropped_images/images_crop_align_mtcnn/female/caucasian/girl-2359121_1920.jpg,13305,.jpg
cropped_images/images_crop_align_mtcnn/female/caucasian/girl-2363819_1920.jpg,14211,.jpg
cropped_images/images_crop_align_mtcnn/female/caucasian/girl-237871_1920.jpg,14911,.jpg
cropped_images/images_crop_align_mtcnn/female/caucasian/girl-2406963_1920.jpg,12960,.jpg
cropped_images/images_crop_align_mtcnn/female/caucasian/girl-2522405_1920.jpg,15615,.jpg
cropped_images/images_crop_align_mtcnn/female/caucasian/girl-2663559_1920.jpg,13551,.jpg
cropped_images/images_crop_align_mtcnn/female/caucasian/girl-2772177_1920.jpg,17961,.jpg
cropped_images/images_crop_align_mtcnn/female/caucasian/girl-2961959_1920.jpg,14280,.jpg
cropped_images/images_crop_align_mtcnn/female/caucasian/girl-3023831_1920.jpg,13491,.jpg
cropped_images/images_crop_align_mtcnn/female/caucasian/girl-3183050_1920.jpg,15402,.jpg
cropped_images/images_crop_align_mtcnn/female/caucasian/girl-3277529_1920.jpg,13823,.jpg
cropped_images/images_crop_align_mtcnn/female/caucasian/girl-3447599_1920.jpg,15981,.jpg
cropped_images/images_crop_align_mtcnn/female/caucasian/girl-3576679_1920.jpg,14971,.jpg
cropped_images/images_crop_align_mtcnn/female/caucasian/girl-3718537_1920.jpg,13926,.jpg
cropped_images/images_crop_align_mtcnn/female/caucasian/girl-3848191_1920.jpg,14641,.jpg
cropped_images/images_crop_align_mtcnn/female/caucasian/girl-3874872_1920.jpg,13673,.jpg
cropped_images/images_crop_align_mtcnn/female/caucasian/girl-3901714_1920.jpg,13171,.jpg
cropped_images/images_crop_align_mtcnn/female/caucasian/girl-3956612_1920.jpg,16031,.jpg
cropped_images/images_crop_align_mtcnn/female/caucasian/girl-4015898_1920.jpg,16571,.jpg
cropped_images/images_crop_align_mtcnn/female/caucasian/girl-4185856_1920.jpg,13407,.jpg
cropped_images/images_crop_align_mtcnn/female/caucasian/girl-4212523_1920.jpg,17072,.jpg
cropped_images/images_crop_align_mtcnn/female/caucasian/girl-4283996_1920.jpg,13931,.jpg
cropped_images/images_crop_align_mtcnn/female/caucasian/girl-4283998_1920.jpg,14766,.jpg
cropped_images/images_crop_align_mtcnn/female/caucasian/girl-4448689_1920.jpg,11822,.jpg
cropped_images/images_crop_align_mtcnn/female/caucasian/girl-4570763_1920.jpg,13514,.jpg
cropped_images/images_crop_align_mtcnn/female/caucasian/girl-4930782_1920.jpg,15107,.jpg
cropped_images/images_crop_align_mtcnn/female/caucasian/girl-499408_1920.jpg,13636,.jpg
cropped_images/images_crop_align_mtcnn/female/caucasian/girl-5365495_1920.jpg,14515,.jpg
cropped_images/images_crop_align_mtcnn/female/caucasian/girl-641673_1920.jpg,11085,.jpg
cropped_images/images_crop_align_mtcnn/female/caucasian/girl-657753_1920.jpg,15508,.jpg
cropped_images/images_crop_align_mtcnn/female/caucasian/girl-669823_1920.jpg,14093,.jpg
cropped_images/images_crop_align_mtcnn/female/caucasian/girl-736752_1920.jpg,13117,.jpg
cropped_images/images_crop_align_mtcnn/female/caucasian/girl-788813_1920.jpg,15084,.jpg
cropped_images/images_crop_align_mtcnn/female/caucasian/girl-797078_1920.jpg,14860,.jpg
cropped_images/images_crop_align_mtcnn/female/caucasian/girl-804059_1920.jpg,12222,.jpg
cropped_images/images_crop_align_mtcnn/female/caucasian/girl-868785_1920.jpg,14008,.jpg
cropped_images/images_crop_align_mtcnn/female/caucasian/girl-919048_1920.jpg,12193,.jpg
cropped_images/images_crop_align_mtcnn/female/caucasian/gleb-lukomets-kKX-iJP8sX8-unsplash.jpg,13819,.jpg
cropped_images/images_crop_align_mtcnn/female/caucasian/gothic-1770548_1920.jpg,12960,.jpg
cropped_images/images_crop_align_mtcnn/female/caucasian/grandmother-5903707_1920.jpg,20260,.jpg
cropped_images/images_crop_align_mtcnn/female/caucasian/granny-1280445_1920.jpg,19992,.jpg
cropped_images/images_crop_align_mtcnn/female/caucasian/grimace-1012862_1920.jpg,14428,.jpg
cropped_images/images_crop_align_mtcnn/female/caucasian/guillaume-bleyer-PPnwwUeUbYk-unsplash.jpg,16104,.jpg
cropped_images/images_crop_align_mtcnn/female/caucasian/hadis-safari-zawAr1FKOMw-unsplash.jpg,11974,.jpg
cropped_images/images_crop_align_mtcnn/female/caucasian/hairdresser-4564268_1920.jpg,14350,.jpg
cropped_images/images_crop_align_mtcnn/female/caucasian/hamburg-1399966_1920.jpg,13566,.jpg
cropped_images/images_crop_align_mtcnn/female/caucasian/hassan-khan-EGVccebWodM-unsplash.jpg,15802,.jpg
cropped_images/images_crop_align_mtcnn/female/caucasian/helena-lopes-LSdo2qHFI8k-unsplash.jpg,17771,.jpg
cropped_images/images_crop_align_mtcnn/female/caucasian/hesam-jr-TAGFNCnw7f4-unsplash.jpg,15015,.jpg
cropped_images/images_crop_align_mtcnn/female/caucasian/hichem-dahmani-EhcwOfAn-mA-unsplash.jpg,15507,.jpg
cropped_images/images_crop_align_mtcnn/female/caucasian/hiva-sharifi-YUK4px6sjdc-unsplash.jpg,13241,.jpg
cropped_images/images_crop_align_mtcnn/female/caucasian/human-3183056_1920.jpg,14760,.jpg
cropped_images/images_crop_align_mtcnn/female/caucasian/ilya-mirnyy-FrkBU4xWB9g-unsplash.jpg,18721,.jpg
cropped_images/images_crop_align_mtcnn/female/caucasian/ionut-comanici-RDcEWH5hSDE-unsplash.jpg,15538,.jpg
cropped_images/images_crop_align_mtcnn/female/caucasian/irina-iriser-T9_NHo5d0pc-unsplash.jpg,14561,.jpg
cropped_images/images_crop_align_mtcnn/female/caucasian/isi-parente-0FjPiX4szEk-unsplash.jpg,13725,.jpg
cropped_images/images_crop_align_mtcnn/female/caucasian/janko-ferlic-70NsMQvAYHE-unsplash.jpg,14049,.jpg
cropped_images/images_crop_align_mtcnn/female/caucasian/jasmine-b-qaSPhHr_Iug-unsplash.jpg,17950,.jpg
cropped_images/images_crop_align_mtcnn/female/caucasian/jassir-jonis-1weJoLwqGlI-unsplash.jpg,19289,.jpg
cropped_images/images_crop_align_mtcnn/female/caucasian/jassir-jonis-yFoZ6B6KGN8-unsplash.jpg,15755,.jpg
cropped_images/images_crop_align_mtcnn/female/caucasian/jayson-hinrichsen-uOZd-i3n0UI-unsplash.jpg,12302,.jpg
cropped_images/images_crop_align_mtcnn/female/caucasian/jeffery-erhunse-Z9lbmEjyYjU-unsplash.jpg,14341,.jpg
cropped_images/images_crop_align_mtcnn/female/caucasian/jeffery-erhunse-wSOzt6GMBac-unsplash.jpg,11036,.jpg
cropped_images/images_crop_align_mtcnn/female/caucasian/jen-theodore-7A4TvZEW8zY-unsplash.jpg,14947,.jpg
cropped_images/images_crop_align_mtcnn/female/caucasian/jen-theodore-Gr2XxjGaeeo-unsplash.jpg,19521,.jpg
cropped_images/images_crop_align_mtcnn/female/caucasian/jen-theodore-i6iVOXfZM0s-unsplash.jpg,14920,.jpg
cropped_images/images_crop_align_mtcnn/female/caucasian/jen-theodore-o-9p4xo432I-unsplash.jpg,15738,.jpg
cropped_images/images_crop_align_mtcnn/female/caucasian/jennifer-marquez--shIc419kMU-unsplash.jpg,13778,.jpg
cropped_images/images_crop_align_mtcnn/female/caucasian/jj-jordan-t9tNNBEPwV0-unsplash.jpg,17662,.jpg
cropped_images/images_crop_align_mtcnn/female/caucasian/joanna-nix-walkup-xjBjRNn5TKg-unsplash.jpg,16001,.jpg
cropped_images/images_crop_align_mtcnn/female/caucasian/joao-paulo-de-souza-oliveira-x-FNmzxyQ94-unsplash.jpg,16675,.jpg
cropped_images/images_crop_align_mtcnn/female/caucasian/jon-ly-ADBOC3UP4eQ-unsplash.jpg,15696,.jpg
cropped_images/images_crop_align_mtcnn/female/caucasian/jonathan-cooper-b-A6K_2cpWY-unsplash.jpg,13907,.jpg
cropped_images/images_crop_align_mtcnn/female/caucasian/jonnelle-yankovich-c7TBD3PvoaQ-unsplash.jpg,13547,.jpg
cropped_images/images_crop_align_mtcnn/female/caucasian/jorge-cesar-2Qyd-R4z57E-unsplash.jpg,11401,.jpg
cropped_images/images_crop_align_mtcnn/female/caucasian/jose-pedro-ortiz-uwaVLojaY7w-unsplash.jpg,12567,.jpg
cropped_images/images_crop_align_mtcnn/female/caucasian/joseph-kellner-TFR1yggdvq8-unsplash.jpg,14894,.jpg
cropped_images/images_crop_align_mtcnn/female/caucasian/joseph-kellner-o6clLOJd4WY-unsplash.jpg,12883,.jpg
cropped_images/images_crop_align_mtcnn/female/caucasian/joshua-rawson-harris-7jrNEAdxwUE-unsplash.jpg,12798,.jpg
cropped_images/images_crop_align_mtcnn/female/caucasian/joy-4196371_1920.jpg,18363,.jpg
cropped_images/images_crop_align_mtcnn/female/caucasian/juan-rojas-I3MF44-GrKs-unsplash.jpg,14301,.jpg
cropped_images/images_crop_align_mtcnn/female/caucasian/jude-infantini-HKQKt4f8sAU-unsplash.jpg,13102,.jpg
cropped_images/images_crop_align_mtcnn/female/caucasian/julia-kadel-Eqj3c1nynP4-unsplash.jpg,18312,.jpg
cropped_images/images_crop_align_mtcnn/female/caucasian/julie-romaniuk-A2UMJQkXKJM-unsplash.jpg,16459,.jpg
cropped_images/images_crop_align_mtcnn/female/caucasian/juno-jo-eIxDn1OVJT8-unsplash.jpg,17405,.jpg
cropped_images/images_crop_align_mtcnn/female/caucasian/kareya-saleh-tLKOj6cNwe0-unsplash.jpg,14567,.jpg
cropped_images/images_crop_align_mtcnn/female/caucasian/karoline-soares-BBOnm6XLdQo-unsplash.jpg,14568,.jpg
cropped_images/images_crop_align_mtcnn/female/caucasian/karsten-winegeart-7dmtZSxMDi0-unsplash.jpg,13711,.jpg
cropped_images/images_crop_align_mtcnn/female/caucasian/karsten-winegeart-U-jSHnClgNU-unsplash(1).jpg,14723,.jpg
cropped_images/images_crop_align_mtcnn/female/caucasian/karsten-winegeart-hS8kY12h3is-unsplash.jpg,15697,.jpg
cropped_images/images_crop_align_mtcnn/female/caucasian/karsten-winegeart-s2MjR3xoJkE-unsplash.jpg,14516,.jpg
cropped_images/images_crop_align_mtcnn/female/caucasian/kate-hliznitsova-tD0wyPbnsLA-unsplash.jpg,13649,.jpg
cropped_images/images_crop_align_mtcnn/female/caucasian/kate_mes7-LauVwE7sFrI-unsplash.jpg,11684,.jpg
cropped_images/images_crop_align_mtcnn/female/caucasian/kayla-maurais-LLMLMR_Dwkg-unsplash.jpg,11192,.jpg
cropped_images/images_crop_align_mtcnn/female/caucasian/kermen-tutkunova-zjYvn9yqJl4-unsplash.jpg,12989,.jpg
cropped_images/images_crop_align_mtcnn/female/caucasian/khashayar-kouchpeydeh-z0PhHU7cy4Q-unsplash.jpg,13421,.jpg
cropped_images/images_crop_align_mtcnn/female/caucasian/kim-jones-EcldzGBAB0A-unsplash.jpg,15438,.jpg
cropped_images/images_crop_align_mtcnn/female/caucasian/kisses-1039533_1920.jpg,15495,.jpg
cropped_images/images_crop_align_mtcnn/female/caucasian/klenova_tati-IvwxEUHpQ5Y-unsplash.jpg,16469,.jpg
cropped_images/images_crop_align_mtcnn/female/caucasian/kristen-steed-qvFyDfhNHJI-unsplash.jpg,19785,.jpg
cropped_images/images_crop_align_mtcnn/female/caucasian/kuma-kum-GKbPbR0ZAT4-unsplash.jpg,16584,.jpg
cropped_images/images_crop_align_mtcnn/female/caucasian/lacie-slezak-Wn3oVkIn1HU-unsplash.jpg,14346,.jpg
cropped_images/images_crop_align_mtcnn/female/caucasian/laura-chouette-nkWnc-W_GP8-unsplash.jpg,11945,.jpg
cropped_images/images_crop_align_mtcnn/female/caucasian/laura-chouette-qaRaOPQbZhI-unsplash.jpg,10954,.jpg
cropped_images/images_crop_align_mtcnn/female/caucasian/laura-dewilde-dhCxlHodZvM-unsplash.jpg,16919,.jpg
cropped_images/images_crop_align_mtcnn/female/caucasian/levi-clancy-WE0gt7t4o2k-unsplash.jpg,13075,.jpg
cropped_images/images_crop_align_mtcnn/female/caucasian/levi-stute-tvrn0E09L2c-unsplash.jpg,13395,.jpg
cropped_images/images_crop_align_mtcnn/female/caucasian/levin-anton-08Fqp6sWQ-E-unsplash.jpg,15404,.jpg
cropped_images/images_crop_align_mtcnn/female/caucasian/logan-weaver-GLE_xlFgXTI-unsplash.jpg,15232,.jpg
cropped_images/images_crop_align_mtcnn/female/caucasian/logan-weaver-Isle-8YpbIQ-unsplash.jpg,13253,.jpg
cropped_images/images_crop_align_mtcnn/female/caucasian/logan-weaver-QoZRUI6LdKw-unsplash.jpg,15693,.jpg
cropped_images/images_crop_align_mtcnn/female/caucasian/logan-weaver-X1wFriUtQIE-unsplash.jpg,12836,.jpg
cropped_images/images_crop_align_mtcnn/female/caucasian/logan-weaver-l0t4qHtj3fs-unsplash.jpg,14829,.jpg
cropped_images/images_crop_align_mtcnn/female/caucasian/lotte-meijer-oyy71fLMZCY-unsplash.jpg,13951,.jpg
cropped_images/images_crop_align_mtcnn/female/caucasian/love-2666674_1920.jpg,15582,.jpg
cropped_images/images_crop_align_mtcnn/female/caucasian/lovely-3338911_1920.jpg,15392,.jpg
cropped_images/images_crop_align_mtcnn/female/caucasian/lovely-3368231_1920.jpg,13831,.jpg
cropped_images/images_crop_align_mtcnn/female/caucasian/luiza-braun-VdxeNFB4ymA-unsplash.jpg,14191,.jpg
cropped_images/images_crop_align_mtcnn/female/caucasian/luiza-braun-YfDfwP3gSo0-unsplash.jpg,12458,.jpg
cropped_images/images_crop_align_mtcnn/female/caucasian/luke-braswell-8s5brjtO4_M-unsplash.jpg,18425,.jpg
cropped_images/images_crop_align_mtcnn/female/caucasian/madison-hedgecock-qlBA-4odDbw-unsplash.jpg,14627,.jpg
cropped_images/images_crop_align_mtcnn/female/caucasian/manny-moreno-2HTX85gxynM-unsplash.jpg,17189,.jpg
cropped_images/images_crop_align_mtcnn/female/caucasian/manny-moreno-IMecW34PSu8-unsplash.jpg,17544,.jpg
cropped_images/images_crop_align_mtcnn/female/caucasian/manny-moreno-Ri_Al1VqjsU-unsplash.jpg,15603,.jpg
cropped_images/images_crop_align_mtcnn/female/caucasian/manny-moreno-jeAW5LRuNts-unsplash.jpg,20853,.jpg
cropped_images/images_crop_align_mtcnn/female/caucasian/marcel-strauss-4W0-5NOr6dg-unsplash.jpg,14302,.jpg
cropped_images/images_crop_align_mtcnn/female/caucasian/mari-lezhava-Xm9-vA_bhm0-unsplash.jpg,17511,.jpg
cropped_images/images_crop_align_mtcnn/female/caucasian/maria-lysenko-6ZbrDe3IjMg-unsplash.jpg,21309,.jpg
cropped_images/images_crop_align_mtcnn/female/caucasian/marisa-harris-b95_M23cIXA-unsplash.jpg,15456,.jpg
cropped_images/images_crop_align_mtcnn/female/caucasian/marivi-pazos-cvpk5Y4ZWUs-unsplash.jpg,16924,.jpg
cropped_images/images_crop_align_mtcnn/female/caucasian/mark-decile-UxJh17PRILY-unsplash.jpg,15740,.jpg
cropped_images/images_crop_align_mtcnn/female/caucasian/mark-decile-Vcc8VFc3uCo-unsplash.jpg,14095,.jpg
cropped_images/images_crop_align_mtcnn/female/caucasian/mark-decile-W0fOHWkpxUQ-unsplash.jpg,15253,.jpg
cropped_images/images_crop_align_mtcnn/female/caucasian/marketing-online-1427786_1920.jpg,13766,.jpg
cropped_images/images_crop_align_mtcnn/female/caucasian/martin-guido-aYfyllIz-Xk-unsplash.jpg,15474,.jpg
cropped_images/images_crop_align_mtcnn/female/caucasian/matheus-ferrero-LIaLQ2SIQuk-unsplash.jpg,14387,.jpg
cropped_images/images_crop_align_mtcnn/female/caucasian/matteo-vistocco-pXctJ0xEhBs-unsplash.jpg,9833,.jpg
cropped_images/images_crop_align_mtcnn/female/caucasian/mature-857525_1920.jpg,18702,.jpg
cropped_images/images_crop_align_mtcnn/female/caucasian/max-muselmann-3e0dM8wZJK0-unsplash.jpg,15091,.jpg
cropped_images/images_crop_align_mtcnn/female/caucasian/megan-bagshaw-VqblHgABSVA-unsplash.jpg,13701,.jpg
cropped_images/images_crop_align_mtcnn/female/caucasian/meital-anlen-GJ5EBEVJI_0-unsplash.jpg,12845,.jpg
cropped_images/images_crop_align_mtcnn/female/caucasian/metin-ozer-iSmTwuKTNDo-unsplash.jpg,13516,.jpg
cropped_images/images_crop_align_mtcnn/female/caucasian/michael-burciaga-nPLOGnW9MWY-unsplash.jpg,13914,.jpg
cropped_images/images_crop_align_mtcnn/female/caucasian/michael-dam-mEZ3PoFGs_k-unsplash.jpg,16122,.jpg
cropped_images/images_crop_align_mtcnn/female/caucasian/michael-mims-fWWiaDox0BU-unsplash.jpg,15860,.jpg
cropped_images/images_crop_align_mtcnn/female/caucasian/michele-seghieri-Y2SGPFU57Uc-unsplash.jpg,14853,.jpg
cropped_images/images_crop_align_mtcnn/female/caucasian/michele-seghieri-eOC_7rRnSBg-unsplash.jpg,15253,.jpg
cropped_images/images_crop_align_mtcnn/female/caucasian/mike-austin-JfpclLudxlE-unsplash.jpg,12513,.jpg
cropped_images/images_crop_align_mtcnn/female/caucasian/mike-austin-jgSAuqMmJUE-unsplash.jpg,16277,.jpg
cropped_images/images_crop_align_mtcnn/female/caucasian/mike-austin-oRVnmlBD4Vo-unsplash.jpg,14372,.jpg
cropped_images/images_crop_align_mtcnn/female/caucasian/mike-austin-t24Wz_EFerc-unsplash.jpg,16445,.jpg
cropped_images/images_crop_align_mtcnn/female/caucasian/model-1260144_1920.jpg,15647,.jpg
cropped_images/images_crop_align_mtcnn/female/caucasian/model-1976191_1920.jpg,13927,.jpg
cropped_images/images_crop_align_mtcnn/female/caucasian/model-2614569_1920.jpg,13473,.jpg
cropped_images/images_crop_align_mtcnn/female/caucasian/model-2670279_1920.jpg,14917,.jpg
cropped_images/images_crop_align_mtcnn/female/caucasian/model-299694_1920.jpg,14051,.jpg
cropped_images/images_crop_align_mtcnn/female/caucasian/model-3665593_1920.jpg,12450,.jpg
cropped_images/images_crop_align_mtcnn/female/caucasian/model-429733_1920.jpg,13447,.jpg
cropped_images/images_crop_align_mtcnn/female/caucasian/model-4605248_1920.jpg,14382,.jpg
cropped_images/images_crop_align_mtcnn/female/caucasian/model-483918_1920.jpg,14513,.jpg
cropped_images/images_crop_align_mtcnn/female/caucasian/model-881425_1920.jpg,16959,.jpg
cropped_images/images_crop_align_mtcnn/female/caucasian/mohammed-hassan-YyvV9rF39lk-unsplash.jpg,17169,.jpg
cropped_images/images_crop_align_mtcnn/female/caucasian/mohammed-hassan-xC2YIBmTROU-unsplash.jpg,15090,.jpg
cropped_images/images_crop_align_mtcnn/female/caucasian/museums-victoria-WZz1u5R5uT4-unsplash.jpg,14323,.jpg
cropped_images/images_crop_align_mtcnn/female/caucasian/nadya-glo-fp6VYFSzM-Y-unsplash.jpg,13132,.jpg
cropped_images/images_crop_align_mtcnn/female/caucasian/naeim-jafari-6Xai7XxOgBc-unsplash.jpg,15217,.jpg
cropped_images/images_crop_align_mtcnn/female/caucasian/naeim-jafari-mW3145wbwlw-unsplash.jpg,16065,.jpg
cropped_images/images_crop_align_mtcnn/female/caucasian/nathan-van-de-graaf-yomqHFm15N8-unsplash.jpg,15742,.jpg
cropped_images/images_crop_align_mtcnn/female/caucasian/nature-3360202_1920.jpg,13123,.jpg
cropped_images/images_crop_align_mtcnn/female/caucasian/new-years-eve-4597232_1920.jpg,14786,.jpg
cropped_images/images_crop_align_mtcnn/female/caucasian/nick-arnot-AuCrXk0pLWo-unsplash.jpg,15334,.jpg
cropped_images/images_crop_align_mtcnn/female/caucasian/nikita-shirokov-v2RUpFTS3mo-unsplash.jpg,13005,.jpg
cropped_images/images_crop_align_mtcnn/female/caucasian/noah-buscher-AUM5vcnuYd4-unsplash.jpg,13713,.jpg
cropped_images/images_crop_align_mtcnn/female/caucasian/old-woman-4189578_1920.jpg,19531,.jpg
cropped_images/images_crop_align_mtcnn/female/caucasian/omid-armin-VS4Bg3tWWcI-unsplash.jpg,15379,.jpg
cropped_images/images_crop_align_mtcnn/female/caucasian/oz-seyrek-cwh8976pscU-unsplash.jpg,17134,.jpg
cropped_images/images_crop_align_mtcnn/female/caucasian/patrik-velich-OSasjoYvdNc-unsplash.jpg,16093,.jpg
cropped_images/images_crop_align_mtcnn/female/caucasian/patrik-velich-RtVGS4vGkgM-unsplash.jpg,13513,.jpg
cropped_images/images_crop_align_mtcnn/female/caucasian/patrik-velich-fqRwG7ijHwA-unsplash.jpg,13961,.jpg
cropped_images/images_crop_align_mtcnn/female/caucasian/people-3004190_1920.jpg,14582,.jpg
cropped_images/images_crop_align_mtcnn/female/caucasian/people-3057299_1920.jpg,16055,.jpg
cropped_images/images_crop_align_mtcnn/female/caucasian/people-3310084_1920.jpg,14720,.jpg
cropped_images/images_crop_align_mtcnn/female/caucasian/people-4919068_1920.jpg,16060,.jpg
cropped_images/images_crop_align_mtcnn/female/caucasian/people-5060268_1920.jpg,12908,.jpg
cropped_images/images_crop_align_mtcnn/female/caucasian/person-5896670_1920.jpg,12912,.jpg
cropped_images/images_crop_align_mtcnn/female/caucasian/person-man-1205800_1920.jpg,17202,.jpg
cropped_images/images_crop_align_mtcnn/female/caucasian/pexels-aadil-2598024.jpg,16923,.jpg
cropped_images/images_crop_align_mtcnn/female/caucasian/pexels-ali-pazani-2787341.jpg,14897,.jpg
cropped_images/images_crop_align_mtcnn/female/caucasian/pexels-ali-pazani-2811089.jpg,13935,.jpg
cropped_images/images_crop_align_mtcnn/female/caucasian/pexels-ali-pazani-2878375.jpg,16410,.jpg
cropped_images/images_crop_align_mtcnn/female/caucasian/pexels-alina-schelkanova-4495746.jpg,14856,.jpg
cropped_images/images_crop_align_mtcnn/female/caucasian/pexels-andrea-piacquadio-3768877.jpg,16467,.jpg
cropped_images/images_crop_align_mtcnn/female/caucasian/pexels-andrea-piacquadio-3769986.jpg,12300,.jpg
cropped_images/images_crop_align_mtcnn/female/caucasian/pexels-anna-shvets-4971982.jpg,19040,.jpg
cropped_images/images_crop_align_mtcnn/female/caucasian/pexels-gabby-k-5303015.jpg,13287,.jpg
cropped_images/images_crop_align_mtcnn/female/caucasian/pexels-keli-santos-1853268.jpg,14328,.jpg
cropped_images/images_crop_align_mtcnn/female/caucasian/pexels-mbardo-5293989.jpg,13758,.jpg
cropped_images/images_crop_align_mtcnn/female/caucasian/pexels-megan-markham-2448531.jpg,13871,.jpg
cropped_images/images_crop_align_mtcnn/female/caucasian/pexels-miggy-rivera-3209390.jpg,14041,.jpg
cropped_images/images_crop_align_mtcnn/female/caucasian/pexels-nycolle-suabya-4759196.jpg,12370,.jpg
cropped_images/images_crop_align_mtcnn/female/caucasian/pexels-petra-bauman-1565538.jpg,13571,.jpg
cropped_images/images_crop_align_mtcnn/female/caucasian/pexels-pixabay-247322.jpg,14976,.jpg
cropped_images/images_crop_align_mtcnn/female/caucasian/pexels-pixabay-40901.jpg,13610,.jpg
cropped_images/images_crop_align_mtcnn/female/caucasian/pexels-rafael-barros-2130795.jpg,15542,.jpg
cropped_images/images_crop_align_mtcnn/female/caucasian/pexels-saeed-khosravi-5450630.jpg,12972,.jpg
cropped_images/images_crop_align_mtcnn/female/caucasian/pexels-skyler-ewing-4680619.jpg,17498,.jpg
cropped_images/images_crop_align_mtcnn/female/caucasian/pexels-skyler-ewing-4680663.jpg,12818,.jpg
cropped_images/images_crop_align_mtcnn/female/caucasian/pexels-skyler-ewing-4680778.jpg,16655,.jpg
cropped_images/images_crop_align_mtcnn/female/caucasian/pexels-steven-arenas-620074.jpg,11646,.jpg
cropped_images/images_crop_align_mtcnn/female/caucasian/pexels-tomaz-barcellos-1987301.jpg,14300,.jpg
cropped_images/images_crop_align_mtcnn/female/caucasian/portrait-1092787_1920.jpg,14357,.jpg
cropped_images/images_crop_align_mtcnn/female/caucasian/portrait-1579025_1920.jpg,14357,.jpg
cropped_images/images_crop_align_mtcnn/female/caucasian/portrait-1833929_1920.jpg,12979,.jpg
cropped_images/images_crop_align_mtcnn/female/caucasian/portrait-1944614_1920.jpg,17148,.jpg
cropped_images/images_crop_align_mtcnn/female/caucasian/portrait-2690308_1920.jpg,16558,.jpg
cropped_images/images_crop_align_mtcnn/female/caucasian/portrait-3083402_1920.jpg,14228,.jpg
cropped_images/images_crop_align_mtcnn/female/caucasian/portrait-3190849_1920.jpg,13940,.jpg
cropped_images/images_crop_align_mtcnn/female/caucasian/portrait-3216220_1920.jpg,12926,.jpg
cropped_images/images_crop_align_mtcnn/female/caucasian/portrait-3289372_1920.jpg,15663,.jpg
cropped_images/images_crop_align_mtcnn/female/caucasian/portrait-3292287_1920.jpg,12055,.jpg
cropped_images/images_crop_align_mtcnn/female/caucasian/portrait-3315767_1920.jpg,12768,.jpg
cropped_images/images_crop_align_mtcnn/female/caucasian/portrait-3364406_1920.jpg,16031,.jpg
cropped_images/images_crop_align_mtcnn/female/caucasian/portrait-3600667_1920.jpg,13346,.jpg
cropped_images/images_crop_align_mtcnn/female/caucasian/portrait-4373381_1920.jpg,14254,.jpg
cropped_images/images_crop_align_mtcnn/female/caucasian/portrait-4808905_1920.jpg,16166,.jpg
cropped_images/images_crop_align_mtcnn/female/caucasian/portrait-487067_1920.jpg,14423,.jpg
cropped_images/images_crop_align_mtcnn/female/caucasian/portrait-597173_1920.jpg,14161,.jpg
cropped_images/images_crop_align_mtcnn/female/caucasian/portrait-67485_1920.jpg,14072,.jpg
cropped_images/images_crop_align_mtcnn/female/caucasian/portrait-886039_1920.jpg,11807,.jpg
cropped_images/images_crop_align_mtcnn/female/caucasian/portrait-of-a-girl-4604219_1920.jpg,13393,.jpg
cropped_images/images_crop_align_mtcnn/female/caucasian/pretty-2111498_1920.jpg,15158,.jpg
cropped_images/images_crop_align_mtcnn/female/caucasian/pretty-girl-2039216_1920.jpg,15640,.jpg
cropped_images/images_crop_align_mtcnn/female/caucasian/purchase-3090838_1920.jpg,13703,.jpg
cropped_images/images_crop_align_mtcnn/female/caucasian/quinten-de-graaf-5G3bb016MnU-unsplash.jpg,12168,.jpg
cropped_images/images_crop_align_mtcnn/female/caucasian/quinten-de-graaf-Ox1jePviTRQ-unsplash.jpg,13549,.jpg
cropped_images/images_crop_align_mtcnn/female/caucasian/rad-pozniakov-J-fH2bKQQIA-unsplash.jpg,17745,.jpg
cropped_images/images_crop_align_mtcnn/female/caucasian/raj-rana-15Vb4B_ma_s-unsplash.jpg,14532,.jpg
cropped_images/images_crop_align_mtcnn/female/caucasian/ratiu-bia-7fzINre0NQE-unsplash.jpg,14319,.jpg
cropped_images/images_crop_align_mtcnn/female/caucasian/red-dress-5071171_1920.jpg,15255,.jpg
cropped_images/images_crop_align_mtcnn/female/caucasian/redhead-1903320_1920.jpg,13289,.jpg
cropped_images/images_crop_align_mtcnn/female/caucasian/redhead-1996288_1920.jpg,15821,.jpg
cropped_images/images_crop_align_mtcnn/female/caucasian/redheads-4606477_1920.jpg,19720,.jpg
cropped_images/images_crop_align_mtcnn/female/caucasian/remy_loz-K3YvfgwLHBs-unsplash.jpg,15390,.jpg
cropped_images/images_crop_align_mtcnn/female/caucasian/rene-porter-_PzZxrEswRY-unsplash.jpg,16496,.jpg
cropped_images/images_crop_align_mtcnn/female/caucasian/riccardo-fissore-UxY52P2KaN8-unsplash.jpg,13546,.jpg
cropped_images/images_crop_align_mtcnn/female/caucasian/ronaldo-oliveira-TOQlWdx_5Zc-unsplash.jpg,13284,.jpg
cropped_images/images_crop_align_mtcnn/female/caucasian/rw-studios-GaPevteWAIU-unsplash.jpg,14245,.jpg
cropped_images/images_crop_align_mtcnn/female/caucasian/sara-cervera-ZqU-9gWBfV8-unsplash.jpg,15046,.jpg
cropped_images/images_crop_align_mtcnn/female/caucasian/sean-stratton-cANdHDaUAuw-unsplash.jpg,12109,.jpg
cropped_images/images_crop_align_mtcnn/female/caucasian/sebastian-pociecha-9AdKSLh2320-unsplash.jpg,16502,.jpg
cropped_images/images_crop_align_mtcnn/female/caucasian/sergey-sokolov-CbfFN5zE_sY-unsplash.jpg,14749,.jpg
cropped_images/images_crop_align_mtcnn/female/caucasian/sergio-souza-nTgauPjp-uA-unsplash.jpg,13769,.jpg
cropped_images/images_crop_align_mtcnn/female/caucasian/sharon-mccutcheon-EpsQ8oVcDj4-unsplash.jpg,15071,.jpg
cropped_images/images_crop_align_mtcnn/female/caucasian/shayan-rti-TGjXfMuC7DI-unsplash.jpg,14637,.jpg
cropped_images/images_crop_align_mtcnn/female/caucasian/shayan-rti-w3ZQzOxUh7I-unsplash.jpg,14451,.jpg
cropped_images/images_crop_align_mtcnn/female/caucasian/sheri-hooley-SyuTPtihxrE-unsplash.jpg,12431,.jpg
cropped_images/images_crop_align_mtcnn/female/caucasian/sheri-hooley-YkJFWW4TMhk-unsplash.jpg,14677,.jpg
cropped_images/images_crop_align_mtcnn/female/caucasian/sheri-hooley-gQbE06VKL4M-unsplash.jpg,14754,.jpg
cropped_images/images_crop_align_mtcnn/female/caucasian/sheri-hooley-gcyPLFzmcSA-unsplash.jpg,12916,.jpg
cropped_images/images_crop_align_mtcnn/female/caucasian/shilja-74758_1920.jpg,14468,.jpg
cropped_images/images_crop_align_mtcnn/female/caucasian/sincerely-media-6ne7_M6R7gQ-unsplash.jpg,15061,.jpg
cropped_images/images_crop_align_mtcnn/female/caucasian/sincerely-media-PN9wP2yZ9c8-unsplash.jpg,14742,.jpg
cropped_images/images_crop_align_mtcnn/female/caucasian/sincerely-media-T-q2QLhRFnY-unsplash.jpg,14351,.jpg
cropped_images/images_crop_align_mtcnn/female/caucasian/sincerely-media-_IdTrwVwdWI-unsplash.jpg,16834,.jpg
cropped_images/images_crop_align_mtcnn/female/caucasian/sinitta-leunen-b4GXxJEn1Hc-unsplash.jpg,12983,.jpg
cropped_images/images_crop_align_mtcnn/female/caucasian/sirio-Ty4f_NOFO60-unsplash.jpg,11632,.jpg
cropped_images/images_crop_align_mtcnn/female/caucasian/sofia--LNdco1UgNY-unsplash.jpg,14325,.jpg
cropped_images/images_crop_align_mtcnn/female/caucasian/sofia-kuniakina-GeAqNAWZ1d0-unsplash.jpg,12290,.jpg
cropped_images/images_crop_align_mtcnn/female/caucasian/softball-1440812_1920.jpg,15975,.jpg
cropped_images/images_crop_align_mtcnn/female/caucasian/soroush-karimi-Zwa7DtcYUb0-unsplash.jpg,13352,.jpg
cropped_images/images_crop_align_mtcnn/female/caucasian/steady-hand-co-sdSnS1WF7C8-unsplash.jpg,17016,.jpg
cropped_images/images_crop_align_mtcnn/female/caucasian/steven-aguilar-GTld8AoIfbE-unsplash.jpg,16234,.jpg
cropped_images/images_crop_align_mtcnn/female/caucasian/studio-portrait-487065_1920.jpg,13090,.jpg
cropped_images/images_crop_align_mtcnn/female/caucasian/svyatoslav-romanov-BrEAp01_m5w-unsplash.jpg,15058,.jpg
cropped_images/images_crop_align_mtcnn/female/caucasian/tamara-bellis-JTtWu85K9So-unsplash.jpg,13398,.jpg
cropped_images/images_crop_align_mtcnn/female/caucasian/tamas-tuzes-katai-nUP9GAg218U-unsplash.jpg,17791,.jpg
cropped_images/images_crop_align_mtcnn/female/caucasian/tanya-trofymchuk-gCKYhaa4b2E-unsplash.jpg,15232,.jpg
cropped_images/images_crop_align_mtcnn/female/caucasian/taylor-deas-melesh-0WTtJ0bhJcw-unsplash.jpg,13494,.jpg
cropped_images/images_crop_align_mtcnn/female/caucasian/taylor-deas-melesh-byRGjjO-Ync-unsplash.jpg,14729,.jpg
cropped_images/images_crop_align_mtcnn/female/caucasian/teacher-1280966_1920.jpg,14787,.jpg
cropped_images/images_crop_align_mtcnn/female/caucasian/teen-2678447_1920.jpg,16480,.jpg
cropped_images/images_crop_align_mtcnn/female/caucasian/teen-4361981_1920.jpg,17430,.jpg
cropped_images/images_crop_align_mtcnn/female/caucasian/teen-5096251_1920.jpg,12787,.jpg
cropped_images/images_crop_align_mtcnn/female/caucasian/teenager-4985908_1920.jpg,12050,.jpg
cropped_images/images_crop_align_mtcnn/female/caucasian/teenager-775053_1920.jpg,15443,.jpg
cropped_images/images_crop_align_mtcnn/female/caucasian/tengyart-fc0KjyjkNo4-unsplash.jpg,14270,.jpg
cropped_images/images_crop_align_mtcnn/female/caucasian/theo-rql-a4pyoiTdSqI-unsplash(2).jpg,14402,.jpg
cropped_images/images_crop_align_mtcnn/female/caucasian/theo-rql-a4pyoiTdSqI-unsplash.jpg,14402,.jpg
cropped_images/images_crop_align_mtcnn/female/caucasian/thinking-1887363_1920.jpg,14739,.jpg
cropped_images/images_crop_align_mtcnn/female/caucasian/thoughtful-583373_1920.jpg,15080,.jpg
cropped_images/images_crop_align_mtcnn/female/caucasian/timothy-dykes-90uVYog2FKE-unsplash.jpg,18493,.jpg
cropped_images/images_crop_align_mtcnn/female/caucasian/timothy-dykes-kPEF5QvdqCI-unsplash.jpg,13049,.jpg
cropped_images/images_crop_align_mtcnn/female/caucasian/timur-romanov-u-fY6-iUJPg-unsplash.jpg,15433,.jpg
cropped_images/images_crop_align_mtcnn/female/caucasian/toa-heftiba-U7NLqKoMmiQ-unsplash.jpg,18069,.jpg
cropped_images/images_crop_align_mtcnn/female/caucasian/todd-kent-k8NwmlJr508-unsplash.jpg,15695,.jpg
cropped_images/images_crop_align_mtcnn/female/caucasian/valdemars-magone-8ACtYtJ5G-E-unsplash(1).jpg,20677,.jpg
cropped_images/images_crop_align_mtcnn/female/caucasian/valentin-lacoste-ggAPxrb4Deg-unsplash.jpg,14264,.jpg
cropped_images/images_crop_align_mtcnn/female/caucasian/valerie-elash-9IL_stSpvOU-unsplash.jpg,14946,.jpg
cropped_images/images_crop_align_mtcnn/female/caucasian/valerie-elash-JQDflNNnrEE-unsplash.jpg,14481,.jpg
cropped_images/images_crop_align_mtcnn/female/caucasian/valerie-elash-Z5g_6TLS6Ho-unsplash.jpg,13650,.jpg
cropped_images/images_crop_align_mtcnn/female/caucasian/victoria-volkova-5tQj1sy6ozE-unsplash.jpg,12378,.jpg
cropped_images/images_crop_align_mtcnn/female/caucasian/vince-fleming-ktx5O_H4DKc-unsplash.jpg,17132,.jpg
cropped_images/images_crop_align_mtcnn/female/caucasian/vintage-635274_1920.jpg,15368,.jpg
cropped_images/images_crop_align_mtcnn/female/caucasian/vlad-baranov-PoZcPg18Qm0-unsplash.jpg,14959,.jpg
cropped_images/images_crop_align_mtcnn/female/caucasian/vladislav-nikonov-XyoRtTE5P9U-unsplash.jpg,16192,.jpg
cropped_images/images_crop_align_mtcnn/female/caucasian/volleyball-player-1624970_1920.jpg,15946,.jpg
cropped_images/images_crop_align_mtcnn/female/caucasian/white-cat-with-blonde-4655233_1920.jpg,13034,.jpg
cropped_images/images_crop_align_mtcnn/female/caucasian/winter-1520232_1920.jpg,17121,.jpg
cropped_images/images_crop_align_mtcnn/female/caucasian/woman-1000538_1920.jpg,15795,.jpg
cropped_images/images_crop_align_mtcnn/female/caucasian/woman-1054683_1280.jpg,15365,.jpg
cropped_images/images_crop_align_mtcnn/female/caucasian/woman-1140032_1920.jpg,15778,.jpg
cropped_images/images_crop_align_mtcnn/female/caucasian/woman-1140923_1920.jpg,16121,.jpg
cropped_images/images_crop_align_mtcnn/female/caucasian/woman-1246224_1920.jpg,13385,.jpg
cropped_images/images_crop_align_mtcnn/female/caucasian/woman-1373041_1280.jpg,13980,.jpg
cropped_images/images_crop_align_mtcnn/female/caucasian/woman-1393311_1920.jpg,17095,.jpg
cropped_images/images_crop_align_mtcnn/female/caucasian/woman-1447084_1920.jpg,14460,.jpg
cropped_images/images_crop_align_mtcnn/female/caucasian/woman-1598944_1920.jpg,12477,.jpg
cropped_images/images_crop_align_mtcnn/female/caucasian/woman-1615242_1920.jpg,15199,.jpg
cropped_images/images_crop_align_mtcnn/female/caucasian/woman-2112292_1920.jpg,15558,.jpg
cropped_images/images_crop_align_mtcnn/female/caucasian/woman-2127806_1920.jpg,17020,.jpg
cropped_images/images_crop_align_mtcnn/female/caucasian/woman-2138461_1920.jpg,15149,.jpg
cropped_images/images_crop_align_mtcnn/female/caucasian/woman-2293390_1920.jpg,13417,.jpg
cropped_images/images_crop_align_mtcnn/female/caucasian/woman-2635404_1920.jpg,14326,.jpg
cropped_images/images_crop_align_mtcnn/female/caucasian/woman-3034836_1920.jpg,14456,.jpg
cropped_images/images_crop_align_mtcnn/female/caucasian/woman-3055841_1920.jpg,14266,.jpg
cropped_images/images_crop_align_mtcnn/female/caucasian/woman-3073289_1920.jpg,12721,.jpg
cropped_images/images_crop_align_mtcnn/female/caucasian/woman-3096734_1920.jpg,15962,.jpg
cropped_images/images_crop_align_mtcnn/female/caucasian/woman-3123557_1920.jpg,16530,.jpg
cropped_images/images_crop_align_mtcnn/female/caucasian/woman-3136667_1920.jpg,15567,.jpg
cropped_images/images_crop_align_mtcnn/female/caucasian/woman-3187336_1920.jpg,18222,.jpg
cropped_images/images_crop_align_mtcnn/female/caucasian/woman-3240094_1920.jpg,18090,.jpg
cropped_images/images_crop_align_mtcnn/female/caucasian/woman-3658390_1920.jpg,14708,.jpg
cropped_images/images_crop_align_mtcnn/female/caucasian/woman-3668495_1920.jpg,13659,.jpg
cropped_images/images_crop_align_mtcnn/female/caucasian/woman-3714620_1920.jpg,14187,.jpg
cropped_images/images_crop_align_mtcnn/female/caucasian/woman-3718859_1920.jpg,15108,.jpg
cropped_images/images_crop_align_mtcnn/female/caucasian/woman-3990680_1920.jpg,16772,.jpg
cropped_images/images_crop_align_mtcnn/female/caucasian/woman-4130601_1920.jpg,15287,.jpg
cropped_images/images_crop_align_mtcnn/female/caucasian/woman-4134319_1920.jpg,16303,.jpg
cropped_images/images_crop_align_mtcnn/female/caucasian/woman-435852_1920.jpg,14330,.jpg
cropped_images/images_crop_align_mtcnn/female/caucasian/woman-467708_1920.jpg,13897,.jpg
cropped_images/images_crop_align_mtcnn/female/caucasian/woman-4791398_1920.jpg,10621,.jpg
cropped_images/images_crop_align_mtcnn/female/caucasian/woman-526329_1920.jpg,13629,.jpg
cropped_images/images_crop_align_mtcnn/female/caucasian/woman-5381567_1920.jpg,13807,.jpg
cropped_images/images_crop_align_mtcnn/female/caucasian/woman-5480503_1920.jpg,12781,.jpg
cropped_images/images_crop_align_mtcnn/female/caucasian/woman-5919218_1920.jpg,13535,.jpg
cropped_images/images_crop_align_mtcnn/female/caucasian/woman-659352_1920.jpg,14711,.jpg
cropped_images/images_crop_align_mtcnn/female/caucasian/woman-69712_1280.jpg,15068,.jpg
cropped_images/images_crop_align_mtcnn/female/caucasian/woman-751236_1920.jpg,13601,.jpg
cropped_images/images_crop_align_mtcnn/female/caucasian/woman-828953_1920.jpg,15184,.jpg
cropped_images/images_crop_align_mtcnn/female/caucasian/woman-885845_1920.jpg,14133,.jpg
cropped_images/images_crop_align_mtcnn/female/caucasian/woman-918583_1920.jpg,13405,.jpg
cropped_images/images_crop_align_mtcnn/female/caucasian/woman-918776_1920.jpg,14236,.jpg
cropped_images/images_crop_align_mtcnn/female/caucasian/women-1209678_1920.jpg,13905,.jpg
cropped_images/images_crop_align_mtcnn/female/caucasian/women-4184796_1920.jpg,16351,.jpg
cropped_images/images_crop_align_mtcnn/female/caucasian/women-4851678_1920.jpg,13946,.jpg
cropped_images/images_crop_align_mtcnn/female/caucasian/yorkie-1393913_1920.jpg,14409,.jpg
cropped_images/images_crop_align_mtcnn/female/caucasian/young-1544115_1920.jpg,12424,.jpg
cropped_images/images_crop_align_mtcnn/female/caucasian/young-572341_1920.jpg,15982,.jpg
cropped_images/images_crop_align_mtcnn/female/caucasian/young-610543_1920.jpg,13931,.jpg
cropped_images/images_crop_align_mtcnn/female/caucasian/young-girl-2143037_1280.jpg,15677,.jpg
cropped_images/images_crop_align_mtcnn/female/caucasian/young-girl-2763395_1920.jpg,14755,.jpg
cropped_images/images_crop_align_mtcnn/female/caucasian/young-girl-510441_1920.jpg,15751,.jpg
cropped_images/images_crop_align_mtcnn/female/caucasian/young-woman-3477557_1920.jpg,14267,.jpg
cropped_images/images_crop_align_mtcnn/female/caucasian/yours-UecWQkR6M4s-unsplash.jpg,15959,.jpg
cropped_images/images_crop_align_mtcnn/female/hispanic/2.jpg,15520,.jpg
cropped_images/images_crop_align_mtcnn/female/hispanic/22.jpg,18415,.jpg
cropped_images/images_crop_align_mtcnn/female/hispanic/25.jpg,16665,.jpg
cropped_images/images_crop_align_mtcnn/female/hispanic/26.jpg,13129,.jpg
cropped_images/images_crop_align_mtcnn/female/hispanic/4.jpg,15718,.jpg
cropped_images/images_crop_align_mtcnn/female/hispanic/58.jpg,14287,.jpg
cropped_images/images_crop_align_mtcnn/female/hispanic/9.jpg,15888,.jpg
cropped_images/images_crop_align_mtcnn/female/hispanic/adult-1867720_1920.jpg,13468,.jpg
cropped_images/images_crop_align_mtcnn/female/hispanic/alex-avalos-M1dTxJm6Lbo-unsplash.jpg,13226,.jpg
cropped_images/images_crop_align_mtcnn/female/hispanic/alex-blajan-iRsktlI-hls-unsplash.jpg,13721,.jpg
cropped_images/images_crop_align_mtcnn/female/hispanic/ali-pazani-s9PJ3mD5KvY-unsplash.jpg,18283,.jpg
cropped_images/images_crop_align_mtcnn/female/hispanic/allef-vinicius-C_1jjFJioWg-unsplash.jpg,17699,.jpg
cropped_images/images_crop_align_mtcnn/female/hispanic/allef-vinicius-PA0vICn6DwE-unsplash.jpg,15187,.jpg
cropped_images/images_crop_align_mtcnn/female/hispanic/allef-vinicius-Q9L-n57IqLw-unsplash.jpg,13669,.jpg
cropped_images/images_crop_align_mtcnn/female/hispanic/amir-taheri-tJDKalQxTxo-unsplash.jpg,12796,.jpg
cropped_images/images_crop_align_mtcnn/female/hispanic/anastasiya-pavlova-v6XumrQC1NA-unsplash.jpg,14268,.jpg
cropped_images/images_crop_align_mtcnn/female/hispanic/andres-hernandez-KRwFmEBlgJo-unsplash.jpg,13325,.jpg
cropped_images/images_crop_align_mtcnn/female/hispanic/arid-1868523_1920.jpg,16101,.jpg
cropped_images/images_crop_align_mtcnn/female/hispanic/ayo-ogunseinde-THIs-cpyebg-unsplash.jpg,14156,.jpg
cropped_images/images_crop_align_mtcnn/female/hispanic/beautiful-1274056_1920.jpg,15264,.jpg
cropped_images/images_crop_align_mtcnn/female/hispanic/beautiful-1274361_1920.jpg,14074,.jpg
cropped_images/images_crop_align_mtcnn/female/hispanic/beautiful-1845148_1920.jpg,16753,.jpg
cropped_images/images_crop_align_mtcnn/female/hispanic/beautiful-1869534_1920.jpg,15146,.jpg
cropped_images/images_crop_align_mtcnn/female/hispanic/beautiful-1887355_1920.jpg,12919,.jpg
cropped_images/images_crop_align_mtcnn/female/hispanic/beautiful-19075_1920.jpg,15813,.jpg
cropped_images/images_crop_align_mtcnn/female/hispanic/ben-o-bro-ly748H13ts0-unsplash.jpg,13413,.jpg
cropped_images/images_crop_align_mtcnn/female/hispanic/blake-carpenter-qWiJBa6soE0-unsplash.jpg,14464,.jpg
cropped_images/images_crop_align_mtcnn/female/hispanic/bruno-dias-D22Tgx6TP5M-unsplash.jpg,13415,.jpg
cropped_images/images_crop_align_mtcnn/female/hispanic/christian-ferrer-aK5Dt6L6_hQ-unsplash.jpg,15630,.jpg
cropped_images/images_crop_align_mtcnn/female/hispanic/christina-wocintechchat-com-SJvDxw0azqw-unsplash.jpg,16658,.jpg
cropped_images/images_crop_align_mtcnn/female/hispanic/confused-2681507_1920.jpg,14819,.jpg
cropped_images/images_crop_align_mtcnn/female/hispanic/conner-ching-b9833srFlac-unsplash.jpg,12474,.jpg
cropped_images/images_crop_align_mtcnn/female/hispanic/couple-5227606_1920.jpg,14456,.jpg
cropped_images/images_crop_align_mtcnn/female/hispanic/david-suarez-d81WD5Q87E0-unsplash.jpg,13931,.jpg
cropped_images/images_crop_align_mtcnn/female/hispanic/dollar-gill-qBhFwtGQGag-unsplash.jpg,12219,.jpg
cropped_images/images_crop_align_mtcnn/female/hispanic/dorothy-puscas-kMgtp2f7yKs-unsplash.jpg,16580,.jpg
cropped_images/images_crop_align_mtcnn/female/hispanic/egyptian-girl-4194413_1920.jpg,14716,.jpg
cropped_images/images_crop_align_mtcnn/female/hispanic/engin-akyurt-N7YaZf7szz0-unsplash.jpg,12617,.jpg
cropped_images/images_crop_align_mtcnn/female/hispanic/ernest-brillo-U2TP4-H8ly4-unsplash.jpg,13050,.jpg
cropped_images/images_crop_align_mtcnn/female/hispanic/farhad-eidi-yfefPhTFWU8-unsplash.jpg,14494,.jpg
cropped_images/images_crop_align_mtcnn/female/hispanic/fashion-1107721_1920.jpg,12883,.jpg
cropped_images/images_crop_align_mtcnn/female/hispanic/febri-sym-HKuhUKNWFtY-unsplash.jpg,16078,.jpg
cropped_images/images_crop_align_mtcnn/female/hispanic/francesca-zama-1fhl_kmbfAE-unsplash.jpg,11730,.jpg
cropped_images/images_crop_align_mtcnn/female/hispanic/gama-films-h_9KkS8c9Sw-unsplash.jpg,13878,.jpg
cropped_images/images_crop_align_mtcnn/female/hispanic/giano-currie-5-9YOsmf8IQ-unsplash.jpg,14320,.jpg
cropped_images/images_crop_align_mtcnn/female/hispanic/girl-1258630_1920.jpg,18991,.jpg
cropped_images/images_crop_align_mtcnn/female/hispanic/girl-2410042_1920.jpg,13311,.jpg
cropped_images/images_crop_align_mtcnn/female/hispanic/girl-2922427_1920.jpg,13447,.jpg
cropped_images/images_crop_align_mtcnn/female/hispanic/girl-3839501_1920.jpg,15378,.jpg
cropped_images/images_crop_align_mtcnn/female/hispanic/girl-390568_1920.jpg,13770,.jpg
cropped_images/images_crop_align_mtcnn/female/hispanic/girl-4610430_1920.jpg,13232,.jpg
cropped_images/images_crop_align_mtcnn/female/hispanic/girl-4818720_1920.jpg,16433,.jpg
cropped_images/images_crop_align_mtcnn/female/hispanic/girl-608827_1920.jpg,16126,.jpg
cropped_images/images_crop_align_mtcnn/female/hispanic/girl-676185_1920.jpg,16289,.jpg
cropped_images/images_crop_align_mtcnn/female/hispanic/girl-883006_1920.jpg,15698,.jpg
cropped_images/images_crop_align_mtcnn/female/hispanic/hian-oliveira-n_L_ppO4QtY-unsplash.jpg,12952,.jpg
cropped_images/images_crop_align_mtcnn/female/hispanic/huseyin-topcu-pE5dKSGH6G8-unsplash(1).jpg,15898,.jpg
cropped_images/images_crop_align_mtcnn/female/hispanic/hussein-sorkheveis-ACIknRqDnBQ-unsplash.jpg,13315,.jpg
cropped_images/images_crop_align_mtcnn/female/hispanic/irene-strong-MgvAATOwJBc-unsplash.jpg,13392,.jpg
cropped_images/images_crop_align_mtcnn/female/hispanic/islander-mtcnn-kwHBTNUQIqs-unsplash.jpg,10840,.jpg
cropped_images/images_crop_align_mtcnn/female/hispanic/jacob-mejicanos-gcYA1p1_b28-unsplash.jpg,14045,.jpg
cropped_images/images_crop_align_mtcnn/female/hispanic/joanna-nix-walkup-u7_TR3LGqhU-unsplash.jpg,15050,.jpg
cropped_images/images_crop_align_mtcnn/female/hispanic/joao-paulo-de-souza-oliveira-ZHKKg9lnCSk-unsplash.jpg,17029,.jpg
cropped_images/images_crop_align_mtcnn/female/hispanic/joe-milne-MuDYCc7EE_o-unsplash.jpg,14404,.jpg
cropped_images/images_crop_align_mtcnn/female/hispanic/joelvalve-7JEZ6laI4qM-unsplash.jpg,16204,.jpg
cropped_images/images_crop_align_mtcnn/female/hispanic/jonathan-borba-UdhvRvpaBP0-unsplash.jpg,14411,.jpg
cropped_images/images_crop_align_mtcnn/female/hispanic/jose-g-ortega-castro-qs_TbXSztSg-unsplash.jpg,13459,.jpg
cropped_images/images_crop_align_mtcnn/female/hispanic/joseph-perez-pSa5RttmLHs-unsplash.jpg,12079,.jpg
cropped_images/images_crop_align_mtcnn/female/hispanic/juan-encalada-vIM0htb0gJs-unsplash.jpg,16788,.jpg
cropped_images/images_crop_align_mtcnn/female/hispanic/julian-florez-l5rmMuK8070-unsplash.jpg,14058,.jpg
cropped_images/images_crop_align_mtcnn/female/hispanic/keenan-constance-XSCvo0loB-Q-unsplash.jpg,14914,.jpg
cropped_images/images_crop_align_mtcnn/female/hispanic/khaled-ghareeb-bcQh4nVETaY-unsplash.jpg,15279,.jpg
cropped_images/images_crop_align_mtcnn/female/hispanic/kim-carpenter-IHIgnhLvz5Q-unsplash.jpg,15528,.jpg
cropped_images/images_crop_align_mtcnn/female/hispanic/kunj-parekh-VfC7Pm5BxuI-unsplash.jpg,16193,.jpg
cropped_images/images_crop_align_mtcnn/female/hispanic/luiza-braun-_R3H5FaoBq4-unsplash.jpg,16594,.jpg
cropped_images/images_crop_align_mtcnn/female/hispanic/madison-hedgecock-tacwAxr3PvU-unsplash.jpg,12389,.jpg
cropped_images/images_crop_align_mtcnn/female/hispanic/marisol-casben-PbwKSCq9aVo-unsplash.jpg,17955,.jpg
cropped_images/images_crop_align_mtcnn/female/hispanic/mark-decile-UU1d9HCtgaE-unsplash.jpg,14249,.jpg
cropped_images/images_crop_align_mtcnn/female/hispanic/mark-decile-hAw-uxfLXD4-unsplash.jpg,14667,.jpg
cropped_images/images_crop_align_mtcnn/female/hispanic/martin-lopez-mQVryuQEG_Y-unsplash.jpg,12919,.jpg
cropped_images/images_crop_align_mtcnn/female/hispanic/mateus-campos-felipe-AMSLWjFhivg-unsplash.jpg,13628,.jpg
cropped_images/images_crop_align_mtcnn/female/hispanic/mateus-campos-felipe-Fsgzm8N0hIY-unsplash.jpg,14094,.jpg
cropped_images/images_crop_align_mtcnn/female/hispanic/mateus-campos-felipe-JoM_lC1WAnE-unsplash.jpg,17470,.jpg
cropped_images/images_crop_align_mtcnn/female/hispanic/mateus-campos-felipe-ZxdJFgSGQBA-unsplash.jpg,16265,.jpg
cropped_images/images_crop_align_mtcnn/female/hispanic/mateus-campos-felipe-csdVYOLOqls-unsplash.jpg,13984,.jpg
cropped_images/images_crop_align_mtcnn/female/hispanic/mateus-campos-felipe-dQvUjiVaXCg-unsplash.jpg,13857,.jpg
cropped_images/images_crop_align_mtcnn/female/hispanic/mateus-campos-felipe-zd8px974bC8-unsplash.jpg,14718,.jpg
cropped_images/images_crop_align_mtcnn/female/hispanic/matteo-minoglio-jjveuyKSv0g-unsplash.jpg,13208,.jpg
cropped_images/images_crop_align_mtcnn/female/hispanic/matteo-minoglio-ywl3J10ZmBI-unsplash.jpg,14029,.jpg
cropped_images/images_crop_align_mtcnn/female/hispanic/matthew-reyes-Zh9KXMPIcVk-unsplash.jpg,18533,.jpg
cropped_images/images_crop_align_mtcnn/female/hispanic/mohammed-hassan-MOR6bWWuy-A-unsplash.jpg,13874,.jpg
cropped_images/images_crop_align_mtcnn/female/hispanic/obi-onyeador-02QKRJiv-JI-unsplash.jpg,19511,.jpg
cropped_images/images_crop_align_mtcnn/female/hispanic/obi-onyeador-7ckRPDhlgOk-unsplash.jpg,12743,.jpg
cropped_images/images_crop_align_mtcnn/female/hispanic/omar-lopez-0-uzdU3gUYw-unsplash.jpg,13498,.jpg
cropped_images/images_crop_align_mtcnn/female/hispanic/omar-lopez-8dYeSX5x4HY-unsplash.jpg,19583,.jpg
cropped_images/images_crop_align_mtcnn/female/hispanic/omar-lopez-auEe5lKHZCw-unsplash.jpg,14420,.jpg
cropped_images/images_crop_align_mtcnn/female/hispanic/omar-lopez-nomivMNW07o-unsplash.jpg,12967,.jpg
cropped_images/images_crop_align_mtcnn/female/hispanic/omid-armin-xOjzehJ49Hk-unsplash.jpg,18624,.jpg
cropped_images/images_crop_align_mtcnn/female/hispanic/patrick-gillespie-8j0CTWsImzo-unsplash.jpg,13228,.jpg
cropped_images/images_crop_align_mtcnn/female/hispanic/pexels-alex-green-5699868.jpg,14881,.jpg
cropped_images/images_crop_align_mtcnn/female/hispanic/pexels-bran-sodre-2446105.jpg,12959,.jpg
cropped_images/images_crop_align_mtcnn/female/hispanic/pexels-dalila-dalprat-1853049.jpg,15138,.jpg
cropped_images/images_crop_align_mtcnn/female/hispanic/pexels-daniel-xavier-1239288.jpg,16586,.jpg
cropped_images/images_crop_align_mtcnn/female/hispanic/pexels-du-photographer-1843667.jpg,12287,.jpg
cropped_images/images_crop_align_mtcnn/female/hispanic/pexels-ingrid-santana-2100063.jpg,15716,.jpg
cropped_images/images_crop_align_mtcnn/female/hispanic/pexels-ingrid-santana-2253707.jpg,13740,.jpg
cropped_images/images_crop_align_mtcnn/female/hispanic/pexels-lehandross-2383118.jpg,18600,.jpg
cropped_images/images_crop_align_mtcnn/female/hispanic/pexels-lola-russian-1855582.jpg,17093,.jpg
cropped_images/images_crop_align_mtcnn/female/hispanic/pexels-nicole-michalou-5778909.jpg,13650,.jpg
cropped_images/images_crop_align_mtcnn/female/hispanic/pexels-talal-hakim-4593319.jpg,13129,.jpg
cropped_images/images_crop_align_mtcnn/female/hispanic/pexels-tha¿¬s-silva-3135649.jpg,16856,.jpg
cropped_images/images_crop_align_mtcnn/female/hispanic/pexels-thiago-machado-1853035.jpg,16611,.jpg
cropped_images/images_crop_align_mtcnn/female/hispanic/portrait-4137472_1920.jpg,12934,.jpg
cropped_images/images_crop_align_mtcnn/female/hispanic/portrait-4717916_1920.jpg,15713,.jpg
cropped_images/images_crop_align_mtcnn/female/hispanic/pretty-2682798_1920.jpg,15450,.jpg
cropped_images/images_crop_align_mtcnn/female/hispanic/priscilla-whendy-GLH_XaAvVQM-unsplash.jpg,17004,.jpg
cropped_images/images_crop_align_mtcnn/female/hispanic/raamin-ka-4lQmQ_DBbNc-unsplash.jpg,12344,.jpg
cropped_images/images_crop_align_mtcnn/female/hispanic/raamin-ka-8J56bYMT3-Q-unsplash.jpg,13612,.jpg
cropped_images/images_crop_align_mtcnn/female/hispanic/raamin-ka-kYtN89E5ce4-unsplash.jpg,11554,.jpg
cropped_images/images_crop_align_mtcnn/female/hispanic/raamin-ka-m8_JWQYF6GE-unsplash.jpg,12911,.jpg
cropped_images/images_crop_align_mtcnn/female/hispanic/raamin-ka-ucfVRXL2PrY-unsplash.jpg,11175,.jpg
cropped_images/images_crop_align_mtcnn/female/hispanic/raamin-ka-v8dc2XkhIfM-unsplash.jpg,12670,.jpg
cropped_images/images_crop_align_mtcnn/female/hispanic/raamin-ka-wUKtCWijJTQ-unsplash.jpg,14360,.jpg
cropped_images/images_crop_align_mtcnn/female/hispanic/raamin-ka-zfWcUc48WXk-unsplash.jpg,15466,.jpg
cropped_images/images_crop_align_mtcnn/female/hispanic/rafaella-mendes-diniz-AoL-mVxprmk-unsplash.jpg,13302,.jpg
cropped_images/images_crop_align_mtcnn/female/hispanic/red-4886345_1920.jpg,13411,.jpg
cropped_images/images_crop_align_mtcnn/female/hispanic/reza-gholami-bgf_I27qcmM-unsplash.jpg,12971,.jpg
cropped_images/images_crop_align_mtcnn/female/hispanic/sabrina-may-iuJClDf7S-M-unsplash.jpg,18692,.jpg
cropped_images/images_crop_align_mtcnn/female/hispanic/samantha-green-0D1Fm1Fkblo-unsplash.jpg,14608,.jpg
cropped_images/images_crop_align_mtcnn/female/hispanic/sergio-souza-P-PKKQvASEE-unsplash.jpg,13186,.jpg
cropped_images/images_crop_align_mtcnn/female/hispanic/shahin-khalaji-NdGrKgLVbIA-unsplash.jpg,17367,.jpg
cropped_images/images_crop_align_mtcnn/female/hispanic/shawn-olivier-boivin-blanchard-FBIGTYhErFw-unsplash.jpg,15765,.jpg
cropped_images/images_crop_align_mtcnn/female/hispanic/siavosh-hosseini-XIDBMAAHGpQ-unsplash.jpg,15434,.jpg
cropped_images/images_crop_align_mtcnn/female/hispanic/simon-marsault-2901RQjU0ZQ-unsplash.jpg,13967,.jpg
cropped_images/images_crop_align_mtcnn/female/hispanic/steven-aguilar-9kmy3mYHo6Y-unsplash.jpg,13802,.jpg
cropped_images/images_crop_align_mtcnn/female/hispanic/summer-carnival-4408804_1920.jpg,17804,.jpg
cropped_images/images_crop_align_mtcnn/female/hispanic/tabitha-turner-NlN-dY9Fk3A-unsplash.jpg,13578,.jpg
cropped_images/images_crop_align_mtcnn/female/hispanic/tyler-nix-CsR_n6i__L0-unsplash.jpg,16115,.jpg
cropped_images/images_crop_align_mtcnn/female/hispanic/vinicius-amnx-amano-4mK2KVuYrDs-unsplash.jpg,16691,.jpg
cropped_images/images_crop_align_mtcnn/female/hispanic/vinicius-wiesehofer-UOavP_Z38lE-unsplash.jpg,15150,.jpg
cropped_images/images_crop_align_mtcnn/female/hispanic/willspirit-sbln--hNSeRvzgP8-unsplash.jpg,17867,.jpg
cropped_images/images_crop_align_mtcnn/female/hispanic/woman-2773007_1920.jpg,14008,.jpg
cropped_images/images_crop_align_mtcnn/female/hispanic/woman-3191152_1920.jpg,13256,.jpg
cropped_images/images_crop_align_mtcnn/female/hispanic/woman-4552028_1920.jpg,10393,.jpg
cropped_images/images_crop_align_mtcnn/female/hispanic/woman-5225288_1920.jpg,12756,.jpg
cropped_images/images_crop_align_mtcnn/female/hispanic/woman-5870296_1920.jpg,15374,.jpg
cropped_images/images_crop_align_mtcnn/female/hispanic/woman-984247_1920.jpg,15459,.jpg
cropped_images/images_crop_align_mtcnn/female/hispanic/women-4043627_1920.jpg,12446,.jpg
cropped_images/images_crop_align_mtcnn/female/hispanic/zulmaury-saavedra--Keh6vLM7w0-unsplash.jpg,13860,.jpg
cropped_images/images_crop_align_mtcnn/female/indian/32.jpg,14712,.jpg
cropped_images/images_crop_align_mtcnn/female/indian/33.jpg,14330,.jpg
cropped_images/images_crop_align_mtcnn/female/indian/35.jpg,14499,.jpg
cropped_images/images_crop_align_mtcnn/female/indian/37.jpg,14462,.jpg
cropped_images/images_crop_align_mtcnn/female/indian/38.jpg,15613,.jpg
cropped_images/images_crop_align_mtcnn/female/indian/54.jpg,15989,.jpg
cropped_images/images_crop_align_mtcnn/female/indian/59.jpg,27129,.jpg
cropped_images/images_crop_align_mtcnn/female/indian/60.jpg,16490,.jpg
cropped_images/images_crop_align_mtcnn/female/indian/aayush-gop-rawat-VPwSJhu5uhs-unsplash.jpg,17446,.jpg
cropped_images/images_crop_align_mtcnn/female/indian/actress-1736962_1920.jpg,14820,.jpg
cropped_images/images_crop_align_mtcnn/female/indian/aditi-rao-hydari-1748439_1920.jpg,16712,.jpg
cropped_images/images_crop_align_mtcnn/female/indian/agnieszka-kowalczyk-W0d-rh52NgE-unsplash.jpg,19106,.jpg
cropped_images/images_crop_align_mtcnn/female/indian/anelale-najera--p_HZ1et98U-unsplash.jpg,16736,.jpg
cropped_images/images_crop_align_mtcnn/female/indian/anh-nguyen-z6PZ7ZH9MMQ-unsplash.jpg,17166,.jpg
cropped_images/images_crop_align_mtcnn/female/indian/anshika-panchal-CX7WFaWeFhw-unsplash.jpg,12527,.jpg
cropped_images/images_crop_align_mtcnn/female/indian/anusha-reddy--zP_lFB6vCk-unsplash.jpg,13164,.jpg
cropped_images/images_crop_align_mtcnn/female/indian/arindam-deb-1cdWV-VMjSk-unsplash.jpg,14611,.jpg
cropped_images/images_crop_align_mtcnn/female/indian/arvin-keynes-IPETsB4dcCs-unsplash.jpg,14633,.jpg
cropped_images/images_crop_align_mtcnn/female/indian/asit-khanda-Oq_cWa7a67Y-unsplash.jpg,14898,.jpg
cropped_images/images_crop_align_mtcnn/female/indian/awab-husameldin-YOytR4BXEqM-unsplash.jpg,14536,.jpg
cropped_images/images_crop_align_mtcnn/female/indian/beautiful-2271357_1920.jpg,13377,.jpg
cropped_images/images_crop_align_mtcnn/female/indian/beautiful-indian-woman-4773817_1920.jpg,10296,.jpg
cropped_images/images_crop_align_mtcnn/female/indian/beauty-4175607_1920.jpg,15370,.jpg
cropped_images/images_crop_align_mtcnn/female/indian/bride-5170727_1920.jpg,16593,.jpg
cropped_images/images_crop_align_mtcnn/female/indian/bride-5170730_1920.jpg,13463,.jpg
cropped_images/images_crop_align_mtcnn/female/indian/bulbul-ahmed-s4Uv58E4PXc-unsplash.jpg,18120,.jpg
cropped_images/images_crop_align_mtcnn/female/indian/caroline-hernandez-vGacDiUiD7I-unsplash.jpg,14829,.jpg
cropped_images/images_crop_align_mtcnn/female/indian/charles-postiaux-J9vlgGgytC0-unsplash.jpg,15584,.jpg
cropped_images/images_crop_align_mtcnn/female/indian/child-3199624_1920.jpg,16595,.jpg
cropped_images/images_crop_align_mtcnn/female/indian/christina-wocintechchat-com-1Kf3jFemsPk-unsplash.jpg,13163,.jpg
cropped_images/images_crop_align_mtcnn/female/indian/christina-wocintechchat-com-z5SOVx-y3F4-unsplash.jpg,12467,.jpg
cropped_images/images_crop_align_mtcnn/female/indian/clinton-naik-k-YuHdAtTP0-unsplash.jpg,14085,.jpg
cropped_images/images_crop_align_mtcnn/female/indian/couple-4686423_1920.jpg,13206,.jpg
cropped_images/images_crop_align_mtcnn/female/indian/d14.jpg,20966,.jpg
cropped_images/images_crop_align_mtcnn/female/indian/deepika-padukone-2779557_1920.jpg,13598,.jpg
cropped_images/images_crop_align_mtcnn/female/indian/dollar-gill-Ciujwy5epq4-unsplash.jpg,15935,.jpg
cropped_images/images_crop_align_mtcnn/female/indian/dollar-gill-wcd5bS3x9mE-unsplash.jpg,17277,.jpg
cropped_images/images_crop_align_mtcnn/female/indian/dollar-gill-zWZvu5ZXbrM-unsplash.jpg,13801,.jpg
cropped_images/images_crop_align_mtcnn/female/indian/erick-marroquin-xlNSZ9aImbw-unsplash.jpg,13647,.jpg
cropped_images/images_crop_align_mtcnn/female/indian/ethan-johnson-n815BbX98ds-unsplash.jpg,14524,.jpg
cropped_images/images_crop_align_mtcnn/female/indian/eyes-5938203_1920.jpg,10362,.jpg
cropped_images/images_crop_align_mtcnn/female/indian/f14.jpg,20966,.jpg
cropped_images/images_crop_align_mtcnn/female/indian/face-5677905_1920.jpg,14898,.jpg
cropped_images/images_crop_align_mtcnn/female/indian/female-1544783_1920.jpg,14554,.jpg
cropped_images/images_crop_align_mtcnn/female/indian/gift-habeshaw-XvqeCMXHwzQ-unsplash.jpg,14515,.jpg
cropped_images/images_crop_align_mtcnn/female/indian/girl-4656172_1920.jpg,13171,.jpg
cropped_images/images_crop_align_mtcnn/female/indian/girl-517524_1920.jpg,17951,.jpg
cropped_images/images_crop_align_mtcnn/female/indian/girl-526716_1920.jpg,13660,.jpg
cropped_images/images_crop_align_mtcnn/female/indian/girl-5471992_1920.jpg,14507,.jpg
cropped_images/images_crop_align_mtcnn/female/indian/girl-5898963_1920.jpg,14338,.jpg
cropped_images/images_crop_align_mtcnn/female/indian/gleb-lukomets-R9tTeq4rV5U-unsplash.jpg,11710,.jpg
cropped_images/images_crop_align_mtcnn/female/indian/happy-4895044_1920.jpg,14711,.jpg
cropped_images/images_crop_align_mtcnn/female/indian/huu-chung-dang-lP02hkcp7H0-unsplash.jpg,15170,.jpg
cropped_images/images_crop_align_mtcnn/female/indian/india-4869731_1920.jpg,15807,.jpg
cropped_images/images_crop_align_mtcnn/female/indian/indian-4190972_1920.jpg,16374,.jpg
cropped_images/images_crop_align_mtcnn/female/indian/indian-4755313_1920.jpg,14599,.jpg
cropped_images/images_crop_align_mtcnn/female/indian/indian-4755323_1920.jpg,14648,.jpg
cropped_images/images_crop_align_mtcnn/female/indian/indian-5033667_1920.jpg,16502,.jpg
cropped_images/images_crop_align_mtcnn/female/indian/indian-5033680_1920.jpg,12622,.jpg
cropped_images/images_crop_align_mtcnn/female/indian/indian-5033682_1920.jpg,14692,.jpg
cropped_images/images_crop_align_mtcnn/female/indian/indian-5449593_1920.jpg,13053,.jpg
cropped_images/images_crop_align_mtcnn/female/indian/indian-girl-4985302_1920.jpg,14467,.jpg
cropped_images/images_crop_align_mtcnn/female/indian/indian-woman-5092871_1920.jpg,16735,.jpg
cropped_images/images_crop_align_mtcnn/female/indian/indian-woman-5450102_1920.jpg,12859,.jpg
cropped_images/images_crop_align_mtcnn/female/indian/jennifer-marquez-9oLwI18NFfY-unsplash.jpg,18870,.jpg
cropped_images/images_crop_align_mtcnn/female/indian/jewellery-4255833_1920.jpg,13577,.jpg
cropped_images/images_crop_align_mtcnn/female/indian/joshua-purnell-jiBvOb7A860-unsplash.jpg,12701,.jpg
cropped_images/images_crop_align_mtcnn/female/indian/juanma-velasquez-la7uU1hQ_nM-unsplash.jpg,11647,.jpg
cropped_images/images_crop_align_mtcnn/female/indian/julian-florez-LWaFYrn4SfY-unsplash.jpg,11372,.jpg
cropped_images/images_crop_align_mtcnn/female/indian/juniar-baresi-1g-BQ3wkgWI-unsplash.jpg,15483,.jpg
cropped_images/images_crop_align_mtcnn/female/indian/jyotirmoy-gupta-AXBsyZVjPLQ-unsplash.jpg,20215,.jpg
cropped_images/images_crop_align_mtcnn/female/indian/jyotirmoy-gupta-fbUvVn1_ViQ-unsplash.jpg,16066,.jpg
cropped_images/images_crop_align_mtcnn/female/indian/kunal-goswami-YHSohAq-PuI-unsplash.jpg,14675,.jpg
cropped_images/images_crop_align_mtcnn/female/indian/latina-4573900_1920.jpg,13489,.jpg
cropped_images/images_crop_align_mtcnn/female/indian/loren-joseph-11eY-tkB9VU-unsplash.jpg,15492,.jpg
cropped_images/images_crop_align_mtcnn/female/indian/loren-joseph-jhu22nvxxCw-unsplash.jpg,18543,.jpg
cropped_images/images_crop_align_mtcnn/female/indian/make-up-artist-3987573_1920.jpg,14733,.jpg
cropped_images/images_crop_align_mtcnn/female/indian/model-3008722_1920.jpg,22072,.jpg
cropped_images/images_crop_align_mtcnn/female/indian/model-4255841_1920.jpg,14284,.jpg
cropped_images/images_crop_align_mtcnn/female/indian/model-4668350_1920.jpg,13357,.jpg
cropped_images/images_crop_align_mtcnn/female/indian/model-5576784_1920.jpg,15275,.jpg
cropped_images/images_crop_align_mtcnn/female/indian/model-5576796_1920.jpg,14615,.jpg
cropped_images/images_crop_align_mtcnn/female/indian/natasha-kasim-BqD0Id4qemc-unsplash.jpg,14582,.jpg
cropped_images/images_crop_align_mtcnn/female/indian/nature-3110567_1920.jpg,12842,.jpg
cropped_images/images_crop_align_mtcnn/female/indian/pexels-arif-khan-4595532.jpg,18016,.jpg
cropped_images/images_crop_align_mtcnn/female/indian/pexels-arvind-shakya-796557.jpg,11515,.jpg
cropped_images/images_crop_align_mtcnn/female/indian/pexels-azraq-al-rezoan-5151189.jpg,14636,.jpg
cropped_images/images_crop_align_mtcnn/female/indian/pexels-azraq-al-rezoan-5641188.jpg,12309,.jpg
cropped_images/images_crop_align_mtcnn/female/indian/pexels-bran-sodre-1856538.jpg,12678,.jpg
cropped_images/images_crop_align_mtcnn/female/indian/pexels-darshan-peeal-2784078.jpg,12231,.jpg
cropped_images/images_crop_align_mtcnn/female/indian/pexels-devil-imran-6414067.jpg,12715,.jpg
cropped_images/images_crop_align_mtcnn/female/indian/pexels-himesh-mehta-3059930.jpg,20540,.jpg
cropped_images/images_crop_align_mtcnn/female/indian/pexels-jc-romero-3236737.jpg,12104,.jpg
cropped_images/images_crop_align_mtcnn/female/indian/pexels-kaushal-moradiya-2781201.jpg,13354,.jpg
cropped_images/images_crop_align_mtcnn/female/indian/pexels-ketut-subiyanto-4307688.jpg,14462,.jpg
cropped_images/images_crop_align_mtcnn/female/indian/pexels-ketut-subiyanto-4584579.jpg,17660,.jpg
cropped_images/images_crop_align_mtcnn/female/indian/pexels-kevin-kabore-4966995.jpg,15700,.jpg
cropped_images/images_crop_align_mtcnn/female/indian/pexels-mabel-lee-2739792.jpg,17418,.jpg
cropped_images/images_crop_align_mtcnn/female/indian/pexels-manjeet-singh-yadav-1162983.jpg,13898,.jpg
cropped_images/images_crop_align_mtcnn/female/indian/pexels-mentatdgt-1167134.jpg,16402,.jpg
cropped_images/images_crop_align_mtcnn/female/indian/pexels-mentatdgt-1306557.jpg,16387,.jpg
cropped_images/images_crop_align_mtcnn/female/indian/pexels-mentatdgt-2558680.jpg,13979,.jpg
cropped_images/images_crop_align_mtcnn/female/indian/pexels-miguel-arcanjo-saddi-1213768.jpg,16565,.jpg
cropped_images/images_crop_align_mtcnn/female/indian/pexels-nandhu-kumar-2703082.jpg,21083,.jpg
cropped_images/images_crop_align_mtcnn/female/indian/pexels-rafi-ahmed-haven-1253364.jpg,14499,.jpg
cropped_images/images_crop_align_mtcnn/female/indian/pexels-rahul-pandit-3894370.jpg,16157,.jpg
cropped_images/images_crop_align_mtcnn/female/indian/pexels-rahul-pandit-5382522.jpg,19318,.jpg
cropped_images/images_crop_align_mtcnn/female/indian/pexels-shubham-sharma-2912695.jpg,15936,.jpg
cropped_images/images_crop_align_mtcnn/female/indian/pexels-skg-photography-2270078.jpg,14726,.jpg
cropped_images/images_crop_align_mtcnn/female/indian/pexels-tima-miroshnichenko-5988665.jpg,10558,.jpg
cropped_images/images_crop_align_mtcnn/female/indian/pexels-trung-nguyen-2435583.jpg,15026,.jpg
cropped_images/images_crop_align_mtcnn/female/indian/portrait-4428523_1920.jpg,14365,.jpg
cropped_images/images_crop_align_mtcnn/female/indian/portrait-4773342_1920.jpg,16861,.jpg
cropped_images/images_crop_align_mtcnn/female/indian/portrait-5604743_1920.jpg,12397,.jpg
cropped_images/images_crop_align_mtcnn/female/indian/pradeep-ranjan-qMrXRcDP5Vw-unsplash.jpg,13891,.jpg
cropped_images/images_crop_align_mtcnn/female/indian/prom-1476761_1920.jpg,11697,.jpg
cropped_images/images_crop_align_mtcnn/female/indian/sarah-cervantes-79GLX12EY98-unsplash.jpg,17427,.jpg
cropped_images/images_crop_align_mtcnn/female/indian/sayan-ghosh-sVDp3cxrDR4-unsplash.jpg,14213,.jpg
cropped_images/images_crop_align_mtcnn/female/indian/sergio-souza-jzXgkWDL2YM-unsplash.jpg,14913,.jpg
cropped_images/images_crop_align_mtcnn/female/indian/shifaaz-shamoon-MqLy-G-dBi8-unsp.jpg,14185,.jpg
cropped_images/images_crop_align_mtcnn/female/indian/shotlist-7sPYFUKOK_8-unsplash.jpg,15205,.jpg
cropped_images/images_crop_align_mtcnn/female/indian/shy-girl-5942197_1920.jpg,17265,.jpg
cropped_images/images_crop_align_mtcnn/female/indian/soham-banerjee-22DWv_qBMZo-unsplash.jpg,10335,.jpg
cropped_images/images_crop_align_mtcnn/female/indian/swarnavo-chakrabarti-1s-7JQTdXY4-unsplash.jpg,15539,.jpg
cropped_images/images_crop_align_mtcnn/female/indian/sylvester-dsouza-LAprsXXH-Nc-unsplash.jpg,13769,.jpg
cropped_images/images_crop_align_mtcnn/female/indian/teenager-1612462_1920.jpg,14356,.jpg
cropped_images/images_crop_align_mtcnn/female/indian/teenager-475189_1920.jpg,17324,.jpg
cropped_images/images_crop_align_mtcnn/female/indian/thanks-1209247_1920.jpg,13086,.jpg
cropped_images/images_crop_align_mtcnn/female/indian/ursula-spaulding-_B_UiKIAo20-unsplash.jpg,20474,.jpg
cropped_images/images_crop_align_mtcnn/female/indian/vaibhav-nagare-oM20muBHP_4-unsplash.jpg,13935,.jpg
cropped_images/images_crop_align_mtcnn/female/indian/weeding-4207311_1920.jpg,16018,.jpg
cropped_images/images_crop_align_mtcnn/female/indian/woman-3105856_1920.jpg,14712,.jpg
cropped_images/images_crop_align_mtcnn/female/indian/woman-3146093_1920.jpg,14830,.jpg
cropped_images/images_crop_align_mtcnn/female/indian/woman-4456917_1920.jpg,17140,.jpg
cropped_images/images_crop_align_mtcnn/female/indian/woman-4686064_1920.jpg,13266,.jpg
cropped_images/images_crop_align_mtcnn/female/indian/woman-4686065_1920.jpg,18499,.jpg
cropped_images/images_crop_align_mtcnn/female/indian/woman-5267153_1920.jpg,16401,.jpg
cropped_images/images_crop_align_mtcnn/female/indian/woman-5576751_1920.jpg,15613,.jpg
cropped_images/images_crop_align_mtcnn/female/indian/woman-5604742_1920.jpg,13803,.jpg
cropped_images/images_crop_align_mtcnn/female/indian/woman-5910803_1920.jpg,15275,.jpg
cropped_images/images_crop_align_mtcnn/female/indian/woman-5922147_1920.jpg,16044,.jpg
cropped_images/images_crop_align_mtcnn/female/indian/woman-5922149_1920.jpg,17132,.jpg
cropped_images/images_crop_align_mtcnn/female/indian/woman-761642_1920.jpg,14569,.jpg
cropped_images/images_crop_align_mtcnn/female/indian/woman-smiling-1057659_1920.jpg,19520,.jpg
cropped_images/images_crop_align_mtcnn/female/indian/women-4419736_1920.jpg,14660,.jpg
cropped_images/images_crop_align_mtcnn/female/indian/yogendra-singh-2W1bkp_Mie4-unsplash.jpg,11800,.jpg
cropped_images/images_crop_align_mtcnn/female/indian/yogendra-singh-Sx00bDu24_k-unsplash.jpg,11541,.jpg
cropped_images/images_crop_align_mtcnn/female/indian/young-1822685_1920.jpg,13713,.jpg
cropped_images/images_crop_align_mtcnn/female/indian/youth-3983781_1920.jpg,14457,.jpg
cropped_images/images_crop_align_mtcnn/female/indian/zahra-amiri-QuL60_NbW_0-unsplash.jpg,18749,.jpg
cropped_images/images_crop_align_mtcnn/female/indian/zhang-kaiyv-voWjZ-NIrqo-unsplash.jpg,14348,.jpg
cropped_images/images_crop_align_mtcnn/female/mideastern/17.jpg,17276,.jpg
cropped_images/images_crop_align_mtcnn/female/mideastern/24.jpg,16127,.jpg
cropped_images/images_crop_align_mtcnn/female/mideastern/29.jpg,11329,.jpg
cropped_images/images_crop_align_mtcnn/female/mideastern/3.jpg,14886,.jpg
cropped_images/images_crop_align_mtcnn/female/mideastern/41.jpg,16043,.jpg
cropped_images/images_crop_align_mtcnn/female/mideastern/50.jpg,20462,.jpg
cropped_images/images_crop_align_mtcnn/female/mideastern/53.jpg,15603,.jpg
cropped_images/images_crop_align_mtcnn/female/mideastern/56.jpg,13868,.jpg
cropped_images/images_crop_align_mtcnn/female/mideastern/abi-lewis-5f8i3ckEswk-unsplash.jpg,13043,.jpg
cropped_images/images_crop_align_mtcnn/female/mideastern/alan-santana-0HEgM6UpGPY-unsplash.jpg,14664,.jpg
cropped_images/images_crop_align_mtcnn/female/mideastern/alex-michaelsen-twXWoTWOUeQ-unsplash.jpg,11794,.jpg
cropped_images/images_crop_align_mtcnn/female/mideastern/alexandru-zdrobau-BGz8vO3pK8k-unsplash.jpg,12925,.jpg
cropped_images/images_crop_align_mtcnn/female/mideastern/ali-pazani-4GSOe3Dl314-unsplash.jpg,13468,.jpg
cropped_images/images_crop_align_mtcnn/female/mideastern/alireza-esmaeeli-JfR_6qzips8-unsplash.jpg,12877,.jpg
cropped_images/images_crop_align_mtcnn/female/mideastern/allef-vinicius-BqNEe_ZAtxg-unsplash.jpg,13371,.jpg
cropped_images/images_crop_align_mtcnn/female/mideastern/allef-vinicius-yOp7FXdn3cM-unsplash.jpg,11985,.jpg
cropped_images/images_crop_align_mtcnn/female/mideastern/ana-itonishvili-12KpxzD4iis-unsplash.jpg,14635,.jpg
cropped_images/images_crop_align_mtcnn/female/mideastern/ana-itonishvili-obVDLsGF-QI-unsplash.jpg,14020,.jpg
cropped_images/images_crop_align_mtcnn/female/mideastern/ana-itonishvili-qToBjrHjuYo-unsplash.jpg,15250,.jpg
cropped_images/images_crop_align_mtcnn/female/mideastern/ana-itonishvili-tsqu8UcbL3w-unsplash.jpg,10076,.jpg
cropped_images/images_crop_align_mtcnn/female/mideastern/anastasia-leonova-J52-_tGlXfU-unsplash.jpg,13114,.jpg
cropped_images/images_crop_align_mtcnn/female/mideastern/aranprime-hwzLBk3079Q-unsplash.jpg,12975,.jpg
cropped_images/images_crop_align_mtcnn/female/mideastern/ashkan-forouzani-SNYaOnl22u8-unsplash.jpg,16634,.jpg
cropped_images/images_crop_align_mtcnn/female/mideastern/bardia-hashemirad-3P7jxpEgkC4-unsplash.jpg,14556,.jpg
cropped_images/images_crop_align_mtcnn/female/mideastern/barry-fitzsimmons-FdPjKwHWqPo-unsplash.jpg,18940,.jpg
cropped_images/images_crop_align_mtcnn/female/mideastern/cafe-4730085_1920.jpg,15255,.jpg
cropped_images/images_crop_align_mtcnn/female/mideastern/carlos-lindner-cMGFhR6YCZM-unsplash.jpg,20989,.jpg
cropped_images/images_crop_align_mtcnn/female/mideastern/cristian-newman-f49XhYbpiA0-unsplash.jpg,16904,.jpg
cropped_images/images_crop_align_mtcnn/female/mideastern/d10.jpg,16467,.jpg
cropped_images/images_crop_align_mtcnn/female/mideastern/d2.jpg,14586,.jpg
cropped_images/images_crop_align_mtcnn/female/mideastern/daniel-tong-Vaznn9k5GqQ-unsplash.jpg,14000,.jpg
cropped_images/images_crop_align_mtcnn/female/mideastern/daniil-lobachev-XAo09LtQiAQ-unsplash.jpg,15201,.jpg
cropped_images/images_crop_align_mtcnn/female/mideastern/davidcohen-U6VDR7S3afY-unsplash.jpg,17659,.jpg
cropped_images/images_crop_align_mtcnn/female/mideastern/derek-perez-I-MGoMKFWpE-unsplash.jpg,14276,.jpg
cropped_images/images_crop_align_mtcnn/female/mideastern/dev-asangbam-AJOka3Plw6g-unsplash.jpg,13923,.jpg
cropped_images/images_crop_align_mtcnn/female/mideastern/dimitri-bong-2M45kvvIC-4-unsplash.jpg,15379,.jpg
cropped_images/images_crop_align_mtcnn/female/mideastern/face-2432004_1920.jpg,15186,.jpg
cropped_images/images_crop_align_mtcnn/female/mideastern/ghaly-wedinly-K07jvi25Qxg-unsplash.jpg,15446,.jpg
cropped_images/images_crop_align_mtcnn/female/mideastern/girl-1360874_1920.jpg,15051,.jpg
cropped_images/images_crop_align_mtcnn/female/mideastern/girl-1364014_1920.jpg,16680,.jpg
cropped_images/images_crop_align_mtcnn/female/mideastern/girl-1518158_1920.jpg,15758,.jpg
cropped_images/images_crop_align_mtcnn/female/mideastern/girl-2651718_1920.jpg,15097,.jpg
cropped_images/images_crop_align_mtcnn/female/mideastern/girl-3551364_1920.jpg,15049,.jpg
cropped_images/images_crop_align_mtcnn/female/mideastern/gursimrat-ganda-KrCDlVjrMsQ-unsplash.jpg,13962,.jpg
cropped_images/images_crop_align_mtcnn/female/mideastern/gustavo-lanes-neFlyoPfCRM-unsplash.jpg,13126,.jpg
cropped_images/images_crop_align_mtcnn/female/mideastern/hamid-tajik-QXbJ3yhMNK4-unsplash.jpg,17332,.jpg
cropped_images/images_crop_align_mtcnn/female/mideastern/hamid-tajik-uvnApE6gmnM-unsplash.jpg,14559,.jpg
cropped_images/images_crop_align_mtcnn/female/mideastern/hamza-nouasria-1H52tHTJPiI-unsplash.jpg,13893,.jpg
cropped_images/images_crop_align_mtcnn/female/mideastern/hijab-5009607_1920.jpg,17064,.jpg
cropped_images/images_crop_align_mtcnn/female/mideastern/hisu-lee-NayZJyAK8vg-unsplash.jpg,13797,.jpg
cropped_images/images_crop_align_mtcnn/female/mideastern/houcine-ncib-2Qg42qfZpRo-unsplash.jpg,16851,.jpg
cropped_images/images_crop_align_mtcnn/female/mideastern/houcine-ncib-JInbeCEqTbs-unsplash.jpg,13899,.jpg
cropped_images/images_crop_align_mtcnn/female/mideastern/humphrey-muleba-38dk7QXDBzs-unsplash.jpg,14430,.jpg
cropped_images/images_crop_align_mtcnn/female/mideastern/imad-clicks-2_qmEnz7bQ4-unsplash.jpg,12896,.jpg
cropped_images/images_crop_align_mtcnn/female/mideastern/jakob-owens-HjL1JGnuh3o-unsplash.jpg,13030,.jpg
cropped_images/images_crop_align_mtcnn/female/mideastern/jamill-del-rosario-jn3w2ouoPv4-unsplash.jpg,11774,.jpg
cropped_images/images_crop_align_mtcnn/female/mideastern/jan-kopriva-VKHv4GLr5O0-unsplash.jpg,23372,.jpg
cropped_images/images_crop_align_mtcnn/female/mideastern/jeffrey-wegrzyn-It0_SCr3AF4-unsplash.jpg,15264,.jpg
cropped_images/images_crop_align_mtcnn/female/mideastern/joao-paulo-de-souza-oliveira-7-CSeYLI-KM-unsplash.jpg,13121,.jpg
cropped_images/images_crop_align_mtcnn/female/mideastern/joao-paulo-de-souza-oliveira-PK5HVHRWYa8-unsplash.jpg,13438,.jpg
cropped_images/images_crop_align_mtcnn/female/mideastern/jonathan-borba-5rQG1mib90I-unspl.jpg,16880,.jpg
cropped_images/images_crop_align_mtcnn/female/mideastern/jonathan-borba-5rQG1mib90I-unsplash.jpg,15814,.jpg
cropped_images/images_crop_align_mtcnn/female/mideastern/jordan-dca_s9Wy8c0-unsplash.jpg,16612,.jpg
cropped_images/images_crop_align_mtcnn/female/mideastern/joshua-rawson-harris-eMDcPM6bqVc-unsplash.jpg,13363,.jpg
cropped_images/images_crop_align_mtcnn/female/mideastern/julian-florez-l5rmMuK8070-unsplash.jpg,14058,.jpg
cropped_images/images_crop_align_mtcnn/female/mideastern/july-brenda-gonzales-callapaza-DEseREQoXPQ-unsplash.jpg,14116,.jpg
cropped_images/images_crop_align_mtcnn/female/mideastern/jyotirmoy-gupta-fpBNEz7N14s-unsplash.jpg,18514,.jpg
cropped_images/images_crop_align_mtcnn/female/mideastern/kal-visuals-b1Hg7QI-zcc-unsplash.jpg,19302,.jpg
cropped_images/images_crop_align_mtcnn/female/mideastern/kamal-alkhatib-IETO_Z0BrsE-unsplash (1).jpg,14981,.jpg
cropped_images/images_crop_align_mtcnn/female/mideastern/kamal-alkhatib-ZG531DsOagU-unsplash.jpg,15604,.jpg
cropped_images/images_crop_align_mtcnn/female/mideastern/karthik-pillai-jF9aTJ_T_Tw-unsplash.jpg,10036,.jpg
cropped_images/images_crop_align_mtcnn/female/mideastern/khaled-ghareeb-xZSEvSlHRv8-unsplash.jpg,15427,.jpg
cropped_images/images_crop_align_mtcnn/female/mideastern/kirill-balobanov-Ef3AOkt6hHg-unsplash.jpg,16613,.jpg
cropped_images/images_crop_align_mtcnn/female/mideastern/kirill-balobanov-sRPbVu7FOsw-unsplash.jpg,13746,.jpg
cropped_images/images_crop_align_mtcnn/female/mideastern/kunal-goswami-YHSohAq-PuI-unsplash.jpg,14675,.jpg
cropped_images/images_crop_align_mtcnn/female/mideastern/latin-4793762_1920.jpg,15341,.jpg
cropped_images/images_crop_align_mtcnn/female/mideastern/little-2192347_1920.jpg,11436,.jpg
cropped_images/images_crop_align_mtcnn/female/mideastern/little-girl-5912824_1920.jpg,12181,.jpg
cropped_images/images_crop_align_mtcnn/female/mideastern/luiza-braun-f11edIs0_ZU-unsplash.jpg,14887,.jpg
cropped_images/images_crop_align_mtcnn/female/mideastern/luke-braswell-oYFv-_JKsVk-unsplash.jpg,12998,.jpg
cropped_images/images_crop_align_mtcnn/female/mideastern/mia-cambriello-dQgKjETjqDg-unsplash.jpg,13185,.jpg
cropped_images/images_crop_align_mtcnn/female/mideastern/michele-seghieri-vsS70e-zC34-unsplash.jpg,14215,.jpg
cropped_images/images_crop_align_mtcnn/female/mideastern/model-4606802_1920.jpg,12652,.jpg
cropped_images/images_crop_align_mtcnn/female/mideastern/model-5029025_1920.jpg,15166,.jpg
cropped_images/images_crop_align_mtcnn/female/mideastern/model-5046435_1920.jpg,12403,.jpg
cropped_images/images_crop_align_mtcnn/female/mideastern/mohammad-khaksarmadani-4FDsNcCR8iQ-unsplash.jpg,14876,.jpg
cropped_images/images_crop_align_mtcnn/female/mideastern/mosoianu-bogdan-eY1_nQs9aNI-unsplash.jpg,20255,.jpg
cropped_images/images_crop_align_mtcnn/female/mideastern/mukul-kumar-OYFdvoK6z6Y-unsplash.jpg,12948,.jpg
cropped_images/images_crop_align_mtcnn/female/mideastern/muslim-5016604_1920.jpg,14482,.jpg
cropped_images/images_crop_align_mtcnn/female/mideastern/muslim-5016606_1920.jpg,16167,.jpg
cropped_images/images_crop_align_mtcnn/female/mideastern/nathan-bingle-Rmdja7-az8M-unsplash.jpg,14949,.jpg
cropped_images/images_crop_align_mtcnn/female/mideastern/omid-armin-2HUKJuFRemE-unsplash.jpg,18794,.jpg
cropped_images/images_crop_align_mtcnn/female/mideastern/oscar-nord-1UJNl0Ffhw8-unsplash.jpg,12403,.jpg
cropped_images/images_crop_align_mtcnn/female/mideastern/ospan-ali-ue9wiyU842k-unsplash.jpg,13443,.jpg
cropped_images/images_crop_align_mtcnn/female/mideastern/pexels-andrea-piacquadio-3762807.jpg,14722,.jpg
cropped_images/images_crop_align_mtcnn/female/mideastern/pexels-anna-tarazevich-5119587.jpg,14654,.jpg
cropped_images/images_crop_align_mtcnn/female/mideastern/pexels-anubhaw-anand-3263992.jpg,12984,.jpg
cropped_images/images_crop_align_mtcnn/female/mideastern/pexels-arsham-haghani-3536991.jpg,13819,.jpg
cropped_images/images_crop_align_mtcnn/female/mideastern/pexels-artem-podrez-5125221.jpg,17543,.jpg
cropped_images/images_crop_align_mtcnn/female/mideastern/pexels-bharat-kumar-2055033.jpg,13414,.jpg
cropped_images/images_crop_align_mtcnn/female/mideastern/pexels-bran-sodre-1852345.jpg,14006,.jpg
cropped_images/images_crop_align_mtcnn/female/mideastern/pexels-engin-akyurt-3168993.jpg,13959,.jpg
cropped_images/images_crop_align_mtcnn/female/mideastern/pexels-fauzan-ahmad-muzakky-2698444.jpg,17583,.jpg
cropped_images/images_crop_align_mtcnn/female/mideastern/pexels-fotografierende-1793059.jpg,13856,.jpg
cropped_images/images_crop_align_mtcnn/female/mideastern/pexels-italo-melo-1786258.jpg,20998,.jpg
cropped_images/images_crop_align_mtcnn/female/mideastern/pexels-lucas-macario-1891709.jpg,16155,.jpg
cropped_images/images_crop_align_mtcnn/female/mideastern/pexels-marlon-alves-3935356.jpg,11334,.jpg
cropped_images/images_crop_align_mtcnn/female/mideastern/pexels-matheus-henrin-2071150.jpg,14463,.jpg
cropped_images/images_crop_align_mtcnn/female/mideastern/pexels-mohamed-abdelgaffar-1684304.jpg,13632,.jpg
cropped_images/images_crop_align_mtcnn/female/mideastern/pexels-mohamed-abdelgaffar-1698731.jpg,15355,.jpg
cropped_images/images_crop_align_mtcnn/female/mideastern/pexels-mohamed-abdelgaffar-764529.jpg,13868,.jpg
cropped_images/images_crop_align_mtcnn/female/mideastern/pexels-pixabay-35551.jpg,13061,.jpg
cropped_images/images_crop_align_mtcnn/female/mideastern/pexels-ricael-sousa-1837158.jpg,12038,.jpg
cropped_images/images_crop_align_mtcnn/female/mideastern/pexels-rodnae-productions-4911079.jpg,16276,.jpg
cropped_images/images_crop_align_mtcnn/female/mideastern/pexels-samad-ismayilov-735552.jpg,11795,.jpg
cropped_images/images_crop_align_mtcnn/female/mideastern/pexels-samad-ismayilov-786858.jpg,15351,.jpg
cropped_images/images_crop_align_mtcnn/female/mideastern/pexels-the-lazy-artist-gallery-1149840.jpg,13209,.jpg
cropped_images/images_crop_align_mtcnn/female/mideastern/pexels-toni-ph-2040376.jpg,17973,.jpg
cropped_images/images_crop_align_mtcnn/female/mideastern/pexels-wesley-rocha-3797438.jpg,17195,.jpg
cropped_images/images_crop_align_mtcnn/female/mideastern/photography-4403690_1920.jpg,13385,.jpg
cropped_images/images_crop_align_mtcnn/female/mideastern/portrait-2650253_1920.jpg,13272,.jpg
cropped_images/images_crop_align_mtcnn/female/mideastern/portrait-5554731_1920.jpg,14369,.jpg
cropped_images/images_crop_align_mtcnn/female/mideastern/pratik-gupta--LXaJgKwxzs-unsplash.jpg,12779,.jpg
cropped_images/images_crop_align_mtcnn/female/mideastern/qasim-sadiq-A4FN0SPut6w-unsplash.jpg,18366,.jpg
cropped_images/images_crop_align_mtcnn/female/mideastern/raamin-ka-4eOyl_iUQB8-unsplash.jpg,14082,.jpg
cropped_images/images_crop_align_mtcnn/female/mideastern/raamin-ka-4lQmQ_DBbNc-unsplash.jpg,12344,.jpg
cropped_images/images_crop_align_mtcnn/female/mideastern/raamin-ka-FfZRzlmFsvY-unsplash.jpg,14298,.jpg
cropped_images/images_crop_align_mtcnn/female/mideastern/raamin-ka-hdra4gfbznU-unsplash.jpg,13371,.jpg
cropped_images/images_crop_align_mtcnn/female/mideastern/ronny-sison-7eDUHk7Jb_o-unsplash.jpg,13057,.jpg
cropped_images/images_crop_align_mtcnn/female/mideastern/s-jDpjN4U5mxE-unsplash - ╕▒▒╛.jpg,11803,.jpg
cropped_images/images_crop_align_mtcnn/female/mideastern/s-jDpjN4U5mxE-unsplash.jpg,11803,.jpg
cropped_images/images_crop_align_mtcnn/female/mideastern/sandeep-swarnkar-o2Bl6Y9hPos-unsplash.jpg,12166,.jpg
cropped_images/images_crop_align_mtcnn/female/mideastern/sayan-ghosh-ZRVmiVKFMDs-unsplash.jpg,16872,.jpg
cropped_images/images_crop_align_mtcnn/female/mideastern/shahin-khalaji-Fwp2mRiD7N4-unsplash.jpg,10023,.jpg
cropped_images/images_crop_align_mtcnn/female/mideastern/shalom-de-leon-QsqKwK09TUI-unsplash.jpg,11329,.jpg
cropped_images/images_crop_align_mtcnn/female/mideastern/siddharth-salve-66R_Ji_rKd4-unsplash.jpg,16882,.jpg
cropped_images/images_crop_align_mtcnn/female/mideastern/smile-2504329_1920.jpg,15055,.jpg
cropped_images/images_crop_align_mtcnn/female/mideastern/sour-moha-Uxo2j3rJq5Y-unsplash.jpg,13121,.jpg
cropped_images/images_crop_align_mtcnn/female/mideastern/the-creative-exchange-UhpAf0ySwuk-unsplash - ╕▒▒╛.jpg,15622,.jpg
cropped_images/images_crop_align_mtcnn/female/mideastern/the-creative-exchange-UhpAf0ySwuk-unsplash.jpg,15622,.jpg
cropped_images/images_crop_align_mtcnn/female/mideastern/the-model-shows-makeup-4600504_1920.jpg,13574,.jpg
cropped_images/images_crop_align_mtcnn/female/mideastern/tyler-nix-aSIw_EnF71g-unsplash.jpg,13945,.jpg
cropped_images/images_crop_align_mtcnn/female/mideastern/wall-3449760_1920.jpg,12991,.jpg
cropped_images/images_crop_align_mtcnn/female/mideastern/warrior-1240995_1920.jpg,15284,.jpg
cropped_images/images_crop_align_mtcnn/female/mideastern/wesley-tingey-oeEqKb7gTrk-unsplash.jpg,11151,.jpg
cropped_images/images_crop_align_mtcnn/female/mideastern/woman-1284347_1920.jpg,12675,.jpg
cropped_images/images_crop_align_mtcnn/female/mideastern/woman-1462682_1920.jpg,15315,.jpg
cropped_images/images_crop_align_mtcnn/female/mideastern/woman-1584341_1280.jpg,14792,.jpg
cropped_images/images_crop_align_mtcnn/female/mideastern/woman-2465429_1920.jpg,13455,.jpg
cropped_images/images_crop_align_mtcnn/female/mideastern/woman-2542252_1920.jpg,12672,.jpg
cropped_images/images_crop_align_mtcnn/female/mideastern/woman-3182019_1920.jpg,14100,.jpg
cropped_images/images_crop_align_mtcnn/female/mideastern/woman-3950652_1920.jpg,17596,.jpg
cropped_images/images_crop_align_mtcnn/female/mideastern/yogendra-singh-AlpBsZF_uXM-unsplash.jpg,15049,.jpg
cropped_images/images_crop_align_mtcnn/male/asian/125.jpg,15951,.jpg
cropped_images/images_crop_align_mtcnn/male/asian/134.jpg,16164,.jpg
cropped_images/images_crop_align_mtcnn/male/asian/137.jpg,18503,.jpg
cropped_images/images_crop_align_mtcnn/male/asian/141.jpg,18230,.jpg
cropped_images/images_crop_align_mtcnn/male/asian/alexandre-debieve-xbeKrAgzGhQ-unsplash.jpg,14552,.jpg
cropped_images/images_crop_align_mtcnn/male/asian/ali-yahya-155huuQwGvA-unsplash.jpg,15520,.jpg
cropped_images/images_crop_align_mtcnn/male/asian/angelo-abear-XDevBdyfMD8-unsplash.jpg,13988,.jpg
cropped_images/images_crop_align_mtcnn/male/asian/aryo-lahap-ZVc4Zg4TY8s-unsplash.jpg,16546,.jpg
cropped_images/images_crop_align_mtcnn/male/asian/aserusainhuu-veaARmpXY88-unsplash.jpg,17601,.jpg
cropped_images/images_crop_align_mtcnn/male/asian/ash-edmonds-AxtUIbOIPBE-unsplash.jpg,12829,.jpg
cropped_images/images_crop_align_mtcnn/male/asian/bibek-thakuri-J_9xThkkGEM-unsplash.jpg,14070,.jpg
cropped_images/images_crop_align_mtcnn/male/asian/billow-926-7j50lTjDc9o-unsplash.jpg,12721,.jpg
cropped_images/images_crop_align_mtcnn/male/asian/boy-4393262_1920.jpg,13431,.jpg
cropped_images/images_crop_align_mtcnn/male/asian/boy-4445663_1920.jpg,15365,.jpg
cropped_images/images_crop_align_mtcnn/male/asian/boy-4746524_1920.jpg,12663,.jpg
cropped_images/images_crop_align_mtcnn/male/asian/boy-4754320_1920.jpg,13531,.jpg
cropped_images/images_crop_align_mtcnn/male/asian/brendan-hollis-00pYNLXfhFI-unsplash.jpg,15680,.jpg
cropped_images/images_crop_align_mtcnn/male/asian/bride-5867605_1920.jpg,13622,.jpg
cropped_images/images_crop_align_mtcnn/male/asian/bridgette-chen-unyQ2AkhKgM-unsplash.jpg,12935,.jpg
cropped_images/images_crop_align_mtcnn/male/asian/businessman-1247947_1920.jpg,11233,.jpg
cropped_images/images_crop_align_mtcnn/male/asian/campus-2787759_1920.jpg,14309,.jpg
cropped_images/images_crop_align_mtcnn/male/asian/capturing-the-human-heart-i9uIhSlOWYc-unsplash.jpg,18357,.jpg
cropped_images/images_crop_align_mtcnn/male/asian/career-451281_1920.jpg,16645,.jpg
cropped_images/images_crop_align_mtcnn/male/asian/chander-mohan-9zaQ3PjrvxA-unsplash.jpg,15790,.jpg
cropped_images/images_crop_align_mtcnn/male/asian/chelms-varthoumlien-yok4LRlBEEI-unsplash.jpg,15726,.jpg
cropped_images/images_crop_align_mtcnn/male/asian/chris-hardy-SS0PaWpkm8w-unsplash.jpg,15228,.jpg
cropped_images/images_crop_align_mtcnn/male/asian/christian-senan-BN2VEGCf140-unsplash.jpg,11675,.jpg
cropped_images/images_crop_align_mtcnn/male/asian/christian-senan-KW4JsQp8zGU-unsplash.jpg,12374,.jpg
cropped_images/images_crop_align_mtcnn/male/asian/commercial-3264998_1920.jpg,12194,.jpg
cropped_images/images_crop_align_mtcnn/male/asian/credit-card-1599787_1920.jpg,15796,.jpg
cropped_images/images_crop_align_mtcnn/male/asian/dale-alejandro-QbCiAUrFjag-unsplash.jpg,12493,.jpg
cropped_images/images_crop_align_mtcnn/male/asian/dale-alejandro-RYrMPoxzaZ0-unsplash.jpg,16131,.jpg
cropped_images/images_crop_align_mtcnn/male/asian/darshan-patel-QJEVpydulGs-unsplash.jpg,14559,.jpg
cropped_images/images_crop_align_mtcnn/male/asian/dev-asangbam-Ox_mKPMBpTw-unsplash.jpg,15848,.jpg
cropped_images/images_crop_align_mtcnn/male/asian/dhimas-arya-ROuU8ayA8_w-unsplash.jpg,10618,.jpg
cropped_images/images_crop_align_mtcnn/male/asian/doil-oh-v15GcVql4CM-unsplash.jpg,12799,.jpg
cropped_images/images_crop_align_mtcnn/male/asian/dominic-blignaut-VZgm7GtN-cU-unsplash.jpg,13669,.jpg
cropped_images/images_crop_align_mtcnn/male/asian/emir-taner-bTe1h3b8Ncc-unsplash.jpg,11626,.jpg
cropped_images/images_crop_align_mtcnn/male/asian/face-1223346_1920.jpg,13060,.jpg
cropped_images/images_crop_align_mtcnn/male/asian/face-1391628_1920.jpg,13067,.jpg
cropped_images/images_crop_align_mtcnn/male/asian/fahmi-anwar-dBtBDtiM780-unsplash.jpg,15401,.jpg
cropped_images/images_crop_align_mtcnn/male/asian/farhan-shaikh-iylgKUdIljc-unsplash.jpg,16867,.jpg
cropped_images/images_crop_align_mtcnn/male/asian/fikran-jabbart-dZ6SQ0d-IVc-unsplash.jpg,12679,.jpg
cropped_images/images_crop_align_mtcnn/male/asian/filipe-almeida-mnEWC72eWDM-unsplash.jpg,21370,.jpg
cropped_images/images_crop_align_mtcnn/male/asian/g_2.jpg,16092,.jpg
cropped_images/images_crop_align_mtcnn/male/asian/gabriel-tovar-E6gYWTFDsQI-unsplash.jpg,14991,.jpg
cropped_images/images_crop_align_mtcnn/male/asian/gabriel-tovar-RDf0qh6VvQ0-unsplash.jpg,13709,.jpg
cropped_images/images_crop_align_mtcnn/male/asian/gabriel-tovar-xF6HoP2oy74-unsplash.jpg,13049,.jpg
cropped_images/images_crop_align_mtcnn/male/asian/george-rinon-rJSfWc6qSI8-unsplash.jpg,11269,.jpg
cropped_images/images_crop_align_mtcnn/male/asian/groom-1731035_1920.jpg,13241,.jpg
cropped_images/images_crop_align_mtcnn/male/asian/guy1.jpg,18098,.jpg
cropped_images/images_crop_align_mtcnn/male/asian/guy13.jpg,13067,.jpg
cropped_images/images_crop_align_mtcnn/male/asian/guy4.jpg,15350,.jpg
cropped_images/images_crop_align_mtcnn/male/asian/ha-nguy-n-CelYET8aK68-unsplash.jpg,12231,.jpg
cropped_images/images_crop_align_mtcnn/male/asian/ha-nguy-n-OFSQ6bHjFjs-unsplash.jpg,12951,.jpg
cropped_images/images_crop_align_mtcnn/male/asian/handsome-guy-5891610_1920.jpg,15636,.jpg
cropped_images/images_crop_align_mtcnn/male/asian/herbal-medicine-1182254_1920.jpg,16094,.jpg
cropped_images/images_crop_align_mtcnn/male/asian/human-2538246_1920.jpg,14435,.jpg
cropped_images/images_crop_align_mtcnn/male/asian/huy-le-XibZiVSku68-unsplash.jpg,25869,.jpg
cropped_images/images_crop_align_mtcnn/male/asian/ibuki-tsubo-xQOy5w4waCk-unsplash.jpg,16613,.jpg
cropped_images/images_crop_align_mtcnn/male/asian/igor-figueredo-WZhygX_blqg-unsplash.jpg,10908,.jpg
cropped_images/images_crop_align_mtcnn/male/asian/imansyah-muhamad-putera-KchIV_GDy6U-unsplash.jpg,14256,.jpg
cropped_images/images_crop_align_mtcnn/male/asian/imansyah-muhamad-putera-n4KewLKFOZw-unsplash.jpg,14799,.jpg
cropped_images/images_crop_align_mtcnn/male/asian/ivan-c-fajardo-qDfKLhq3q5I-unsplash.jpg,13389,.jpg
cropped_images/images_crop_align_mtcnn/male/asian/jassir-jonis-dS6a-NAqbII-unsplash.jpg,17446,.jpg
cropped_images/images_crop_align_mtcnn/male/asian/jeff-tumale-C_JB2G5mSYQ-unsplash.jpg,12921,.jpg
cropped_images/images_crop_align_mtcnn/male/asian/jiangxulei1990-U3G3ed8-BT4-unsplash.jpg,14503,.jpg
cropped_images/images_crop_align_mtcnn/male/asian/joseph-gonzalez-iFgRcqHznqg-unsplash.jpg,15350,.jpg
cropped_images/images_crop_align_mtcnn/male/asian/juan-encalada-WC7KIHo13Fc-unsplash.jpg,15712,.jpg
cropped_images/images_crop_align_mtcnn/male/asian/kahar-erbol-ifl-af6d_0c-unsplash.jpg,19889,.jpg
cropped_images/images_crop_align_mtcnn/male/asian/kaylyn-mok-VoO6z6Ffx0I-unsplash.jpg,15990,.jpg
cropped_images/images_crop_align_mtcnn/male/asian/landovan-4aSkbR8Kdwk-unsplash.jpg,13898,.jpg
cropped_images/images_crop_align_mtcnn/male/asian/lars-zhang-Emvn9asFvPw-unsplash.jpg,15206,.jpg
cropped_images/images_crop_align_mtcnn/male/asian/lars-zhang-jVmrOAO4hZ0-unsplash.jpg,13568,.jpg
cropped_images/images_crop_align_mtcnn/male/asian/leo-sagala-ImCWS7xydLY-unsplash.jpg,14107,.jpg
cropped_images/images_crop_align_mtcnn/male/asian/lex-faure-u4yvBG2wU30-unsplash.jpg,19736,.jpg
cropped_images/images_crop_align_mtcnn/male/asian/liam-martens-W3ANdzEvdZE-unsplash.jpg,13691,.jpg
cropped_images/images_crop_align_mtcnn/male/asian/long-truong-kVNadxWFsGM-unsplash.jpg,13191,.jpg
cropped_images/images_crop_align_mtcnn/male/asian/man-2702805_1920.jpg,13939,.jpg
cropped_images/images_crop_align_mtcnn/male/asian/man-537136_1920.jpg,14425,.jpg
cropped_images/images_crop_align_mtcnn/male/asian/mark-decile-6K_081J_d5A-unsplash.jpg,15370,.jpg
cropped_images/images_crop_align_mtcnn/male/asian/marsha-dhita-uHIN59WI_zc-unsplash.jpg,15519,.jpg
cropped_images/images_crop_align_mtcnn/male/asian/mason-wilkes-TMgQMXoglsM-unsplash.jpg,16244,.jpg
cropped_images/images_crop_align_mtcnn/male/asian/mathieu-neuilly-BTBAoU_taRU-unsplash.jpg,15248,.jpg
cropped_images/images_crop_align_mtcnn/male/asian/md-duran-CY6HTDht5FI-unsplash.jpg,13194,.jpg
cropped_images/images_crop_align_mtcnn/male/asian/model-2911332_1920.jpg,14426,.jpg
cropped_images/images_crop_align_mtcnn/male/asian/model-2911363_1920.jpg,14098,.jpg
cropped_images/images_crop_align_mtcnn/male/asian/monk-186094_1920.jpg,15240,.jpg
cropped_images/images_crop_align_mtcnn/male/asian/nathan-dumlao-woZEuvPV3to-unsplash.jpg,15661,.jpg
cropped_images/images_crop_align_mtcnn/male/asian/national-cancer-institute-kooSjlL8LnQ-unsplash.jpg,14130,.jpg
cropped_images/images_crop_align_mtcnn/male/asian/niklas-veenhuis-wMlBf99Uyss-unsplash.jpg,14217,.jpg
cropped_images/images_crop_align_mtcnn/male/asian/old-man-971889_1920.jpg,18624,.jpg
cropped_images/images_crop_align_mtcnn/male/asian/parents-2305916_1920.jpg,17837,.jpg
cropped_images/images_crop_align_mtcnn/male/asian/people-1731137_1920.jpg,12086,.jpg
cropped_images/images_crop_align_mtcnn/male/asian/pexels-andrea-piacquadio-3761521.jpg,14074,.jpg
cropped_images/images_crop_align_mtcnn/male/asian/pexels-ba-phi-1182128.jpg,16287,.jpg
cropped_images/images_crop_align_mtcnn/male/asian/pexels-ba-phi-1339536.jpg,18843,.jpg
cropped_images/images_crop_align_mtcnn/male/asian/pexels-ba-phi-1752126.jpg,16270,.jpg
cropped_images/images_crop_align_mtcnn/male/asian/pexels-chevanon-photography-2421934.jpg,19262,.jpg
cropped_images/images_crop_align_mtcnn/male/asian/pexels-cottonbro-5319510.jpg,13237,.jpg
cropped_images/images_crop_align_mtcnn/male/asian/pexels-cottonbro-5529905.jpg,15292,.jpg
cropped_images/images_crop_align_mtcnn/male/asian/pexels-cottonbro-5532846.jpg,15113,.jpg
cropped_images/images_crop_align_mtcnn/male/asian/pexels-david-yu-3136182.jpg,12654,.jpg
cropped_images/images_crop_align_mtcnn/male/asian/pexels-dellon-thomas-3674248.jpg,16328,.jpg
cropped_images/images_crop_align_mtcnn/male/asian/pexels-gabby-k-5384445.jpg,16610,.jpg
cropped_images/images_crop_align_mtcnn/male/asian/pexels-gatot-adri-2693621.jpg,12972,.jpg
cropped_images/images_crop_align_mtcnn/male/asian/pexels-gaurav-ranjitkar-4095473.jpg,14689,.jpg
cropped_images/images_crop_align_mtcnn/male/asian/pexels-griffin-wooldridge-3970083.jpg,14411,.jpg
cropped_images/images_crop_align_mtcnn/male/asian/pexels-gustav-lundborg-2007119.jpg,13950,.jpg
cropped_images/images_crop_align_mtcnn/male/asian/pexels-hoang-gia-huy-6465256.jpg,13643,.jpg
cropped_images/images_crop_align_mtcnn/male/asian/pexels-jameson-mallari-atenta-2872703.jpg,10497,.jpg
cropped_images/images_crop_align_mtcnn/male/asian/pexels-jameson-mallari-atenta-3008355.jpg,16379,.jpg
cropped_images/images_crop_align_mtcnn/male/asian/pexels-jermaine-ulinwa-3289153.jpg,12487,.jpg
cropped_images/images_crop_align_mtcnn/male/asian/pexels-joen-nguyen-2599510.jpg,15885,.jpg
cropped_images/images_crop_align_mtcnn/male/asian/pexels-juan-n-gomez-2589650.jpg,15289,.jpg
cropped_images/images_crop_align_mtcnn/male/asian/pexels-kaniseeyapose-2751061.jpg,17272,.jpg
cropped_images/images_crop_align_mtcnn/male/asian/pexels-ketut-subiyanto-4473405.jpg,16586,.jpg
cropped_images/images_crop_align_mtcnn/male/asian/pexels-luc-marshall-1671396.jpg,12000,.jpg
cropped_images/images_crop_align_mtcnn/male/asian/pexels-luthfi-ramaditya-1747178.jpg,12707,.jpg
cropped_images/images_crop_align_mtcnn/male/asian/pexels-min-an-1153351.jpg,15842,.jpg
cropped_images/images_crop_align_mtcnn/male/asian/pexels-min-an-1157461.jpg,14196,.jpg
cropped_images/images_crop_align_mtcnn/male/asian/pexels-min-an-751204.jpg,14836,.jpg
cropped_images/images_crop_align_mtcnn/male/asian/pexels-min-an-752802.jpg,13043,.jpg
cropped_images/images_crop_align_mtcnn/male/asian/pexels-min-an-898768.jpg,15132,.jpg
cropped_images/images_crop_align_mtcnn/male/asian/pexels-min-an-991217.jpg,14687,.jpg
cropped_images/images_crop_align_mtcnn/male/asian/pexels-padli-pradana-3751857.jpg,15542,.jpg
cropped_images/images_crop_align_mtcnn/male/asian/pexels-raul-reynoso-1578531.jpg,15603,.jpg
cropped_images/images_crop_align_mtcnn/male/asian/pexels-satyabrata-das-6605720.jpg,14067,.jpg
cropped_images/images_crop_align_mtcnn/male/asian/pexels-saul-joseph-2846602.jpg,17175,.jpg
cropped_images/images_crop_align_mtcnn/male/asian/pexels-sigit-hidayat-1767557.jpg,16911,.jpg
cropped_images/images_crop_align_mtcnn/male/asian/pexels-streetwindy-4055355.jpg,15446,.jpg
cropped_images/images_crop_align_mtcnn/male/asian/pexels-sultan-raimosan-6125903.jpg,13662,.jpg
cropped_images/images_crop_align_mtcnn/male/asian/pexels-zorro-zombie-1261998.jpg,16112,.jpg
cropped_images/images_crop_align_mtcnn/male/asian/portrait-3756873_1920.jpg,15071,.jpg
cropped_images/images_crop_align_mtcnn/male/asian/raphiell-alfaridzy-ME-7JcPzt80-unsplash.jpg,13481,.jpg
cropped_images/images_crop_align_mtcnn/male/asian/raphiell-alfaridzy-jagYILIMvxw-unsplash.jpg,19465,.jpg
cropped_images/images_crop_align_mtcnn/male/asian/sane-sodbayar-KhrbDMmnF8I-unsplash.jpg,14216,.jpg
cropped_images/images_crop_align_mtcnn/male/asian/sane-sodbayar-Pew-AwCKoZU-unsplash.jpg,11955,.jpg
cropped_images/images_crop_align_mtcnn/male/asian/sarad-shrestha-i1okjBPfPlY-unsplash.jpg,13200,.jpg
cropped_images/images_crop_align_mtcnn/male/asian/simon-marsault-ZNaL-IDTbZc-unsplash.jpg,13326,.jpg
cropped_images/images_crop_align_mtcnn/male/asian/sport-1815798_1920.jpg,13705,.jpg
cropped_images/images_crop_align_mtcnn/male/asian/stand-alone-1686740_1920.jpg,13524,.jpg
cropped_images/images_crop_align_mtcnn/male/asian/staring-3547110_1920.jpg,15689,.jpg
cropped_images/images_crop_align_mtcnn/male/asian/stephanie-nakagawa-ADSKIn0ScDg-unsplash.jpg,14379,.jpg
cropped_images/images_crop_align_mtcnn/male/asian/sung-wang-g4DgCF90EM4-unsplash.jpg,14404,.jpg
cropped_images/images_crop_align_mtcnn/male/asian/tanjir-ahmed-chowdhury-rXyJjeDdWVk-unsplash.jpg,13268,.jpg
cropped_images/images_crop_align_mtcnn/male/asian/teeth-977208_1920.jpg,16593,.jpg
cropped_images/images_crop_align_mtcnn/male/asian/thabang-madnsela-nwYas4Usbac-unsplash.jpg,17375,.jpg
cropped_images/images_crop_align_mtcnn/male/asian/the-landscape-3245475_1920.jpg,14542,.jpg
cropped_images/images_crop_align_mtcnn/male/asian/tran-thanh-uOyRSCT0O10-unsplash.jpg,14129,.jpg
cropped_images/images_crop_align_mtcnn/male/asian/wells-chan-SDZvNIBjkx0-unsplash.jpg,15984,.jpg
cropped_images/images_crop_align_mtcnn/male/asian/xu-duo-gobC9sSIXc4-unsplash.jpg,15176,.jpg
cropped_images/images_crop_align_mtcnn/male/asian/yang-deng-C4bZ_42MAYA-unsplash.jpg,13556,.jpg
cropped_images/images_crop_align_mtcnn/male/black/114.jpg,14765,.jpg
cropped_images/images_crop_align_mtcnn/male/black/124.jpg,17652,.jpg
cropped_images/images_crop_align_mtcnn/male/black/african-american-1436661_1920.jpg,14236,.jpg
cropped_images/images_crop_align_mtcnn/male/black/african-american-2751286_1920.jpg,18115,.jpg
cropped_images/images_crop_align_mtcnn/male/black/alekon-pictures-iaoYtl50cVk-unsplash.jpg,14000,.jpg
cropped_images/images_crop_align_mtcnn/male/black/alekzan-powell-5t5krHi1LQ8-unsplash.jpg,13421,.jpg
cropped_images/images_crop_align_mtcnn/male/black/alex-robinson-AGr13YPOPqw-unsplash.jpg,14399,.jpg
cropped_images/images_crop_align_mtcnn/male/black/alex-ware-Paf7eZ_DD9A-unsplash.jpg,15420,.jpg
cropped_images/images_crop_align_mtcnn/male/black/alieza-rizvie-RhYNbSQlxSY-unsplash.jpg,18022,.jpg
cropped_images/images_crop_align_mtcnn/male/black/angry-boy-3740043_1920.jpg,17331,.jpg
cropped_images/images_crop_align_mtcnn/male/black/annie-spratt-QdK6aujOLYs-unsplash.jpg,17364,.jpg
cropped_images/images_crop_align_mtcnn/male/black/awab-husameldin-4CxTSNe_8Qk-unsplash.jpg,15514,.jpg
cropped_images/images_crop_align_mtcnn/male/black/beard-1834429_1920.jpg,17847,.jpg
cropped_images/images_crop_align_mtcnn/male/black/belinda-fewings-ci0IbJuBsfg-unsplash.jpg,18392,.jpg
cropped_images/images_crop_align_mtcnn/male/black/black-man-4699505_1920.jpg,18977,.jpg
cropped_images/images_crop_align_mtcnn/male/black/black-professional-4334648_1920.jpg,16501,.jpg
cropped_images/images_crop_align_mtcnn/male/black/brian-lundquist-3_WZlLre0rY-unsplash.jpg,14235,.jpg
cropped_images/images_crop_align_mtcnn/male/black/brian-lundquist-8KRgRFWUwws-unsplash.jpg,14953,.jpg
cropped_images/images_crop_align_mtcnn/male/black/brian-lundquist-bf6ZtR545rU-unsplash.jpg,17452,.jpg
cropped_images/images_crop_align_mtcnn/male/black/brian-lundquist-oqfSpGiS42w-unsplash.jpg,15581,.jpg
cropped_images/images_crop_align_mtcnn/male/black/britain-eriksen-Qz_xqGsshWU-unsplash.jpg,12088,.jpg
cropped_images/images_crop_align_mtcnn/male/black/brock-wegner-obKMefpXRE4-unsplash.jpg,16141,.jpg
cropped_images/images_crop_align_mtcnn/male/black/charisse-kenion-Na2b9JIVsIU-unsplash.jpg,19596,.jpg
cropped_images/images_crop_align_mtcnn/male/black/charles-etoroma-95UF6LXe-Lo-unsplash.jpg,19526,.jpg
cropped_images/images_crop_align_mtcnn/male/black/christian-lunde-v-dd__G7g7k-unsplash.jpg,17784,.jpg
cropped_images/images_crop_align_mtcnn/male/black/clem-onojeghuo-1qyw0De2XC8-unsplash.jpg,15763,.jpg
cropped_images/images_crop_align_mtcnn/male/black/clem-onojeghuo-9y8HtS6Voi0-unsplash.jpg,18880,.jpg
cropped_images/images_crop_align_mtcnn/male/black/clem-onojeghuo-f1_w7Wrnabg-unsplash.jpg,15861,.jpg
cropped_images/images_crop_align_mtcnn/male/black/close-up-1868524_1920.jpg,21842,.jpg
cropped_images/images_crop_align_mtcnn/male/black/curtis-powell-3mMvCsW6ZYs-unsplash.jpg,14966,.jpg
cropped_images/images_crop_align_mtcnn/male/black/danny-protas-FK_07CcGRwY-unsplash.jpg,13897,.jpg
cropped_images/images_crop_align_mtcnn/male/black/david-rotimi-6hGIMs-TOYU-unsplash.jpg,16140,.jpg
cropped_images/images_crop_align_mtcnn/male/black/david-todd-mccarty-NXlQ2PnzMGg-unsplash.jpg,16538,.jpg
cropped_images/images_crop_align_mtcnn/male/black/demorris-byrd-ORLHeCxK3xA-unsplash.jpg,15535,.jpg
cropped_images/images_crop_align_mtcnn/male/black/divine-effiong-_e8yPP3C9n0-unsplash.jpg,18725,.jpg
cropped_images/images_crop_align_mtcnn/male/black/dominique-jordan-JSRmthCownc-unsplash.jpg,17113,.jpg
cropped_images/images_crop_align_mtcnn/male/black/dominique-jordan-cYgNxkwCEoI-unsplash.jpg,13692,.jpg
cropped_images/images_crop_align_mtcnn/male/black/dorrell-tibbs-GntSiIMHyVM-unsplash.jpg,16097,.jpg
cropped_images/images_crop_align_mtcnn/male/black/dorrell-tibbs-gisFZKWpKQ4-unsplash.jpg,21568,.jpg
cropped_images/images_crop_align_mtcnn/male/black/ebuka-nwaju-erV_cqnFrOM-unsplash.jpg,12417,.jpg
cropped_images/images_crop_align_mtcnn/male/black/elizeu-dias-2EGNqazbAMk-unsplash.jpg,18852,.jpg
cropped_images/images_crop_align_mtcnn/male/black/esteban-castle-FULkoZ989E4-unsplash.jpg,18241,.jpg
cropped_images/images_crop_align_mtcnn/male/black/filipp-romanovskij-H4q-AEA02rY-unsplash.jpg,17087,.jpg
cropped_images/images_crop_align_mtcnn/male/black/fitness-465202_1920.jpg,19772,.jpg
cropped_images/images_crop_align_mtcnn/male/black/gift-habeshaw-KBv5dEN3QtY-unsplash(1).jpg,15949,.jpg
cropped_images/images_crop_align_mtcnn/male/black/gift-habeshaw-KBv5dEN3QtY-unsplash(2).jpg,15949,.jpg
cropped_images/images_crop_align_mtcnn/male/black/guy-615808_1920.jpg,14415,.jpg
cropped_images/images_crop_align_mtcnn/male/black/guy11.jpg,19772,.jpg
cropped_images/images_crop_align_mtcnn/male/black/guy6.jpg,14236,.jpg
cropped_images/images_crop_align_mtcnn/male/black/humphrey-muleba-72QxUqXuXz8-unsplash.jpg,16899,.jpg
cropped_images/images_crop_align_mtcnn/male/black/hunter-newton-7eTWaJ4Ex8I-unsplash.jpg,15764,.jpg
cropped_images/images_crop_align_mtcnn/male/black/jassir-jonis-QWa0TIUW638-unsplash.jpg,20689,.jpg
cropped_images/images_crop_align_mtcnn/male/black/jay-mullings-DXlXiFDNPRs-unsplash.jpg,22009,.jpg
cropped_images/images_crop_align_mtcnn/male/black/joshua-rodriguez-3H4PToAVncA-unsplash.jpg,17041,.jpg
cropped_images/images_crop_align_mtcnn/male/black/julian-myles-Izg_qfON0ao-unsplash.jpg,15416,.jpg
cropped_images/images_crop_align_mtcnn/male/black/kareem-hayes-R1t3IQhYTqE-unsplash.jpg,12875,.jpg
cropped_images/images_crop_align_mtcnn/male/black/karsten-winegeart-JfN0kpooAyw-unsplash.jpg,16449,.jpg
cropped_images/images_crop_align_mtcnn/male/black/karsten-winegeart-p5dIUQFbme4-unsplash.jpg,14877,.jpg
cropped_images/images_crop_align_mtcnn/male/black/karsten-winegeart-uvMNz3ZS8J0-unsplash.jpg,15772,.jpg
cropped_images/images_crop_align_mtcnn/male/black/keitravis-squire-0YgjYyptKlU-unsplash.jpg,11062,.jpg
cropped_images/images_crop_align_mtcnn/male/black/khloe-arledge-nGkC7RhVzGU-unsplash.jpg,15433,.jpg
cropped_images/images_crop_align_mtcnn/male/black/lari-avn-oZPHLlcyGb8-unsplash.jpg,13485,.jpg
cropped_images/images_crop_align_mtcnn/male/black/larry-crayton-Jt0fZKDmNFM-unsplash.jpg,17451,.jpg
cropped_images/images_crop_align_mtcnn/male/black/leilani-angel-K84vnnzxmTQ-unsplash.jpg,16741,.jpg
cropped_images/images_crop_align_mtcnn/male/black/look-4780865_1920.jpg,17952,.jpg
cropped_images/images_crop_align_mtcnn/male/black/luke-2373974_1920.jpg,11405,.jpg
cropped_images/images_crop_align_mtcnn/male/black/maatla-seetelo-RdjeaWx3n70-unsplash.jpg,15551,.jpg
cropped_images/images_crop_align_mtcnn/male/black/male-1905388_1920.jpg,13148,.jpg
cropped_images/images_crop_align_mtcnn/male/black/male-4948673_1920.jpg,14245,.jpg
cropped_images/images_crop_align_mtcnn/male/black/man-2590836_1920.jpg,16444,.jpg
cropped_images/images_crop_align_mtcnn/male/black/man-2607437_1920.jpg,18025,.jpg
cropped_images/images_crop_align_mtcnn/male/black/man-4345079_1920.jpg,19345,.jpg
cropped_images/images_crop_align_mtcnn/male/black/man-4539035_1920.jpg,14283,.jpg
cropped_images/images_crop_align_mtcnn/male/black/man-4568762_1920.jpg,15082,.jpg
cropped_images/images_crop_align_mtcnn/male/black/man-5937492_1920.jpg,14969,.jpg
cropped_images/images_crop_align_mtcnn/male/black/man-984217_1920.jpg,20056,.jpg
cropped_images/images_crop_align_mtcnn/male/black/manny-moreno-ajhtGO4Cs7g-unsplash.jpg,16498,.jpg
cropped_images/images_crop_align_mtcnn/male/black/marie-michele-bouchard-bEZQWH49daU-unsplash.jpg,16968,.jpg
cropped_images/images_crop_align_mtcnn/male/black/mbusowethu-radebe-CS2uCrpNzJY-unsplash.jpg,14232,.jpg
cropped_images/images_crop_align_mtcnn/male/black/melodie-descoubes-o6siGr9lrwM-unsplash.jpg,19128,.jpg
cropped_images/images_crop_align_mtcnn/male/black/mohammad-faruque-SpIKPT8zeAs-unsplash.jpg,13992,.jpg
cropped_images/images_crop_align_mtcnn/male/black/morgan-vander-hart-GVB-E8mr4Xk-unsplash.jpg,14999,.jpg
cropped_images/images_crop_align_mtcnn/male/black/mubarak-show-Ve7xjKImd28-unsplash.jpg,16160,.jpg
cropped_images/images_crop_align_mtcnn/male/black/nico-marks-mFcc5b_t74Q-unsplash.jpg,16477,.jpg
cropped_images/images_crop_align_mtcnn/male/black/oladimeji-odunsi-g8bZKBcGnaU-unsplash.jpg,15732,.jpg
cropped_images/images_crop_align_mtcnn/male/black/osheen-turnbull-sU0IT6W8KaU-unsplash.jpg,18943,.jpg
cropped_images/images_crop_align_mtcnn/male/black/payton-tuttle-n_RdRxH_7h4-unspla.jpg,11750,.jpg
cropped_images/images_crop_align_mtcnn/male/black/people-3247352_1920.jpg,12271,.jpg
cropped_images/images_crop_align_mtcnn/male/black/person-801789_1920.jpg,15090,.jpg
cropped_images/images_crop_align_mtcnn/male/black/pexels-alex-green-5699771.jpg,16602,.jpg
cropped_images/images_crop_align_mtcnn/male/black/pexels-areous-ahmad-2122949.jpg,14416,.jpg
cropped_images/images_crop_align_mtcnn/male/black/pexels-bestbe-models-2282520.jpg,13810,.jpg
cropped_images/images_crop_align_mtcnn/male/black/pexels-blac-bear-3805873.jpg,19112,.jpg
cropped_images/images_crop_align_mtcnn/male/black/pexels-c-technical-6612112.jpg,17394,.jpg
cropped_images/images_crop_align_mtcnn/male/black/pexels-cottonbro-6616672.jpg,17505,.jpg
cropped_images/images_crop_align_mtcnn/male/black/pexels-cottonbro-6616674.jpg,18870,.jpg
cropped_images/images_crop_align_mtcnn/male/black/pexels-cottonbro-6626360.jpg,18353,.jpg
cropped_images/images_crop_align_mtcnn/male/black/pexels-cottonbro-6626903.jpg,13404,.jpg
cropped_images/images_crop_align_mtcnn/male/black/pexels-dellon-thomas-1405963.jpg,14830,.jpg
cropped_images/images_crop_align_mtcnn/male/black/pexels-dellon-thomas-2474307.jpg,16915,.jpg
cropped_images/images_crop_align_mtcnn/male/black/pexels-george-ikwegbu-2379429.jpg,17688,.jpg
cropped_images/images_crop_align_mtcnn/male/black/pexels-jan-valle-4061161.jpg,16406,.jpg
cropped_images/images_crop_align_mtcnn/male/black/pexels-kampus-production-5940858.jpg,17594,.jpg
cropped_images/images_crop_align_mtcnn/male/black/pexels-katerina-holmes-5905497.jpg,14401,.jpg
cropped_images/images_crop_align_mtcnn/male/black/pexels-kenex-media-sa-6573686.jpg,16511,.jpg
cropped_images/images_crop_align_mtcnn/male/black/pexels-kyle-woods-4022812.jpg,20187,.jpg
cropped_images/images_crop_align_mtcnn/male/black/pexels-luiz-fernando-3021593.jpg,14158,.jpg
cropped_images/images_crop_align_mtcnn/male/black/pexels-macharia-edson-2914149.jpg,17948,.jpg
cropped_images/images_crop_align_mtcnn/male/black/pexels-marcelo-chagas-2121531.jpg,12929,.jpg
cropped_images/images_crop_align_mtcnn/male/black/pexels-marcelo-chagas-2291012.jpg,11856,.jpg
cropped_images/images_crop_align_mtcnn/male/black/pexels-moh-mckenzie-3597035.jpg,15900,.jpg
cropped_images/images_crop_align_mtcnn/male/black/pexels-mwabonje-2096476.jpg,16214,.jpg
cropped_images/images_crop_align_mtcnn/male/black/pexels-nappy-935969.jpg,16100,.jpg
cropped_images/images_crop_align_mtcnn/male/black/pexels-nappy-936117.jpg,14089,.jpg
cropped_images/images_crop_align_mtcnn/male/black/pexels-nappy-936119.jpg,18410,.jpg
cropped_images/images_crop_align_mtcnn/male/black/pexels-natasha-lois-4689910.jpg,12385,.jpg
cropped_images/images_crop_align_mtcnn/male/black/pexels-nesto-1676213.jpg,18932,.jpg
cropped_images/images_crop_align_mtcnn/male/black/pexels-oladimeji-ajegbile-2650090.jpg,17523,.jpg
cropped_images/images_crop_align_mtcnn/male/black/pexels-ono-kosuki-5648108.jpg,22974,.jpg
cropped_images/images_crop_align_mtcnn/male/black/pexels-rafael-freire-5714735.jpg,16981,.jpg
cropped_images/images_crop_align_mtcnn/male/black/pexels-rodney-gainous-jr-2719416.jpg,16922,.jpg
cropped_images/images_crop_align_mtcnn/male/black/pexels-ryutaro-tsukata-6249088.jpg,15184,.jpg
cropped_images/images_crop_align_mtcnn/male/black/pexels-spencer-selover-428333.jpg,16842,.jpg
cropped_images/images_crop_align_mtcnn/male/black/pexels-teddy-joseph-2955375.jpg,15172,.jpg
cropped_images/images_crop_align_mtcnn/male/black/pexels-tom-leishman-5255326.jpg,18622,.jpg
cropped_images/images_crop_align_mtcnn/male/black/pexels-zack-jarosz-2024901.jpg,14692,.jpg
cropped_images/images_crop_align_mtcnn/male/black/philip-martin-5aGUyCW_PJw-unsplash.jpg,18021,.jpg
cropped_images/images_crop_align_mtcnn/male/black/portrait-3275985_1920.jpg,17408,.jpg
cropped_images/images_crop_align_mtcnn/male/black/prince-akachi-4Yv84VgQkRM-unsplash.jpg,19385,.jpg
cropped_images/images_crop_align_mtcnn/male/black/prince-akachi-s6tVlDVKz38-unsplash.jpg,14367,.jpg
cropped_images/images_crop_align_mtcnn/male/black/raphael-nast-x1od0bnYmIw-unsplash.jpg,14942,.jpg
cropped_images/images_crop_align_mtcnn/male/black/rui-silvestre-hAMJpesMeDE-unsplash.jpg,16817,.jpg
cropped_images/images_crop_align_mtcnn/male/black/samuel-aboh-NGVBWmvmSHI-unsplash.jpg,17602,.jpg
cropped_images/images_crop_align_mtcnn/male/black/seni-oremodu-A7UFsx5NZMY-unsplash.jpg,17067,.jpg
cropped_images/images_crop_align_mtcnn/male/black/sexy-man-3414909_1920.jpg,14685,.jpg
cropped_images/images_crop_align_mtcnn/male/black/smiling-businessman-4455090_1920.jpg,19263,.jpg
cropped_images/images_crop_align_mtcnn/male/black/steven-jones-JSXZnudXhXk-unsplash.jpg,16677,.jpg
cropped_images/images_crop_align_mtcnn/male/black/steward-masweneng-IvaGYGAX3jI-unsplash.jpg,16141,.jpg
cropped_images/images_crop_align_mtcnn/male/black/streegar-bORAYzcoJ8A-unsplash.jpg,15862,.jpg
cropped_images/images_crop_align_mtcnn/male/black/sudanese-2895751_1920.jpg,16722,.jpg
cropped_images/images_crop_align_mtcnn/male/black/tanaka-pendeke-iHfBBeiAVCE-unsplash.jpg,18925,.jpg
cropped_images/images_crop_align_mtcnn/male/black/taylor-wright-XLqe-qr2OK8-unsplash.jpg,12362,.jpg
cropped_images/images_crop_align_mtcnn/male/black/temitope-olukayode-bNl3lzD0LpU-unsplash.jpg,16924,.jpg
cropped_images/images_crop_align_mtcnn/male/black/timothy-barlin-2BJwlRZaR5M-unsplash.jpg,17954,.jpg
cropped_images/images_crop_align_mtcnn/male/black/tobi-oshinnaike-Z7MKNGFnbOw-unsplash.jpg,17952,.jpg
cropped_images/images_crop_align_mtcnn/male/black/tobias-nii-kwatei-quartey-RVa0FzYg9WE-unsplash.jpg,14565,.jpg
cropped_images/images_crop_align_mtcnn/male/black/wilfried-vowoto-QlRYZr7CNxg-unsplash.jpg,16433,.jpg
cropped_images/images_crop_align_mtcnn/male/black/young-man-3366016_1920.jpg,14112,.jpg
cropped_images/images_crop_align_mtcnn/male/black/zach-vessels-5ia9JBnlLp0-unsplash(1).jpg,12600,.jpg
cropped_images/images_crop_align_mtcnn/male/black/zach-vessels-s6JfKHyLKDw-unsplash.jpg,11795,.jpg
cropped_images/images_crop_align_mtcnn/male/caucasian/0.png,65070,.png
cropped_images/images_crop_align_mtcnn/male/caucasian/111.jpg,19713,.jpg
cropped_images/images_crop_align_mtcnn/male/caucasian/113.jpg,22266,.jpg
cropped_images/images_crop_align_mtcnn/male/caucasian/117.jpg,19658,.jpg
cropped_images/images_crop_align_mtcnn/male/caucasian/119.jpg,17025,.jpg
cropped_images/images_crop_align_mtcnn/male/caucasian/120.jpg,13489,.jpg
cropped_images/images_crop_align_mtcnn/male/caucasian/122.jpg,16454,.jpg
cropped_images/images_crop_align_mtcnn/male/caucasian/126.jpg,21704,.jpg
cropped_images/images_crop_align_mtcnn/male/caucasian/127.jpg,17072,.jpg
cropped_images/images_crop_align_mtcnn/male/caucasian/130.jpg,14537,.jpg
cropped_images/images_crop_align_mtcnn/male/caucasian/133.jpg,19242,.jpg
cropped_images/images_crop_align_mtcnn/male/caucasian/136.jpg,17644,.jpg
cropped_images/images_crop_align_mtcnn/male/caucasian/138.jpg,16831,.jpg
cropped_images/images_crop_align_mtcnn/male/caucasian/140.jpg,16096,.jpg
cropped_images/images_crop_align_mtcnn/male/caucasian/142.jpg,15133,.jpg
cropped_images/images_crop_align_mtcnn/male/caucasian/143.jpg,15710,.jpg
cropped_images/images_crop_align_mtcnn/male/caucasian/aiony-haust-ybd0faxFuHE-unsplash.jpg,15650,.jpg
cropped_images/images_crop_align_mtcnn/male/caucasian/aldo-delara-3_Si7AS2iA4-unsplash.jpg,16089,.jpg
cropped_images/images_crop_align_mtcnn/male/caucasian/alex-brisbey-1tVmD_KJZxo-unsplash.jpg,14823,.jpg
cropped_images/images_crop_align_mtcnn/male/caucasian/alex-sheldon-j1WRSUj5QI0-unsplash.jpg,16954,.jpg
cropped_images/images_crop_align_mtcnn/male/caucasian/alex_rainer-O4f4caX_H3g-unsplash.jpg,16451,.jpg
cropped_images/images_crop_align_mtcnn/male/caucasian/alexander-jawfox-BdfMdaTWGLU-unsplash.jpg,16995,.jpg
cropped_images/images_crop_align_mtcnn/male/caucasian/alfred-kenneally-JwzpdmSYIDc-unsplash.jpg,12858,.jpg
cropped_images/images_crop_align_mtcnn/male/caucasian/ali-morshedlou-WMD64tMfc4k-unsplash.jpg,14013,.jpg
cropped_images/images_crop_align_mtcnn/male/caucasian/alyssa-graham-Rg0ul-v4d0A-unsplash.jpg,18649,.jpg
cropped_images/images_crop_align_mtcnn/male/caucasian/anastasia-vityukova-0jSd5XW58Ak-unsplash.jpg,13359,.jpg
cropped_images/images_crop_align_mtcnn/male/caucasian/andre-sebastian-C2Nf5iPOnz0-unsplash.jpg,14296,.jpg
cropped_images/images_crop_align_mtcnn/male/caucasian/andreea-pop-bTVliFTsdHI-unsplash.jpg,16588,.jpg
cropped_images/images_crop_align_mtcnn/male/caucasian/andrew-lancaster--rRZ_vlrawE-unsplash.jpg,12854,.jpg
cropped_images/images_crop_align_mtcnn/male/caucasian/andriyko-podilnyk-S8ufy2IyFnM-unsplash.jpg,14509,.jpg
cropped_images/images_crop_align_mtcnn/male/caucasian/angelika-agibalova-06Bl5S7tySM-unsplash.jpg,14762,.jpg
cropped_images/images_crop_align_mtcnn/male/caucasian/angelo-abear-l1AXPSU_W9M-unsplash.jpg,20640,.jpg
cropped_images/images_crop_align_mtcnn/male/caucasian/application-1934972_1920.jpg,20334,.jpg
cropped_images/images_crop_align_mtcnn/male/caucasian/artemy-pyankov-rshCkwcpZXw-unsplash.jpg,16587,.jpg
cropped_images/images_crop_align_mtcnn/male/caucasian/ashkan-forouzani-ldkvWj0lrqk-unsplash.jpg,15506,.jpg
cropped_images/images_crop_align_mtcnn/male/caucasian/augustin-de-montesquiou-neVX_NUKeLQ-unsplash.jpg,15392,.jpg
cropped_images/images_crop_align_mtcnn/male/caucasian/austin-distel-7bMdiIqz_J4-unsplash.jpg,13600,.jpg
cropped_images/images_crop_align_mtcnn/male/caucasian/austin-human-Ec7cHN7ofi0-unsplash.jpg,15882,.jpg
cropped_images/images_crop_align_mtcnn/male/caucasian/austin-wade-X6Uj51n5CE8-unsplash.jpg,16365,.jpg
cropped_images/images_crop_align_mtcnn/male/caucasian/bannon-morrissy-RxiAV5LC-ww-unsplash.jpg,15020,.jpg
cropped_images/images_crop_align_mtcnn/male/caucasian/bantersnaps-mtsb-bCvrBY-unsplash.jpg,15265,.jpg
cropped_images/images_crop_align_mtcnn/male/caucasian/beard-1845166_1920.jpg,19567,.jpg
cropped_images/images_crop_align_mtcnn/male/caucasian/beard-4136705_1920.jpg,17819,.jpg
cropped_images/images_crop_align_mtcnn/male/caucasian/beard-4205158_1920.jpg,18546,.jpg
cropped_images/images_crop_align_mtcnn/male/caucasian/beautiful-3027662_1920.jpg,14314,.jpg
cropped_images/images_crop_align_mtcnn/male/caucasian/benjamin-klaver-9oZc8FXHVAQ-unsplash.jpg,18065,.jpg
cropped_images/images_crop_align_mtcnn/male/caucasian/big-dodzy-MxXdQOvU6ic-unsplash.jpg,16419,.jpg
cropped_images/images_crop_align_mtcnn/male/caucasian/black-2178681_1920.jpg,12999,.jpg
cropped_images/images_crop_align_mtcnn/male/caucasian/black-and-white-4387130_1920.jpg,11448,.jpg
cropped_images/images_crop_align_mtcnn/male/caucasian/boy-1185446_1920.jpg,12550,.jpg
cropped_images/images_crop_align_mtcnn/male/caucasian/boy-2145113_1920.jpg,14478,.jpg
cropped_images/images_crop_align_mtcnn/male/caucasian/boy-2301660_1920.jpg,14701,.jpg
cropped_images/images_crop_align_mtcnn/male/caucasian/boy-2420289_1920.jpg,14126,.jpg
cropped_images/images_crop_align_mtcnn/male/caucasian/boy-2691494_1920.jpg,14436,.jpg
cropped_images/images_crop_align_mtcnn/male/caucasian/boy-2736655_1920.jpg,13574,.jpg
cropped_images/images_crop_align_mtcnn/male/caucasian/boy-3008920_1920.jpg,14380,.jpg
cropped_images/images_crop_align_mtcnn/male/caucasian/boy-3028416_1920.jpg,13782,.jpg
cropped_images/images_crop_align_mtcnn/male/caucasian/boy-3562120_1920.jpg,16028,.jpg
cropped_images/images_crop_align_mtcnn/male/caucasian/boy-3566903_1920.jpg,16831,.jpg
cropped_images/images_crop_align_mtcnn/male/caucasian/boy-508524_1920.jpg,17187,.jpg
cropped_images/images_crop_align_mtcnn/male/caucasian/brazil-1368806_1920.jpg,16250,.jpg
cropped_images/images_crop_align_mtcnn/male/caucasian/brendan-hollis-A6Bv1AD8F5U-unsplash.jpg,14672,.jpg
cropped_images/images_crop_align_mtcnn/male/caucasian/brett-952579_1920.jpg,16495,.jpg
cropped_images/images_crop_align_mtcnn/male/caucasian/brittany-bendabout-dxSOJGYFJ6Y-unsplash.jpg,15917,.jpg
cropped_images/images_crop_align_mtcnn/male/caucasian/bruno-bucar-BGcjf5DzK_8-unsplash.jpg,14947,.jpg
cropped_images/images_crop_align_mtcnn/male/caucasian/business-1323472_1920.jpg,11398,.jpg
cropped_images/images_crop_align_mtcnn/male/caucasian/cade-renfroe-V0U3m342g1Y-unsplash.jpg,17889,.jpg
cropped_images/images_crop_align_mtcnn/male/caucasian/carlos-andres-gomez-GpxY8FOpPGg-unsplash.jpg,14545,.jpg
cropped_images/images_crop_align_mtcnn/male/caucasian/carlos-macias-UWRTZRwPLyg-unsplash.jpg,14999,.jpg
cropped_images/images_crop_align_mtcnn/male/caucasian/chalo-garcia-2mWKL_I70qk-unsplash.jpg,17053,.jpg
cropped_images/images_crop_align_mtcnn/male/caucasian/charisse-kenion-bYxVLLifeIc-unsplash.jpg,16279,.jpg
cropped_images/images_crop_align_mtcnn/male/caucasian/charles-buchler-C6-GjBAOtZc-unsplash.jpg,18156,.jpg
cropped_images/images_crop_align_mtcnn/male/caucasian/chase-jiggliemon-wilson-tu_uBj2_oTQ-unsplash.jpg,15002,.jpg
cropped_images/images_crop_align_mtcnn/male/caucasian/christian-buehner-rzXvU-H0u6U-unsplash.jpg,13954,.jpg
cropped_images/images_crop_align_mtcnn/male/caucasian/christopher-campbell-hWMEo_qqz5M-unsplash.jpg,15416,.jpg
cropped_images/images_crop_align_mtcnn/male/caucasian/christopher-campbell-i4OHxtxiMtk-unsplash.jpg,18997,.jpg
cropped_images/images_crop_align_mtcnn/male/caucasian/christopher-campbell-jxWFbUqNEOM-unsplash.jpg,12020,.jpg
cropped_images/images_crop_align_mtcnn/male/caucasian/cleyton-ewerton-U_z1WoDoISA-unsplash.jpg,14067,.jpg
cropped_images/images_crop_align_mtcnn/male/caucasian/clint-mckoy-_J2JFRHLijI-unsplash.jpg,15292,.jpg
cropped_images/images_crop_align_mtcnn/male/caucasian/cobro-vfidsFiK-lM-unsplash.jpg,16555,.jpg
cropped_images/images_crop_align_mtcnn/male/caucasian/cody-chan-TeAj27VRKzg-unsplash.jpg,16687,.jpg
cropped_images/images_crop_align_mtcnn/male/caucasian/coney-island-4488742_1920.jpg,19132,.jpg
cropped_images/images_crop_align_mtcnn/male/caucasian/conor-sexton-BBhY-e1XsT0-unsplash.jpg,15528,.jpg
cropped_images/images_crop_align_mtcnn/male/caucasian/couple-1719683_1920.jpg,17504,.jpg
cropped_images/images_crop_align_mtcnn/male/caucasian/cowboy-67630_1920.jpg,16736,.jpg
cropped_images/images_crop_align_mtcnn/male/caucasian/creating-a-brand-qF-W8_oNHzE-unsplash.jpg,14095,.jpg
cropped_images/images_crop_align_mtcnn/male/caucasian/creating-a-brand-xcQWU0Eff-U-unsplash.jpg,13566,.jpg
cropped_images/images_crop_align_mtcnn/male/caucasian/damir-spanic-I4EV0N4kpCU-unsplash.jpg,16253,.jpg
cropped_images/images_crop_align_mtcnn/male/caucasian/damir-spanic-rHDK3UU7HUw-unsplash.jpg,16445,.jpg
cropped_images/images_crop_align_mtcnn/male/caucasian/dane-wetton-vzticETKMYU-unsplash.jpg,14187,.jpg
cropped_images/images_crop_align_mtcnn/male/caucasian/dane-wetton-vzticETKMYU-unsplash1.jpg,14187,.jpg
cropped_images/images_crop_align_mtcnn/male/caucasian/daniel-lincoln--zhQtP1eUdE-unsplash.jpg,17892,.jpg
cropped_images/images_crop_align_mtcnn/male/caucasian/daniel-logchies-N_ugHGVjIbc-unsplash.jpg,15023,.jpg
cropped_images/images_crop_align_mtcnn/male/caucasian/daniil-onischenko-_J2fMaieLSM-unsplash.jpg,17821,.jpg
cropped_images/images_crop_align_mtcnn/male/caucasian/derek-owens-YCbJCM249KE-unsplash.jpg,16277,.jpg
cropped_images/images_crop_align_mtcnn/male/caucasian/derick-mckinney-243Q39DzM3M-unsplash.jpg,14188,.jpg
cropped_images/images_crop_align_mtcnn/male/caucasian/derick-mckinney-bBuUjB98PPY-unsplash.jpg,14996,.jpg
cropped_images/images_crop_align_mtcnn/male/caucasian/derick-mckinney-eyFbjKWlR2g-unsplash.jpg,14028,.jpg
cropped_images/images_crop_align_mtcnn/male/caucasian/diego-sanchez--1cYDFE5-Lo-unsplash.jpg,22617,.jpg
cropped_images/images_crop_align_mtcnn/male/caucasian/dima-dallacqua-4c23dXiYPhc-unsplash.jpg,20837,.jpg
cropped_images/images_crop_align_mtcnn/male/caucasian/dima-dallacqua-NzBr-Vy_e8M-unsplash.jpg,16735,.jpg
cropped_images/images_crop_align_mtcnn/male/caucasian/dmitry-vechorko-E9PFbdhZmus-unsplash.jpg,18167,.jpg
cropped_images/images_crop_align_mtcnn/male/caucasian/dubai-1972702_1920.jpg,14420,.jpg
cropped_images/images_crop_align_mtcnn/male/caucasian/duman-photography-GvvtE31b0JI-unsplash.jpg,13736,.jpg
cropped_images/images_crop_align_mtcnn/male/caucasian/edwin-ashitendoh-Ss9zJmj4G70-unsplash.jpg,18779,.jpg
cropped_images/images_crop_align_mtcnn/male/caucasian/elijah-hiett-m7bRe_XS7BY-unsplash.jpg,12626,.jpg
cropped_images/images_crop_align_mtcnn/male/caucasian/elijah-hiett-vAVGdV1oklQ-unsplash.jpg,15811,.jpg
cropped_images/images_crop_align_mtcnn/male/caucasian/elizeu-dias-BiwrbstAhOI-unsplash.jpg,14942,.jpg
cropped_images/images_crop_align_mtcnn/male/caucasian/elvis-ray-tbSiO437eDY-unsplash.jpg,16999,.jpg
cropped_images/images_crop_align_mtcnn/male/caucasian/emiliano-vittoriosi-fIM5oAdHAxE-unsplash.jpg,17204,.jpg
cropped_images/images_crop_align_mtcnn/male/caucasian/emrecan-arik-apJKb2Js_Vg-unsplash.jpg,12965,.jpg
cropped_images/images_crop_align_mtcnn/male/caucasian/entrepreneurship-3498256_1920.jpg,17022,.jpg
cropped_images/images_crop_align_mtcnn/male/caucasian/eric-karim-cornelis-b3oyT44E3LE-unsplash.jpg,12453,.jpg
cropped_images/images_crop_align_mtcnn/male/caucasian/erik-mclean-06vpBIHmiYc-unsplash.jpg,19342,.jpg
cropped_images/images_crop_align_mtcnn/male/caucasian/erik-mclean-8YbkDZwLx70-unsplash.jpg,15470,.jpg
cropped_images/images_crop_align_mtcnn/male/caucasian/erik-mclean-seybbgI9-4k-unsplash.jpg,18842,.jpg
cropped_images/images_crop_align_mtcnn/male/caucasian/esvan-UvgK58_MU9c-unsplash(1).jpg,14461,.jpg
cropped_images/images_crop_align_mtcnn/male/caucasian/fabio-henning-m6A7X_C8Jq4-unsplash.jpg,21685,.jpg
cropped_images/images_crop_align_mtcnn/male/caucasian/fabio-henning-vnTk1yaRgzg-unsplash.jpg,15301,.jpg
cropped_images/images_crop_align_mtcnn/male/caucasian/fabio-lucas-LFqkME0ZlY8-unsplash.jpg,15793,.jpg
cropped_images/images_crop_align_mtcnn/male/caucasian/fabio-scaletta-yhKc2M6Z500-unsplash.jpg,13881,.jpg
cropped_images/images_crop_align_mtcnn/male/caucasian/face-2171923_1920.jpg,15424,.jpg
cropped_images/images_crop_align_mtcnn/male/caucasian/fashion-1866574_1920.jpg,14247,.jpg
cropped_images/images_crop_align_mtcnn/male/caucasian/fashion-2082066_1920.jpg,15253,.jpg
cropped_images/images_crop_align_mtcnn/male/caucasian/felea-emanuel-Pv5y8bab5L4-unsplash.jpg,15811,.jpg
cropped_images/images_crop_align_mtcnn/male/caucasian/foto-sushi-6anudmpILw4-unsplash.jpg,17716,.jpg
cropped_images/images_crop_align_mtcnn/male/caucasian/g_11.jpg,22580,.jpg
cropped_images/images_crop_align_mtcnn/male/caucasian/g_14.jpg,15975,.jpg
cropped_images/images_crop_align_mtcnn/male/caucasian/g_3.jpg,16973,.jpg
cropped_images/images_crop_align_mtcnn/male/caucasian/g_6.jpg,16913,.jpg
cropped_images/images_crop_align_mtcnn/male/caucasian/g_8.jpg,16992,.jpg
cropped_images/images_crop_align_mtcnn/male/caucasian/gabe-pierce-cZ_RjozBNPM-unsplash.jpg,16606,.jpg
cropped_images/images_crop_align_mtcnn/male/caucasian/georgy-trofimov-rowvvDUAs5M-unsplash.jpg,16026,.jpg
cropped_images/images_crop_align_mtcnn/male/caucasian/gregory-buzdyk-bdbC8RlXSUU-unsplash (1).jpg,20523,.jpg
cropped_images/images_crop_align_mtcnn/male/caucasian/guy-1079623_1920.jpg,14963,.jpg
cropped_images/images_crop_align_mtcnn/male/caucasian/guy-1266366_1920.jpg,11717,.jpg
cropped_images/images_crop_align_mtcnn/male/caucasian/guy-3608788_1920.jpg,14540,.jpg
cropped_images/images_crop_align_mtcnn/male/caucasian/guy-4392888_1920.jpg,17468,.jpg
cropped_images/images_crop_align_mtcnn/male/caucasian/guy-4478447_1920.jpg,13773,.jpg
cropped_images/images_crop_align_mtcnn/male/caucasian/guy-4733624_1920.jpg,15122,.jpg
cropped_images/images_crop_align_mtcnn/male/caucasian/guy-4733626_1920.jpg,13542,.jpg
cropped_images/images_crop_align_mtcnn/male/caucasian/guy-5929422_1920.jpg,17597,.jpg
cropped_images/images_crop_align_mtcnn/male/caucasian/guy-690653_640.jpg,16450,.jpg
cropped_images/images_crop_align_mtcnn/male/caucasian/guy12.jpg,16287,.jpg
cropped_images/images_crop_align_mtcnn/male/caucasian/guy15.jpg,16827,.jpg
cropped_images/images_crop_align_mtcnn/male/caucasian/guy2.jpg,14761,.jpg
cropped_images/images_crop_align_mtcnn/male/caucasian/guy5.jpg,15955,.jpg
cropped_images/images_crop_align_mtcnn/male/caucasian/guy9.jpg,19049,.jpg
cropped_images/images_crop_align_mtcnn/male/caucasian/hamid-tajik-FjT7kFSFczs-unsplash(1).jpg,21868,.jpg
cropped_images/images_crop_align_mtcnn/male/caucasian/hamid-tajik-FjT7kFSFczs-unsplash.jpg,12892,.jpg
cropped_images/images_crop_align_mtcnn/male/caucasian/handsome-4133131_1920.jpg,13449,.jpg
cropped_images/images_crop_align_mtcnn/male/caucasian/happy-3004355_1920.jpg,15326,.jpg
cropped_images/images_crop_align_mtcnn/male/caucasian/harishan-kobalasingam-8PMvB4VyVXA-unsplash.jpg,13971,.jpg
cropped_images/images_crop_align_mtcnn/male/caucasian/harry-cunningham-EPi3TRQc5Z0-unsplash.jpg,15187,.jpg
cropped_images/images_crop_align_mtcnn/male/caucasian/hashim-hadi-XLvLGDu_5wE-unsplash.jpg,12605,.jpg
cropped_images/images_crop_align_mtcnn/male/caucasian/headphones-4602763_1920.jpg,15410,.jpg
cropped_images/images_crop_align_mtcnn/male/caucasian/hean-prinsloo-OVfgeJIghbU-unsplash.jpg,14298,.jpg
cropped_images/images_crop_align_mtcnn/male/caucasian/hipster-358479_1920.jpg,18299,.jpg
cropped_images/images_crop_align_mtcnn/male/caucasian/human-3094550_1280.jpg,18494,.jpg
cropped_images/images_crop_align_mtcnn/male/caucasian/hunter-newton-WQEe4c757Gs-unsplash.jpg,16875,.jpg
cropped_images/images_crop_align_mtcnn/male/caucasian/ian-dooley-d1UPkiFd04A-unsplash.jpg,15845,.jpg
cropped_images/images_crop_align_mtcnn/male/caucasian/igor-stepanov-5uUPrmZgEYM-unsplash.jpg,16374,.jpg
cropped_images/images_crop_align_mtcnn/male/caucasian/ilya-shishikhin-2blzycUKsA0-unsplash.jpg,11720,.jpg
cropped_images/images_crop_align_mtcnn/male/caucasian/irene-strong-Y-AQ3mBVros-unsplash.jpg,15248,.jpg
cropped_images/images_crop_align_mtcnn/male/caucasian/irene-strong-v2aKnjMbP_k-unsplash.jpg,17370,.jpg
cropped_images/images_crop_align_mtcnn/male/caucasian/isaac-reynaldo-70BSk8hT52k-unsplash.jpg,17822,.jpg
cropped_images/images_crop_align_mtcnn/male/caucasian/isolated-4063379_1920.jpg,15931,.jpg
cropped_images/images_crop_align_mtcnn/male/caucasian/jackson-david-8q-EOrlhP8I-unsplash.jpg,13696,.jpg
cropped_images/images_crop_align_mtcnn/male/caucasian/jairph-qygkHfHMaBI-unsplash.jpg,14072,.jpg
cropped_images/images_crop_align_mtcnn/male/caucasian/jake-davies-nOxQW5SIx9c-unsplash.jpg,14507,.jpg
cropped_images/images_crop_align_mtcnn/male/caucasian/jake-nebov-aFNzgYOM560-unsplash.jpg,13414,.jpg
cropped_images/images_crop_align_mtcnn/male/caucasian/jake-oates-9gGTLP0QL1M-unsplash.jpg,12526,.jpg
cropped_images/images_crop_align_mtcnn/male/caucasian/jalen-terry-QmWqxITdWbI-unsplash.jpg,19808,.jpg
cropped_images/images_crop_align_mtcnn/male/caucasian/james-barr-4t3k6JjuPi4-unsplash.jpg,14784,.jpg
cropped_images/images_crop_align_mtcnn/male/caucasian/james-barr-G6ACpD4bPOw-unsplash(1).jpg,17372,.jpg
cropped_images/images_crop_align_mtcnn/male/caucasian/james-barr-G6ACpD4bPOw-unsplash.jpg,17372,.jpg
cropped_images/images_crop_align_mtcnn/male/caucasian/james-barr-_U7YytlNunM-unsplash.jpg,17871,.jpg
cropped_images/images_crop_align_mtcnn/male/caucasian/janko-ferlic-GWFffQS5eWU-unsplash.jpg,16655,.jpg
cropped_images/images_crop_align_mtcnn/male/caucasian/jarred-ray-Nskqh3dRzSQ-unsplash.jpg,16398,.jpg
cropped_images/images_crop_align_mtcnn/male/caucasian/jassir-jonis-Hr9BKfMF6QE-unsplash.jpg,11212,.jpg
cropped_images/images_crop_align_mtcnn/male/caucasian/jd-mason-13_7xGYBb7c-unsplash.jpg,18985,.jpg
cropped_images/images_crop_align_mtcnn/male/caucasian/jens-lindner-dP6g1YJWQcA-unsplash.jpg,14777,.jpg
cropped_images/images_crop_align_mtcnn/male/caucasian/jeremiah-lawrence-5fD2hY1lv1U-unsplash.jpg,16538,.jpg
cropped_images/images_crop_align_mtcnn/male/caucasian/jeremy-bishop-ctAsm_deVVk-unsplash.jpg,15410,.jpg
cropped_images/images_crop_align_mtcnn/male/caucasian/jesman-fabio-8yd15MUkIpI-unsplash.jpg,14863,.jpg
cropped_images/images_crop_align_mtcnn/male/caucasian/jesse-schoff-ibII8H5Ad4c-unsplash.jpg,12891,.jpg
cropped_images/images_crop_align_mtcnn/male/caucasian/joackim-weiler-lxX0dJQHV3w-unsplash.jpg,17841,.jpg
cropped_images/images_crop_align_mtcnn/male/caucasian/joanna-nix-walkup-LalqRz_8QRE-unsplash.jpg,14998,.jpg
cropped_images/images_crop_align_mtcnn/male/caucasian/joanna-nix-walkup-VWAzEW0bi58-unsplash.jpg,14451,.jpg
cropped_images/images_crop_align_mtcnn/male/caucasian/joel-barwick-r0l0Es5fbbs-unsplash.jpg,12681,.jpg
cropped_images/images_crop_align_mtcnn/male/caucasian/john-torcasio-1coR0hGFenQ-unsplash.jpg,22447,.jpg
cropped_images/images_crop_align_mtcnn/male/caucasian/joker-5485787_1920.jpg,14980,.jpg
cropped_images/images_crop_align_mtcnn/male/caucasian/jonathan-farber-QaAZ82Kspck-unsplash.jpg,17229,.jpg
cropped_images/images_crop_align_mtcnn/male/caucasian/joshua-reddekopp-lSD2Y9AydhY-unsplash.jpg,11827,.jpg
cropped_images/images_crop_align_mtcnn/male/caucasian/joycoast-wood-watches-sunglasses-xUsrdhGRMfE-unsplash.jpg,16192,.jpg
cropped_images/images_crop_align_mtcnn/male/caucasian/julian-wan-NHlTr-9eE4o-unsplash.jpg,19273,.jpg
cropped_images/images_crop_align_mtcnn/male/caucasian/julian-wan-cCvnG-937HE-unsplash.jpg,16778,.jpg
cropped_images/images_crop_align_mtcnn/male/caucasian/justin-chen-J7Cf1Gch49E-unsplash.jpg,18127,.jpg
cropped_images/images_crop_align_mtcnn/male/caucasian/karina-tess-fr5rB_Ocl7w-unsplash.jpg,16208,.jpg
cropped_images/images_crop_align_mtcnn/male/caucasian/kas-YHDWG6-EsYc-unsplash.jpg,15303,.jpg
cropped_images/images_crop_align_mtcnn/male/caucasian/kenzie-kraft-OIrGE60UwAY-unsplash.jpg,16788,.jpg
cropped_images/images_crop_align_mtcnn/male/caucasian/kenzie-kraft-b8vUsjhAeYQ-unsplash.jpg,17746,.jpg
cropped_images/images_crop_align_mtcnn/male/caucasian/kitera-dent-UFNv8ZGGbX0-unsplash(1).jpg,16405,.jpg
cropped_images/images_crop_align_mtcnn/male/caucasian/kon-karampelas-5Mo6u9CQLTE-unsplash.jpg,18818,.jpg
cropped_images/images_crop_align_mtcnn/male/caucasian/kyryll-ushakov-S3DMQzP6QG8-unsplash.jpg,17016,.jpg
cropped_images/images_crop_align_mtcnn/male/caucasian/laura-dewilde-G2iXD2Bkt7g-unsplash.jpg,17406,.jpg
cropped_images/images_crop_align_mtcnn/male/caucasian/lesly-juarez-RukI4qZGlQs-unsplash.jpg,17742,.jpg
cropped_images/images_crop_align_mtcnn/male/caucasian/lion27-xqJjNYb8qZc-unsplash.jpg,15838,.jpg
cropped_images/images_crop_align_mtcnn/male/caucasian/lisa-wall-K80QIp2VW0E-unsplash.jpg,16130,.jpg
cropped_images/images_crop_align_mtcnn/male/caucasian/lisa-wall-x5aOKbKhM_o-unsplash.jpg,13871,.jpg
cropped_images/images_crop_align_mtcnn/male/caucasian/logan-weaver--A5R9HBwjaE-unsplash.jpg,15352,.jpg
cropped_images/images_crop_align_mtcnn/male/caucasian/logan-weaver-7z2KFFWQ7n0-unsplash.jpg,16245,.jpg
cropped_images/images_crop_align_mtcnn/male/caucasian/logan-weaver-s_mI8h4_5JY-unsplash.jpg,17633,.jpg
cropped_images/images_crop_align_mtcnn/male/caucasian/lorene-farrugia-UJLAMjEjISo-unsplash.jpg,14332,.jpg
cropped_images/images_crop_align_mtcnn/male/caucasian/luca-pellegrini-pRopJ47ilxg-unsplash.jpg,16374,.jpg
cropped_images/images_crop_align_mtcnn/male/caucasian/lucas-newton-GkQaSPkp54o-unsplash.jpg,14143,.jpg
cropped_images/images_crop_align_mtcnn/male/caucasian/lucas-ruffiner-_Z48n2rZk5M-unsplash.jpg,14915,.jpg
cropped_images/images_crop_align_mtcnn/male/caucasian/ludovic-migneault-4uj3iZ5m084-unsplash.jpg,15981,.jpg
cropped_images/images_crop_align_mtcnn/male/caucasian/ludvig-wiese-d-MfHM-jHwc-unsplash.jpg,17613,.jpg
cropped_images/images_crop_align_mtcnn/male/caucasian/luis-villasmil-hh3ViD0r0Rc-unsplash.jpg,15564,.jpg
cropped_images/images_crop_align_mtcnn/male/caucasian/luiza-braun-VaXkho6CPx0-unsplash(1).jpg,13610,.jpg
cropped_images/images_crop_align_mtcnn/male/caucasian/lumber-1281323_1920.jpg,14884,.jpg
cropped_images/images_crop_align_mtcnn/male/caucasian/luther-bottrill-DVeTzIywKw4-unsplash.jpg,14039,.jpg
cropped_images/images_crop_align_mtcnn/male/caucasian/male-2634974_1920.jpg,21842,.jpg
cropped_images/images_crop_align_mtcnn/male/caucasian/male-3673510_1920.jpg,17770,.jpg
cropped_images/images_crop_align_mtcnn/male/caucasian/male-3847141_1920.jpg,16407,.jpg
cropped_images/images_crop_align_mtcnn/male/caucasian/male-4494498_1920.jpg,19061,.jpg
cropped_images/images_crop_align_mtcnn/male/caucasian/male-4572748_1920.jpg,13469,.jpg
cropped_images/images_crop_align_mtcnn/male/caucasian/male-467711_1920.jpg,14189,.jpg
cropped_images/images_crop_align_mtcnn/male/caucasian/male-4687507_1920.jpg,16956,.jpg
cropped_images/images_crop_align_mtcnn/male/caucasian/male-model-2807612_1920.jpg,16689,.jpg
cropped_images/images_crop_align_mtcnn/male/caucasian/man-1122364_1920.jpg,16101,.jpg
cropped_images/images_crop_align_mtcnn/male/caucasian/man-1146530_1920.jpg,19214,.jpg
cropped_images/images_crop_align_mtcnn/male/caucasian/man-1161334_1920.jpg,24148,.jpg
cropped_images/images_crop_align_mtcnn/male/caucasian/man-1209494_1920.jpg,16665,.jpg
cropped_images/images_crop_align_mtcnn/male/caucasian/man-1242018_1920.jpg,15975,.jpg
cropped_images/images_crop_align_mtcnn/male/caucasian/man-1868320_1920.jpg,14899,.jpg
cropped_images/images_crop_align_mtcnn/male/caucasian/man-2326484_1920.jpg,16588,.jpg
cropped_images/images_crop_align_mtcnn/male/caucasian/man-2590777_1920.jpg,17885,.jpg
cropped_images/images_crop_align_mtcnn/male/caucasian/man-2616244_1920.jpg,17347,.jpg
cropped_images/images_crop_align_mtcnn/male/caucasian/man-2804281_1920.jpg,13836,.jpg
cropped_images/images_crop_align_mtcnn/male/caucasian/man-2854030_1920.jpg,14695,.jpg
cropped_images/images_crop_align_mtcnn/male/caucasian/man-3122063_1920.jpg,17692,.jpg
cropped_images/images_crop_align_mtcnn/male/caucasian/man-3177583_1920.jpg,15565,.jpg
cropped_images/images_crop_align_mtcnn/male/caucasian/man-3373869_1920.jpg,12467,.jpg
cropped_images/images_crop_align_mtcnn/male/caucasian/man-3403180_1920.jpg,15388,.jpg
cropped_images/images_crop_align_mtcnn/male/caucasian/man-3437398_1920.jpg,15216,.jpg
cropped_images/images_crop_align_mtcnn/male/caucasian/man-3439283_1920.jpg,16573,.jpg
cropped_images/images_crop_align_mtcnn/male/caucasian/man-3552370_1920.jpg,15429,.jpg
cropped_images/images_crop_align_mtcnn/male/caucasian/man-3786991_1920.jpg,14048,.jpg
cropped_images/images_crop_align_mtcnn/male/caucasian/man-379677_1920.jpg,19961,.jpg
cropped_images/images_crop_align_mtcnn/male/caucasian/man-3803551_1920.jpg,16515,.jpg
cropped_images/images_crop_align_mtcnn/male/caucasian/man-3967820_1920.jpg,14561,.jpg
cropped_images/images_crop_align_mtcnn/male/caucasian/man-4070556_1920.jpg,17573,.jpg
cropped_images/images_crop_align_mtcnn/male/caucasian/man-4123268_1920.jpg,14765,.jpg
cropped_images/images_crop_align_mtcnn/male/caucasian/man-4220914_1920.jpg,16665,.jpg
cropped_images/images_crop_align_mtcnn/male/caucasian/man-4302299_1920.jpg,14073,.jpg
cropped_images/images_crop_align_mtcnn/male/caucasian/man-4818722_1920.jpg,16288,.jpg
cropped_images/images_crop_align_mtcnn/male/caucasian/man-4821291_1920.jpg,15020,.jpg
cropped_images/images_crop_align_mtcnn/male/caucasian/man-5917529_1920.jpg,22492,.jpg
cropped_images/images_crop_align_mtcnn/male/caucasian/man-5928801_1920.jpg,15215,.jpg
cropped_images/images_crop_align_mtcnn/male/caucasian/man-597178_1920.jpg,14536,.jpg
cropped_images/images_crop_align_mtcnn/male/caucasian/man-61004_1920.jpg,17202,.jpg
cropped_images/images_crop_align_mtcnn/male/caucasian/man-67467_1920.jpg,16287,.jpg
cropped_images/images_crop_align_mtcnn/male/caucasian/man-838636_1920.jpg,15495,.jpg
cropped_images/images_crop_align_mtcnn/male/caucasian/man-894182_1920.jpg,13302,.jpg
cropped_images/images_crop_align_mtcnn/male/caucasian/man-919045_1920.jpg,14168,.jpg
cropped_images/images_crop_align_mtcnn/male/caucasian/man-931974_1920.jpg,15230,.jpg
cropped_images/images_crop_align_mtcnn/male/caucasian/man-943554_1920.jpg,17045,.jpg
cropped_images/images_crop_align_mtcnn/male/caucasian/man-945482_1920.jpg,19448,.jpg
cropped_images/images_crop_align_mtcnn/male/caucasian/man-962563_1920.jpg,16827,.jpg
cropped_images/images_crop_align_mtcnn/male/caucasian/mariana-sandulovych-m23wyWvZw2U-unsplash.jpg,19396,.jpg
cropped_images/images_crop_align_mtcnn/male/caucasian/marie-michele-bouchard-8d-1HViXfdk-unsplash.jpg,20133,.jpg
cropped_images/images_crop_align_mtcnn/male/caucasian/marie-michele-bouchard-Jdcfl34n-AQ-unsplash.jpg,18213,.jpg
cropped_images/images_crop_align_mtcnn/male/caucasian/mark-decile-ODah33uNGvU-unsplash.jpg,18665,.jpg
cropped_images/images_crop_align_mtcnn/male/caucasian/mark-farias-dt60oksDTx8-unsplash.jpg,13393,.jpg
cropped_images/images_crop_align_mtcnn/male/caucasian/martin-magnemyr-V4B0nrIJcls-unsplash.jpg,17350,.jpg
cropped_images/images_crop_align_mtcnn/male/caucasian/mateus-pinheiro-6e0z7TFIlo0-unsplash.jpg,16254,.jpg
cropped_images/images_crop_align_mtcnn/male/caucasian/matheus-farias-fa314kBSJxo-unsplash.jpg,13555,.jpg
cropped_images/images_crop_align_mtcnn/male/caucasian/matt-sings-ixmVe2qr8TM-unsplash.jpg,14660,.jpg
cropped_images/images_crop_align_mtcnn/male/caucasian/matteo-minoglio-JDBR1pXomQw-unsplash.jpg,14511,.jpg
cropped_images/images_crop_align_mtcnn/male/caucasian/max-bender-1uMdzWWCAJk-unsplash.jpg,17069,.jpg
cropped_images/images_crop_align_mtcnn/male/caucasian/mehdi-lamaaffar-lrALtuCkYs0-unsplash.jpg,14024,.jpg
cropped_images/images_crop_align_mtcnn/male/caucasian/mehmet-turgut-kirkgoz-GHks3u7dzcc-unsplash.jpg,18446,.jpg
cropped_images/images_crop_align_mtcnn/male/caucasian/mens-3849286_1920.jpg,16494,.jpg
cropped_images/images_crop_align_mtcnn/male/caucasian/mikhail-marchenko-nuOfp2JdBB8-unsplash.jpg,12030,.jpg
cropped_images/images_crop_align_mtcnn/male/caucasian/mitchell-griest-k879YX17xVQ-unsplash.jpg,14300,.jpg
cropped_images/images_crop_align_mtcnn/male/caucasian/model-3513812_1920.jpg,16517,.jpg
cropped_images/images_crop_align_mtcnn/male/caucasian/model-4759613_1920.jpg,19962,.jpg
cropped_images/images_crop_align_mtcnn/male/caucasian/mohamed-nohassi-Z60j5qAOW_M-unsplash.jpg,16548,.jpg
cropped_images/images_crop_align_mtcnn/male/caucasian/morten-pedersen-Z-bgD8pMv30-unsplash.jpg,16416,.jpg
cropped_images/images_crop_align_mtcnn/male/caucasian/musician-1380216_1920.jpg,14177,.jpg
cropped_images/images_crop_align_mtcnn/male/caucasian/mysterious-4289694_1920.jpg,20259,.jpg
cropped_images/images_crop_align_mtcnn/male/caucasian/nate-J5U-22o1ubw-unsplash.jpg,16267,.jpg
cropped_images/images_crop_align_mtcnn/male/caucasian/nathan-dumlao-4m2-An3yFx0-unsplash.jpg,17692,.jpg
cropped_images/images_crop_align_mtcnn/male/caucasian/nathan-dumlao-SJl7ZfClJEc-unsplash.jpg,17772,.jpg
cropped_images/images_crop_align_mtcnn/male/caucasian/nathan-dumlao-ger61_TX6oI-unsplash.jpg,20824,.jpg
cropped_images/images_crop_align_mtcnn/male/caucasian/nathan-van-de-graaf-8ngIBwU2-5U-unsplash.jpg,15602,.jpg
cropped_images/images_crop_align_mtcnn/male/caucasian/nathaniel-vala-cBKz-2Db6Rg-unsplash.jpg,15721,.jpg
cropped_images/images_crop_align_mtcnn/male/caucasian/neonbrand-8AGfQQl_RSM-unsplash.jpg,13719,.jpg
cropped_images/images_crop_align_mtcnn/male/caucasian/nick-karvounis-JyO_szjGvUw-unsplash.jpg,12779,.jpg
cropped_images/images_crop_align_mtcnn/male/caucasian/nick-linnen-BCQVNAUo_7Y-unsplash.jpg,15481,.jpg
cropped_images/images_crop_align_mtcnn/male/caucasian/nikita-fox-2ODe_T5WRzA-unsplash.jpg,10943,.jpg
cropped_images/images_crop_align_mtcnn/male/caucasian/niklas-veenhuis-HqWKpGBPm8I-unsplash.jpg,14878,.jpg
cropped_images/images_crop_align_mtcnn/male/caucasian/nikolay-vybornov-lC6f79utuKM-unsplash.jpg,15520,.jpg
cropped_images/images_crop_align_mtcnn/male/caucasian/noah-blaine-clark-d8OX1jeN5Ac-unsplash.jpg,19335,.jpg
cropped_images/images_crop_align_mtcnn/male/caucasian/noble-mitchell-qZr1NKjcD0E-unsplash.jpg,13686,.jpg
cropped_images/images_crop_align_mtcnn/male/caucasian/norbert-kundrak-Qkka6rvSToY-unsplash.jpg,15141,.jpg
cropped_images/images_crop_align_mtcnn/male/caucasian/oleg-ivanov--9ctS97imKs-unsplash.jpg,14468,.jpg
cropped_images/images_crop_align_mtcnn/male/caucasian/paolo-bendandi-D-8XODEIr_s-unsplash.jpg,16956,.jpg
cropped_images/images_crop_align_mtcnn/male/caucasian/patricia-prudente-__LnEJsm7ns-unsplash.jpg,18588,.jpg
cropped_images/images_crop_align_mtcnn/male/caucasian/people-1492096_1920.jpg,14845,.jpg
cropped_images/images_crop_align_mtcnn/male/caucasian/people-1690965_1920.jpg,16169,.jpg
cropped_images/images_crop_align_mtcnn/male/caucasian/people-875597_1920.jpg,20612,.jpg
cropped_images/images_crop_align_mtcnn/male/caucasian/person-4556344_1920.jpg,11358,.jpg
cropped_images/images_crop_align_mtcnn/male/caucasian/person-700003_1920.jpg,16913,.jpg
cropped_images/images_crop_align_mtcnn/male/caucasian/person-771996_1920.jpg,16693,.jpg
cropped_images/images_crop_align_mtcnn/male/caucasian/petr-sevcovic-e12wQLAjQi0-unsplash.jpg,16393,.jpg
cropped_images/images_crop_align_mtcnn/male/caucasian/pexels-alex-green-6625960.jpg,21471,.jpg
cropped_images/images_crop_align_mtcnn/male/caucasian/pexels-andrea-piacquadio-3779455.jpg,13074,.jpg
cropped_images/images_crop_align_mtcnn/male/caucasian/pexels-andrea-piacquadio-3811804.jpg,16231,.jpg
cropped_images/images_crop_align_mtcnn/male/caucasian/pexels-andrea-piacquadio-3824771.jpg,17008,.jpg
cropped_images/images_crop_align_mtcnn/male/caucasian/pexels-andrea-piacquadio-3831631.jpg,15548,.jpg
cropped_images/images_crop_align_mtcnn/male/caucasian/pexels-anna-shvets-4971982.jpg,19040,.jpg
cropped_images/images_crop_align_mtcnn/male/caucasian/pexels-caroline-ayumi-fugitani-3718045.jpg,16762,.jpg
cropped_images/images_crop_align_mtcnn/male/caucasian/pexels-cottonbro-4100430.jpg,12644,.jpg
cropped_images/images_crop_align_mtcnn/male/caucasian/pexels-cottonbro-4812639.jpg,14879,.jpg
cropped_images/images_crop_align_mtcnn/male/caucasian/pexels-daisa-tj-3408420.jpg,18046,.jpg
cropped_images/images_crop_align_mtcnn/male/caucasian/pexels-david-garrison-2128807.jpg,18369,.jpg
cropped_images/images_crop_align_mtcnn/male/caucasian/pexels-david-garrison-2128815.jpg,19861,.jpg
cropped_images/images_crop_align_mtcnn/male/caucasian/pexels-elle-hughes-1680175.jpg,16730,.jpg
cropped_images/images_crop_align_mtcnn/male/caucasian/pexels-ethan-jones-3222422 (1).jpg,14728,.jpg
cropped_images/images_crop_align_mtcnn/male/caucasian/pexels-hamid-tajik-6273203.jpg,14503,.jpg
cropped_images/images_crop_align_mtcnn/male/caucasian/pexels-ira-dulger-1452127.jpg,15474,.jpg
cropped_images/images_crop_align_mtcnn/male/caucasian/pexels-jaysen-scott-1858490.jpg,12816,.jpg
cropped_images/images_crop_align_mtcnn/male/caucasian/pexels-jj-jordan-3149592.jpg,17746,.jpg
cropped_images/images_crop_align_mtcnn/male/caucasian/pexels-julia-m-cameron-4144458.jpg,12501,.jpg
cropped_images/images_crop_align_mtcnn/male/caucasian/pexels-keith-lobo-3854982.jpg,15759,.jpg
cropped_images/images_crop_align_mtcnn/male/caucasian/pexels-linkedin-sales-navigator-2182970.jpg,16888,.jpg
cropped_images/images_crop_align_mtcnn/male/caucasian/pexels-martin-p¿ªchy-2078265.jpg,17557,.jpg
cropped_images/images_crop_align_mtcnn/male/caucasian/pexels-mart¿¬-pardo-1674318.jpg,16799,.jpg
cropped_images/images_crop_align_mtcnn/male/caucasian/pexels-ralph-rabago-3290888.jpg,14519,.jpg
cropped_images/images_crop_align_mtcnn/male/caucasian/pexels-rodrigo-souza-2531553.jpg,18134,.jpg
cropped_images/images_crop_align_mtcnn/male/caucasian/pexels-sebastian-libuda-678785.jpg,15753,.jpg
cropped_images/images_crop_align_mtcnn/male/caucasian/pexels-spencer-selover-775358.jpg,13414,.jpg
cropped_images/images_crop_align_mtcnn/male/caucasian/pexels-vikas-mani-2764950.jpg,13896,.jpg
cropped_images/images_crop_align_mtcnn/male/caucasian/philipp-wuthrich--oHSNY6F-xU-unsplash.jpg,12684,.jpg
cropped_images/images_crop_align_mtcnn/male/caucasian/piotr-wilk-LcCvM4vZEyg-unsplash.jpg,17162,.jpg
cropped_images/images_crop_align_mtcnn/male/caucasian/portrait-1141481_1920.jpg,16001,.jpg
cropped_images/images_crop_align_mtcnn/male/caucasian/portrait-1535271_1920.jpg,17433,.jpg
cropped_images/images_crop_align_mtcnn/male/caucasian/portrait-2501866_1920.jpg,16758,.jpg
cropped_images/images_crop_align_mtcnn/male/caucasian/portrait-2573013_1920.jpg,15998,.jpg
cropped_images/images_crop_align_mtcnn/male/caucasian/portrait-2946213_1920.jpg,14944,.jpg
cropped_images/images_crop_align_mtcnn/male/caucasian/portrait-3059314_1920.jpg,14966,.jpg
cropped_images/images_crop_align_mtcnn/male/caucasian/portrait-3334378_1280.jpg,19461,.jpg
cropped_images/images_crop_align_mtcnn/male/caucasian/portrait-3338642_1920.jpg,19340,.jpg
cropped_images/images_crop_align_mtcnn/male/caucasian/portrait-3353699_1920.jpg,16167,.jpg
cropped_images/images_crop_align_mtcnn/male/caucasian/portrait-3518462_1920.jpg,15270,.jpg
cropped_images/images_crop_align_mtcnn/male/caucasian/portrait-3518463_1920.jpg,14761,.jpg
cropped_images/images_crop_align_mtcnn/male/caucasian/r-d-smith-k-f3PYgAPwQ-unsplash.jpg,14251,.jpg
cropped_images/images_crop_align_mtcnn/male/caucasian/rabbi-3485884_1920.jpg,19228,.jpg
cropped_images/images_crop_align_mtcnn/male/caucasian/ricky-higby-5jqNqM1Npsg-unsplash.jpg,16971,.jpg
cropped_images/images_crop_align_mtcnn/male/caucasian/robert-godwin-cdksyTqEXzo-unsplash.jpg,16788,.jpg
cropped_images/images_crop_align_mtcnn/male/caucasian/robert-harkness-MB_5XK9E7vM-unsplash.jpg,17434,.jpg
cropped_images/images_crop_align_mtcnn/male/caucasian/robert-lazar-gln1ySXJJbU-unsplash.jpg,15991,.jpg
cropped_images/images_crop_align_mtcnn/male/caucasian/roland-hechanova-3O18O0CZiZ4-unsplash.jpg,13192,.jpg
cropped_images/images_crop_align_mtcnn/male/caucasian/roman-holoschchuk-I2SU6dCGsnI-unsplash.jpg,14116,.jpg
cropped_images/images_crop_align_mtcnn/male/caucasian/roman-holoschchuk-O-98kcPe0P8-unsplash.jpg,15364,.jpg
cropped_images/images_crop_align_mtcnn/male/caucasian/ronan-kruithof-SMrz4oEO95I-unsplash.jpg,12659,.jpg
cropped_images/images_crop_align_mtcnn/male/caucasian/ronny-sison-Ajrb9WJlVzI-unsplash.jpg,16737,.jpg
cropped_images/images_crop_align_mtcnn/male/caucasian/rooftop-1261214_1920.jpg,13855,.jpg
cropped_images/images_crop_align_mtcnn/male/caucasian/ryan-porter-XW1HtPgi1G4-unsplash.jpg,17824,.jpg
cropped_images/images_crop_align_mtcnn/male/caucasian/sara-dubler-dDE6naQBc2Q-unsplash.jpg,19240,.jpg
cropped_images/images_crop_align_mtcnn/male/caucasian/sayo-garcia-n-LARjYGIeg-unsplash(1).jpg,17019,.jpg
cropped_images/images_crop_align_mtcnn/male/caucasian/sayo-garcia-n-LARjYGIeg-unsplash.jpg,17019,.jpg
cropped_images/images_crop_align_mtcnn/male/caucasian/scarf-3339049_1920.jpg,16513,.jpg
cropped_images/images_crop_align_mtcnn/male/caucasian/scott-higdon-tD1XD54mx8w-unsplash.jpg,16629,.jpg
cropped_images/images_crop_align_mtcnn/male/caucasian/sebastian-pociecha-xLc0r-hn0Do-unsplash.jpg,17579,.jpg
cropped_images/images_crop_align_mtcnn/male/caucasian/selfie-4302321_1920.jpg,21116,.jpg
cropped_images/images_crop_align_mtcnn/male/caucasian/selfie-543366_1280.jpg,16770,.jpg
cropped_images/images_crop_align_mtcnn/male/caucasian/serhiy-hipskyy-6KPUS5tUp3Y-unsplash.jpg,17198,.jpg
cropped_images/images_crop_align_mtcnn/male/caucasian/serhiy-hipskyy-Vilt9tibcLQ-unsplash.jpg,16042,.jpg
cropped_images/images_crop_align_mtcnn/male/caucasian/sharon-mccutcheon-W2hSpLh5caQ-unsplash.jpg,16956,.jpg
cropped_images/images_crop_align_mtcnn/male/caucasian/sigmund-QjCNk0TxGfc-unsplash.jpg,17536,.jpg
cropped_images/images_crop_align_mtcnn/male/caucasian/sincerely-media-_iIB6g19mq4-unsplash.jpg,15128,.jpg
cropped_images/images_crop_align_mtcnn/male/caucasian/sinitta-leunen-KwHFS8vMHvA-unsplash.jpg,13665,.jpg
cropped_images/images_crop_align_mtcnn/male/caucasian/smile-2583221_1920.jpg,21138,.jpg
cropped_images/images_crop_align_mtcnn/male/caucasian/smiling-888532_1920.jpg,15314,.jpg
cropped_images/images_crop_align_mtcnn/male/caucasian/smirk-4778656_1920.jpg,12719,.jpg
cropped_images/images_crop_align_mtcnn/male/caucasian/smitty-kVB7kYjBPJI-unsplash.jpg,14673,.jpg
cropped_images/images_crop_align_mtcnn/male/caucasian/steven-erixon-C1nxojDnNPo-unsplash.jpg,13817,.jpg
cropped_images/images_crop_align_mtcnn/male/caucasian/suit-3554990_1920.jpg,16072,.jpg
cropped_images/images_crop_align_mtcnn/male/caucasian/sven-kucinic-Pjl9OrTRXFg-unsplash.jpg,16870,.jpg
cropped_images/images_crop_align_mtcnn/male/caucasian/talen-de-st-croix-XzRhdAoNMa8-unsplash.jpg,13311,.jpg
cropped_images/images_crop_align_mtcnn/male/caucasian/taras-chernus-8CEKQlmnf50-unsplash.jpg,15070,.jpg
cropped_images/images_crop_align_mtcnn/male/caucasian/taylor-8Vt2haq8NSQ-unsplash.jpg,14977,.jpg
cropped_images/images_crop_align_mtcnn/male/caucasian/taylor-hernandez-hZdF1lzo8fs-unsplash.jpg,18280,.jpg
cropped_images/images_crop_align_mtcnn/male/caucasian/taylor-nhIbH2OwB7M-unsplash.jpg,16876,.jpg
cropped_images/images_crop_align_mtcnn/male/caucasian/teen-722645_1920.jpg,11878,.jpg
cropped_images/images_crop_align_mtcnn/male/caucasian/teen-722650_1920.jpg,13082,.jpg
cropped_images/images_crop_align_mtcnn/male/caucasian/teenager-1131815_1280.jpg,17218,.jpg
cropped_images/images_crop_align_mtcnn/male/caucasian/teenager-398355_1920.jpg,17185,.jpg
cropped_images/images_crop_align_mtcnn/male/caucasian/thibault-debaene-Rtq9qhM3LOk-unsplash.jpg,17072,.jpg
cropped_images/images_crop_align_mtcnn/male/caucasian/thomas-verleene-zdaUF3dsfOU-unsplash.jpg,18069,.jpg
cropped_images/images_crop_align_mtcnn/male/caucasian/tim-tebow-foundation-Xo2OuzT5WtQ-unsplash.jpg,14443,.jpg
cropped_images/images_crop_align_mtcnn/male/caucasian/toa-heftiba-Gf12dq0xgHA-unsplash.jpg,15410,.jpg
cropped_images/images_crop_align_mtcnn/male/caucasian/toa-heftiba-chn-__w4I3M-unsplash.jpg,16274,.jpg
cropped_images/images_crop_align_mtcnn/male/caucasian/toa-heftiba-nvEC7ALWiPg-unsplash.jpg,17054,.jpg
cropped_images/images_crop_align_mtcnn/male/caucasian/toa-heftiba-ukvkvS2Wdlw-unsplash.jpg,18589,.jpg
cropped_images/images_crop_align_mtcnn/male/caucasian/tobi-oshinnaike-Z7MKNGFnbOw-unsplash.jpg,17952,.jpg
cropped_images/images_crop_align_mtcnn/male/caucasian/tomas-gal-0y7_9bRUoz0-unsplash.jpg,12092,.jpg
cropped_images/images_crop_align_mtcnn/male/caucasian/tomas-gal-M6T8XDSl984-unsplash.jpg,13931,.jpg
cropped_images/images_crop_align_mtcnn/male/caucasian/tomas-gal-hRsnfRjl40w-unsplash.jpg,15374,.jpg
cropped_images/images_crop_align_mtcnn/male/caucasian/vampire-4798680_1920.jpg,14291,.jpg
cropped_images/images_crop_align_mtcnn/male/caucasian/vasile-stancu-Rx-dasg6bN4-unsplash.jpg,14708,.jpg
cropped_images/images_crop_align_mtcnn/male/caucasian/vicky-hladynets-BUNTFZ25_hI-unsplash.jpg,15605,.jpg
cropped_images/images_crop_align_mtcnn/male/caucasian/vicky-hladynets-EruJpcY4i1w-unsplash.jpg,14600,.jpg
cropped_images/images_crop_align_mtcnn/male/caucasian/vicky-hladynets-uyaTT9u6AvI-unsplash.jpg,15539,.jpg
cropped_images/images_crop_align_mtcnn/male/caucasian/viktor-juric--10t7s-rYzE-unsplash.jpg,17811,.jpg
cropped_images/images_crop_align_mtcnn/male/caucasian/vinicius-amnx-amano-XKoTZ1EUOJA-unsplash.jpg,16030,.jpg
cropped_images/images_crop_align_mtcnn/male/caucasian/visuals-of-theodor-GXzUcBq9QAM-unsplash.jpg,12697,.jpg
cropped_images/images_crop_align_mtcnn/male/caucasian/welshman-3654545_1920.jpg,14165,.jpg
cropped_images/images_crop_align_mtcnn/male/caucasian/wes-walker-sahep-7OPkM-unsplash.jpg,13055,.jpg
cropped_images/images_crop_align_mtcnn/male/caucasian/wesley-tingey-TvPCUHten1o-unsplash.jpg,17043,.jpg
cropped_images/images_crop_align_mtcnn/male/caucasian/where-is-pykh-_3vfugHP3Ro-unsplash.jpg,10483,.jpg
cropped_images/images_crop_align_mtcnn/male/caucasian/winter-1937626_1920.jpg,14829,.jpg
cropped_images/images_crop_align_mtcnn/male/caucasian/xenia-bogarova-yyrH1RR7iy4-unsplash.jpg,16521,.jpg
cropped_images/images_crop_align_mtcnn/male/caucasian/yan-berthemy-0r5t7wKzem4-unsplash.jpg,16114,.jpg
cropped_images/images_crop_align_mtcnn/male/caucasian/young-2807688_1920.jpg,14457,.jpg
cropped_images/images_crop_align_mtcnn/male/caucasian/young-3966056_1920.jpg,15340,.jpg
cropped_images/images_crop_align_mtcnn/male/caucasian/young-4254330_1920.jpg,13953,.jpg
cropped_images/images_crop_align_mtcnn/male/caucasian/young-4440156_1920.jpg,15647,.jpg
cropped_images/images_crop_align_mtcnn/male/caucasian/young-4549901_1920.jpg,16882,.jpg
cropped_images/images_crop_align_mtcnn/male/caucasian/young-507297_1920.jpg,14910,.jpg
cropped_images/images_crop_align_mtcnn/male/caucasian/young-man-1272106_1920.jpg,15955,.jpg
cropped_images/images_crop_align_mtcnn/male/caucasian/young-man-1281282_1920.jpg,18673,.jpg
cropped_images/images_crop_align_mtcnn/male/caucasian/young-man-1990618_1920.jpg,13793,.jpg
cropped_images/images_crop_align_mtcnn/male/caucasian/young-man-3354511_1920.jpg,13646,.jpg
cropped_images/images_crop_align_mtcnn/male/caucasian/young-man-4971459_1920.jpg,13470,.jpg
cropped_images/images_crop_align_mtcnn/male/caucasian/youth-393656_1920.jpg,12775,.jpg
cropped_images/images_crop_align_mtcnn/male/caucasian/zheka-boychenko-vPkTWyTgk8E-unsplash.jpg,17093,.jpg
cropped_images/images_crop_align_mtcnn/male/caucasian/zoran-borojevic-f5xiGmFwXIU-unsplash.jpg,20379,.jpg
cropped_images/images_crop_align_mtcnn/male/hispanic/112.jpg,20465,.jpg
cropped_images/images_crop_align_mtcnn/male/hispanic/121.jpg,22931,.jpg
cropped_images/images_crop_align_mtcnn/male/hispanic/132.jpg,22821,.jpg
cropped_images/images_crop_align_mtcnn/male/hispanic/alex-avalos-5L4ibEMAuN0-unsplash.jpg,13314,.jpg
cropped_images/images_crop_align_mtcnn/male/hispanic/alex-quezada-IqiGfsnI0Rk-unsplash.jpg,15573,.jpg
cropped_images/images_crop_align_mtcnn/male/hispanic/alex-suprun-ZHvM3XIOHoE-unsplash.jpg,13828,.jpg
cropped_images/images_crop_align_mtcnn/male/hispanic/allef-vinicius-_5ZkuqGEIW0-unsplash.jpg,14429,.jpg
cropped_images/images_crop_align_mtcnn/male/hispanic/amir-esrafili-xmYL_5Hpe4U-unsplash.jpg,17630,.jpg
cropped_images/images_crop_align_mtcnn/male/hispanic/andrei-caliman-6R2Sj-8PerY-unsplash.jpg,14944,.jpg
cropped_images/images_crop_align_mtcnn/male/hispanic/andrei-caliman-xRkj9n5_HNo-unsplash.jpg,13497,.jpg
cropped_images/images_crop_align_mtcnn/male/hispanic/andres-hernandez-O5_adohk29M-unsplash.jpg,13636,.jpg
cropped_images/images_crop_align_mtcnn/male/hispanic/ante-samarzija-hOc5-fe3fzE-unsplash.jpg,16868,.jpg
cropped_images/images_crop_align_mtcnn/male/hispanic/antoine-da-cunha-r8AEmsxbf1A-unsplash.jpg,13661,.jpg
cropped_images/images_crop_align_mtcnn/male/hispanic/anton-darius-3XY7BWwGolk-unsplash.jpg,14160,.jpg
cropped_images/images_crop_align_mtcnn/male/hispanic/antreina-stone-VtZEhxeWHA8-unsplash.jpg,22590,.jpg
cropped_images/images_crop_align_mtcnn/male/hispanic/austrian-national-library-NiwBev0Fosk-unsplash.jpg,13877,.jpg
cropped_images/images_crop_align_mtcnn/male/hispanic/basketball-888531_1920.jpg,12410,.jpg
cropped_images/images_crop_align_mtcnn/male/hispanic/beard-5216825_1920.jpg,16232,.jpg
cropped_images/images_crop_align_mtcnn/male/hispanic/bearded-1903465_1920.jpg,15685,.jpg
cropped_images/images_crop_align_mtcnn/male/hispanic/betzy-arosemena-Mx15HMZGQzY-unsplash.jpg,14867,.jpg
cropped_images/images_crop_align_mtcnn/male/hispanic/black-and-white-1282264_1920.jpg,15880,.jpg
cropped_images/images_crop_align_mtcnn/male/hispanic/boy-1284509_1920.jpg,16010,.jpg
cropped_images/images_crop_align_mtcnn/male/hispanic/boy-1846704_1920.jpg,14728,.jpg
cropped_images/images_crop_align_mtcnn/male/hispanic/boy-2699256_1920.jpg,14898,.jpg
cropped_images/images_crop_align_mtcnn/male/hispanic/brian-lundquist-IAWN962A4aA-unsplash.jpg,18375,.jpg
cropped_images/images_crop_align_mtcnn/male/hispanic/carlos-arthur-m-r-mgLuffTBCWk-unsplash.jpg,17748,.jpg
cropped_images/images_crop_align_mtcnn/male/hispanic/carlos-gil-GfuvYM8LPPQ-unsplash.jpg,15974,.jpg
cropped_images/images_crop_align_mtcnn/male/hispanic/carol-magalhaes-oSPye-Bcdas-unsplash.jpg,11213,.jpg
cropped_images/images_crop_align_mtcnn/male/hispanic/chalo-garcia-PXccl_hEIww-unsplash.jpg,17956,.jpg
cropped_images/images_crop_align_mtcnn/male/hispanic/christian-buehner-9-ROKwX-C0Q-unsplash.jpg,17278,.jpg
cropped_images/images_crop_align_mtcnn/male/hispanic/christian-buehner-QLcxFso3gLk-unsplash.jpg,15142,.jpg
cropped_images/images_crop_align_mtcnn/male/hispanic/christian-buehner-hIbh3VlZgwU-unsplash.jpg,19311,.jpg
cropped_images/images_crop_align_mtcnn/male/hispanic/christian-buehner-wJkSeq7DzrI-unsplash.jpg,19243,.jpg
cropped_images/images_crop_align_mtcnn/male/hispanic/clarisse-meyer-B9TzBwBVUpw-unsplash.jpg,14502,.jpg
cropped_images/images_crop_align_mtcnn/male/hispanic/cosmin-serban-6RP0cM4-xbk-unsplash.jpg,16805,.jpg
cropped_images/images_crop_align_mtcnn/male/hispanic/couple-5917009_1920.png,58720,.png
cropped_images/images_crop_align_mtcnn/male/hispanic/creative-christians-6EwRNsuhFo4-unsplash.jpg,15127,.jpg
cropped_images/images_crop_align_mtcnn/male/hispanic/daniel-alvarez-4832112_1920.jpg,16479,.jpg
cropped_images/images_crop_align_mtcnn/male/hispanic/daniil-onischenko-XqX_PfrFXdQ-unsplash.jpg,12961,.jpg
cropped_images/images_crop_align_mtcnn/male/hispanic/daniil-onischenko-YtvwVAVUrLI-unsplash.jpg,11377,.jpg
cropped_images/images_crop_align_mtcnn/male/hispanic/darius-bashar-8Kfyz3FMjtE-unsplash.jpg,25898,.jpg
cropped_images/images_crop_align_mtcnn/male/hispanic/deniz-gocmen-I_iTEsW8Cww-unsplash.jpg,10606,.jpg
cropped_images/images_crop_align_mtcnn/male/hispanic/diego-sanchez-C20AJQ_yg14-unsplash.jpg,11792,.jpg
cropped_images/images_crop_align_mtcnn/male/hispanic/diego-sanchez-FnbRghTNtdE-unsplash.jpg,12047,.jpg
cropped_images/images_crop_align_mtcnn/male/hispanic/drew-hays-agGIKYs4mYs-unsplash.jpg,15711,.jpg
cropped_images/images_crop_align_mtcnn/male/hispanic/elvis-ray-sIIoJ0uGkUc-unsplash.jpg,15848,.jpg
cropped_images/images_crop_align_mtcnn/male/hispanic/erik-mclean-bTCQMLjXLZQ-unsplash.jpg,14081,.jpg
cropped_images/images_crop_align_mtcnn/male/hispanic/face-3265605_1920.jpg,21660,.jpg
cropped_images/images_crop_align_mtcnn/male/hispanic/g_1.jpg,16722,.jpg
cropped_images/images_crop_align_mtcnn/male/hispanic/g_12.jpg,15121,.jpg
cropped_images/images_crop_align_mtcnn/male/hispanic/g_13.jpg,16786,.jpg
cropped_images/images_crop_align_mtcnn/male/hispanic/g_4.jpg,19343,.jpg
cropped_images/images_crop_align_mtcnn/male/hispanic/g_5.jpg,20482,.jpg
cropped_images/images_crop_align_mtcnn/male/hispanic/gabriella-clare-marino-G3Nj7b_UBLo-unsplash.jpg,20223,.jpg
cropped_images/images_crop_align_mtcnn/male/hispanic/gaurav-saini-lIxF9Xk6t5E-unsplash.jpg,15527,.jpg
cropped_images/images_crop_align_mtcnn/male/hispanic/georgia-mashford-UzxZBo7nP9E-unsplash.jpg,13792,.jpg
cropped_images/images_crop_align_mtcnn/male/hispanic/guard-1129949_1920.jpg,21340,.jpg
cropped_images/images_crop_align_mtcnn/male/hispanic/guilherme-franca-dNSQPOcDyN8-unsplash.jpg,14105,.jpg
cropped_images/images_crop_align_mtcnn/male/hispanic/guy8.jpg,22548,.jpg
cropped_images/images_crop_align_mtcnn/male/hispanic/hamed-taha-xPmMqkAze7g-unsplash.jpg,15734,.jpg
cropped_images/images_crop_align_mtcnn/male/hispanic/human-1993383_1920.jpg,16177,.jpg
cropped_images/images_crop_align_mtcnn/male/hispanic/hust-wilson-o0ggKYPgnzg-unsplash.jpg,16811,.jpg
cropped_images/images_crop_align_mtcnn/male/hispanic/isaac-quesada-uTZ9UIxUKVY-unsplash.jpg,11456,.jpg
cropped_images/images_crop_align_mtcnn/male/hispanic/ismail-taibi-yLFFEhcaYyw-unsplash.jpg,16858,.jpg
cropped_images/images_crop_align_mtcnn/male/hispanic/jack-finnigan-veB8-OSCyM4-unsplash.jpg,16244,.jpg
cropped_images/images_crop_align_mtcnn/male/hispanic/jaime-spaniol-0g9FHYb3IEY-unsplash.jpg,16581,.jpg
cropped_images/images_crop_align_mtcnn/male/hispanic/janko-ferlic-G-jo31ESuRE-unsplash.jpg,15951,.jpg
cropped_images/images_crop_align_mtcnn/male/hispanic/jasper-garratt-jJjUdYDga7o-unsplash.jpg,16613,.jpg
cropped_images/images_crop_align_mtcnn/male/hispanic/joam-lima-vxwjMDcS_6Q-unsplash.jpg,14469,.jpg
cropped_images/images_crop_align_mtcnn/male/hispanic/joao-marinho-5rpUUOuBQ5w-unsplash.jpg,13992,.jpg
cropped_images/images_crop_align_mtcnn/male/hispanic/jonas-kakaroto-KIPqvvTOC1s-unsplash.jpg,19020,.jpg
cropped_images/images_crop_align_mtcnn/male/hispanic/jorge-salvador-iGzHMzRZjRs-unsplash.jpg,13847,.jpg
cropped_images/images_crop_align_mtcnn/male/hispanic/kenzie-kraft-9QW52RyBLao-unsplash.jpg,15734,.jpg
cropped_images/images_crop_align_mtcnn/male/hispanic/kevin-turcios-Mn0mVsdg4EU-unsplash.jpg,19405,.jpg
cropped_images/images_crop_align_mtcnn/male/hispanic/mael-balland-uPgFSd7POhw-unsplash.jpg,14764,.jpg
cropped_images/images_crop_align_mtcnn/male/hispanic/male-4444163_1920.jpg,14439,.jpg
cropped_images/images_crop_align_mtcnn/male/hispanic/man-1209137_1920.jpg,18181,.jpg
cropped_images/images_crop_align_mtcnn/male/hispanic/man-1613566_1920.jpg,12801,.jpg
cropped_images/images_crop_align_mtcnn/male/hispanic/man-1928649_1920.jpg,16681,.jpg
cropped_images/images_crop_align_mtcnn/male/hispanic/man-2030662_1920.jpg,14527,.jpg
cropped_images/images_crop_align_mtcnn/male/hispanic/man-2087436_1920.jpg,19310,.jpg
cropped_images/images_crop_align_mtcnn/male/hispanic/man-2482464_1920.jpg,19159,.jpg
cropped_images/images_crop_align_mtcnn/male/hispanic/man-352563_1280.jpg,19539,.jpg
cropped_images/images_crop_align_mtcnn/male/hispanic/man-496471_1920.jpg,15848,.jpg
cropped_images/images_crop_align_mtcnn/male/hispanic/man-912226_1920.jpg,16635,.jpg
cropped_images/images_crop_align_mtcnn/male/hispanic/man-947161_1920.jpg,16500,.jpg
cropped_images/images_crop_align_mtcnn/male/hispanic/marcos-paulo-prado-y6yrNx1MBEg-unsplash.jpg,18072,.jpg
cropped_images/images_crop_align_mtcnn/male/hispanic/mark-decile-VHFnE1uz0wY-unsplash.jpg,15189,.jpg
cropped_images/images_crop_align_mtcnn/male/hispanic/matheus-farias-_jOsfORtjew-unsplash.jpg,13966,.jpg
cropped_images/images_crop_align_mtcnn/male/hispanic/max-harlynking-zaItO-b0afs-unsplash.jpg,16436,.jpg
cropped_images/images_crop_align_mtcnn/male/hispanic/mehrad-vosoughi-iUQmEFtfdLw-unsplash.jpg,15165,.jpg
cropped_images/images_crop_align_mtcnn/male/hispanic/michele-seghieri-9cRe2YMORtc-unsplash.jpg,12525,.jpg
cropped_images/images_crop_align_mtcnn/male/hispanic/mihai-stefan-0_G9UHXy39c-unsplash.jpg,15521,.jpg
cropped_images/images_crop_align_mtcnn/male/hispanic/mika-suYP9jClcSA-unsplash.jpg,19862,.jpg
cropped_images/images_crop_align_mtcnn/male/hispanic/misael-silvera-5CSRi249CQk-unsplash.jpg,16532,.jpg
cropped_images/images_crop_align_mtcnn/male/hispanic/model-3827058_1920.jpg,15121,.jpg
cropped_images/images_crop_align_mtcnn/male/hispanic/model-3994985_1920.jpg,16374,.jpg
cropped_images/images_crop_align_mtcnn/male/hispanic/model-4448780_1920.jpg,16117,.jpg
cropped_images/images_crop_align_mtcnn/male/hispanic/mojtaba-ravanbakhsh-C1FZr9CIC5U-unsplash.jpg,14136,.jpg
cropped_images/images_crop_align_mtcnn/male/hispanic/nathan-dumlao-iKwCVH4cyjQ-unsplash.jpg,17567,.jpg
cropped_images/images_crop_align_mtcnn/male/hispanic/national-cancer-institute-NNpo-liY5aU-unsplash.jpg,14410,.jpg
cropped_images/images_crop_align_mtcnn/male/hispanic/nature-1706767_1920.jpg,16184,.jpg
cropped_images/images_crop_align_mtcnn/male/hispanic/olena-sergienko-FzFTy03noZ0-unsplash.jpg,13411,.jpg
cropped_images/images_crop_align_mtcnn/male/hispanic/oosman-exptal-K2exjqPg3Zs-unsplash.jpg,16786,.jpg
cropped_images/images_crop_align_mtcnn/male/hispanic/outdoors-3462520_1920(1).jpg,13402,.jpg
cropped_images/images_crop_align_mtcnn/male/hispanic/paul-castanie-ukPQ7WBznvQ-unsplash.jpg,15168,.jpg
cropped_images/images_crop_align_mtcnn/male/hispanic/people-2202472_1920.jpg,16452,.jpg
cropped_images/images_crop_align_mtcnn/male/hispanic/people-2202474_1920.jpg,15828,.jpg
cropped_images/images_crop_align_mtcnn/male/hispanic/people-2571917_1920.jpg,17170,.jpg
cropped_images/images_crop_align_mtcnn/male/hispanic/people-2583959_1920.jpg,17156,.jpg
cropped_images/images_crop_align_mtcnn/male/hispanic/pexels-anna-tarazevich-5234265.jpg,16421,.jpg
cropped_images/images_crop_align_mtcnn/male/hispanic/pexels-armin-rimoldi-5301742.jpg,15272,.jpg
cropped_images/images_crop_align_mtcnn/male/hispanic/pexels-cottonbro-4255413.jpg,16865,.jpg
cropped_images/images_crop_align_mtcnn/male/hispanic/pexels-fady-hany-1466844.jpg,17136,.jpg
cropped_images/images_crop_align_mtcnn/male/hispanic/pexels-hamid-tajik-6207046.jpg,12505,.jpg
cropped_images/images_crop_align_mtcnn/male/hispanic/pexels-italo-melo-2379004.jpg,18936,.jpg
cropped_images/images_crop_align_mtcnn/male/hispanic/pexels-italo-melo-2379005.jpg,19077,.jpg
cropped_images/images_crop_align_mtcnn/male/hispanic/pexels-javon-swaby-2778211.jpg,19100,.jpg
cropped_images/images_crop_align_mtcnn/male/hispanic/pexels-johanser-martinez-5372767.jpg,13209,.jpg
cropped_images/images_crop_align_mtcnn/male/hispanic/pexels-luan-queiros-3260952.jpg,14780,.jpg
cropped_images/images_crop_align_mtcnn/male/hispanic/pexels-moose-photos-1036643.jpg,15347,.jpg
cropped_images/images_crop_align_mtcnn/male/hispanic/pexels-mustafa-husnii-381843.jpg,16104,.jpg
cropped_images/images_crop_align_mtcnn/male/hispanic/pexels-ron¿║-ferreira-2304113.jpg,16502,.jpg
cropped_images/images_crop_align_mtcnn/male/hispanic/pexels-zaetaflow-sec-3205230.jpg,25418,.jpg
cropped_images/images_crop_align_mtcnn/male/hispanic/portrait-2244177_1280.jpg,13013,.jpg
cropped_images/images_crop_align_mtcnn/male/hispanic/posing-996232_1920.jpg,16335,.jpg
cropped_images/images_crop_align_mtcnn/male/hispanic/raj-rana-pgwb84pGonM-unsplash.jpg,13986,.jpg
cropped_images/images_crop_align_mtcnn/male/hispanic/refugee-1226610_1920.jpg,13218,.jpg
cropped_images/images_crop_align_mtcnn/male/hispanic/ricardo-aguilera-FZ08deIUo7U-unsplash.jpg,15067,.jpg
cropped_images/images_crop_align_mtcnn/male/hispanic/riccardo-pitzalis-TpeBIIM0UIY-unsplash.jpg,18921,.jpg
cropped_images/images_crop_align_mtcnn/male/hispanic/ronny-sison-3vzaG52ZCJY-unsplash.jpg,15345,.jpg
cropped_images/images_crop_align_mtcnn/male/hispanic/ronny-sison-U9G_SPVlGd0-unsplash.jpg,16682,.jpg
cropped_images/images_crop_align_mtcnn/male/hispanic/salar-arif-4CWNGHc-luo-unsplash.jpg,15764,.jpg
cropped_images/images_crop_align_mtcnn/male/hispanic/sam-rios-mKoLyYCXVnw-unsplash.jpg,13591,.jpg
cropped_images/images_crop_align_mtcnn/male/hispanic/silviu-beniamin-tofan-NEkD-WSpkbU-unsplash.jpg,14363,.jpg
cropped_images/images_crop_align_mtcnn/male/hispanic/suzana-sousa-IC1_YWQn6so-unsplash.jpg,15108,.jpg
cropped_images/images_crop_align_mtcnn/male/hispanic/tania-mousinho-ZTiPsISn3ac-unsplash.jpg,15343,.jpg
cropped_images/images_crop_align_mtcnn/male/hispanic/tanjir-ahmed-chowdhury-YMJvX8k3Kfc-unsplash.jpg,15536,.jpg
cropped_images/images_crop_align_mtcnn/male/hispanic/taylor-vatem-AcyB19Kpg48-unsplash.jpg,17137,.jpg
cropped_images/images_crop_align_mtcnn/male/hispanic/toa-heftiba-2O1EUSTRBrY-unsplash.jpg,18764,.jpg
cropped_images/images_crop_align_mtcnn/male/hispanic/toa-heftiba-w1ftQyDNF3U-unsplash.jpg,15350,.jpg
cropped_images/images_crop_align_mtcnn/male/hispanic/tom-cochereau-695YdtftW6Y-unsplash.jpg,15499,.jpg
cropped_images/images_crop_align_mtcnn/male/hispanic/tyler-nix-PQeoQdkU9jQ-unsplash.jpg,19990,.jpg
cropped_images/images_crop_align_mtcnn/male/hispanic/vince-fleming-1NrzZHMFztA-unsplash.jpg,13576,.jpg
cropped_images/images_crop_align_mtcnn/male/hispanic/whereslugo-DMVD9RkZIwQ-unsplash.jpg,13945,.jpg
cropped_images/images_crop_align_mtcnn/male/hispanic/wonderlane-WzWScssFGJU-unsplash.jpg,17602,.jpg
cropped_images/images_crop_align_mtcnn/male/hispanic/yogendra-singh-owqFcZRWzTw-unsplash.jpg,14145,.jpg
cropped_images/images_crop_align_mtcnn/male/hispanic/z-3695551_1920.jpg,12914,.jpg
cropped_images/images_crop_align_mtcnn/male/hispanic/ziphaus-Fkb4-bLAE4o-unsplash.jpg,15380,.jpg
cropped_images/images_crop_align_mtcnn/male/hispanic/zulmaury-saavedra-Z9GKfYmWOAM-unsplash.jpg,18224,.jpg
cropped_images/images_crop_align_mtcnn/male/indian/amir-mohammad-jafari-tKEti7E86Kc-unsplash.jpg,19596,.jpg
cropped_images/images_crop_align_mtcnn/male/indian/ashkan-forouzani-rHuReQyQ72c-unsplash.jpg,14738,.jpg
cropped_images/images_crop_align_mtcnn/male/indian/handsome-1805532_1920.jpg,15410,.jpg
cropped_images/images_crop_align_mtcnn/male/indian/keenan-constance-292Pth2Y5QM-unsplash.jpg,14191,.jpg
cropped_images/images_crop_align_mtcnn/male/indian/pexels-atul-choudhary-2753381.jpg,22156,.jpg
cropped_images/images_crop_align_mtcnn/male/indian/pexels-suleman-mukhtar-452557.jpg,13896,.jpg
cropped_images/images_crop_align_mtcnn/male/indian/pratik-gupta-PeG9dqAbyjE-unsplash.jpg,15879,.jpg
cropped_images/images_crop_align_mtcnn/male/indian/puvvukonvict-photography-AtpSEe3.jpg,15979,.jpg
cropped_images/images_crop_align_mtcnn/male/mideastern/118.jpg,24225,.jpg
cropped_images/images_crop_align_mtcnn/male/mideastern/123.jpg,17988,.jpg
cropped_images/images_crop_align_mtcnn/male/mideastern/129.jpg,19140,.jpg
cropped_images/images_crop_align_mtcnn/male/mideastern/adrian-dascal-1QOsJGbNIgk-unsplash.jpg,15577,.jpg
cropped_images/images_crop_align_mtcnn/male/mideastern/ahmadreza-najafi-D5r5jhOaNNE-unsplash.jpg,16777,.jpg
cropped_images/images_crop_align_mtcnn/male/mideastern/aleksandar-popovski-Jy4ELSGPHTc-unsplash.jpg,22104,.jpg
cropped_images/images_crop_align_mtcnn/male/mideastern/alireza-esmaeeli-Twu-xDzDqGg-unsplash.jpg,16304,.jpg
cropped_images/images_crop_align_mtcnn/male/mideastern/alireza-moh-WHaTWy-nCkw-unsplash.jpg,14153,.jpg
cropped_images/images_crop_align_mtcnn/male/mideastern/allef-vinicius-37l3ap7rouo-unsplash.jpg,14285,.jpg
cropped_images/images_crop_align_mtcnn/male/mideastern/ameer-basheer-ABuzWPku1Ug-unsplash.jpg,19158,.jpg
cropped_images/images_crop_align_mtcnn/male/mideastern/amine-bashir-inTUOzVxdOA-unsplash.jpg,13587,.jpg
cropped_images/images_crop_align_mtcnn/male/mideastern/amir-mohammad-hp-MDylgrNv6-M-unsplash.jpg,15227,.jpg
cropped_images/images_crop_align_mtcnn/male/mideastern/amr-taha-EbWk-8X2LSI-unsplash.jpg,14705,.jpg
cropped_images/images_crop_align_mtcnn/male/mideastern/arabs-618749_1920.jpg,28031,.jpg
cropped_images/images_crop_align_mtcnn/male/mideastern/artist-3852896_1920.jpg,19477,.jpg
cropped_images/images_crop_align_mtcnn/male/mideastern/ashkan-forouzani-HF-pfqi3Cxk-unsplash(1).jpg,15503,.jpg
cropped_images/images_crop_align_mtcnn/male/mideastern/ashkan-forouzani-HF-pfqi3Cxk-unsplash.jpg,15503,.jpg
cropped_images/images_crop_align_mtcnn/male/mideastern/ashkan-forouzani-IZROIf9IO3I-unsplash.jpg,19579,.jpg
cropped_images/images_crop_align_mtcnn/male/mideastern/ashkan-forouzani-Qqchjk9bk9U-unsplash.jpg,21136,.jpg
cropped_images/images_crop_align_mtcnn/male/mideastern/ashkan-forouzani-YzsFkMBMhoQ-unsplash.jpg,21324,.jpg
cropped_images/images_crop_align_mtcnn/male/mideastern/ashkan-forouzani-bS1z7PKjDEc-unsplash.jpg,23081,.jpg
cropped_images/images_crop_align_mtcnn/male/mideastern/ashkan-forouzani-dz0C0Zv5QvM-unsplash(1).jpg,18466,.jpg
cropped_images/images_crop_align_mtcnn/male/mideastern/ashkan-forouzani-dz0C0Zv5QvM-unsplash.jpg,18466,.jpg
cropped_images/images_crop_align_mtcnn/male/mideastern/ashkan-forouzani-g0H0eazR5-M-unsplash(1).jpg,13552,.jpg
cropped_images/images_crop_align_mtcnn/male/mideastern/ashkan-forouzani-g0H0eazR5-M-unsplash.jpg,13552,.jpg
cropped_images/images_crop_align_mtcnn/male/mideastern/ashkan-forouzani-gvjqEmux8SU-unsplash.jpg,18347,.jpg
cropped_images/images_crop_align_mtcnn/male/mideastern/ashkan-forouzani-jXnCPQ5JTVo-unsplash.jpg,16924,.jpg
cropped_images/images_crop_align_mtcnn/male/mideastern/ashkan-forouzani-rSUGzRIa-8M-unsplash.jpg,14945,.jpg
cropped_images/images_crop_align_mtcnn/male/mideastern/ashwini-chaudhary-fvm4bFVK7qM-unsplash.jpg,17182,.jpg
cropped_images/images_crop_align_mtcnn/male/mideastern/baby-5925923_1920.jpg,17143,.jpg
cropped_images/images_crop_align_mtcnn/male/mideastern/beard-1866984_1920.jpg,21703,.jpg
cropped_images/images_crop_align_mtcnn/male/mideastern/bhavya-shah-jfzd8vXlDDY-unsplash.jpg,12594,.jpg
cropped_images/images_crop_align_mtcnn/male/mideastern/biceps-2746490_1920.jpg,16069,.jpg
cropped_images/images_crop_align_mtcnn/male/mideastern/boy-2407597_1920.jpg,16296,.jpg
cropped_images/images_crop_align_mtcnn/male/mideastern/businessman-805769_1920.jpg,14428,.jpg
cropped_images/images_crop_align_mtcnn/male/mideastern/chris-blonk-l1U_iSgNRGY-unsplash.jpg,14421,.jpg
cropped_images/images_crop_align_mtcnn/male/mideastern/damir-yakupov-rsx0Bj6s770-unsplash.jpg,16199,.jpg
cropped_images/images_crop_align_mtcnn/male/mideastern/dev-asangbam-amYKxUUet60-unsplash.jpg,18287,.jpg
cropped_images/images_crop_align_mtcnn/male/mideastern/docusign-ujkG7mTs7IM-unsplash.jpg,16028,.jpg
cropped_images/images_crop_align_mtcnn/male/mideastern/dollar-gill-KxCErTse64c-unsplash.jpg,13686,.jpg
cropped_images/images_crop_align_mtcnn/male/mideastern/dollar-gill-Ofcqtn296M0-unsplash.jpg,12802,.jpg
cropped_images/images_crop_align_mtcnn/male/mideastern/emir-saldierna-oGcAzDcAXWU-unsplash.jpg,14075,.jpg
cropped_images/images_crop_align_mtcnn/male/mideastern/engin-akyurt-VwqQ-eJnz8o-unsplash.jpg,17235,.jpg
cropped_images/images_crop_align_mtcnn/male/mideastern/face-3737238_1920.jpg,20533,.jpg
cropped_images/images_crop_align_mtcnn/male/mideastern/fares-hamouche-3mv2czJrEiw-unsplash.jpg,18457,.jpg
cropped_images/images_crop_align_mtcnn/male/mideastern/fashion-5608514_1920.jpg,16017,.jpg
cropped_images/images_crop_align_mtcnn/male/mideastern/fayiz-musthafa-yGqsr6EVrGw-unsplash.jpg,15561,.jpg
cropped_images/images_crop_align_mtcnn/male/mideastern/gita-krishnamurti-6B4KC-eWJDs-unsplash.jpg,18770,.jpg
cropped_images/images_crop_align_mtcnn/male/mideastern/guillaume-issaly-cKuMOZ1-EKQ-unsplash.jpg,12718,.jpg
cropped_images/images_crop_align_mtcnn/male/mideastern/gursimrat-ganda-ICZWButbZx4-unsplash.jpg,19439,.jpg
cropped_images/images_crop_align_mtcnn/male/mideastern/handsome-1290126_1920.jpg,13685,.jpg
cropped_images/images_crop_align_mtcnn/male/mideastern/hannah-cook-dqa2LjshmWY-unsplash.jpg,15022,.jpg
cropped_images/images_crop_align_mtcnn/male/mideastern/henri-pham-Ml4tr2WO7JE-unsplash.jpg,16436,.jpg
cropped_images/images_crop_align_mtcnn/male/mideastern/igor-rodrigues-FjFiPGWeWKI-unsplash.jpg,20113,.jpg
cropped_images/images_crop_align_mtcnn/male/mideastern/irene-strong-nTX1KAnjHWI-unsplash.jpg,14792,.jpg
cropped_images/images_crop_align_mtcnn/male/mideastern/itay-verchik-6ZKGBzrDd3I-unsplash.jpg,16721,.jpg
cropped_images/images_crop_align_mtcnn/male/mideastern/james-barr-iboQqkO7AEw-unsplash.jpg,16860,.jpg
cropped_images/images_crop_align_mtcnn/male/mideastern/james-barr-jYrFcbztIHA-unsplash.jpg,14027,.jpg
cropped_images/images_crop_align_mtcnn/male/mideastern/james-barr-oRsSeYqJUgY-unsplash.jpg,16283,.jpg
cropped_images/images_crop_align_mtcnn/male/mideastern/jassir-jonis-OHVBfnxiokY-unsplash.jpg,16362,.jpg
cropped_images/images_crop_align_mtcnn/male/mideastern/jesus-eca-wU4hzVf122M-unsplash.jpg,11886,.jpg
cropped_images/images_crop_align_mtcnn/male/mideastern/joel-muniz-juKjPjVBza8-unsplash.jpg,14583,.jpg
cropped_images/images_crop_align_mtcnn/male/mideastern/jose-g-ortega-castro-cPGbyVIfIYU-unsplash.jpg,15864,.jpg
cropped_images/images_crop_align_mtcnn/male/mideastern/joshua-purnell-kz6qS9mWbAo-unsplash.jpg,12859,.jpg
cropped_images/images_crop_align_mtcnn/male/mideastern/kamal-alkhatib-i4ls_N9o968-unsplash.jpg,13957,.jpg
cropped_images/images_crop_align_mtcnn/male/mideastern/kamil-mehmood-E_9onZVXwcQ-unsplash.jpg,18147,.jpg
cropped_images/images_crop_align_mtcnn/male/mideastern/kate_mes7-YIyERGGmTfE-unsplash.jpg,11981,.jpg
cropped_images/images_crop_align_mtcnn/male/mideastern/katie-moum-yXfdoI66AtQ-unsplash.jpg,19888,.jpg
cropped_images/images_crop_align_mtcnn/male/mideastern/kouki-walim-71ZedHD4P7Y-unsplash.jpg,16127,.jpg
cropped_images/images_crop_align_mtcnn/male/mideastern/lexscope-gRWdcPHz7uA-unsplash.jpg,16943,.jpg
cropped_images/images_crop_align_mtcnn/male/mideastern/luca-anasta-JMNXb6KBJwI-unsplash.jpg,22669,.jpg
cropped_images/images_crop_align_mtcnn/male/mideastern/lumensoft-technologies-JGGaefIIc6Y-unsplash.jpg,21499,.jpg
cropped_images/images_crop_align_mtcnn/male/mideastern/male-4443092_1920.jpg,13018,.jpg
cropped_images/images_crop_align_mtcnn/male/mideastern/male-4616459_1920.jpg,12832,.jpg
cropped_images/images_crop_align_mtcnn/male/mideastern/male-5869656_1920.jpg,14984,.jpg
cropped_images/images_crop_align_mtcnn/male/mideastern/male-5869769_1920.jpg,14983,.jpg
cropped_images/images_crop_align_mtcnn/male/mideastern/male-5869776_1920.jpg,20970,.jpg
cropped_images/images_crop_align_mtcnn/male/mideastern/man-1129953_1920.jpg,23885,.jpg
cropped_images/images_crop_align_mtcnn/male/mideastern/man-1688347_1920.jpg,19514,.jpg
cropped_images/images_crop_align_mtcnn/male/mideastern/man-1885147_1920.jpg,17019,.jpg
cropped_images/images_crop_align_mtcnn/male/mideastern/man-2785071_1920.jpg,23611,.jpg
cropped_images/images_crop_align_mtcnn/male/mideastern/man-2969985_1920.jpg,19195,.jpg
cropped_images/images_crop_align_mtcnn/male/mideastern/man-3057370_1920.jpg,17503,.jpg
cropped_images/images_crop_align_mtcnn/male/mideastern/man-3485138_1920.jpg,14524,.jpg
cropped_images/images_crop_align_mtcnn/male/mideastern/man-355612_1920.jpg,20274,.jpg
cropped_images/images_crop_align_mtcnn/male/mideastern/man-4752273_1920.jpg,13907,.jpg
cropped_images/images_crop_align_mtcnn/male/mideastern/man-5613125_1920.jpg,17270,.jpg
cropped_images/images_crop_align_mtcnn/male/mideastern/man-5923039_1920.jpg,12420,.jpg
cropped_images/images_crop_align_mtcnn/male/mideastern/matthijs-van-dis-zdhgC39sT9w-unsplash.jpg,21115,.jpg
cropped_images/images_crop_align_mtcnn/male/mideastern/mauro-paillex-moDxmttUP00-unsplash.jpg,17448,.jpg
cropped_images/images_crop_align_mtcnn/male/mideastern/mehrdad-dadaei--aY-mUygMD0-unsplash(1).jpg,15947,.jpg
cropped_images/images_crop_align_mtcnn/male/mideastern/mehrdad-dadaei--aY-mUygMD0-unsplash.jpg,15947,.jpg
cropped_images/images_crop_align_mtcnn/male/mideastern/men-1171087_1920.jpg,16384,.jpg
cropped_images/images_crop_align_mtcnn/male/mideastern/metin-ozer-2jLCmcuwAc8-unsplash.jpg,14200,.jpg
cropped_images/images_crop_align_mtcnn/male/mideastern/meysam-jarahkar-SaQf2X_qZSU-unsplash.jpg,16012,.jpg
cropped_images/images_crop_align_mtcnn/male/mideastern/mhrezaa-iOrq0FnSQTE-unsplash.jpg,9377,.jpg
cropped_images/images_crop_align_mtcnn/male/mideastern/milad-shams-89UvLA2zWJI-unsplash.jpg,14785,.jpg
cropped_images/images_crop_align_mtcnn/male/mideastern/milad-shams-CdObhuoQ7Q0-unsplash.jpg,11526,.jpg
cropped_images/images_crop_align_mtcnn/male/mideastern/mile-modic-Sv9xCQ7RBCs-unsplash.jpg,24495,.jpg
cropped_images/images_crop_align_mtcnn/male/mideastern/moein-rahmani-A3802JoFGqg-unsplash.jpg,11403,.jpg
cropped_images/images_crop_align_mtcnn/male/mideastern/mohammad-metri-r8J8AfoHPz4-unsplash.jpg,11986,.jpg
cropped_images/images_crop_align_mtcnn/male/mideastern/monica-dahiya-caPZQg42c54-unsplash.jpg,15841,.jpg
cropped_images/images_crop_align_mtcnn/male/mideastern/moroccan-1270331_1920.jpg,20731,.jpg
cropped_images/images_crop_align_mtcnn/male/mideastern/muhammad-faiz-zulkeflee-BuxUWCobuGA-unsplash.jpg,15522,.jpg
cropped_images/images_crop_align_mtcnn/male/mideastern/mustache-5040636_1920.jpg,17837,.jpg
cropped_images/images_crop_align_mtcnn/male/mideastern/naim-ahmed-8BcVHmAHtlw-unsplash.jpg,14002,.jpg
cropped_images/images_crop_align_mtcnn/male/mideastern/nasro-azaizia-1NP6_EsAYl8-unsplash.jpg,18949,.jpg
cropped_images/images_crop_align_mtcnn/male/mideastern/nonsap-visuals-kMJp7620W6U-unsplash.jpg,19116,.jpg
cropped_images/images_crop_align_mtcnn/male/mideastern/nowah-bartscher-Gpm_PGnNAug-unsplash.jpg,13725,.jpg
cropped_images/images_crop_align_mtcnn/male/mideastern/omar-ram-slwxJCmwHPY-unsplash.jpg,15131,.jpg
cropped_images/images_crop_align_mtcnn/male/mideastern/paola-aguilar-LkQHGSVzfsk-unsplash.jpg,23496,.jpg
cropped_images/images_crop_align_mtcnn/male/mideastern/people-3309614_1920.jpg,13057,.jpg
cropped_images/images_crop_align_mtcnn/male/mideastern/pexels-ayaka-kato-2860892.jpg,16660,.jpg
cropped_images/images_crop_align_mtcnn/male/mideastern/pexels-emre-keshavarz-3518392.jpg,14794,.jpg
cropped_images/images_crop_align_mtcnn/male/mideastern/pexels-hebert-santos-5485599.jpg,16659,.jpg
cropped_images/images_crop_align_mtcnn/male/mideastern/pexels-himesh-mehta-2880285.jpg,22160,.jpg
cropped_images/images_crop_align_mtcnn/male/mideastern/pexels-hussein-altameemi-1678821.jpg,20014,.jpg
cropped_images/images_crop_align_mtcnn/male/mideastern/pexels-ibadat-singh-2586823.jpg,16639,.jpg
cropped_images/images_crop_align_mtcnn/male/mideastern/pexels-lina-kivaka-3395282.jpg,13865,.jpg
cropped_images/images_crop_align_mtcnn/male/mideastern/pexels-marcelo-chagas-3583894.jpg,12906,.jpg
cropped_images/images_crop_align_mtcnn/male/mideastern/pexels-pixabay-35539.jpg,20932,.jpg
cropped_images/images_crop_align_mtcnn/male/mideastern/pexels-yazan-khalifeh-1000225.jpg,14135,.jpg
cropped_images/images_crop_align_mtcnn/male/mideastern/portrait-2529904_1920.jpg,15636,.jpg
cropped_images/images_crop_align_mtcnn/male/mideastern/portrait-3052641_1920.jpg,23286,.jpg
cropped_images/images_crop_align_mtcnn/male/mideastern/portrait-4980389_1920.jpg,15031,.jpg
cropped_images/images_crop_align_mtcnn/male/mideastern/portrait-5945929_1920.jpg,19067,.jpg
cropped_images/images_crop_align_mtcnn/male/mideastern/reza-biazar-eSjmZW97cH8-unsplash.jpg,16143,.jpg
cropped_images/images_crop_align_mtcnn/male/mideastern/riccardo-fissore-QMfP5xza0vU-unsplash.jpg,16445,.jpg
cropped_images/images_crop_align_mtcnn/male/mideastern/ruslan-ihnatenko-2Bb2auSD1hY-unsplash.jpg,16260,.jpg
cropped_images/images_crop_align_mtcnn/male/mideastern/sadhu-1166066_1920.jpg,29386,.jpg
cropped_images/images_crop_align_mtcnn/male/mideastern/sahil-moosa-JWUYb-5OSYU-unsplash.jpg,10229,.jpg
cropped_images/images_crop_align_mtcnn/male/mideastern/sammy-chandio-xmbL3d1gE5Q-unsplash.jpg,14359,.jpg
cropped_images/images_crop_align_mtcnn/male/mideastern/sandeep-swarnkar-Dj5hm0S257U-unsplash.jpg,14554,.jpg
cropped_images/images_crop_align_mtcnn/male/mideastern/seth-doyle-wys9Jty8wNQ-unsplash.jpg,16781,.jpg
cropped_images/images_crop_align_mtcnn/male/mideastern/sexy-3049894_1920.jpg,19071,.jpg
cropped_images/images_crop_align_mtcnn/male/mideastern/shivam-singh-2_X6NMP-E_U-unsplash.jpg,18726,.jpg
cropped_images/images_crop_align_mtcnn/male/mideastern/shoaeb-hameed-kEfO2edX4Gg-unsplash.jpg,14196,.jpg
cropped_images/images_crop_align_mtcnn/male/mideastern/sina-rezakhani-jIPRAqxE6P8-unsplash.jpg,14757,.jpg
cropped_images/images_crop_align_mtcnn/male/mideastern/sumeet-singh-XPUxjOq8yFA-unsplash.jpg,13737,.jpg
cropped_images/images_crop_align_mtcnn/male/mideastern/t-r-a-v-e-l-e-r-g-e-e-k-p5oh6YkMTb0-unsplash.jpg,13056,.jpg
cropped_images/images_crop_align_mtcnn/male/mideastern/tanjir-ahmed-chowdhury-d-7p5mKk9ys-unsplash.jpg,13544,.jpg
cropped_images/images_crop_align_mtcnn/male/mideastern/thobe-805762_1920.jpg,14930,.jpg
cropped_images/images_crop_align_mtcnn/male/mideastern/tim-mossholder-zIBn97bCJoI-unsplash(1).jpg,15977,.jpg
cropped_images/images_crop_align_mtcnn/male/mideastern/tradition-60791_1920.jpg,15324,.jpg
cropped_images/images_crop_align_mtcnn/male/mideastern/vaishnav-chogale-rJuA7hz1M7Q-unsplash.jpg,15214,.jpg
cropped_images/images_crop_align_mtcnn/male/mideastern/wilfred-sequeira-tXNjCm4bN8Y-unsplash.jpg,24007,.jpg
cropped_images/images_crop_align_mtcnn/male/mideastern/young-4041629_1920.jpg,13961,.jpg
cropped_images/images_crop_align_mtcnn/male/mideastern/zabih-khan-SQWDVRdjp2E-unsplash.jpg,16210,.jpg
cropped_images/images_crop_align_mtcnn/male/mideastern/zachi-denicola-RytIjfk0tFY-unsplash.jpg,18965,.jpg
cropped_images/images_crop_align_opencv/female/asian/13.jpg,18282,.jpg
cropped_images/images_crop_align_opencv/female/asian/20.jpg,20907,.jpg
cropped_images/images_crop_align_opencv/female/asian/21.jpg,22325,.jpg
cropped_images/images_crop_align_opencv/female/asian/23.jpg,17640,.jpg
cropped_images/images_crop_align_opencv/female/asian/30.jpg,14015,.jpg
cropped_images/images_crop_align_opencv/female/asian/36.jpg,19993,.jpg
cropped_images/images_crop_align_opencv/female/asian/42.jpg,19290,.jpg
cropped_images/images_crop_align_opencv/female/asian/51.jpg,17776,.jpg
cropped_images/images_crop_align_opencv/female/asian/57.jpg,17573,.jpg
cropped_images/images_crop_align_opencv/female/asian/6.jpg,18527,.jpg
cropped_images/images_crop_align_opencv/female/asian/7.jpg,19889,.jpg
cropped_images/images_crop_align_opencv/female/asian/afif-kusuma-y-mT2OATY6k-unsplash.jpg,17809,.jpg
cropped_images/images_crop_align_opencv/female/asian/agung-pratamah-Xdm08vqsFrs-unsplash.jpg,21948,.jpg
cropped_images/images_crop_align_opencv/female/asian/ahmad-qime-in2aoHwX5bA-unsplash.jpg,16469,.jpg
cropped_images/images_crop_align_opencv/female/asian/aiony-haust-Nsze2HlxoZo-unsplash.jpg,15177,.jpg
cropped_images/images_crop_align_opencv/female/asian/aiony-haust-orYdcTza06E-unsplash.jpg,13689,.jpg
cropped_images/images_crop_align_opencv/female/asian/alex-sorto-kNstJF4l5cA-unsplash.jpg,18505,.jpg
cropped_images/images_crop_align_opencv/female/asian/alex-sorto-suymY_8bk4Y-unsplash.jpg,17277,.jpg
cropped_images/images_crop_align_opencv/female/asian/alexandra-lammerink-MVao99Qwew0-unsplash.jpg,18926,.jpg
cropped_images/images_crop_align_opencv/female/asian/altanbagana-jargal-o79BpJ-tgew-unsplash.jpg,14558,.jpg
cropped_images/images_crop_align_opencv/female/asian/andres-hernandez-KVjiBiBvT-c-unsplash.jpg,16794,.jpg
cropped_images/images_crop_align_opencv/female/asian/annie-lin-876188_1920.jpg,18681,.jpg
cropped_images/images_crop_align_opencv/female/asian/anthony-tran-3Xkms-gMvZg-unsplash.jpg,19979,.jpg
cropped_images/images_crop_align_opencv/female/asian/anthony-tran-6s3L8El33QE-unsplash.jpg,19049,.jpg
cropped_images/images_crop_align_opencv/female/asian/anthony-tran-RG9Z5CtnlUQ-unsplash.jpg,14654,.jpg
cropped_images/images_crop_align_opencv/female/asian/ao-dai-2730822_1920.jpg,15224,.jpg
cropped_images/images_crop_align_opencv/female/asian/aodai-4603493_1920.jpg,15496,.jpg
cropped_images/images_crop_align_opencv/female/asian/asian-2111681_1920.jpg,17820,.jpg
cropped_images/images_crop_align_opencv/female/asian/asian-2302727_1920.jpg,15552,.jpg
cropped_images/images_crop_align_opencv/female/asian/asian-3752815_1920.jpg,19065,.jpg
cropped_images/images_crop_align_opencv/female/asian/asian-3885641_1920.jpg,16203,.jpg
cropped_images/images_crop_align_opencv/female/asian/asian-3932158_1920.jpg,15924,.jpg
cropped_images/images_crop_align_opencv/female/asian/asian-girl-3113208_1920.jpg,18462,.jpg
cropped_images/images_crop_align_opencv/female/asian/asian-girl-4819726_1920.jpg,14015,.jpg
cropped_images/images_crop_align_opencv/female/asian/austin-wade-ex6qfO4TPMY-unsplash.jpg,18074,.jpg
cropped_images/images_crop_align_opencv/female/asian/azamat-kinzhitayev-yyf5DCBtm4E-unsplash.jpg,16005,.jpg
cropped_images/images_crop_align_opencv/female/asian/bbh-singapore-4-v5HrV1940-unsplash.jpg,16391,.jpg
cropped_images/images_crop_align_opencv/female/asian/bin-thi-u-xOBpdqH2Uao-unsplash.jpg,17666,.jpg
cropped_images/images_crop_align_opencv/female/asian/blake-cheek-3dT98ifg9J4-unsplash.jpg,14677,.jpg
cropped_images/images_crop_align_opencv/female/asian/bui-thanh-tam-D6meliiyaWs-unsplash.jpg,17675,.jpg
cropped_images/images_crop_align_opencv/female/asian/character-2454694_1920.jpg,18237,.jpg
cropped_images/images_crop_align_opencv/female/asian/chinh-le-duc-TV1QYUtTxJ8-unsplash.jpg,17214,.jpg
cropped_images/images_crop_align_opencv/female/asian/christian-senan-N0vZpzFrU0w-unsplash.jpg,13727,.jpg
cropped_images/images_crop_align_opencv/female/asian/conner-ching-nzu-xTOEBlM-unsplash.jpg,17743,.jpg
cropped_images/images_crop_align_opencv/female/asian/cozies-tone-k4PSfwVsHIY-unsplash.jpg,20977,.jpg
cropped_images/images_crop_align_opencv/female/asian/cris-trung-LRLxSTpq2Ds-unsplash.jpg,20247,.jpg
cropped_images/images_crop_align_opencv/female/asian/d4_1.jpg,22082,.jpg
cropped_images/images_crop_align_opencv/female/asian/d9.jpg,16171,.jpg
cropped_images/images_crop_align_opencv/female/asian/daniel-rigdon-dXmXKPP2L4E-unsplash.jpg,16689,.jpg
cropped_images/images_crop_align_opencv/female/asian/dev-asangbam-R4CHODMJTzA-unsplash.jpg,19423,.jpg
cropped_images/images_crop_align_opencv/female/asian/diao-darius-K3k7X7OA394-unsplash.jpg,14928,.jpg
cropped_images/images_crop_align_opencv/female/asian/documentary-2695341_1920.jpg,16889,.jpg
cropped_images/images_crop_align_opencv/female/asian/dr-1621296_1920.jpg,18443,.jpg
cropped_images/images_crop_align_opencv/female/asian/du-wei-5rrrG8IZ8Dc-unsplash.jpg,16432,.jpg
cropped_images/images_crop_align_opencv/female/asian/europeana-m9LowiQVMLA-unsplash.jpg,10633,.jpg
cropped_images/images_crop_align_opencv/female/asian/face-1146038_1920.jpg,18327,.jpg
cropped_images/images_crop_align_opencv/female/asian/face-977177_1920.jpg,16674,.jpg
cropped_images/images_crop_align_opencv/female/asian/faizfajer-VzmoR9Meu3w-unsplash.jpg,20761,.jpg
cropped_images/images_crop_align_opencv/female/asian/fashion-4257899_1920.jpg,13940,.jpg
cropped_images/images_crop_align_opencv/female/asian/fashion-4257904_1920.jpg,19380,.jpg
cropped_images/images_crop_align_opencv/female/asian/female-3976486_1920.jpg,18189,.jpg
cropped_images/images_crop_align_opencv/female/asian/frederick-ferdianto-Dunxame8wxg-unsplash.jpg,15366,.jpg
cropped_images/images_crop_align_opencv/female/asian/gema-saputera-MWuZfECSg0U-unsplash.jpg,18485,.jpg
cropped_images/images_crop_align_opencv/female/asian/gemma-chua-tran-QaiIaCkGCtI-unsplash.jpg,14849,.jpg
cropped_images/images_crop_align_opencv/female/asian/gemma-chua-tran-Sgqo6Cohf9M-unsplash.jpg,17592,.jpg
cropped_images/images_crop_align_opencv/female/asian/girl-1718116_1920.jpg,16221,.jpg
cropped_images/images_crop_align_opencv/female/asian/girl-1721429_1920.jpg,22115,.jpg
cropped_images/images_crop_align_opencv/female/asian/girl-1733337_1920.jpg,16598,.jpg
cropped_images/images_crop_align_opencv/female/asian/girl-1733349_1920.jpg,15998,.jpg
cropped_images/images_crop_align_opencv/female/asian/girl-1741925_1920.jpg,22262,.jpg
cropped_images/images_crop_align_opencv/female/asian/girl-1741941_1920.jpg,18112,.jpg
cropped_images/images_crop_align_opencv/female/asian/girl-184596_1920.jpg,18335,.jpg
cropped_images/images_crop_align_opencv/female/asian/girl-2704116_1920.jpg,16054,.jpg
cropped_images/images_crop_align_opencv/female/asian/girl-2894898_1920.jpg,16678,.jpg
cropped_images/images_crop_align_opencv/female/asian/girl-3738843_1920.jpg,15683,.jpg
cropped_images/images_crop_align_opencv/female/asian/girl-4036509_1920.jpg,16308,.jpg
cropped_images/images_crop_align_opencv/female/asian/girl-4618070_1920.jpg,12895,.jpg
cropped_images/images_crop_align_opencv/female/asian/girl-4622990_1920.jpg,19001,.jpg
cropped_images/images_crop_align_opencv/female/asian/girl-5846478_1920.jpg,15401,.jpg
cropped_images/images_crop_align_opencv/female/asian/girl-5933162_1920.jpg,18584,.jpg
cropped_images/images_crop_align_opencv/female/asian/girl-5934632_1920.jpg,12781,.jpg
cropped_images/images_crop_align_opencv/female/asian/girl-5934674_1920.jpg,16023,.jpg
cropped_images/images_crop_align_opencv/female/asian/h-f-e-co-2ayXMZmiRWk-unsplash.jpg,15135,.jpg
cropped_images/images_crop_align_opencv/female/asian/hannah-xu-A3B7VHK71Ks-unsplash.jpg,15069,.jpg
cropped_images/images_crop_align_opencv/female/asian/hello-5919349_1920.jpg,20662,.jpg
cropped_images/images_crop_align_opencv/female/asian/hhh13-gMC5TecfnD4-unsplash.jpg,15218,.jpg
cropped_images/images_crop_align_opencv/female/asian/hijab-5090230_1920.jpg,19997,.jpg
cropped_images/images_crop_align_opencv/female/asian/huseyin-topcu-szDEzZPyfcQ-unsplash.jpg,18481,.jpg
cropped_images/images_crop_align_opencv/female/asian/huu-chung-dang-lP02hkcp7H0-unsplash.jpg,19330,.jpg
cropped_images/images_crop_align_opencv/female/asian/ipad-1721428_1920.jpg,16722,.jpg
cropped_images/images_crop_align_opencv/female/asian/irene-strong-gKJ2FFsCOD0-unsplash.jpg,15050,.jpg
cropped_images/images_crop_align_opencv/female/asian/isco-wcJOYUVOwDc-unsplash.jpg,16319,.jpg
cropped_images/images_crop_align_opencv/female/asian/jaizer-capangpangan-04SoDoueyF8-unsplash.jpg,16894,.jpg
cropped_images/images_crop_align_opencv/female/asian/japan-1432871_1920.jpg,21147,.jpg
cropped_images/images_crop_align_opencv/female/asian/jasmin-chew-WUVozkQFLz0-unsplash.jpg,18816,.jpg
cropped_images/images_crop_align_opencv/female/asian/jernej-graj-GY5gWDimEyg-unsplash.jpg,17385,.jpg
cropped_images/images_crop_align_opencv/female/asian/jernej-graj-muXeYVQaPyA-unsplash.jpg,21067,.jpg
cropped_images/images_crop_align_opencv/female/asian/jeswin-thomas-rnjwbDDQUHk-unsplash.jpg,17253,.jpg
cropped_images/images_crop_align_opencv/female/asian/jim-flores-dE6c9RZoyL8-unsplash.jpg,14994,.jpg
cropped_images/images_crop_align_opencv/female/asian/jimmy-chang-VplzfrQvCm4-unsplash.jpg,17621,.jpg
cropped_images/images_crop_align_opencv/female/asian/joel-mott-LaK153ghdig-unsplash.jpg,15756,.jpg
cropped_images/images_crop_align_opencv/female/asian/joel-mott-Z8MesVFSYac-unsplash.jpg,15486,.jpg
cropped_images/images_crop_align_opencv/female/asian/joeyy-lee-pCcPFfJ-LzM-unsplash.jpg,12808,.jpg
cropped_images/images_crop_align_opencv/female/asian/kseniia-ilinykh-BHmKkfpwuuc-unsplash.jpg,16466,.jpg
cropped_images/images_crop_align_opencv/female/asian/le-minh-phuong-jGZITdFhmts-unsplash.jpg,16652,.jpg
cropped_images/images_crop_align_opencv/female/asian/leo-rivas-2iqKxsN659U-unsplash.jpg,19567,.jpg
cropped_images/images_crop_align_opencv/female/asian/mahendra-febrianto-KtCBIpLGu1E-unsplash.jpg,17004,.jpg
cropped_images/images_crop_align_opencv/female/asian/manny-moreno-g9mefExQHfM-unsplash.jpg,15259,.jpg
cropped_images/images_crop_align_opencv/female/asian/mathias-huysmans-U4JDjYmjn1g-unsplash.jpg,15693,.jpg
cropped_images/images_crop_align_opencv/female/asian/model-1822567_1920.jpg,15176,.jpg
cropped_images/images_crop_align_opencv/female/asian/muhammad-ruqiyaddin-0BFQaFG9iR0-unsplash.jpg,20948,.jpg
cropped_images/images_crop_align_opencv/female/asian/muslim-417317_1920.jpg,18283,.jpg
cropped_images/images_crop_align_opencv/female/asian/nathan-anderson-2nqji_XO20w-unsplash.jpg,19993,.jpg
cropped_images/images_crop_align_opencv/female/asian/nima-sarram-3VOI8o6Ftio-unsplash.jpg,15206,.jpg
cropped_images/images_crop_align_opencv/female/asian/old-2474161_1920.jpg,14953,.jpg
cropped_images/images_crop_align_opencv/female/asian/outdoors-3341719_1920.jpg,19821,.jpg
cropped_images/images_crop_align_opencv/female/asian/pexels-amir-hamzah-photo-2705292.jpg,16066,.jpg
cropped_images/images_crop_align_opencv/female/asian/pexels-anna-shvets-4672555.jpg,18941,.jpg
cropped_images/images_crop_align_opencv/female/asian/pexels-carol-wd-3454302.jpg,14259,.jpg
cropped_images/images_crop_align_opencv/female/asian/pexels-cottonbro-3419647.jpg,20071,.jpg
cropped_images/images_crop_align_opencv/female/asian/pexels-cottonbro-3419693.jpg,20005,.jpg
cropped_images/images_crop_align_opencv/female/asian/pexels-duy-dinh-3614523.jpg,18175,.jpg
cropped_images/images_crop_align_opencv/female/asian/pexels-happy-pixels-3170437.jpg,16927,.jpg
cropped_images/images_crop_align_opencv/female/asian/pexels-hải-nguyễn-3616937.jpg,16214,.jpg
cropped_images/images_crop_align_opencv/female/asian/pexels-ike-louie-natividad-2709388.jpg,22645,.jpg
cropped_images/images_crop_align_opencv/female/asian/pexels-ketut-subiyanto-4350057.jpg,19654,.jpg
cropped_images/images_crop_align_opencv/female/asian/pexels-ketut-subiyanto-4350178.jpg,18546,.jpg
cropped_images/images_crop_align_opencv/female/asian/pexels-maria-orlova-4906257.jpg,15750,.jpg
cropped_images/images_crop_align_opencv/female/asian/pexels-maria-orlova-4946391.jpg,17263,.jpg
cropped_images/images_crop_align_opencv/female/asian/pexels-meijii-2014864.jpg,17430,.jpg
cropped_images/images_crop_align_opencv/female/asian/pexels-mental-health-america-(mha)-5531323.jpg,15202,.jpg
cropped_images/images_crop_align_opencv/female/asian/pexels-mikhail-nilov-6612835.jpg,14138,.jpg
cropped_images/images_crop_align_opencv/female/asian/pexels-min-an-1070751.jpg,17584,.jpg
cropped_images/images_crop_align_opencv/female/asian/pexels-min-an-1586654.jpg,16508,.jpg
cropped_images/images_crop_align_opencv/female/asian/pexels-min-an-1589369.jpg,18090,.jpg
cropped_images/images_crop_align_opencv/female/asian/pexels-min-an-732425.jpg,14700,.jpg
cropped_images/images_crop_align_opencv/female/asian/pexels-nguyễn-lâm-886477.jpg,16884,.jpg
cropped_images/images_crop_align_opencv/female/asian/pexels-raka-miftah-3522693.jpg,14039,.jpg
cropped_images/images_crop_align_opencv/female/asian/pexels-rodnae-productions-4920897.jpg,15685,.jpg
cropped_images/images_crop_align_opencv/female/asian/pexels-sora-shimazaki-5938295.jpg,19695,.jpg
cropped_images/images_crop_align_opencv/female/asian/pexels-sora-shimazaki-5938437.jpg,20401,.jpg
cropped_images/images_crop_align_opencv/female/asian/pexels-thunyarat-klaiklang-1814538.jpg,13929,.jpg
cropped_images/images_crop_align_opencv/female/asian/pexels-tima-miroshnichenko-6614828.jpg,18771,.jpg
cropped_images/images_crop_align_opencv/female/asian/pexels-tuấn-kiệt-jr-1391499.jpg,14985,.jpg
cropped_images/images_crop_align_opencv/female/asian/pexels-zen-chung-5538615.jpg,16402,.jpg
cropped_images/images_crop_align_opencv/female/asian/philippe-leone-ffrGEGb4Y58-unsplash.jpg,22159,.jpg
cropped_images/images_crop_align_opencv/female/asian/portrait-3058726_1920.jpg,20258,.jpg
cropped_images/images_crop_align_opencv/female/asian/portrait-3622823_1920.jpg,17776,.jpg
cropped_images/images_crop_align_opencv/female/asian/portrait-4202918_1920.jpg,15146,.jpg
cropped_images/images_crop_align_opencv/female/asian/portrait-750780_1920.jpg,21715,.jpg
cropped_images/images_crop_align_opencv/female/asian/pregnancy-2594275_1920.jpg,18876,.jpg
cropped_images/images_crop_align_opencv/female/asian/rainier-ridao-L1STkrnnBHw-unsplash.jpg,18095,.jpg
cropped_images/images_crop_align_opencv/female/asian/samuel-berner-xtpz9sSRUDw-unsplash.jpg,20955,.jpg
cropped_images/images_crop_align_opencv/female/asian/sankhadeep-barman-aHTbdSquNCY-unsplash.jpg,16498,.jpg
cropped_images/images_crop_align_opencv/female/asian/selfie-4127339_1920.jpg,16850,.jpg
cropped_images/images_crop_align_opencv/female/asian/simon-marsault-jUyP2PcuBls-unsplash.jpg,19921,.jpg
cropped_images/images_crop_align_opencv/female/asian/suhendro-purnomo--ApMYrUyi0o-unsplash.jpg,15781,.jpg
cropped_images/images_crop_align_opencv/female/asian/suhendro-purnomo-4E3noTlLm1c-unsplash.jpg,17659,.jpg
cropped_images/images_crop_align_opencv/female/asian/tabitha-turner-e5ckVRrQj_8-unsplash.jpg,15714,.jpg
cropped_images/images_crop_align_opencv/female/asian/thanh-duc-phan-i5R8hbZFDdc-unsplash.jpg,13948,.jpg
cropped_images/images_crop_align_opencv/female/asian/toa-heftiba-aQ0YRudYjm0-unsplash.jpg,20440,.jpg
cropped_images/images_crop_align_opencv/female/asian/tong-nguyen-van-ERIZwv4V5pA-unsplash.jpg,18040,.jpg
cropped_images/images_crop_align_opencv/female/asian/tong-nguyen-van-wXnaknPMpK0-unsplash.jpg,19662,.jpg
cropped_images/images_crop_align_opencv/female/asian/vietnamese-4646223_1920.jpg,13261,.jpg
cropped_images/images_crop_align_opencv/female/asian/vin-stratton-LkDICOYBYAg-unsplash.jpg,16215,.jpg
cropped_images/images_crop_align_opencv/female/asian/vino-li-yuJYUYpnFlo-unsplash.jpg,17019,.jpg
cropped_images/images_crop_align_opencv/female/asian/visualsofdana-KD1xdIkw3Z8-unsplash.jpg,18875,.jpg
cropped_images/images_crop_align_opencv/female/asian/watercolor-1214824_1920.jpg,23428,.jpg
cropped_images/images_crop_align_opencv/female/asian/woman-2294787_1920.jpg,18469,.jpg
cropped_images/images_crop_align_opencv/female/asian/woman-2690362_1920.jpg,17455,.jpg
cropped_images/images_crop_align_opencv/female/asian/woman-3178537_1920.jpg,16564,.jpg
cropped_images/images_crop_align_opencv/female/asian/woman-3951558_1920.jpg,18299,.jpg
cropped_images/images_crop_align_opencv/female/asian/woman-4804268_1920.jpg,13533,.jpg
cropped_images/images_crop_align_opencv/female/asian/woman-5573135_1920.jpg,16846,.jpg
cropped_images/images_crop_align_opencv/female/asian/woman-5775938_1920.jpg,17281,.jpg
cropped_images/images_crop_align_opencv/female/asian/woman-984426_1920.jpg,16339,.jpg
cropped_images/images_crop_align_opencv/female/asian/women-1507748_1920.jpg,16388,.jpg
cropped_images/images_crop_align_opencv/female/asian/women-4445664_1920.jpg,19386,.jpg
cropped_images/images_crop_align_opencv/female/asian/women-5930352_1920.jpg,13787,.jpg
cropped_images/images_crop_align_opencv/female/asian/xu-duo-w2p_6UBRSTY-unsplash.jpg,17504,.jpg
cropped_images/images_crop_align_opencv/female/asian/yannes-kiefer-VZfSq4TQTHY-unsplash.jpg,23493,.jpg
cropped_images/images_crop_align_opencv/female/asian/yeo-khee-uZCY6vjHGmE-unsplash.jpg,21114,.jpg
cropped_images/images_crop_align_opencv/female/black/1.jpg,15673,.jpg
cropped_images/images_crop_align_opencv/female/black/15.jpg,16983,.jpg
cropped_images/images_crop_align_opencv/female/black/27.jpg,15345,.jpg
cropped_images/images_crop_align_opencv/female/black/31.jpg,18855,.jpg
cropped_images/images_crop_align_opencv/female/black/34.jpg,18458,.jpg
cropped_images/images_crop_align_opencv/female/black/52.jpg,21084,.jpg
cropped_images/images_crop_align_opencv/female/black/african-2197414_1920.jpg,17990,.jpg
cropped_images/images_crop_align_opencv/female/black/african-2942355_1920.jpg,18701,.jpg
cropped_images/images_crop_align_opencv/female/black/african-american-1180847_1920.jpg,16742,.jpg
cropped_images/images_crop_align_opencv/female/black/amevi-wisdom-wiUl_NyafcY-unsplash.jpg,17973,.jpg
cropped_images/images_crop_align_opencv/female/black/amin-rk-stz6pJV6UKw-unsplash.jpg,18703,.jpg
cropped_images/images_crop_align_opencv/female/black/ashley-byrd-AyOC81h1CGw-unsplash.jpg,15048,.jpg
cropped_images/images_crop_align_opencv/female/black/attractive-1869761_1920.jpg,13218,.jpg
cropped_images/images_crop_align_opencv/female/black/beautiful-3257190_1920.jpg,18720,.jpg
cropped_images/images_crop_align_opencv/female/black/brenna-huff-0bayIkan-Ao-unsplash.jpg,15339,.jpg
cropped_images/images_crop_align_opencv/female/black/cassandra-hamer-OyTCN8T9aGo-unsplash.jpg,16416,.jpg
cropped_images/images_crop_align_opencv/female/black/cassandra-hamer-t2obqqft_xM-unsplash.jpg,15937,.jpg
cropped_images/images_crop_align_opencv/female/black/cheerleader-863890_1920.jpg,14562,.jpg
cropped_images/images_crop_align_opencv/female/black/chelsea-ferenando-LmYENEcVmqM-unsplash.jpg,14972,.jpg
cropped_images/images_crop_align_opencv/female/black/christina-wocintechchat-com-Zpzf7TLj_gA-unsplash.jpg,16241,.jpg
cropped_images/images_crop_align_opencv/female/black/christina-wocintechchat-com-_5_CBVCLBsY-unsplash.jpg,19582,.jpg
cropped_images/images_crop_align_opencv/female/black/clarke-sanders-HOQpBGL95Z8-unsplash.jpg,16236,.jpg
cropped_images/images_crop_align_opencv/female/black/clarke-sanders-e_W1qouapG8-unsplash.jpg,18687,.jpg
cropped_images/images_crop_align_opencv/female/black/clem-onojeghuo-FbTOrJ2G8KI-unsplash.jpg,21740,.jpg
cropped_images/images_crop_align_opencv/female/black/cleyton-ewerton-sFdbI7P47XE-unsplash.jpg,16708,.jpg
cropped_images/images_crop_align_opencv/female/black/cute-4721888_1920.jpg,15628,.jpg
cropped_images/images_crop_align_opencv/female/black/dario-didon-Zqx1BVQBGII-unsplash.jpg,19354,.jpg
cropped_images/images_crop_align_opencv/female/black/david-todd-mccarty-e17ti0-AYoA-unsplash.jpg,19277,.jpg
cropped_images/images_crop_align_opencv/female/black/demorris-byrd-7Xqi7VLqfpA-unsplash.jpg,14624,.jpg
cropped_images/images_crop_align_opencv/female/black/ebony-1643426_1920.jpg,19846,.jpg
cropped_images/images_crop_align_opencv/female/black/emma-valerio-Hz_hQrk9hQ8-unsplash.jpg,19868,.jpg
cropped_images/images_crop_align_opencv/female/black/emmanuel-zua-iKNvqz1evXI-unsplash.jpg,19862,.jpg
cropped_images/images_crop_align_opencv/female/black/engin-akyurt-Obi2AUzEZyU-unsplash.jpg,13659,.jpg
cropped_images/images_crop_align_opencv/female/black/engin-akyurt-lyh6c9MLdBY-unsplash.jpg,20291,.jpg
cropped_images/images_crop_align_opencv/female/black/ernan-solozabal-kfQWyxttMeQ-unsplash.jpg,18898,.jpg
cropped_images/images_crop_align_opencv/female/black/etty-fidele-AzVexpHvuKY-unsplash.jpg,15655,.jpg
cropped_images/images_crop_align_opencv/female/black/etty-fidele-TWR--mm6s5o-unsplash.jpg,18470,.jpg
cropped_images/images_crop_align_opencv/female/black/eye-for-ebony-BKxipJKe3G0-unsplash.jpg,15956,.jpg
cropped_images/images_crop_align_opencv/female/black/female-4899174_1920.jpg,11551,.jpg
cropped_images/images_crop_align_opencv/female/black/female-4899179_1920.jpg,22386,.jpg
cropped_images/images_crop_align_opencv/female/black/gabriel-silverio-HibLL8rsiwc-unsplash.jpg,15901,.jpg
cropped_images/images_crop_align_opencv/female/black/gift-habeshaw-kZ6KJLSKGDQ-unsplash.jpg,17364,.jpg
cropped_images/images_crop_align_opencv/female/black/girl-1245835_1920.jpg,20217,.jpg
cropped_images/images_crop_align_opencv/female/black/girl-1868930_1920.jpg,16086,.jpg
cropped_images/images_crop_align_opencv/female/black/girl-1912901_1920.jpg,18569,.jpg
cropped_images/images_crop_align_opencv/female/black/girl-444688_1920.jpg,19047,.jpg
cropped_images/images_crop_align_opencv/female/black/gustavo-lanes-ZaL84ooeZpk-unsplash.jpg,16380,.jpg
cropped_images/images_crop_align_opencv/female/black/head-shoot-1542339_1920.jpg,19012,.jpg
cropped_images/images_crop_align_opencv/female/black/jackson-david-Iex31-cnO-o-unsplash.jpg,22200,.jpg
cropped_images/images_crop_align_opencv/female/black/jd-mason-4eRATsC7zTY-unsplash.jpg,17409,.jpg
cropped_images/images_crop_align_opencv/female/black/jefferson-nnadiekwe-etYRmDQMcQQ-unsplash.jpg,21359,.jpg
cropped_images/images_crop_align_opencv/female/black/jessica-felicio-8vgkMCSq4EU-unsplash.jpg,16973,.jpg
cropped_images/images_crop_align_opencv/female/black/jessica-felicio-F16KPYxfm6s-unsplash.jpg,19079,.jpg
cropped_images/images_crop_align_opencv/female/black/jessica-felicio-YEbFUPYfUlo-unsplash.jpg,17235,.jpg
cropped_images/images_crop_align_opencv/female/black/jessica-felicio-_cvwXhGqG-o-unsplash.jpg,17264,.jpg
cropped_images/images_crop_align_opencv/female/black/john-torcasio-tgVm0tkbf1U-unsplash.jpg,21084,.jpg
cropped_images/images_crop_align_opencv/female/black/jovaughn-stephens-3ajz-2RgEi8-unsplash.jpg,18757,.jpg
cropped_images/images_crop_align_opencv/female/black/juno-jo-nwdPxI1h4NQ-unsplash.jpg,19411,.jpg
cropped_images/images_crop_align_opencv/female/black/kal-visuals-fEbgg7USu3E-unsplash.jpg,18311,.jpg
cropped_images/images_crop_align_opencv/female/black/kelly-fournier-rPykmpWcL5s-unsplash.jpg,18834,.jpg
cropped_images/images_crop_align_opencv/female/black/kelly-sikkema-q2hBflsr71o-unsplash.jpg,18033,.jpg
cropped_images/images_crop_align_opencv/female/black/leighann-blackwood-nRVMVZvy6mo-unsplash.jpg,9562,.jpg
cropped_images/images_crop_align_opencv/female/black/lucas-lenzi-2RwB3AHphb4-unsplash.jpg,16634,.jpg
cropped_images/images_crop_align_opencv/female/black/makeup-1442912_1920.jpg,14271,.jpg
cropped_images/images_crop_align_opencv/female/black/marcelo-rangel-E4P7SYt-hPs-unsplash.jpg,17321,.jpg
cropped_images/images_crop_align_opencv/female/black/march-for-peace-1727917_1920.jpg,15998,.jpg
cropped_images/images_crop_align_opencv/female/black/matheus-ferrero-4cEVIKj7xtY-unsplash.jpg,16350,.jpg
cropped_images/images_crop_align_opencv/female/black/mehmet-turgut-kirkgoz-2rVzuyCowLI-unsplash.jpg,17583,.jpg
cropped_images/images_crop_align_opencv/female/black/michelle-obama-1129160_1920.jpg,19537,.jpg
cropped_images/images_crop_align_opencv/female/black/model-4676037_1920.jpg,19330,.jpg
cropped_images/images_crop_align_opencv/female/black/national-cancer-institute-duNbFJRhaJQ-unsplash.jpg,16929,.jpg
cropped_images/images_crop_align_opencv/female/black/nick-grant-ygrOmmn1Oss-unsplash.jpg,18526,.jpg
cropped_images/images_crop_align_opencv/female/black/noah-buscher-AR7aumwKr2s-unsplash.jpg,12659,.jpg
cropped_images/images_crop_align_opencv/female/black/oladimeji-odunsi-aU_eOcelLhQ-unsplash.jpg,13246,.jpg
cropped_images/images_crop_align_opencv/female/black/oladimeji-odunsi-pV2Kw7Tts14-unsplash.jpg,18956,.jpg
cropped_images/images_crop_align_opencv/female/black/olivier-rule-RKqIIjqWRak-unsplash.jpg,19366,.jpg
cropped_images/images_crop_align_opencv/female/black/pablo-merchan-montes-ro1i0CMzBfI-unsplash.jpg,16736,.jpg
cropped_images/images_crop_align_opencv/female/black/people-2587179_1920.jpg,19299,.jpg
cropped_images/images_crop_align_opencv/female/black/people-3104635_1920.jpg,17539,.jpg
cropped_images/images_crop_align_opencv/female/black/people-3238357_1920.jpg,16493,.jpg
cropped_images/images_crop_align_opencv/female/black/pexels-adrienne-andersen-2552129.jpg,20586,.jpg
cropped_images/images_crop_align_opencv/female/black/pexels-adrienne-andersen-2552130.jpg,23293,.jpg
cropped_images/images_crop_align_opencv/female/black/pexels-adrienne-andersen-2661256.jpg,20011,.jpg
cropped_images/images_crop_align_opencv/female/black/pexels-andrea-piacquadio-3880766.jpg,10154,.jpg
cropped_images/images_crop_align_opencv/female/black/pexels-athena-1831792.jpg,17995,.jpg
cropped_images/images_crop_align_opencv/female/black/pexels-avonne-stalling-3916455.jpg,15195,.jpg
cropped_images/images_crop_align_opencv/female/black/pexels-bernard-ng-3318310.jpg,13663,.jpg
cropped_images/images_crop_align_opencv/female/black/pexels-cottonbro-4505450.jpg,19792,.jpg
cropped_images/images_crop_align_opencv/female/black/pexels-dalila-dalprat-1995129.jpg,14475,.jpg
cropped_images/images_crop_align_opencv/female/black/pexels-dellon-thomas-3189024.jpg,20724,.jpg
cropped_images/images_crop_align_opencv/female/black/pexels-ezekixl-akinnewu-950243.jpg,18124,.jpg
cropped_images/images_crop_align_opencv/female/black/pexels-ike-louie-natividad-3310695.jpg,16729,.jpg
cropped_images/images_crop_align_opencv/female/black/pexels-jermaine-ulinwa-3321515.jpg,18458,.jpg
cropped_images/images_crop_align_opencv/female/black/pexels-jorge-fakhouri-filho-1852015.jpg,18766,.jpg
cropped_images/images_crop_align_opencv/female/black/pexels-marcelo-chagas-2535859.jpg,16562,.jpg
cropped_images/images_crop_align_opencv/female/black/pexels-marcelo-chagas-2539732.jpg,21100,.jpg
cropped_images/images_crop_align_opencv/female/black/pexels-marcelo-dias-2448994.jpg,15034,.jpg
cropped_images/images_crop_align_opencv/female/black/pexels-marlon-schmeiski-3839904.jpg,17988,.jpg
cropped_images/images_crop_align_opencv/female/black/pexels-moh-mckenzie-3597035.jpg,20112,.jpg
cropped_images/images_crop_align_opencv/female/black/pexels-muhammadtaha-ibrahim-ma'aji-3280901.jpg,19189,.jpg
cropped_images/images_crop_align_opencv/female/black/pexels-murat-esibatir-4355346.jpg,16397,.jpg
cropped_images/images_crop_align_opencv/female/black/pexels-mwabonje-2680369.jpg,19823,.jpg
cropped_images/images_crop_align_opencv/female/black/pexels-nappy-1068205.jpg,19511,.jpg
cropped_images/images_crop_align_opencv/female/black/pexels-noa-photography-4364604.jpg,18019,.jpg
cropped_images/images_crop_align_opencv/female/black/pexels-ogo-2434049.jpg,15345,.jpg
cropped_images/images_crop_align_opencv/female/black/pexels-rebrand-cities-1367270.jpg,17122,.jpg
cropped_images/images_crop_align_opencv/female/black/pexels-rfstudio-3061415.jpg,21241,.jpg
cropped_images/images_crop_align_opencv/female/black/pexels-rodnae-productions-4911184.jpg,17557,.jpg
cropped_images/images_crop_align_opencv/female/black/pexels-rodnae-productions-4921034.jpg,16130,.jpg
cropped_images/images_crop_align_opencv/female/black/pexels-samson-katt-5256700.jpg,18141,.jpg
cropped_images/images_crop_align_opencv/female/black/pexels-shotpot-6337498.jpg,17032,.jpg
cropped_images/images_crop_align_opencv/female/black/pexels-willsantt-1962844.jpg,17039,.jpg
cropped_images/images_crop_align_opencv/female/black/pexels-zen-chung-5537979.jpg,20341,.jpg
cropped_images/images_crop_align_opencv/female/black/pieter-benjamin-nijs-lb8gB8jnKDA-unsplash.jpg,16673,.jpg
cropped_images/images_crop_align_opencv/female/black/portrait-856125_1920.jpg,19669,.jpg
cropped_images/images_crop_align_opencv/female/black/prince-akachi-J1OScm_uHUQ-unsplash.jpg,16671,.jpg
cropped_images/images_crop_align_opencv/female/black/prince-akachi-LWkFHEGpleE-unsplash.jpg,14667,.jpg
cropped_images/images_crop_align_opencv/female/black/prince-akachi-l3IHXOdMyHQ-unsplash.jpg,15758,.jpg
cropped_images/images_crop_align_opencv/female/black/princess-Lo9qLgRIUIs-unsplash.jpg,20026,.jpg
cropped_images/images_crop_align_opencv/female/black/raphael-lovaski-3cbvEhhQspg-unsplash.jpg,18500,.jpg
cropped_images/images_crop_align_opencv/female/black/ronise-da-luz-5DJ8sR-m58I-unsplash.jpg,17373,.jpg
cropped_images/images_crop_align_opencv/female/black/samuel-aboh-RGomcmMkTEA-unsplash.jpg,19654,.jpg
cropped_images/images_crop_align_opencv/female/black/shot-by-cerqueira-cthGStT-j_A-unsplash.jpg,21753,.jpg
cropped_images/images_crop_align_opencv/female/black/smile-2072908_1920.jpg,14839,.jpg
cropped_images/images_crop_align_opencv/female/black/steward-masweneng-Ws4YEqBafus-unsplash.jpg,18376,.jpg
cropped_images/images_crop_align_opencv/female/black/suad-kamardeen-khewjy5l4Zo-unsplash.jpg,21319,.jpg
cropped_images/images_crop_align_opencv/female/black/tyrell-charles-m4NimBSfcYI-unsplash.jpg,17576,.jpg
cropped_images/images_crop_align_opencv/female/black/vladimir-yelizarov-lCDPfozQC08-unsplash.jpg,20312,.jpg
cropped_images/images_crop_align_opencv/female/black/vonecia-carswell-X5f2DFCjhWs-unsplash.jpg,15523,.jpg
cropped_images/images_crop_align_opencv/female/black/wadi-lissa-PnCTTH_mmYg-unsplash.jpg,17523,.jpg
cropped_images/images_crop_align_opencv/female/black/woman-1018284_1920.jpg,21621,.jpg
cropped_images/images_crop_align_opencv/female/black/woman-1018291_1920.jpg,18283,.jpg
cropped_images/images_crop_align_opencv/female/black/woman-3144280_1920.jpg,18067,.jpg
cropped_images/images_crop_align_opencv/female/black/woman-5932291_1920.jpg,23514,.jpg
cropped_images/images_crop_align_opencv/female/black/woman-5939698_1920.jpg,18343,.jpg
cropped_images/images_crop_align_opencv/female/black/woman-659348_1920.jpg,17708,.jpg
cropped_images/images_crop_align_opencv/female/black/woman-868521_1920.jpg,18855,.jpg
cropped_images/images_crop_align_opencv/female/black/ziphaus-NizskSsegM8-unsplash.jpg,18304,.jpg
cropped_images/images_crop_align_opencv/female/caucasian/10_1.jpg,18075,.jpg
cropped_images/images_crop_align_opencv/female/caucasian/11.jpg,20129,.jpg
cropped_images/images_crop_align_opencv/female/caucasian/12.jpg,17937,.jpg
cropped_images/images_crop_align_opencv/female/caucasian/14.jpg,19084,.jpg
cropped_images/images_crop_align_opencv/female/caucasian/16.jpg,19763,.jpg
cropped_images/images_crop_align_opencv/female/caucasian/18.jpg,22177,.jpg
cropped_images/images_crop_align_opencv/female/caucasian/19.jpg,14093,.jpg
cropped_images/images_crop_align_opencv/female/caucasian/28.jpg,20338,.jpg
cropped_images/images_crop_align_opencv/female/caucasian/5.jpg,19173,.jpg
cropped_images/images_crop_align_opencv/female/caucasian/55.jpg,16184,.jpg
cropped_images/images_crop_align_opencv/female/caucasian/62.jpg,18610,.jpg
cropped_images/images_crop_align_opencv/female/caucasian/8.jpg,21497,.jpg
cropped_images/images_crop_align_opencv/female/caucasian/actress-1893312_1920.jpg,13972,.jpg
cropped_images/images_crop_align_opencv/female/caucasian/adult-1867889_1920.jpg,17495,.jpg
cropped_images/images_crop_align_opencv/female/caucasian/ahmadreza-najafi-VjxPbl_ErF8-unsplash.jpg,19938,.jpg
cropped_images/images_crop_align_opencv/female/caucasian/aircraft-976685_1920.jpg,20052,.jpg
cropped_images/images_crop_align_opencv/female/caucasian/aleksandr-minakov-bY4GXQKfZrA-unsplash.jpg,15616,.jpg
cropped_images/images_crop_align_opencv/female/caucasian/alex-perez-42e14e_DSWE-unsplash.jpg,20303,.jpg
cropped_images/images_crop_align_opencv/female/caucasian/alexander-krivitskiy-moMIHvUEujM-unsplash.jpg,14999,.jpg
cropped_images/images_crop_align_opencv/female/caucasian/alexander-scott-lambley-i2AmfpRO0Cc-unsplash.jpg,19178,.jpg
cropped_images/images_crop_align_opencv/female/caucasian/alexandre-croussette-P9C8YtG4eYU-unsplash.jpg,15360,.jpg
cropped_images/images_crop_align_opencv/female/caucasian/alexis-brown-XhFROJiMDtA-unsplash.jpg,19599,.jpg
cropped_images/images_crop_align_opencv/female/caucasian/alexis-reyna-Ghq7sANg8Lc-unsplash.jpg,19929,.jpg
cropped_images/images_crop_align_opencv/female/caucasian/ali-pazani-VPYKT3ePiEM-unsplash.jpg,17113,.jpg
cropped_images/images_crop_align_opencv/female/caucasian/allef-vinicius-RTiPK6GPBxg-unsplash.jpg,19271,.jpg
cropped_images/images_crop_align_opencv/female/caucasian/amelia-barklid-q97o6P6_lMQ-unsplash.jpg,17134,.jpg
cropped_images/images_crop_align_opencv/female/caucasian/amir-taheri-kQdhNGTVa3A-unsplash.jpg,19248,.jpg
cropped_images/images_crop_align_opencv/female/caucasian/analise-benevides-x-CinW2XVRw-unsplash.jpg,15419,.jpg
cropped_images/images_crop_align_opencv/female/caucasian/anastasiya-nekhaeva-vqGyIoD3PAc-unsplash.jpg,18278,.jpg
cropped_images/images_crop_align_opencv/female/caucasian/anastasiya-pavlova-7ip-IOC2yvA-unsplash.jpg,18233,.jpg
cropped_images/images_crop_align_opencv/female/caucasian/anastasiya-pavlova-OthOW3y_UII-unsplash.jpg,16674,.jpg
cropped_images/images_crop_align_opencv/female/caucasian/anastasiya-pavlova-tPD0S5mLkgI-unsplash.jpg,18880,.jpg
cropped_images/images_crop_align_opencv/female/caucasian/andreea-pop-ZR0Ij09RN9w-unsplash.jpg,20958,.jpg
cropped_images/images_crop_align_opencv/female/caucasian/andreea-pop-uR4cG4C2tsg-unsplash.jpg,18782,.jpg
cropped_images/images_crop_align_opencv/female/caucasian/andrey-svistunov-IcSCXCRgATw-unsplash.jpg,16432,.jpg
cropped_images/images_crop_align_opencv/female/caucasian/andriyko-podilnyk-KyQxMKaPTM0-unsplash.jpg,19221,.jpg
cropped_images/images_crop_align_opencv/female/caucasian/andriyko-podilnyk-jFAG_ixCrsM-unsplash.jpg,17410,.jpg
cropped_images/images_crop_align_opencv/female/caucasian/anita-jankovic-_OMk87F-zvI-unsplash.jpg,17856,.jpg
cropped_images/images_crop_align_opencv/female/caucasian/ann-agterberg-WqATKbXqGZQ-unsplash.jpg,18852,.jpg
cropped_images/images_crop_align_opencv/female/caucasian/ann-danilina-zgohOdeKpnA-unsplash.jpg,16516,.jpg
cropped_images/images_crop_align_opencv/female/caucasian/anne-peres-plsF6obTgms-unsplash.jpg,19179,.jpg
cropped_images/images_crop_align_opencv/female/caucasian/annika-palmari-H0-6Y5GmyMQ-unsplash.jpg,20653,.jpg
cropped_images/images_crop_align_opencv/female/caucasian/anton-darius-NaV1BloVk0g-unsplash.jpg,16277,.jpg
cropped_images/images_crop_align_opencv/female/caucasian/anton-malanin-lxEqRDB9Ng8-unsplash.jpg,18167,.jpg
cropped_images/images_crop_align_opencv/female/caucasian/apostolos-vamvouras-egW3HtJfsrE-unsplash.jpg,16772,.jpg
cropped_images/images_crop_align_opencv/female/caucasian/arno-senoner-5UCPo5N2cyg-unsplash.jpg,14939,.jpg
cropped_images/images_crop_align_opencv/female/caucasian/artem-ivanchencko-M9-VgKDrhDA-unsplash.jpg,19948,.jpg
cropped_images/images_crop_align_opencv/female/caucasian/artem-kryzhanivskyi-AdRJsBCjwms-unsplash.jpg,22770,.jpg
cropped_images/images_crop_align_opencv/female/caucasian/aschas-O15EA5W8rmI-unsplash.jpg,15584,.jpg
cropped_images/images_crop_align_opencv/female/caucasian/ayo-ogunseinde-6W4F62sN_yI-unsplash.jpg,17350,.jpg
cropped_images/images_crop_align_opencv/female/caucasian/bailey-mahon-jfPKQraxv0w-unsplash.jpg,19360,.jpg
cropped_images/images_crop_align_opencv/female/caucasian/baris-selcen-6bjgSD6Wxus-unsplash.jpg,19917,.jpg
cropped_images/images_crop_align_opencv/female/caucasian/beautiful-1844724_1920.jpg,17061,.jpg
cropped_images/images_crop_align_opencv/female/caucasian/beautiful-1867092_1920.jpg,18480,.jpg
cropped_images/images_crop_align_opencv/female/caucasian/beautiful-1867431_1920.jpg,22152,.jpg
cropped_images/images_crop_align_opencv/female/caucasian/beautiful-2114449_1920.jpg,16402,.jpg
cropped_images/images_crop_align_opencv/female/caucasian/beautiful-2819394_1920.jpg,20734,.jpg
cropped_images/images_crop_align_opencv/female/caucasian/beautiful-model-4597225_1920.jpg,22593,.jpg
cropped_images/images_crop_align_opencv/female/caucasian/beautiful-young-woman-635271_1920.jpg,14471,.jpg
cropped_images/images_crop_align_opencv/female/caucasian/beauty-1132617_1920.jpg,14763,.jpg
cropped_images/images_crop_align_opencv/female/caucasian/bella-4368194_1920.jpg,19323,.jpg
cropped_images/images_crop_align_opencv/female/caucasian/ben-den-engelsen-AGTxr6b9xJU-unsplash.jpg,15937,.jpg
cropped_images/images_crop_align_opencv/female/caucasian/bikini-885382_1920.jpg,18766,.jpg
cropped_images/images_crop_align_opencv/female/caucasian/bindi-2416039_1920.jpg,20883,.jpg
cropped_images/images_crop_align_opencv/female/caucasian/black-dress-2985654_1920.jpg,20158,.jpg
cropped_images/images_crop_align_opencv/female/caucasian/blake-barlow-L9NrqmDPT-g-unsplash.jpg,17086,.jpg
cropped_images/images_crop_align_opencv/female/caucasian/blond-3952534_1920.jpg,20318,.jpg
cropped_images/images_crop_align_opencv/female/caucasian/blonde-2885907_1920.jpg,16440,.jpg
cropped_images/images_crop_align_opencv/female/caucasian/bradley-dunn-Hy879rKHhbc-unsplash.jpg,19333,.jpg
cropped_images/images_crop_align_opencv/female/caucasian/brett-carey-dPJ5H1qdBfQ-unsplash.jpg,16261,.jpg
cropped_images/images_crop_align_opencv/female/caucasian/brock-wegner-Ip5PiEDGK3s-unsplash.jpg,16447,.jpg
cropped_images/images_crop_align_opencv/female/caucasian/brooke-cagle-BwhJOU0sgdY-unsplash.jpg,16951,.jpg
cropped_images/images_crop_align_opencv/female/caucasian/brooke-cagle-QZRAaYfmvA8-unsplash.jpg,21621,.jpg
cropped_images/images_crop_align_opencv/female/caucasian/brooke-cagle-iQ-CjxFHNQk-unsplash.jpg,18288,.jpg
cropped_images/images_crop_align_opencv/female/caucasian/bruce-dixon--lYtsl62gyU-unsplash.jpg,17502,.jpg
cropped_images/images_crop_align_opencv/female/caucasian/brunette-3627300_1920.jpg,18403,.jpg
cropped_images/images_crop_align_opencv/female/caucasian/bruno-bucar-juC6zUwJTHE-unsplash.jpg,16801,.jpg
cropped_images/images_crop_align_opencv/female/caucasian/business-3188067_1920.jpg,17988,.jpg
cropped_images/images_crop_align_opencv/female/caucasian/business-3456505_1920.jpg,17550,.jpg
cropped_images/images_crop_align_opencv/female/caucasian/business-3560916_1920.jpg,19885,.jpg
cropped_images/images_crop_align_opencv/female/caucasian/business-woman-2756210_1920.jpg,17205,.jpg
cropped_images/images_crop_align_opencv/female/caucasian/caique-silva-3ujVzg9i2EI-unsplash.jpg,14199,.jpg
cropped_images/images_crop_align_opencv/female/caucasian/callie-morgan-JlymtjqG2aU-unsplash.jpg,15470,.jpg
cropped_images/images_crop_align_opencv/female/caucasian/carlos-augusto-qmsP-aRLWsc-unsplash.jpg,17690,.jpg
cropped_images/images_crop_align_opencv/female/caucasian/carlos-lindner-1fBp3p-1CyY-unsplash.jpg,23965,.jpg
cropped_images/images_crop_align_opencv/female/caucasian/carlos-lindner-8X6_ppAuhnI-unsplash.jpg,22146,.jpg
cropped_images/images_crop_align_opencv/female/caucasian/carlos-lindner-DkSkgaPie8s-unsplash.jpg,26962,.jpg
cropped_images/images_crop_align_opencv/female/caucasian/carlos-lindner-zvZ-HASOA74-unsplash.jpg,23774,.jpg
cropped_images/images_crop_align_opencv/female/caucasian/caroline-hernandez-c82O-ojHu9E-unsplash.jpg,17660,.jpg
cropped_images/images_crop_align_opencv/female/caucasian/caroline-hernandez-s7cX3UfuFAA-unsplash.jpg,14343,.jpg
cropped_images/images_crop_align_opencv/female/caucasian/charisse-kenion-AZRVxIyCLxY-unsplash.jpg,18465,.jpg
cropped_images/images_crop_align_opencv/female/caucasian/charlie-garcia-xJ_lOztx-VE-unsplash.jpg,17991,.jpg
cropped_images/images_crop_align_opencv/female/caucasian/child-3031836_1920.jpg,16240,.jpg
cropped_images/images_crop_align_opencv/female/caucasian/christiana-rivers-DvpKGEH2zco-unsplash.jpg,18186,.jpg
cropped_images/images_crop_align_opencv/female/caucasian/christiana-rivers-O_XIvDy0pcs-unsplash.jpg,19772,.jpg
cropped_images/images_crop_align_opencv/female/caucasian/christina-wocintechchat-com-0Zx1bDv5BNY-unsplash.jpg,18145,.jpg
cropped_images/images_crop_align_opencv/female/caucasian/clayton-cardinalli-ZqmmwcE1DQ8-unsplash.jpg,19776,.jpg
cropped_images/images_crop_align_opencv/female/caucasian/coffee-4783442_1920.jpg,17299,.jpg
cropped_images/images_crop_align_opencv/female/caucasian/cold-1284029_1920.jpg,17431,.jpg
cropped_images/images_crop_align_opencv/female/caucasian/connor-wilkins-eW6JCH_fbck-unsplash.jpg,15507,.jpg
cropped_images/images_crop_align_opencv/female/caucasian/corinne-kutz-jfIgh0ijkqM-unsplash.jpg,22125,.jpg
cropped_images/images_crop_align_opencv/female/caucasian/court-cook-TSZo17r3m0s-unsplash.jpg,19540,.jpg
cropped_images/images_crop_align_opencv/female/caucasian/creating-a-brand-WxAOdbDpMiU-uns.jpg,21822,.jpg
cropped_images/images_crop_align_opencv/female/caucasian/cristian-newman-l9I93gZKTG4-unsplash.jpg,21653,.jpg
cropped_images/images_crop_align_opencv/female/caucasian/d02.jpg,21799,.jpg
cropped_images/images_crop_align_opencv/female/caucasian/d15.jpg,17762,.jpg
cropped_images/images_crop_align_opencv/female/caucasian/dan-ROJFuWCsfmA-unsplash.jpg,23889,.jpg
cropped_images/images_crop_align_opencv/female/caucasian/dane-wetton-0AqoGTLmIjQ-unsplash.jpg,14703,.jpg
cropped_images/images_crop_align_opencv/female/caucasian/daniel-corneschi-BK3edUeZHls-unsplash.jpg,19387,.jpg
cropped_images/images_crop_align_opencv/female/caucasian/daniel-corneschi-e4lszwLJ_As-unsplash.jpg,19277,.jpg
cropped_images/images_crop_align_opencv/female/caucasian/daniel-spase-s4bml9X2lVs-unsplash.jpg,17665,.jpg
cropped_images/images_crop_align_opencv/female/caucasian/daniil-kuzelev-AkGd_YB6Q2c-unsplash.jpg,18048,.jpg
cropped_images/images_crop_align_opencv/female/caucasian/david-todd-mccarty-EIeLcpn-9bM-unsplash.jpg,18129,.jpg
cropped_images/images_crop_align_opencv/female/caucasian/denis-agati-3dL0mzyUS6M-unsplash.jpg,21979,.jpg
cropped_images/images_crop_align_opencv/female/caucasian/dominic-blignaut-Wwir9Xis204-unsplash.jpg,21961,.jpg
cropped_images/images_crop_align_opencv/female/caucasian/edward-cisneros-_H6wpor9mjs-unsplash.jpg,20593,.jpg
cropped_images/images_crop_align_opencv/female/caucasian/egor-barmin-i-JkONlmR_o-unsplash.jpg,16423,.jpg
cropped_images/images_crop_align_opencv/female/caucasian/egor-barmin-tFF1gAwC6iE-unsplash.jpg,19783,.jpg
cropped_images/images_crop_align_opencv/female/caucasian/elderly-1557141_1920.jpg,18227,.jpg
cropped_images/images_crop_align_opencv/female/caucasian/elijah-m-henderson-r9lTXKNtq7I-unsplash.jpg,18514,.jpg
cropped_images/images_crop_align_opencv/female/caucasian/emmanuel-bior-N06QdiZgK_E-unsplash.jpg,18797,.jpg
cropped_images/images_crop_align_opencv/female/caucasian/engin-akyurt-gXBlAoQF61Q-unsplash.jpg,16175,.jpg
cropped_images/images_crop_align_opencv/female/caucasian/ethan-haddox-NTjSR3zYpsY-unsplash.jpg,18977,.jpg
cropped_images/images_crop_align_opencv/female/caucasian/eva-wilcock-hHFijaQdfTw-unsplash.jpg,15130,.jpg
cropped_images/images_crop_align_opencv/female/caucasian/f1.jpg,21363,.jpg
cropped_images/images_crop_align_opencv/female/caucasian/f12.jpg,18145,.jpg
cropped_images/images_crop_align_opencv/female/caucasian/f3.png,82250,.png
cropped_images/images_crop_align_opencv/female/caucasian/f6.jpg,16632,.jpg
cropped_images/images_crop_align_opencv/female/caucasian/f8.jpg,20829,.jpg
cropped_images/images_crop_align_opencv/female/caucasian/fabio-alves-PE1IpWTeKfQ-unsplash.jpg,13239,.jpg
cropped_images/images_crop_align_opencv/female/caucasian/fantasy-3452327_1920.jpg,17113,.jpg
cropped_images/images_crop_align_opencv/female/caucasian/fashion-1284308_1920.jpg,15898,.jpg
cropped_images/images_crop_align_opencv/female/caucasian/fashion-1846490_1920.jpg,22701,.jpg
cropped_images/images_crop_align_opencv/female/caucasian/fashion-238553_1920.jpg,15369,.jpg
cropped_images/images_crop_align_opencv/female/caucasian/fashion-2690306_1920.jpg,15544,.jpg
cropped_images/images_crop_align_opencv/female/caucasian/fashion-3059143_1920.jpg,18326,.jpg
cropped_images/images_crop_align_opencv/female/caucasian/fashion-3080644_1920.jpg,16003,.jpg
cropped_images/images_crop_align_opencv/female/caucasian/female-2836137_1920.jpg,15160,.jpg
cropped_images/images_crop_align_opencv/female/caucasian/fezbot2000-L0RvwcsiSFw-unsplash.jpg,14562,.jpg
cropped_images/images_crop_align_opencv/female/caucasian/fezbot2000-h_OTf7uvXuM-unsplash.jpg,22016,.jpg
cropped_images/images_crop_align_opencv/female/caucasian/fezbot2000-nahUo1GhcrA-unsplash.jpg,20999,.jpg
cropped_images/images_crop_align_opencv/female/caucasian/fran-hogan-0vyvnOH-LVQ-unsplash.jpg,21864,.jpg
cropped_images/images_crop_align_opencv/female/caucasian/freestocks-9UVmlIb0wJU-unsplash.jpg,19913,.jpg
cropped_images/images_crop_align_opencv/female/caucasian/french-4525967_1920.jpg,16063,.jpg
cropped_images/images_crop_align_opencv/female/caucasian/gabriel-porras-u_tdzVxTTr8-unsplash.jpg,19078,.jpg
cropped_images/images_crop_align_opencv/female/caucasian/gabriel-silverio-K_b41GaWC5Y-unsplash.jpg,16600,.jpg
cropped_images/images_crop_align_opencv/female/caucasian/gabriel-silverio-u3WmDyKGsrY-unsplash.jpg,18989,.jpg
cropped_images/images_crop_align_opencv/female/caucasian/garin-chadwick-dVnnPd2xgf4-unsplash.jpg,19539,.jpg
cropped_images/images_crop_align_opencv/female/caucasian/gary-edmonstone-LmdWNvd7C7U-unsplash.jpg,17436,.jpg
cropped_images/images_crop_align_opencv/female/caucasian/gemma-chua-tran-UIZYDvmQg6U-unsplash.jpg,19808,.jpg
cropped_images/images_crop_align_opencv/female/caucasian/gemma-chua-tran-u1eZM06-MPw-unsplash.jpg,18102,.jpg
cropped_images/images_crop_align_opencv/female/caucasian/genessa-panainte-g3OqMfRfo_8-unsplash.jpg,17749,.jpg
cropped_images/images_crop_align_opencv/female/caucasian/girl-1018414_1920.jpg,16277,.jpg
cropped_images/images_crop_align_opencv/female/caucasian/girl-1049372_1920.jpg,16468,.jpg
cropped_images/images_crop_align_opencv/female/caucasian/girl-1125322_1920.jpg,19353,.jpg
cropped_images/images_crop_align_opencv/female/caucasian/girl-1209193_1920.jpg,17963,.jpg
cropped_images/images_crop_align_opencv/female/caucasian/girl-1234487_1920.jpg,19277,.jpg
cropped_images/images_crop_align_opencv/female/caucasian/girl-13480.jpg,18333,.jpg
cropped_images/images_crop_align_opencv/female/caucasian/girl-1471048_1920.jpg,18758,.jpg
cropped_images/images_crop_align_opencv/female/caucasian/girl-1482002_1920.jpg,23718,.jpg
cropped_images/images_crop_align_opencv/female/caucasian/girl-1763686_1920.jpg,24311,.jpg
cropped_images/images_crop_align_opencv/female/caucasian/girl-1848910_1920.jpg,15320,.jpg
cropped_images/images_crop_align_opencv/female/caucasian/girl-1888161_1920.jpg,22126,.jpg
cropped_images/images_crop_align_opencv/female/caucasian/girl-2120196_1920.jpg,17989,.jpg
cropped_images/images_crop_align_opencv/female/caucasian/girl-2209147_1920.jpg,15881,.jpg
cropped_images/images_crop_align_opencv/female/caucasian/girl-2334888_1920.jpg,18117,.jpg
cropped_images/images_crop_align_opencv/female/caucasian/girl-2359121_1920.jpg,16774,.jpg
cropped_images/images_crop_align_opencv/female/caucasian/girl-2363819_1920.jpg,18580,.jpg
cropped_images/images_crop_align_opencv/female/caucasian/girl-237871_1920.jpg,15545,.jpg
cropped_images/images_crop_align_opencv/female/caucasian/girl-2406963_1920.jpg,16792,.jpg
cropped_images/images_crop_align_opencv/female/caucasian/girl-2522405_1920.jpg,21429,.jpg
cropped_images/images_crop_align_opencv/female/caucasian/girl-2663559_1920.jpg,18313,.jpg
cropped_images/images_crop_align_opencv/female/caucasian/girl-2772177_1920.jpg,21479,.jpg
cropped_images/images_crop_align_opencv/female/caucasian/girl-2961959_1920.jpg,17022,.jpg
cropped_images/images_crop_align_opencv/female/caucasian/girl-3023831_1920.jpg,16988,.jpg
cropped_images/images_crop_align_opencv/female/caucasian/girl-3183050_1920.jpg,19763,.jpg
cropped_images/images_crop_align_opencv/female/caucasian/girl-3277529_1920.jpg,18359,.jpg
cropped_images/images_crop_align_opencv/female/caucasian/girl-3447599_1920.jpg,21007,.jpg
cropped_images/images_crop_align_opencv/female/caucasian/girl-3576679_1920.jpg,18739,.jpg
cropped_images/images_crop_align_opencv/female/caucasian/girl-3718537_1920.jpg,17207,.jpg
cropped_images/images_crop_align_opencv/female/caucasian/girl-3848191_1920.jpg,17332,.jpg
cropped_images/images_crop_align_opencv/female/caucasian/girl-3874872_1920.jpg,19095,.jpg
cropped_images/images_crop_align_opencv/female/caucasian/girl-3901714_1920.jpg,16739,.jpg
cropped_images/images_crop_align_opencv/female/caucasian/girl-3956612_1920.jpg,17355,.jpg
cropped_images/images_crop_align_opencv/female/caucasian/girl-4185856_1920.jpg,17709,.jpg
cropped_images/images_crop_align_opencv/female/caucasian/girl-4212523_1920.jpg,20681,.jpg
cropped_images/images_crop_align_opencv/female/caucasian/girl-4283996_1920.jpg,16392,.jpg
cropped_images/images_crop_align_opencv/female/caucasian/girl-4283998_1920.jpg,17601,.jpg
cropped_images/images_crop_align_opencv/female/caucasian/girl-4448689_1920.jpg,14759,.jpg
cropped_images/images_crop_align_opencv/female/caucasian/girl-4570763_1920.jpg,16258,.jpg
cropped_images/images_crop_align_opencv/female/caucasian/girl-4930782_1920.jpg,19738,.jpg
cropped_images/images_crop_align_opencv/female/caucasian/girl-499408_1920.jpg,16877,.jpg
cropped_images/images_crop_align_opencv/female/caucasian/girl-5365495_1920.jpg,21390,.jpg
cropped_images/images_crop_align_opencv/female/caucasian/girl-641673_1920.jpg,14875,.jpg
cropped_images/images_crop_align_opencv/female/caucasian/girl-657753_1920.jpg,18467,.jpg
cropped_images/images_crop_align_opencv/female/caucasian/girl-669823_1920.jpg,16504,.jpg
cropped_images/images_crop_align_opencv/female/caucasian/girl-736752_1920.jpg,15955,.jpg
cropped_images/images_crop_align_opencv/female/caucasian/girl-788813_1920.jpg,18778,.jpg
cropped_images/images_crop_align_opencv/female/caucasian/girl-797078_1920.jpg,20055,.jpg
cropped_images/images_crop_align_opencv/female/caucasian/girl-804059_1920.jpg,13522,.jpg
cropped_images/images_crop_align_opencv/female/caucasian/girl-868785_1920.jpg,16210,.jpg
cropped_images/images_crop_align_opencv/female/caucasian/girl-919048_1920.jpg,15442,.jpg
cropped_images/images_crop_align_opencv/female/caucasian/gleb-lukomets-kKX-iJP8sX8-unsplash.jpg,15240,.jpg
cropped_images/images_crop_align_opencv/female/caucasian/gothic-1770548_1920.jpg,14919,.jpg
cropped_images/images_crop_align_opencv/female/caucasian/granny-1280445_1920.jpg,23741,.jpg
cropped_images/images_crop_align_opencv/female/caucasian/grimace-1012862_1920.jpg,17870,.jpg
cropped_images/images_crop_align_opencv/female/caucasian/guillaume-bleyer-PPnwwUeUbYk-unsplash.jpg,19661,.jpg
cropped_images/images_crop_align_opencv/female/caucasian/hadis-safari-zawAr1FKOMw-unsplash.jpg,16183,.jpg
cropped_images/images_crop_align_opencv/female/caucasian/hairdresser-4564268_1920.jpg,15403,.jpg
cropped_images/images_crop_align_opencv/female/caucasian/hamburg-1399966_1920.jpg,17957,.jpg
cropped_images/images_crop_align_opencv/female/caucasian/hassan-khan-EGVccebWodM-unsplash.jpg,21394,.jpg
cropped_images/images_crop_align_opencv/female/caucasian/helena-lopes-LSdo2qHFI8k-unsplash.jpg,21089,.jpg
cropped_images/images_crop_align_opencv/female/caucasian/hichem-dahmani-EhcwOfAn-mA-unsplash.jpg,19730,.jpg
cropped_images/images_crop_align_opencv/female/caucasian/hiva-sharifi-YUK4px6sjdc-unsplash.jpg,16185,.jpg
cropped_images/images_crop_align_opencv/female/caucasian/human-3183056_1920.jpg,18097,.jpg
cropped_images/images_crop_align_opencv/female/caucasian/ilya-mirnyy-FrkBU4xWB9g-unsplash.jpg,21667,.jpg
cropped_images/images_crop_align_opencv/female/caucasian/irina-iriser-T9_NHo5d0pc-unsplash.jpg,19874,.jpg
cropped_images/images_crop_align_opencv/female/caucasian/isi-parente-0FjPiX4szEk-unsplash.jpg,17538,.jpg
cropped_images/images_crop_align_opencv/female/caucasian/janko-ferlic-70NsMQvAYHE-unsplash.jpg,17510,.jpg
cropped_images/images_crop_align_opencv/female/caucasian/jasmine-b-qaSPhHr_Iug-unsplash.jpg,20854,.jpg
cropped_images/images_crop_align_opencv/female/caucasian/jassir-jonis-1weJoLwqGlI-unsplash.jpg,23112,.jpg
cropped_images/images_crop_align_opencv/female/caucasian/jassir-jonis-yFoZ6B6KGN8-unsplash.jpg,16838,.jpg
cropped_images/images_crop_align_opencv/female/caucasian/jayson-hinrichsen-uOZd-i3n0UI-unsplash.jpg,18479,.jpg
cropped_images/images_crop_align_opencv/female/caucasian/jeffery-erhunse-Z9lbmEjyYjU-unsplash.jpg,18269,.jpg
cropped_images/images_crop_align_opencv/female/caucasian/jeffery-erhunse-wSOzt6GMBac-unsplash.jpg,12458,.jpg
cropped_images/images_crop_align_opencv/female/caucasian/jen-theodore-7A4TvZEW8zY-unsplash.jpg,18123,.jpg
cropped_images/images_crop_align_opencv/female/caucasian/jen-theodore-Gr2XxjGaeeo-unsplash.jpg,23051,.jpg
cropped_images/images_crop_align_opencv/female/caucasian/jen-theodore-i6iVOXfZM0s-unsplash.jpg,17706,.jpg
cropped_images/images_crop_align_opencv/female/caucasian/jen-theodore-o-9p4xo432I-unsplash.jpg,18689,.jpg
cropped_images/images_crop_align_opencv/female/caucasian/jennifer-marquez--shIc419kMU-unsplash.jpg,17971,.jpg
cropped_images/images_crop_align_opencv/female/caucasian/jj-jordan-t9tNNBEPwV0-unsplash.jpg,15503,.jpg
cropped_images/images_crop_align_opencv/female/caucasian/joanna-nix-walkup-xjBjRNn5TKg-unsplash.jpg,19443,.jpg
cropped_images/images_crop_align_opencv/female/caucasian/joao-paulo-de-souza-oliveira-x-FNmzxyQ94-unsplash.jpg,21662,.jpg
cropped_images/images_crop_align_opencv/female/caucasian/jonathan-cooper-b-A6K_2cpWY-unsplash.jpg,8984,.jpg
cropped_images/images_crop_align_opencv/female/caucasian/jonnelle-yankovich-c7TBD3PvoaQ-unsplash.jpg,15070,.jpg
cropped_images/images_crop_align_opencv/female/caucasian/jose-pedro-ortiz-uwaVLojaY7w-unsplash.jpg,14548,.jpg
cropped_images/images_crop_align_opencv/female/caucasian/joseph-kellner-TFR1yggdvq8-unsplash.jpg,19006,.jpg
cropped_images/images_crop_align_opencv/female/caucasian/joseph-kellner-o6clLOJd4WY-unsplash.jpg,17218,.jpg
cropped_images/images_crop_align_opencv/female/caucasian/joshua-rawson-harris-7jrNEAdxwUE-unsplash.jpg,15874,.jpg
cropped_images/images_crop_align_opencv/female/caucasian/joy-4196371_1920.jpg,21735,.jpg
cropped_images/images_crop_align_opencv/female/caucasian/juan-rojas-I3MF44-GrKs-unsplash.jpg,19051,.jpg
cropped_images/images_crop_align_opencv/female/caucasian/jude-infantini-HKQKt4f8sAU-unsplash.jpg,14687,.jpg
cropped_images/images_crop_align_opencv/female/caucasian/julia-kadel-Eqj3c1nynP4-unsplash.jpg,21583,.jpg
cropped_images/images_crop_align_opencv/female/caucasian/julie-romaniuk-A2UMJQkXKJM-unsplash.jpg,21247,.jpg
cropped_images/images_crop_align_opencv/female/caucasian/juno-jo-eIxDn1OVJT8-unsplash.jpg,20762,.jpg
cropped_images/images_crop_align_opencv/female/caucasian/kareya-saleh-tLKOj6cNwe0-unsplash.jpg,19924,.jpg
cropped_images/images_crop_align_opencv/female/caucasian/karoline-soares-BBOnm6XLdQo-unsplash.jpg,15480,.jpg
cropped_images/images_crop_align_opencv/female/caucasian/karsten-winegeart-7dmtZSxMDi0-unsplash.jpg,16684,.jpg
cropped_images/images_crop_align_opencv/female/caucasian/karsten-winegeart-U-jSHnClgNU-unsplash(1).jpg,18145,.jpg
cropped_images/images_crop_align_opencv/female/caucasian/karsten-winegeart-hS8kY12h3is-unsplash.jpg,18000,.jpg
cropped_images/images_crop_align_opencv/female/caucasian/karsten-winegeart-s2MjR3xoJkE-unsplash.jpg,17995,.jpg
cropped_images/images_crop_align_opencv/female/caucasian/kate-hliznitsova-tD0wyPbnsLA-unsplash.jpg,16355,.jpg
cropped_images/images_crop_align_opencv/female/caucasian/kate_mes7-LauVwE7sFrI-unsplash.jpg,13769,.jpg
cropped_images/images_crop_align_opencv/female/caucasian/kayla-maurais-LLMLMR_Dwkg-unsplash.jpg,18974,.jpg
cropped_images/images_crop_align_opencv/female/caucasian/kermen-tutkunova-zjYvn9yqJl4-unsplash.jpg,15211,.jpg
cropped_images/images_crop_align_opencv/female/caucasian/khashayar-kouchpeydeh-z0PhHU7cy4Q-unsplash.jpg,16224,.jpg
cropped_images/images_crop_align_opencv/female/caucasian/kim-jones-EcldzGBAB0A-unsplash.jpg,18587,.jpg
cropped_images/images_crop_align_opencv/female/caucasian/kisses-1039533_1920.jpg,19539,.jpg
cropped_images/images_crop_align_opencv/female/caucasian/klenova_tati-IvwxEUHpQ5Y-unsplash.jpg,21565,.jpg
cropped_images/images_crop_align_opencv/female/caucasian/kristen-steed-qvFyDfhNHJI-unsplash.jpg,21957,.jpg
cropped_images/images_crop_align_opencv/female/caucasian/kuma-kum-GKbPbR0ZAT4-unsplash.jpg,19590,.jpg
cropped_images/images_crop_align_opencv/female/caucasian/lacie-slezak-Wn3oVkIn1HU-unsplash.jpg,17003,.jpg
cropped_images/images_crop_align_opencv/female/caucasian/laura-chouette-nkWnc-W_GP8-unsplash.jpg,17412,.jpg
cropped_images/images_crop_align_opencv/female/caucasian/laura-chouette-qaRaOPQbZhI-unsplash.jpg,10278,.jpg
cropped_images/images_crop_align_opencv/female/caucasian/laura-dewilde-dhCxlHodZvM-unsplash.jpg,19182,.jpg
cropped_images/images_crop_align_opencv/female/caucasian/levi-clancy-WE0gt7t4o2k-unsplash.jpg,15078,.jpg
cropped_images/images_crop_align_opencv/female/caucasian/levi-stute-tvrn0E09L2c-unsplash.jpg,15789,.jpg
cropped_images/images_crop_align_opencv/female/caucasian/levin-anton-08Fqp6sWQ-E-unsplash.jpg,17756,.jpg
cropped_images/images_crop_align_opencv/female/caucasian/logan-weaver-GLE_xlFgXTI-unsplash.jpg,19167,.jpg
cropped_images/images_crop_align_opencv/female/caucasian/logan-weaver-Isle-8YpbIQ-unsplash.jpg,17851,.jpg
cropped_images/images_crop_align_opencv/female/caucasian/logan-weaver-QoZRUI6LdKw-unsplash.jpg,19785,.jpg
cropped_images/images_crop_align_opencv/female/caucasian/logan-weaver-X1wFriUtQIE-unsplash.jpg,15294,.jpg
cropped_images/images_crop_align_opencv/female/caucasian/logan-weaver-l0t4qHtj3fs-unsplash.jpg,20824,.jpg
cropped_images/images_crop_align_opencv/female/caucasian/lotte-meijer-oyy71fLMZCY-unsplash.jpg,16551,.jpg
cropped_images/images_crop_align_opencv/female/caucasian/love-2666674_1920.jpg,16631,.jpg
cropped_images/images_crop_align_opencv/female/caucasian/lovely-3338911_1920.jpg,19646,.jpg
cropped_images/images_crop_align_opencv/female/caucasian/lovely-3368231_1920.jpg,17733,.jpg
cropped_images/images_crop_align_opencv/female/caucasian/luiza-braun-VdxeNFB4ymA-unsplash.jpg,17547,.jpg
cropped_images/images_crop_align_opencv/female/caucasian/luiza-braun-YfDfwP3gSo0-unsplash.jpg,16012,.jpg
cropped_images/images_crop_align_opencv/female/caucasian/luke-braswell-8s5brjtO4_M-unsplash.jpg,22789,.jpg
cropped_images/images_crop_align_opencv/female/caucasian/madison-hedgecock-qlBA-4odDbw-unsplash.jpg,8784,.jpg
cropped_images/images_crop_align_opencv/female/caucasian/manny-moreno-2HTX85gxynM-unsplash.jpg,20250,.jpg
cropped_images/images_crop_align_opencv/female/caucasian/manny-moreno-Ri_Al1VqjsU-unsplash.jpg,18320,.jpg
cropped_images/images_crop_align_opencv/female/caucasian/manny-moreno-jeAW5LRuNts-unsplash.jpg,24128,.jpg
cropped_images/images_crop_align_opencv/female/caucasian/marcel-strauss-4W0-5NOr6dg-unsplash.jpg,18099,.jpg
cropped_images/images_crop_align_opencv/female/caucasian/mari-lezhava-Xm9-vA_bhm0-unsplash.jpg,20015,.jpg
cropped_images/images_crop_align_opencv/female/caucasian/maria-lysenko-6ZbrDe3IjMg-unsplash.jpg,23232,.jpg
cropped_images/images_crop_align_opencv/female/caucasian/marisa-harris-b95_M23cIXA-unsplash.jpg,20454,.jpg
cropped_images/images_crop_align_opencv/female/caucasian/marivi-pazos-cvpk5Y4ZWUs-unsplash.jpg,20576,.jpg
cropped_images/images_crop_align_opencv/female/caucasian/mark-decile-UxJh17PRILY-unsplash.jpg,20059,.jpg
cropped_images/images_crop_align_opencv/female/caucasian/mark-decile-Vcc8VFc3uCo-unsplash.jpg,17616,.jpg
cropped_images/images_crop_align_opencv/female/caucasian/mark-decile-W0fOHWkpxUQ-unsplash.jpg,20823,.jpg
cropped_images/images_crop_align_opencv/female/caucasian/marketing-online-1427786_1920.jpg,17402,.jpg
cropped_images/images_crop_align_opencv/female/caucasian/martin-guido-aYfyllIz-Xk-unsplash.jpg,20279,.jpg
cropped_images/images_crop_align_opencv/female/caucasian/matheus-ferrero-LIaLQ2SIQuk-unsplash.jpg,18764,.jpg
cropped_images/images_crop_align_opencv/female/caucasian/mature-857525_1920.jpg,23983,.jpg
cropped_images/images_crop_align_opencv/female/caucasian/max-muselmann-3e0dM8wZJK0-unsplash.jpg,18696,.jpg
cropped_images/images_crop_align_opencv/female/caucasian/megan-bagshaw-VqblHgABSVA-unsplash.jpg,15947,.jpg
cropped_images/images_crop_align_opencv/female/caucasian/meital-anlen-GJ5EBEVJI_0-unsplash.jpg,16670,.jpg
cropped_images/images_crop_align_opencv/female/caucasian/metin-ozer-iSmTwuKTNDo-unsplash.jpg,14740,.jpg
cropped_images/images_crop_align_opencv/female/caucasian/michael-burciaga-nPLOGnW9MWY-unsplash.jpg,16112,.jpg
cropped_images/images_crop_align_opencv/female/caucasian/michael-mims-fWWiaDox0BU-unsplash.jpg,17849,.jpg
cropped_images/images_crop_align_opencv/female/caucasian/michele-seghieri-Y2SGPFU57Uc-unsplash.jpg,17649,.jpg
cropped_images/images_crop_align_opencv/female/caucasian/michele-seghieri-eOC_7rRnSBg-unsplash.jpg,18588,.jpg
cropped_images/images_crop_align_opencv/female/caucasian/mike-austin-JfpclLudxlE-unsplash.jpg,16364,.jpg
cropped_images/images_crop_align_opencv/female/caucasian/mike-austin-jgSAuqMmJUE-unsplash.jpg,19889,.jpg
cropped_images/images_crop_align_opencv/female/caucasian/mike-austin-oRVnmlBD4Vo-unsplash.jpg,16967,.jpg
cropped_images/images_crop_align_opencv/female/caucasian/mike-austin-t24Wz_EFerc-unsplash.jpg,16403,.jpg
cropped_images/images_crop_align_opencv/female/caucasian/model-1260144_1920.jpg,17035,.jpg
cropped_images/images_crop_align_opencv/female/caucasian/model-1976191_1920.jpg,18396,.jpg
cropped_images/images_crop_align_opencv/female/caucasian/model-2614569_1920.jpg,17955,.jpg
cropped_images/images_crop_align_opencv/female/caucasian/model-2670279_1920.jpg,18114,.jpg
cropped_images/images_crop_align_opencv/female/caucasian/model-299694_1920.jpg,19719,.jpg
cropped_images/images_crop_align_opencv/female/caucasian/model-3665593_1920.jpg,15215,.jpg
cropped_images/images_crop_align_opencv/female/caucasian/model-429733_1920.jpg,18007,.jpg
cropped_images/images_crop_align_opencv/female/caucasian/model-4605248_1920.jpg,16167,.jpg
cropped_images/images_crop_align_opencv/female/caucasian/model-483918_1920.jpg,15625,.jpg
cropped_images/images_crop_align_opencv/female/caucasian/model-881425_1920.jpg,21053,.jpg
cropped_images/images_crop_align_opencv/female/caucasian/mohammed-hassan-xC2YIBmTROU-unsplash.jpg,18353,.jpg
cropped_images/images_crop_align_opencv/female/caucasian/museums-victoria-WZz1u5R5uT4-unsplash.jpg,16238,.jpg
cropped_images/images_crop_align_opencv/female/caucasian/nadya-glo-fp6VYFSzM-Y-unsplash.jpg,16856,.jpg
cropped_images/images_crop_align_opencv/female/caucasian/naeim-jafari-6Xai7XxOgBc-unsplash.jpg,19680,.jpg
cropped_images/images_crop_align_opencv/female/caucasian/naeim-jafari-mW3145wbwlw-unsplash.jpg,17346,.jpg
cropped_images/images_crop_align_opencv/female/caucasian/nathan-van-de-graaf-yomqHFm15N8-unsplash.jpg,19432,.jpg
cropped_images/images_crop_align_opencv/female/caucasian/nature-3360202_1920.jpg,15526,.jpg
cropped_images/images_crop_align_opencv/female/caucasian/nick-arnot-AuCrXk0pLWo-unsplash.jpg,15829,.jpg
cropped_images/images_crop_align_opencv/female/caucasian/nikita-shirokov-v2RUpFTS3mo-unsplash.jpg,18202,.jpg
cropped_images/images_crop_align_opencv/female/caucasian/noah-buscher-AUM5vcnuYd4-unsplash.jpg,17195,.jpg
cropped_images/images_crop_align_opencv/female/caucasian/old-woman-4189578_1920.jpg,21019,.jpg
cropped_images/images_crop_align_opencv/female/caucasian/patrik-velich-OSasjoYvdNc-unsplash.jpg,20233,.jpg
cropped_images/images_crop_align_opencv/female/caucasian/patrik-velich-RtVGS4vGkgM-unsplash.jpg,17860,.jpg
cropped_images/images_crop_align_opencv/female/caucasian/people-3004190_1920.jpg,17825,.jpg
cropped_images/images_crop_align_opencv/female/caucasian/people-3057299_1920.jpg,19820,.jpg
cropped_images/images_crop_align_opencv/female/caucasian/people-3310084_1920.jpg,19465,.jpg
cropped_images/images_crop_align_opencv/female/caucasian/people-4919068_1920.jpg,20941,.jpg
cropped_images/images_crop_align_opencv/female/caucasian/people-5060268_1920.jpg,15703,.jpg
cropped_images/images_crop_align_opencv/female/caucasian/person-5896670_1920.jpg,15992,.jpg
cropped_images/images_crop_align_opencv/female/caucasian/person-man-1205800_1920.jpg,20546,.jpg
cropped_images/images_crop_align_opencv/female/caucasian/pexels-aadil-2598024.jpg,19588,.jpg
cropped_images/images_crop_align_opencv/female/caucasian/pexels-ali-pazani-2787341.jpg,17990,.jpg
cropped_images/images_crop_align_opencv/female/caucasian/pexels-ali-pazani-2811089.jpg,17931,.jpg
cropped_images/images_crop_align_opencv/female/caucasian/pexels-ali-pazani-2878375.jpg,20453,.jpg
cropped_images/images_crop_align_opencv/female/caucasian/pexels-andrea-piacquadio-3768877.jpg,17973,.jpg
cropped_images/images_crop_align_opencv/female/caucasian/pexels-andrea-piacquadio-3769986.jpg,13130,.jpg
cropped_images/images_crop_align_opencv/female/caucasian/pexels-anna-shvets-4971982.jpg,24528,.jpg
cropped_images/images_crop_align_opencv/female/caucasian/pexels-gabby-k-5303015.jpg,15500,.jpg
cropped_images/images_crop_align_opencv/female/caucasian/pexels-keli-santos-1853268.jpg,19889,.jpg
cropped_images/images_crop_align_opencv/female/caucasian/pexels-mbardo-5293989.jpg,15191,.jpg
cropped_images/images_crop_align_opencv/female/caucasian/pexels-megan-markham-2448531.jpg,17361,.jpg
cropped_images/images_crop_align_opencv/female/caucasian/pexels-miggy-rivera-3209390.jpg,17001,.jpg
cropped_images/images_crop_align_opencv/female/caucasian/pexels-nycolle-suabya-4759196.jpg,14247,.jpg
cropped_images/images_crop_align_opencv/female/caucasian/pexels-petra-bauman-1565538.jpg,11350,.jpg
cropped_images/images_crop_align_opencv/female/caucasian/pexels-pixabay-247322.jpg,19903,.jpg
cropped_images/images_crop_align_opencv/female/caucasian/pexels-pixabay-40901.jpg,17605,.jpg
cropped_images/images_crop_align_opencv/female/caucasian/pexels-rafael-barros-2130795.jpg,16563,.jpg
cropped_images/images_crop_align_opencv/female/caucasian/pexels-saeed-khosravi-5450630.jpg,15128,.jpg
cropped_images/images_crop_align_opencv/female/caucasian/pexels-skyler-ewing-4680619.jpg,19576,.jpg
cropped_images/images_crop_align_opencv/female/caucasian/pexels-skyler-ewing-4680663.jpg,14032,.jpg
cropped_images/images_crop_align_opencv/female/caucasian/pexels-skyler-ewing-4680778.jpg,18884,.jpg
cropped_images/images_crop_align_opencv/female/caucasian/pexels-steven-arenas-620074.jpg,14894,.jpg
cropped_images/images_crop_align_opencv/female/caucasian/pexels-tomaz-barcellos-1987301.jpg,17632,.jpg
cropped_images/images_crop_align_opencv/female/caucasian/portrait-1092787_1920.jpg,16764,.jpg
cropped_images/images_crop_align_opencv/female/caucasian/portrait-1579025_1920.jpg,16048,.jpg
cropped_images/images_crop_align_opencv/female/caucasian/portrait-1833929_1920.jpg,14536,.jpg
cropped_images/images_crop_align_opencv/female/caucasian/portrait-1944614_1920.jpg,23249,.jpg
cropped_images/images_crop_align_opencv/female/caucasian/portrait-2690308_1920.jpg,19033,.jpg
cropped_images/images_crop_align_opencv/female/caucasian/portrait-3083402_1920.jpg,17299,.jpg
cropped_images/images_crop_align_opencv/female/caucasian/portrait-3190849_1920.jpg,18806,.jpg
cropped_images/images_crop_align_opencv/female/caucasian/portrait-3216220_1920.jpg,16564,.jpg
cropped_images/images_crop_align_opencv/female/caucasian/portrait-3289372_1920.jpg,18147,.jpg
cropped_images/images_crop_align_opencv/female/caucasian/portrait-3292287_1920.jpg,13714,.jpg
cropped_images/images_crop_align_opencv/female/caucasian/portrait-3315767_1920.jpg,15949,.jpg
cropped_images/images_crop_align_opencv/female/caucasian/portrait-3364406_1920.jpg,21282,.jpg
cropped_images/images_crop_align_opencv/female/caucasian/portrait-3600667_1920.jpg,17477,.jpg
cropped_images/images_crop_align_opencv/female/caucasian/portrait-4373381_1920.jpg,16781,.jpg
cropped_images/images_crop_align_opencv/female/caucasian/portrait-4808905_1920.jpg,16673,.jpg
cropped_images/images_crop_align_opencv/female/caucasian/portrait-487067_1920.jpg,17885,.jpg
cropped_images/images_crop_align_opencv/female/caucasian/portrait-597173_1920.jpg,17611,.jpg
cropped_images/images_crop_align_opencv/female/caucasian/portrait-67485_1920.jpg,16464,.jpg
cropped_images/images_crop_align_opencv/female/caucasian/portrait-886039_1920.jpg,13356,.jpg
cropped_images/images_crop_align_opencv/female/caucasian/portrait-of-a-girl-4604219_1920.jpg,15178,.jpg
cropped_images/images_crop_align_opencv/female/caucasian/pretty-2111498_1920.jpg,17930,.jpg
cropped_images/images_crop_align_opencv/female/caucasian/pretty-girl-2039216_1920.jpg,18318,.jpg
cropped_images/images_crop_align_opencv/female/caucasian/purchase-3090838_1920.jpg,16649,.jpg
cropped_images/images_crop_align_opencv/female/caucasian/quinten-de-graaf-5G3bb016MnU-unsplash.jpg,13583,.jpg
cropped_images/images_crop_align_opencv/female/caucasian/quinten-de-graaf-Ox1jePviTRQ-unsplash.jpg,14772,.jpg
cropped_images/images_crop_align_opencv/female/caucasian/rad-pozniakov-J-fH2bKQQIA-unsplash.jpg,20317,.jpg
cropped_images/images_crop_align_opencv/female/caucasian/raj-rana-15Vb4B_ma_s-unsplash.jpg,16244,.jpg
cropped_images/images_crop_align_opencv/female/caucasian/ratiu-bia-7fzINre0NQE-unsplash.jpg,18038,.jpg
cropped_images/images_crop_align_opencv/female/caucasian/red-dress-5071171_1920.jpg,18060,.jpg
cropped_images/images_crop_align_opencv/female/caucasian/redhead-1903320_1920.jpg,18375,.jpg
cropped_images/images_crop_align_opencv/female/caucasian/redhead-1996288_1920.jpg,20439,.jpg
cropped_images/images_crop_align_opencv/female/caucasian/redheads-4606477_1920.jpg,22053,.jpg
cropped_images/images_crop_align_opencv/female/caucasian/remy_loz-K3YvfgwLHBs-unsplash.jpg,17740,.jpg
cropped_images/images_crop_align_opencv/female/caucasian/rene-porter-_PzZxrEswRY-unsplash.jpg,18359,.jpg
cropped_images/images_crop_align_opencv/female/caucasian/riccardo-fissore-UxY52P2KaN8-unsplash.jpg,16941,.jpg
cropped_images/images_crop_align_opencv/female/caucasian/ronaldo-oliveira-TOQlWdx_5Zc-unsplash.jpg,17431,.jpg
cropped_images/images_crop_align_opencv/female/caucasian/rw-studios-GaPevteWAIU-unsplash.jpg,16700,.jpg
cropped_images/images_crop_align_opencv/female/caucasian/sara-cervera-ZqU-9gWBfV8-unsplash.jpg,18839,.jpg
cropped_images/images_crop_align_opencv/female/caucasian/sean-stratton-cANdHDaUAuw-unsplash.jpg,12725,.jpg
cropped_images/images_crop_align_opencv/female/caucasian/sebastian-pociecha-9AdKSLh2320-unsplash.jpg,18927,.jpg
cropped_images/images_crop_align_opencv/female/caucasian/sergey-sokolov-CbfFN5zE_sY-unsplash.jpg,17126,.jpg
cropped_images/images_crop_align_opencv/female/caucasian/sergio-souza-nTgauPjp-uA-unsplash.jpg,16738,.jpg
cropped_images/images_crop_align_opencv/female/caucasian/sharon-mccutcheon-EpsQ8oVcDj4-unsplash.jpg,18989,.jpg
cropped_images/images_crop_align_opencv/female/caucasian/shayan-rti-TGjXfMuC7DI-unsplash.jpg,18504,.jpg
cropped_images/images_crop_align_opencv/female/caucasian/shayan-rti-w3ZQzOxUh7I-unsplash.jpg,16977,.jpg
cropped_images/images_crop_align_opencv/female/caucasian/sheri-hooley-SyuTPtihxrE-unsplash.jpg,16596,.jpg
cropped_images/images_crop_align_opencv/female/caucasian/sheri-hooley-YkJFWW4TMhk-unsplash.jpg,18665,.jpg
cropped_images/images_crop_align_opencv/female/caucasian/sheri-hooley-gQbE06VKL4M-unsplash.jpg,18663,.jpg
cropped_images/images_crop_align_opencv/female/caucasian/sheri-hooley-gcyPLFzmcSA-unsplash.jpg,16449,.jpg
cropped_images/images_crop_align_opencv/female/caucasian/shilja-74758_1920.jpg,18884,.jpg
cropped_images/images_crop_align_opencv/female/caucasian/sincerely-media-6ne7_M6R7gQ-unsplash.jpg,16971,.jpg
cropped_images/images_crop_align_opencv/female/caucasian/sincerely-media-PN9wP2yZ9c8-unsplash.jpg,18015,.jpg
cropped_images/images_crop_align_opencv/female/caucasian/sincerely-media-T-q2QLhRFnY-unsplash.jpg,17317,.jpg
cropped_images/images_crop_align_opencv/female/caucasian/sincerely-media-_IdTrwVwdWI-unsplash.jpg,19863,.jpg
cropped_images/images_crop_align_opencv/female/caucasian/sinitta-leunen-b4GXxJEn1Hc-unsplash.jpg,17267,.jpg
cropped_images/images_crop_align_opencv/female/caucasian/sirio-Ty4f_NOFO60-unsplash.jpg,16973,.jpg
cropped_images/images_crop_align_opencv/female/caucasian/sofia--LNdco1UgNY-unsplash.jpg,15573,.jpg
cropped_images/images_crop_align_opencv/female/caucasian/sofia-kuniakina-GeAqNAWZ1d0-unsplash.jpg,12544,.jpg
cropped_images/images_crop_align_opencv/female/caucasian/softball-1440812_1920.jpg,20209,.jpg
cropped_images/images_crop_align_opencv/female/caucasian/soroush-karimi-Zwa7DtcYUb0-unsplash.jpg,18766,.jpg
cropped_images/images_crop_align_opencv/female/caucasian/steady-hand-co-sdSnS1WF7C8-unsplash.jpg,19838,.jpg
cropped_images/images_crop_align_opencv/female/caucasian/steven-aguilar-GTld8AoIfbE-unsplash.jpg,19162,.jpg
cropped_images/images_crop_align_opencv/female/caucasian/studio-portrait-487065_1920.jpg,16758,.jpg
cropped_images/images_crop_align_opencv/female/caucasian/svyatoslav-romanov-BrEAp01_m5w-unsplash.jpg,20718,.jpg
cropped_images/images_crop_align_opencv/female/caucasian/tamara-bellis-JTtWu85K9So-unsplash.jpg,16778,.jpg
cropped_images/images_crop_align_opencv/female/caucasian/tamas-tuzes-katai-nUP9GAg218U-unsplash.jpg,21495,.jpg
cropped_images/images_crop_align_opencv/female/caucasian/taylor-deas-melesh-0WTtJ0bhJcw-unsplash.jpg,15233,.jpg
cropped_images/images_crop_align_opencv/female/caucasian/taylor-deas-melesh-byRGjjO-Ync-unsplash.jpg,16905,.jpg
cropped_images/images_crop_align_opencv/female/caucasian/teacher-1280966_1920.jpg,17978,.jpg
cropped_images/images_crop_align_opencv/female/caucasian/teen-2678447_1920.jpg,18956,.jpg
cropped_images/images_crop_align_opencv/female/caucasian/teen-4361981_1920.jpg,20084,.jpg
cropped_images/images_crop_align_opencv/female/caucasian/teen-5096251_1920.jpg,15361,.jpg
cropped_images/images_crop_align_opencv/female/caucasian/teenager-4985908_1920.jpg,13902,.jpg
cropped_images/images_crop_align_opencv/female/caucasian/teenager-775053_1920.jpg,18182,.jpg
cropped_images/images_crop_align_opencv/female/caucasian/tengyart-fc0KjyjkNo4-unsplash.jpg,19445,.jpg
cropped_images/images_crop_align_opencv/female/caucasian/theo-rql-a4pyoiTdSqI-unsplash(2).jpg,16236,.jpg
cropped_images/images_crop_align_opencv/female/caucasian/theo-rql-a4pyoiTdSqI-unsplash.jpg,16236,.jpg
cropped_images/images_crop_align_opencv/female/caucasian/thinking-1887363_1920.jpg,20428,.jpg
cropped_images/images_crop_align_opencv/female/caucasian/thoughtful-583373_1920.jpg,16623,.jpg
cropped_images/images_crop_align_opencv/female/caucasian/timothy-dykes-90uVYog2FKE-unsplash.jpg,22230,.jpg
cropped_images/images_crop_align_opencv/female/caucasian/timothy-dykes-kPEF5QvdqCI-unsplash.jpg,14689,.jpg
cropped_images/images_crop_align_opencv/female/caucasian/timur-romanov-u-fY6-iUJPg-unsplash.jpg,19622,.jpg
cropped_images/images_crop_align_opencv/female/caucasian/toa-heftiba-U7NLqKoMmiQ-unsplash.jpg,19369,.jpg
cropped_images/images_crop_align_opencv/female/caucasian/todd-kent-k8NwmlJr508-unsplash.jpg,19228,.jpg
cropped_images/images_crop_align_opencv/female/caucasian/valentin-lacoste-ggAPxrb4Deg-unsplash.jpg,17956,.jpg
cropped_images/images_crop_align_opencv/female/caucasian/valerie-elash-9IL_stSpvOU-unsplash.jpg,18799,.jpg
cropped_images/images_crop_align_opencv/female/caucasian/valerie-elash-Z5g_6TLS6Ho-unsplash.jpg,18738,.jpg
cropped_images/images_crop_align_opencv/female/caucasian/victoria-volkova-5tQj1sy6ozE-unsplash.jpg,13599,.jpg
cropped_images/images_crop_align_opencv/female/caucasian/vince-fleming-ktx5O_H4DKc-unsplash.jpg,20635,.jpg
cropped_images/images_crop_align_opencv/female/caucasian/vintage-635274_1920.jpg,19619,.jpg
cropped_images/images_crop_align_opencv/female/caucasian/vlad-baranov-PoZcPg18Qm0-unsplash.jpg,15614,.jpg
cropped_images/images_crop_align_opencv/female/caucasian/vladislav-nikonov-XyoRtTE5P9U-unsplash.jpg,19325,.jpg
cropped_images/images_crop_align_opencv/female/caucasian/volleyball-player-1624970_1920.jpg,15671,.jpg
cropped_images/images_crop_align_opencv/female/caucasian/white-cat-with-blonde-4655233_1920.jpg,15756,.jpg
cropped_images/images_crop_align_opencv/female/caucasian/woman-1000538_1920.jpg,19013,.jpg
cropped_images/images_crop_align_opencv/female/caucasian/woman-1054683_1280.jpg,19029,.jpg
cropped_images/images_crop_align_opencv/female/caucasian/woman-1140032_1920.jpg,18003,.jpg
cropped_images/images_crop_align_opencv/female/caucasian/woman-1140923_1920.jpg,19654,.jpg
cropped_images/images_crop_align_opencv/female/caucasian/woman-1246224_1920.jpg,16239,.jpg
cropped_images/images_crop_align_opencv/female/caucasian/woman-1373041_1280.jpg,15669,.jpg
cropped_images/images_crop_align_opencv/female/caucasian/woman-1393311_1920.jpg,20788,.jpg
cropped_images/images_crop_align_opencv/female/caucasian/woman-1447084_1920.jpg,17814,.jpg
cropped_images/images_crop_align_opencv/female/caucasian/woman-1598944_1920.jpg,15442,.jpg
cropped_images/images_crop_align_opencv/female/caucasian/woman-1615242_1920.jpg,17510,.jpg
cropped_images/images_crop_align_opencv/female/caucasian/woman-2112292_1920.jpg,17531,.jpg
cropped_images/images_crop_align_opencv/female/caucasian/woman-2127806_1920.jpg,20445,.jpg
cropped_images/images_crop_align_opencv/female/caucasian/woman-2138461_1920.jpg,17310,.jpg
cropped_images/images_crop_align_opencv/female/caucasian/woman-2293390_1920.jpg,17378,.jpg
cropped_images/images_crop_align_opencv/female/caucasian/woman-2635404_1920.jpg,16314,.jpg
cropped_images/images_crop_align_opencv/female/caucasian/woman-3034836_1920.jpg,19247,.jpg
cropped_images/images_crop_align_opencv/female/caucasian/woman-3055841_1920.jpg,17891,.jpg
cropped_images/images_crop_align_opencv/female/caucasian/woman-3073289_1920.jpg,14707,.jpg
cropped_images/images_crop_align_opencv/female/caucasian/woman-3096734_1920.jpg,21012,.jpg
cropped_images/images_crop_align_opencv/female/caucasian/woman-3123557_1920.jpg,19710,.jpg
cropped_images/images_crop_align_opencv/female/caucasian/woman-3136667_1920.jpg,19622,.jpg
cropped_images/images_crop_align_opencv/female/caucasian/woman-3187336_1920.jpg,21946,.jpg
cropped_images/images_crop_align_opencv/female/caucasian/woman-3240094_1920.jpg,20509,.jpg
cropped_images/images_crop_align_opencv/female/caucasian/woman-3658390_1920.jpg,20067,.jpg
cropped_images/images_crop_align_opencv/female/caucasian/woman-3714620_1920.jpg,16956,.jpg
cropped_images/images_crop_align_opencv/female/caucasian/woman-3718859_1920.jpg,18890,.jpg
cropped_images/images_crop_align_opencv/female/caucasian/woman-3990680_1920.jpg,20898,.jpg
cropped_images/images_crop_align_opencv/female/caucasian/woman-4130601_1920.jpg,18261,.jpg
cropped_images/images_crop_align_opencv/female/caucasian/woman-4134319_1920.jpg,19823,.jpg
cropped_images/images_crop_align_opencv/female/caucasian/woman-435852_1920.jpg,16194,.jpg
cropped_images/images_crop_align_opencv/female/caucasian/woman-467708_1920.jpg,16931,.jpg
cropped_images/images_crop_align_opencv/female/caucasian/woman-4791398_1920.jpg,14606,.jpg
cropped_images/images_crop_align_opencv/female/caucasian/woman-5381567_1920.jpg,16798,.jpg
cropped_images/images_crop_align_opencv/female/caucasian/woman-5480503_1920.jpg,17427,.jpg
cropped_images/images_crop_align_opencv/female/caucasian/woman-5919218_1920.jpg,16057,.jpg
cropped_images/images_crop_align_opencv/female/caucasian/woman-659352_1920.jpg,21142,.jpg
cropped_images/images_crop_align_opencv/female/caucasian/woman-69712_1280.jpg,17068,.jpg
cropped_images/images_crop_align_opencv/female/caucasian/woman-751236_1920.jpg,15097,.jpg
cropped_images/images_crop_align_opencv/female/caucasian/woman-828953_1920.jpg,18668,.jpg
cropped_images/images_crop_align_opencv/female/caucasian/woman-885845_1920.jpg,15978,.jpg
cropped_images/images_crop_align_opencv/female/caucasian/woman-918583_1920.jpg,12972,.jpg
cropped_images/images_crop_align_opencv/female/caucasian/woman-918776_1920.jpg,16459,.jpg
cropped_images/images_crop_align_opencv/female/caucasian/women-1209678_1920.jpg,16968,.jpg
cropped_images/images_crop_align_opencv/female/caucasian/women-4184796_1920.jpg,20730,.jpg
cropped_images/images_crop_align_opencv/female/caucasian/women-4851678_1920.jpg,18306,.jpg
cropped_images/images_crop_align_opencv/female/caucasian/yorkie-1393913_1920.jpg,19297,.jpg
cropped_images/images_crop_align_opencv/female/caucasian/young-1544115_1920.jpg,13730,.jpg
cropped_images/images_crop_align_opencv/female/caucasian/young-610543_1920.jpg,14744,.jpg
cropped_images/images_crop_align_opencv/female/caucasian/young-girl-2143037_1280.jpg,18584,.jpg
cropped_images/images_crop_align_opencv/female/caucasian/young-girl-2763395_1920.jpg,18228,.jpg
cropped_images/images_crop_align_opencv/female/caucasian/young-girl-510441_1920.jpg,18147,.jpg
cropped_images/images_crop_align_opencv/female/caucasian/young-woman-3477557_1920.jpg,18277,.jpg
cropped_images/images_crop_align_opencv/female/caucasian/yours-UecWQkR6M4s-unsplash.jpg,17323,.jpg
cropped_images/images_crop_align_opencv/female/hispanic/2.jpg,21067,.jpg
cropped_images/images_crop_align_opencv/female/hispanic/22.jpg,21678,.jpg
cropped_images/images_crop_align_opencv/female/hispanic/25.jpg,20307,.jpg
cropped_images/images_crop_align_opencv/female/hispanic/26.jpg,16123,.jpg
cropped_images/images_crop_align_opencv/female/hispanic/4.jpg,19737,.jpg
cropped_images/images_crop_align_opencv/female/hispanic/58.jpg,20020,.jpg
cropped_images/images_crop_align_opencv/female/hispanic/9.jpg,21388,.jpg
cropped_images/images_crop_align_opencv/female/hispanic/adult-1867720_1920.jpg,16641,.jpg
cropped_images/images_crop_align_opencv/female/hispanic/alex-avalos-M1dTxJm6Lbo-unsplash.jpg,15540,.jpg
cropped_images/images_crop_align_opencv/female/hispanic/alex-blajan-iRsktlI-hls-unsplash.jpg,15880,.jpg
cropped_images/images_crop_align_opencv/female/hispanic/ali-pazani-s9PJ3mD5KvY-unsplash.jpg,20842,.jpg
cropped_images/images_crop_align_opencv/female/hispanic/allef-vinicius-C_1jjFJioWg-unsplash.jpg,18448,.jpg
cropped_images/images_crop_align_opencv/female/hispanic/allef-vinicius-Q9L-n57IqLw-unsplash.jpg,17115,.jpg
cropped_images/images_crop_align_opencv/female/hispanic/amir-taheri-tJDKalQxTxo-unsplash.jpg,14763,.jpg
cropped_images/images_crop_align_opencv/female/hispanic/anastasiya-pavlova-v6XumrQC1NA-unsplash.jpg,18056,.jpg
cropped_images/images_crop_align_opencv/female/hispanic/andres-hernandez-KRwFmEBlgJo-unsplash.jpg,15663,.jpg
cropped_images/images_crop_align_opencv/female/hispanic/arid-1868523_1920.jpg,20139,.jpg
cropped_images/images_crop_align_opencv/female/hispanic/ayo-ogunseinde-THIs-cpyebg-unsplash.jpg,17082,.jpg
cropped_images/images_crop_align_opencv/female/hispanic/beautiful-1274056_1920.jpg,20368,.jpg
cropped_images/images_crop_align_opencv/female/hispanic/beautiful-1274361_1920.jpg,18973,.jpg
cropped_images/images_crop_align_opencv/female/hispanic/beautiful-1845148_1920.jpg,20332,.jpg
cropped_images/images_crop_align_opencv/female/hispanic/beautiful-1869534_1920.jpg,18441,.jpg
cropped_images/images_crop_align_opencv/female/hispanic/beautiful-1887355_1920.jpg,17205,.jpg
cropped_images/images_crop_align_opencv/female/hispanic/beautiful-19075_1920.jpg,17667,.jpg
cropped_images/images_crop_align_opencv/female/hispanic/ben-o-bro-ly748H13ts0-unsplash.jpg,14875,.jpg
cropped_images/images_crop_align_opencv/female/hispanic/blake-carpenter-qWiJBa6soE0-unsplash.jpg,17113,.jpg
cropped_images/images_crop_align_opencv/female/hispanic/bruno-dias-D22Tgx6TP5M-unsplash.jpg,15809,.jpg
cropped_images/images_crop_align_opencv/female/hispanic/christian-ferrer-aK5Dt6L6_hQ-unsplash.jpg,20215,.jpg
cropped_images/images_crop_align_opencv/female/hispanic/christina-wocintechchat-com-SJvDxw0azqw-unsplash.jpg,19624,.jpg
cropped_images/images_crop_align_opencv/female/hispanic/confused-2681507_1920.jpg,18654,.jpg
cropped_images/images_crop_align_opencv/female/hispanic/conner-ching-b9833srFlac-unsplash.jpg,15671,.jpg
cropped_images/images_crop_align_opencv/female/hispanic/couple-5227606_1920.jpg,15667,.jpg
cropped_images/images_crop_align_opencv/female/hispanic/david-suarez-d81WD5Q87E0-unsplash.jpg,17076,.jpg
cropped_images/images_crop_align_opencv/female/hispanic/dollar-gill-qBhFwtGQGag-unsplash.jpg,14997,.jpg
cropped_images/images_crop_align_opencv/female/hispanic/dorothy-puscas-kMgtp2f7yKs-unsplash.jpg,19470,.jpg
cropped_images/images_crop_align_opencv/female/hispanic/egyptian-girl-4194413_1920.jpg,16036,.jpg
cropped_images/images_crop_align_opencv/female/hispanic/engin-akyurt-N7YaZf7szz0-unsplash.jpg,17258,.jpg
cropped_images/images_crop_align_opencv/female/hispanic/ernest-brillo-U2TP4-H8ly4-unsplash.jpg,10224,.jpg
cropped_images/images_crop_align_opencv/female/hispanic/farhad-eidi-yfefPhTFWU8-unsplash.jpg,18534,.jpg
cropped_images/images_crop_align_opencv/female/hispanic/fashion-1107721_1920.jpg,16376,.jpg
cropped_images/images_crop_align_opencv/female/hispanic/francesca-zama-1fhl_kmbfAE-unsplash.jpg,14136,.jpg
cropped_images/images_crop_align_opencv/female/hispanic/gama-films-h_9KkS8c9Sw-unsplash.jpg,16184,.jpg
cropped_images/images_crop_align_opencv/female/hispanic/giano-currie-5-9YOsmf8IQ-unsplash.jpg,16432,.jpg
cropped_images/images_crop_align_opencv/female/hispanic/girl-1258630_1920.jpg,20139,.jpg
cropped_images/images_crop_align_opencv/female/hispanic/girl-2410042_1920.jpg,15675,.jpg
cropped_images/images_crop_align_opencv/female/hispanic/girl-2922427_1920.jpg,17193,.jpg
cropped_images/images_crop_align_opencv/female/hispanic/girl-3839501_1920.jpg,19697,.jpg
cropped_images/images_crop_align_opencv/female/hispanic/girl-390568_1920.jpg,14684,.jpg
cropped_images/images_crop_align_opencv/female/hispanic/girl-4610430_1920.jpg,15143,.jpg
cropped_images/images_crop_align_opencv/female/hispanic/girl-4818720_1920.jpg,20793,.jpg
cropped_images/images_crop_align_opencv/female/hispanic/girl-883006_1920.jpg,19030,.jpg
cropped_images/images_crop_align_opencv/female/hispanic/hian-oliveira-n_L_ppO4QtY-unsplash.jpg,15843,.jpg
cropped_images/images_crop_align_opencv/female/hispanic/huseyin-topcu-pE5dKSGH6G8-unsplash(1).jpg,20198,.jpg
cropped_images/images_crop_align_opencv/female/hispanic/hussein-sorkheveis-ACIknRqDnBQ-unsplash.jpg,14788,.jpg
cropped_images/images_crop_align_opencv/female/hispanic/irene-strong-MgvAATOwJBc-unsplash.jpg,17325,.jpg
cropped_images/images_crop_align_opencv/female/hispanic/islander-opencv-kwHBTNUQIqs-unsplash.jpg,15599,.jpg
cropped_images/images_crop_align_opencv/female/hispanic/jacob-mejicanos-gcYA1p1_b28-unsplash.jpg,18509,.jpg
cropped_images/images_crop_align_opencv/female/hispanic/joanna-nix-walkup-u7_TR3LGqhU-unsplash.jpg,20550,.jpg
cropped_images/images_crop_align_opencv/female/hispanic/joe-milne-MuDYCc7EE_o-unsplash.jpg,17828,.jpg
cropped_images/images_crop_align_opencv/female/hispanic/joelvalve-7JEZ6laI4qM-unsplash.jpg,18190,.jpg
cropped_images/images_crop_align_opencv/female/hispanic/jonathan-borba-UdhvRvpaBP0-unsplash.jpg,17649,.jpg
cropped_images/images_crop_align_opencv/female/hispanic/jose-g-ortega-castro-qs_TbXSztSg-unsplash.jpg,15114,.jpg
cropped_images/images_crop_align_opencv/female/hispanic/joseph-perez-pSa5RttmLHs-unsplash.jpg,12867,.jpg
cropped_images/images_crop_align_opencv/female/hispanic/juan-encalada-vIM0htb0gJs-unsplash.jpg,19413,.jpg
cropped_images/images_crop_align_opencv/female/hispanic/julian-florez-l5rmMuK8070-unsplash.jpg,17270,.jpg
cropped_images/images_crop_align_opencv/female/hispanic/keenan-constance-XSCvo0loB-Q-unsplash.jpg,18378,.jpg
cropped_images/images_crop_align_opencv/female/hispanic/khaled-ghareeb-bcQh4nVETaY-unsplash.jpg,17160,.jpg
cropped_images/images_crop_align_opencv/female/hispanic/kunj-parekh-VfC7Pm5BxuI-unsplash.jpg,18462,.jpg
cropped_images/images_crop_align_opencv/female/hispanic/luiza-braun-_R3H5FaoBq4-unsplash.jpg,21180,.jpg
cropped_images/images_crop_align_opencv/female/hispanic/madison-hedgecock-tacwAxr3PvU-unsplash.jpg,14962,.jpg
cropped_images/images_crop_align_opencv/female/hispanic/marisol-casben-PbwKSCq9aVo-unsplash.jpg,21456,.jpg
cropped_images/images_crop_align_opencv/female/hispanic/mark-decile-hAw-uxfLXD4-unsplash.jpg,17946,.jpg
cropped_images/images_crop_align_opencv/female/hispanic/martin-lopez-mQVryuQEG_Y-unsplash.jpg,17227,.jpg
cropped_images/images_crop_align_opencv/female/hispanic/mateus-campos-felipe-AMSLWjFhivg-unsplash.jpg,17810,.jpg
cropped_images/images_crop_align_opencv/female/hispanic/mateus-campos-felipe-Fsgzm8N0hIY-unsplash.jpg,16339,.jpg
cropped_images/images_crop_align_opencv/female/hispanic/mateus-campos-felipe-JoM_lC1WAnE-unsplash.jpg,19377,.jpg
cropped_images/images_crop_align_opencv/female/hispanic/mateus-campos-felipe-ZxdJFgSGQBA-unsplash.jpg,22056,.jpg
cropped_images/images_crop_align_opencv/female/hispanic/mateus-campos-felipe-csdVYOLOqls-unsplash.jpg,19073,.jpg
cropped_images/images_crop_align_opencv/female/hispanic/mateus-campos-felipe-dQvUjiVaXCg-unsplash.jpg,9311,.jpg
cropped_images/images_crop_align_opencv/female/hispanic/mateus-campos-felipe-zd8px974bC8-unsplash.jpg,19446,.jpg
cropped_images/images_crop_align_opencv/female/hispanic/matteo-minoglio-jjveuyKSv0g-unsplash.jpg,17274,.jpg
cropped_images/images_crop_align_opencv/female/hispanic/matteo-minoglio-ywl3J10ZmBI-unsplash.jpg,15699,.jpg
cropped_images/images_crop_align_opencv/female/hispanic/matthew-reyes-Zh9KXMPIcVk-unsplash.jpg,21482,.jpg
cropped_images/images_crop_align_opencv/female/hispanic/mohammed-hassan-MOR6bWWuy-A-unsplash.jpg,16254,.jpg
cropped_images/images_crop_align_opencv/female/hispanic/obi-onyeador-7ckRPDhlgOk-unsplash.jpg,13528,.jpg
cropped_images/images_crop_align_opencv/female/hispanic/omar-lopez-0-uzdU3gUYw-unsplash.jpg,17518,.jpg
cropped_images/images_crop_align_opencv/female/hispanic/omar-lopez-8dYeSX5x4HY-unsplash.jpg,23879,.jpg
cropped_images/images_crop_align_opencv/female/hispanic/omar-lopez-auEe5lKHZCw-unsplash.jpg,19039,.jpg
cropped_images/images_crop_align_opencv/female/hispanic/omar-lopez-nomivMNW07o-unsplash.jpg,16981,.jpg
cropped_images/images_crop_align_opencv/female/hispanic/omid-armin-xOjzehJ49Hk-unsplash.jpg,20582,.jpg
cropped_images/images_crop_align_opencv/female/hispanic/patrick-gillespie-8j0CTWsImzo-unsplash.jpg,13448,.jpg
cropped_images/images_crop_align_opencv/female/hispanic/pexels-alex-green-5699868.jpg,19063,.jpg
cropped_images/images_crop_align_opencv/female/hispanic/pexels-bran-sodre-2446105.jpg,15166,.jpg
cropped_images/images_crop_align_opencv/female/hispanic/pexels-dalila-dalprat-1853049.jpg,17166,.jpg
cropped_images/images_crop_align_opencv/female/hispanic/pexels-daniel-xavier-1239288.jpg,20666,.jpg
cropped_images/images_crop_align_opencv/female/hispanic/pexels-du-photographer-1843667.jpg,13860,.jpg
cropped_images/images_crop_align_opencv/female/hispanic/pexels-ingrid-santana-2100063.jpg,19020,.jpg
cropped_images/images_crop_align_opencv/female/hispanic/pexels-ingrid-santana-2253707.jpg,8863,.jpg
cropped_images/images_crop_align_opencv/female/hispanic/pexels-lehandross-2383118.jpg,21129,.jpg
cropped_images/images_crop_align_opencv/female/hispanic/pexels-nicole-michalou-5778909.jpg,15508,.jpg
cropped_images/images_crop_align_opencv/female/hispanic/pexels-talal-hakim-4593319.jpg,16123,.jpg
cropped_images/images_crop_align_opencv/female/hispanic/pexels-tha¿¬s-silva-3135649.jpg,21849,.jpg
cropped_images/images_crop_align_opencv/female/hispanic/pexels-thiago-machado-1853035.jpg,19496,.jpg
cropped_images/images_crop_align_opencv/female/hispanic/portrait-4137472_1920.jpg,14241,.jpg
cropped_images/images_crop_align_opencv/female/hispanic/portrait-4717916_1920.jpg,22955,.jpg
cropped_images/images_crop_align_opencv/female/hispanic/pretty-2682798_1920.jpg,18439,.jpg
cropped_images/images_crop_align_opencv/female/hispanic/priscilla-whendy-GLH_XaAvVQM-unsplash.jpg,20731,.jpg
cropped_images/images_crop_align_opencv/female/hispanic/raamin-ka-4lQmQ_DBbNc-unsplash.jpg,15126,.jpg
cropped_images/images_crop_align_opencv/female/hispanic/raamin-ka-8J56bYMT3-Q-unsplash.jpg,16510,.jpg
cropped_images/images_crop_align_opencv/female/hispanic/raamin-ka-kYtN89E5ce4-unsplash.jpg,16549,.jpg
cropped_images/images_crop_align_opencv/female/hispanic/raamin-ka-m8_JWQYF6GE-unsplash.jpg,13783,.jpg
cropped_images/images_crop_align_opencv/female/hispanic/raamin-ka-ucfVRXL2PrY-unsplash.jpg,13378,.jpg
cropped_images/images_crop_align_opencv/female/hispanic/raamin-ka-v8dc2XkhIfM-unsplash.jpg,13264,.jpg
cropped_images/images_crop_align_opencv/female/hispanic/raamin-ka-wUKtCWijJTQ-unsplash.jpg,17289,.jpg
cropped_images/images_crop_align_opencv/female/hispanic/raamin-ka-zfWcUc48WXk-unsplash.jpg,17587,.jpg
cropped_images/images_crop_align_opencv/female/hispanic/rafaella-mendes-diniz-AoL-mVxprmk-unsplash.jpg,16663,.jpg
cropped_images/images_crop_align_opencv/female/hispanic/red-4886345_1920.jpg,14173,.jpg
cropped_images/images_crop_align_opencv/female/hispanic/reza-gholami-bgf_I27qcmM-unsplash.jpg,17951,.jpg
cropped_images/images_crop_align_opencv/female/hispanic/sabrina-may-iuJClDf7S-M-unsplash.jpg,23455,.jpg
cropped_images/images_crop_align_opencv/female/hispanic/samantha-green-0D1Fm1Fkblo-unsplash.jpg,16447,.jpg
cropped_images/images_crop_align_opencv/female/hispanic/sergio-souza-P-PKKQvASEE-unsplash.jpg,16514,.jpg
cropped_images/images_crop_align_opencv/female/hispanic/shawn-olivier-boivin-blanchard-FBIGTYhErFw-unsplash.jpg,19334,.jpg
cropped_images/images_crop_align_opencv/female/hispanic/siavosh-hosseini-XIDBMAAHGpQ-unsplash.jpg,20377,.jpg
cropped_images/images_crop_align_opencv/female/hispanic/simon-marsault-2901RQjU0ZQ-unsplash.jpg,16597,.jpg
cropped_images/images_crop_align_opencv/female/hispanic/steven-aguilar-9kmy3mYHo6Y-unsplash.jpg,6954,.jpg
cropped_images/images_crop_align_opencv/female/hispanic/summer-carnival-4408804_1920.jpg,24373,.jpg
cropped_images/images_crop_align_opencv/female/hispanic/tabitha-turner-NlN-dY9Fk3A-unsplash.jpg,16953,.jpg
cropped_images/images_crop_align_opencv/female/hispanic/tyler-nix-CsR_n6i__L0-unsplash.jpg,21159,.jpg
cropped_images/images_crop_align_opencv/female/hispanic/vinicius-amnx-amano-4mK2KVuYrDs-unsplash.jpg,19629,.jpg
cropped_images/images_crop_align_opencv/female/hispanic/vinicius-wiesehofer-UOavP_Z38lE-unsplash.jpg,18493,.jpg
cropped_images/images_crop_align_opencv/female/hispanic/willspirit-sbln--hNSeRvzgP8-unsplash.jpg,11027,.jpg
cropped_images/images_crop_align_opencv/female/hispanic/woman-2773007_1920.jpg,18189,.jpg
cropped_images/images_crop_align_opencv/female/hispanic/woman-3191152_1920.jpg,18332,.jpg
cropped_images/images_crop_align_opencv/female/hispanic/woman-4552028_1920.jpg,12534,.jpg
cropped_images/images_crop_align_opencv/female/hispanic/woman-5225288_1920.jpg,14953,.jpg
cropped_images/images_crop_align_opencv/female/hispanic/woman-5870296_1920.jpg,20509,.jpg
cropped_images/images_crop_align_opencv/female/hispanic/woman-984247_1920.jpg,19878,.jpg
cropped_images/images_crop_align_opencv/female/hispanic/women-4043627_1920.jpg,14903,.jpg
cropped_images/images_crop_align_opencv/female/hispanic/zulmaury-saavedra--Keh6vLM7w0-unsplash.jpg,16220,.jpg
cropped_images/images_crop_align_opencv/female/indian/32.jpg,16921,.jpg
cropped_images/images_crop_align_opencv/female/indian/33.jpg,16781,.jpg
cropped_images/images_crop_align_opencv/female/indian/35.jpg,17713,.jpg
cropped_images/images_crop_align_opencv/female/indian/37.jpg,16853,.jpg
cropped_images/images_crop_align_opencv/female/indian/38.jpg,20281,.jpg
cropped_images/images_crop_align_opencv/female/indian/54.jpg,19446,.jpg
cropped_images/images_crop_align_opencv/female/indian/59.jpg,34225,.jpg
cropped_images/images_crop_align_opencv/female/indian/60.jpg,19473,.jpg
cropped_images/images_crop_align_opencv/female/indian/actress-1736962_1920.jpg,16291,.jpg
cropped_images/images_crop_align_opencv/female/indian/agnieszka-kowalczyk-W0d-rh52NgE-unsplash.jpg,23718,.jpg
cropped_images/images_crop_align_opencv/female/indian/anelale-najera--p_HZ1et98U-unsplash.jpg,20092,.jpg
cropped_images/images_crop_align_opencv/female/indian/anh-nguyen-z6PZ7ZH9MMQ-unsplash.jpg,20921,.jpg
cropped_images/images_crop_align_opencv/female/indian/anusha-reddy--zP_lFB6vCk-unsplash.jpg,15610,.jpg
cropped_images/images_crop_align_opencv/female/indian/arindam-deb-1cdWV-VMjSk-unsplash.jpg,16622,.jpg
cropped_images/images_crop_align_opencv/female/indian/arvin-keynes-IPETsB4dcCs-unsplash.jpg,17998,.jpg
cropped_images/images_crop_align_opencv/female/indian/asit-khanda-Oq_cWa7a67Y-unsplash.jpg,17174,.jpg
cropped_images/images_crop_align_opencv/female/indian/awab-husameldin-YOytR4BXEqM-unsplash.jpg,15958,.jpg
cropped_images/images_crop_align_opencv/female/indian/beautiful-2271357_1920.jpg,16566,.jpg
cropped_images/images_crop_align_opencv/female/indian/beautiful-indian-woman-4773817_1920.jpg,13315,.jpg
cropped_images/images_crop_align_opencv/female/indian/beauty-4175607_1920.jpg,21056,.jpg
cropped_images/images_crop_align_opencv/female/indian/bride-5170727_1920.jpg,20110,.jpg
cropped_images/images_crop_align_opencv/female/indian/bride-5170730_1920.jpg,18874,.jpg
cropped_images/images_crop_align_opencv/female/indian/bulbul-ahmed-s4Uv58E4PXc-unsplash.jpg,22090,.jpg
cropped_images/images_crop_align_opencv/female/indian/caroline-hernandez-vGacDiUiD7I-unsplash.jpg,19695,.jpg
cropped_images/images_crop_align_opencv/female/indian/charles-postiaux-J9vlgGgytC0-unsplash.jpg,17803,.jpg
cropped_images/images_crop_align_opencv/female/indian/child-3199624_1920.jpg,20082,.jpg
cropped_images/images_crop_align_opencv/female/indian/christina-wocintechchat-com-1Kf3jFemsPk-unsplash.jpg,16810,.jpg
cropped_images/images_crop_align_opencv/female/indian/christina-wocintechchat-com-z5SOVx-y3F4-unsplash.jpg,11339,.jpg
cropped_images/images_crop_align_opencv/female/indian/clinton-naik-k-YuHdAtTP0-unsplash.jpg,16558,.jpg
cropped_images/images_crop_align_opencv/female/indian/couple-4686423_1920.jpg,15526,.jpg
cropped_images/images_crop_align_opencv/female/indian/d14.jpg,27355,.jpg
cropped_images/images_crop_align_opencv/female/indian/deepika-padukone-2779557_1920.jpg,19497,.jpg
cropped_images/images_crop_align_opencv/female/indian/dollar-gill-Ciujwy5epq4-unsplash.jpg,18167,.jpg
cropped_images/images_crop_align_opencv/female/indian/dollar-gill-wcd5bS3x9mE-unsplash.jpg,21392,.jpg
cropped_images/images_crop_align_opencv/female/indian/dollar-gill-zWZvu5ZXbrM-unsplash.jpg,16258,.jpg
cropped_images/images_crop_align_opencv/female/indian/erick-marroquin-xlNSZ9aImbw-unsplash.jpg,15696,.jpg
cropped_images/images_crop_align_opencv/female/indian/ethan-johnson-n815BbX98ds-unsplash.jpg,16605,.jpg
cropped_images/images_crop_align_opencv/female/indian/eyes-5938203_1920.jpg,17219,.jpg
cropped_images/images_crop_align_opencv/female/indian/f14.jpg,27355,.jpg
cropped_images/images_crop_align_opencv/female/indian/face-5677905_1920.jpg,16378,.jpg
cropped_images/images_crop_align_opencv/female/indian/female-1544783_1920.jpg,18316,.jpg
cropped_images/images_crop_align_opencv/female/indian/gift-habeshaw-XvqeCMXHwzQ-unsplash.jpg,17727,.jpg
cropped_images/images_crop_align_opencv/female/indian/girl-4656172_1920.jpg,14786,.jpg
cropped_images/images_crop_align_opencv/female/indian/girl-517524_1920.jpg,20300,.jpg
cropped_images/images_crop_align_opencv/female/indian/girl-526716_1920.jpg,16302,.jpg
cropped_images/images_crop_align_opencv/female/indian/girl-5471992_1920.jpg,19153,.jpg
cropped_images/images_crop_align_opencv/female/indian/girl-5898963_1920.jpg,18032,.jpg
cropped_images/images_crop_align_opencv/female/indian/gleb-lukomets-R9tTeq4rV5U-unsplash.jpg,13886,.jpg
cropped_images/images_crop_align_opencv/female/indian/happy-4895044_1920.jpg,16849,.jpg
cropped_images/images_crop_align_opencv/female/indian/huu-chung-dang-lP02hkcp7H0-unsplash.jpg,19330,.jpg
cropped_images/images_crop_align_opencv/female/indian/india-4869731_1920.jpg,18600,.jpg
cropped_images/images_crop_align_opencv/female/indian/indian-4190972_1920.jpg,20233,.jpg
cropped_images/images_crop_align_opencv/female/indian/indian-4755313_1920.jpg,16828,.jpg
cropped_images/images_crop_align_opencv/female/indian/indian-4755323_1920.jpg,17643,.jpg
cropped_images/images_crop_align_opencv/female/indian/indian-5033667_1920.jpg,17906,.jpg
cropped_images/images_crop_align_opencv/female/indian/indian-5033680_1920.jpg,16158,.jpg
cropped_images/images_crop_align_opencv/female/indian/indian-5033682_1920.jpg,19878,.jpg
cropped_images/images_crop_align_opencv/female/indian/indian-5449593_1920.jpg,15097,.jpg
cropped_images/images_crop_align_opencv/female/indian/indian-girl-4985302_1920.jpg,18749,.jpg
cropped_images/images_crop_align_opencv/female/indian/indian-woman-5092871_1920.jpg,20030,.jpg
cropped_images/images_crop_align_opencv/female/indian/indian-woman-5450102_1920.jpg,12964,.jpg
cropped_images/images_crop_align_opencv/female/indian/jennifer-marquez-9oLwI18NFfY-unsplash.jpg,22950,.jpg
cropped_images/images_crop_align_opencv/female/indian/jewellery-4255833_1920.jpg,17295,.jpg
cropped_images/images_crop_align_opencv/female/indian/joshua-purnell-jiBvOb7A860-unsplash.jpg,14345,.jpg
cropped_images/images_crop_align_opencv/female/indian/juanma-velasquez-la7uU1hQ_nM-unsplash.jpg,13641,.jpg
cropped_images/images_crop_align_opencv/female/indian/julian-florez-LWaFYrn4SfY-unsplash.jpg,12737,.jpg
cropped_images/images_crop_align_opencv/female/indian/juniar-baresi-1g-BQ3wkgWI-unsplash.jpg,18677,.jpg
cropped_images/images_crop_align_opencv/female/indian/jyotirmoy-gupta-AXBsyZVjPLQ-unsplash.jpg,20556,.jpg
cropped_images/images_crop_align_opencv/female/indian/jyotirmoy-gupta-fbUvVn1_ViQ-unsplash.jpg,18517,.jpg
cropped_images/images_crop_align_opencv/female/indian/kunal-goswami-YHSohAq-PuI-unsplash.jpg,18567,.jpg
cropped_images/images_crop_align_opencv/female/indian/latina-4573900_1920.jpg,14401,.jpg
cropped_images/images_crop_align_opencv/female/indian/loren-joseph-11eY-tkB9VU-unsplash.jpg,17641,.jpg
cropped_images/images_crop_align_opencv/female/indian/loren-joseph-jhu22nvxxCw-unsplash.jpg,19771,.jpg
cropped_images/images_crop_align_opencv/female/indian/model-3008722_1920.jpg,26574,.jpg
cropped_images/images_crop_align_opencv/female/indian/model-4255841_1920.jpg,15429,.jpg
cropped_images/images_crop_align_opencv/female/indian/model-4668350_1920.jpg,16751,.jpg
cropped_images/images_crop_align_opencv/female/indian/model-5576784_1920.jpg,19108,.jpg
cropped_images/images_crop_align_opencv/female/indian/model-5576796_1920.jpg,18125,.jpg
cropped_images/images_crop_align_opencv/female/indian/natasha-kasim-BqD0Id4qemc-unsplash.jpg,17656,.jpg
cropped_images/images_crop_align_opencv/female/indian/nature-3110567_1920.jpg,17044,.jpg
cropped_images/images_crop_align_opencv/female/indian/pexels-arif-khan-4595532.jpg,23809,.jpg
cropped_images/images_crop_align_opencv/female/indian/pexels-arvind-shakya-796557.jpg,15343,.jpg
cropped_images/images_crop_align_opencv/female/indian/pexels-azraq-al-rezoan-5151189.jpg,17363,.jpg
cropped_images/images_crop_align_opencv/female/indian/pexels-azraq-al-rezoan-5641188.jpg,14325,.jpg
cropped_images/images_crop_align_opencv/female/indian/pexels-bran-sodre-1856538.jpg,16320,.jpg
cropped_images/images_crop_align_opencv/female/indian/pexels-darshan-peeal-2784078.jpg,6787,.jpg
cropped_images/images_crop_align_opencv/female/indian/pexels-devil-imran-6414067.jpg,14265,.jpg
cropped_images/images_crop_align_opencv/female/indian/pexels-himesh-mehta-3059930.jpg,22576,.jpg
cropped_images/images_crop_align_opencv/female/indian/pexels-jc-romero-3236737.jpg,15404,.jpg
cropped_images/images_crop_align_opencv/female/indian/pexels-kaushal-moradiya-2781201.jpg,16592,.jpg
cropped_images/images_crop_align_opencv/female/indian/pexels-ketut-subiyanto-4307688.jpg,16853,.jpg
cropped_images/images_crop_align_opencv/female/indian/pexels-ketut-subiyanto-4584579.jpg,22898,.jpg
cropped_images/images_crop_align_opencv/female/indian/pexels-kevin-kabore-4966995.jpg,18496,.jpg
cropped_images/images_crop_align_opencv/female/indian/pexels-mabel-lee-2739792.jpg,20674,.jpg
cropped_images/images_crop_align_opencv/female/indian/pexels-mentatdgt-1167134.jpg,17170,.jpg
cropped_images/images_crop_align_opencv/female/indian/pexels-mentatdgt-1306557.jpg,19362,.jpg
cropped_images/images_crop_align_opencv/female/indian/pexels-mentatdgt-2558680.jpg,17097,.jpg
cropped_images/images_crop_align_opencv/female/indian/pexels-miguel-arcanjo-saddi-1213768.jpg,20408,.jpg
cropped_images/images_crop_align_opencv/female/indian/pexels-nandhu-kumar-2703082.jpg,24767,.jpg
cropped_images/images_crop_align_opencv/female/indian/pexels-rafi-ahmed-haven-1253364.jpg,17713,.jpg
cropped_images/images_crop_align_opencv/female/indian/pexels-rahul-pandit-3894370.jpg,17956,.jpg
cropped_images/images_crop_align_opencv/female/indian/pexels-rahul-pandit-5382522.jpg,20366,.jpg
cropped_images/images_crop_align_opencv/female/indian/pexels-shubham-sharma-2912695.jpg,19000,.jpg
cropped_images/images_crop_align_opencv/female/indian/pexels-skg-photography-2270078.jpg,17232,.jpg
cropped_images/images_crop_align_opencv/female/indian/pexels-tima-miroshnichenko-5988665.jpg,13495,.jpg
cropped_images/images_crop_align_opencv/female/indian/pexels-trung-nguyen-2435583.jpg,16966,.jpg
cropped_images/images_crop_align_opencv/female/indian/portrait-4428523_1920.jpg,17526,.jpg
cropped_images/images_crop_align_opencv/female/indian/portrait-4773342_1920.jpg,18726,.jpg
cropped_images/images_crop_align_opencv/female/indian/portrait-5604743_1920.jpg,16029,.jpg
cropped_images/images_crop_align_opencv/female/indian/prom-1476761_1920.jpg,14373,.jpg
cropped_images/images_crop_align_opencv/female/indian/sarah-cervantes-79GLX12EY98-unsplash.jpg,18964,.jpg
cropped_images/images_crop_align_opencv/female/indian/sayan-ghosh-sVDp3cxrDR4-unsplash.jpg,16475,.jpg
cropped_images/images_crop_align_opencv/female/indian/sergio-souza-jzXgkWDL2YM-unsplash.jpg,20942,.jpg
cropped_images/images_crop_align_opencv/female/indian/shifaaz-shamoon-MqLy-G-dBi8-unsp.jpg,17563,.jpg
cropped_images/images_crop_align_opencv/female/indian/shotlist-7sPYFUKOK_8-unsplash.jpg,18110,.jpg
cropped_images/images_crop_align_opencv/female/indian/shy-girl-5942197_1920.jpg,20192,.jpg
cropped_images/images_crop_align_opencv/female/indian/soham-banerjee-22DWv_qBMZo-unsplash.jpg,11536,.jpg
cropped_images/images_crop_align_opencv/female/indian/swarnavo-chakrabarti-1s-7JQTdXY4-unsplash.jpg,18380,.jpg
cropped_images/images_crop_align_opencv/female/indian/sylvester-dsouza-LAprsXXH-Nc-unsplash.jpg,16616,.jpg
cropped_images/images_crop_align_opencv/female/indian/teenager-475189_1920.jpg,19562,.jpg
cropped_images/images_crop_align_opencv/female/indian/thanks-1209247_1920.jpg,15673,.jpg
cropped_images/images_crop_align_opencv/female/indian/ursula-spaulding-_B_UiKIAo20-unsplash.jpg,25150,.jpg
cropped_images/images_crop_align_opencv/female/indian/vaibhav-nagare-oM20muBHP_4-unsplash.jpg,16930,.jpg
cropped_images/images_crop_align_opencv/female/indian/weeding-4207311_1920.jpg,19483,.jpg
cropped_images/images_crop_align_opencv/female/indian/woman-3105856_1920.jpg,16921,.jpg
cropped_images/images_crop_align_opencv/female/indian/woman-3146093_1920.jpg,19262,.jpg
cropped_images/images_crop_align_opencv/female/indian/woman-4456917_1920.jpg,8941,.jpg
cropped_images/images_crop_align_opencv/female/indian/woman-5267153_1920.jpg,18819,.jpg
cropped_images/images_crop_align_opencv/female/indian/woman-5576751_1920.jpg,20281,.jpg
cropped_images/images_crop_align_opencv/female/indian/woman-5604742_1920.jpg,13919,.jpg
cropped_images/images_crop_align_opencv/female/indian/woman-5910803_1920.jpg,18861,.jpg
cropped_images/images_crop_align_opencv/female/indian/woman-5922147_1920.jpg,19487,.jpg
cropped_images/images_crop_align_opencv/female/indian/woman-5922149_1920.jpg,21010,.jpg
cropped_images/images_crop_align_opencv/female/indian/woman-761642_1920.jpg,16618,.jpg
cropped_images/images_crop_align_opencv/female/indian/woman-smiling-1057659_1920.jpg,20906,.jpg
cropped_images/images_crop_align_opencv/female/indian/women-4419736_1920.jpg,17638,.jpg
cropped_images/images_crop_align_opencv/female/indian/yogendra-singh-2W1bkp_Mie4-unsplash.jpg,13169,.jpg
cropped_images/images_crop_align_opencv/female/indian/yogendra-singh-Sx00bDu24_k-unsplash.jpg,14875,.jpg
cropped_images/images_crop_align_opencv/female/indian/young-1822685_1920.jpg,16835,.jpg
cropped_images/images_crop_align_opencv/female/indian/youth-3983781_1920.jpg,17990,.jpg
cropped_images/images_crop_align_opencv/female/indian/zhang-kaiyv-voWjZ-NIrqo-unsplash.jpg,18733,.jpg
cropped_images/images_crop_align_opencv/female/mideastern/17.jpg,22518,.jpg
cropped_images/images_crop_align_opencv/female/mideastern/24.jpg,21392,.jpg
cropped_images/images_crop_align_opencv/female/mideastern/29.jpg,15072,.jpg
cropped_images/images_crop_align_opencv/female/mideastern/3.jpg,18774,.jpg
cropped_images/images_crop_align_opencv/female/mideastern/41.jpg,16917,.jpg
cropped_images/images_crop_align_opencv/female/mideastern/53.jpg,20833,.jpg
cropped_images/images_crop_align_opencv/female/mideastern/56.jpg,15506,.jpg
cropped_images/images_crop_align_opencv/female/mideastern/abi-lewis-5f8i3ckEswk-unsplash.jpg,14849,.jpg
cropped_images/images_crop_align_opencv/female/mideastern/alan-santana-0HEgM6UpGPY-unsplash.jpg,18631,.jpg
cropped_images/images_crop_align_opencv/female/mideastern/alex-michaelsen-twXWoTWOUeQ-unsplash.jpg,15089,.jpg
cropped_images/images_crop_align_opencv/female/mideastern/alexandru-zdrobau-BGz8vO3pK8k-unsplash.jpg,14960,.jpg
cropped_images/images_crop_align_opencv/female/mideastern/ali-pazani-4GSOe3Dl314-unsplash.jpg,14962,.jpg
cropped_images/images_crop_align_opencv/female/mideastern/alireza-esmaeeli-JfR_6qzips8-unsplash.jpg,15015,.jpg
cropped_images/images_crop_align_opencv/female/mideastern/allef-vinicius-BqNEe_ZAtxg-unsplash.jpg,15628,.jpg
cropped_images/images_crop_align_opencv/female/mideastern/allef-vinicius-yOp7FXdn3cM-unsplash.jpg,14079,.jpg
cropped_images/images_crop_align_opencv/female/mideastern/ana-itonishvili-12KpxzD4iis-unsplash.jpg,18585,.jpg
cropped_images/images_crop_align_opencv/female/mideastern/ana-itonishvili-tsqu8UcbL3w-unsplash.jpg,12472,.jpg
cropped_images/images_crop_align_opencv/female/mideastern/aranprime-hwzLBk3079Q-unsplash.jpg,16055,.jpg
cropped_images/images_crop_align_opencv/female/mideastern/ashkan-forouzani-SNYaOnl22u8-unsplash.jpg,19731,.jpg
cropped_images/images_crop_align_opencv/female/mideastern/bardia-hashemirad-3P7jxpEgkC4-unsplash.jpg,16836,.jpg
cropped_images/images_crop_align_opencv/female/mideastern/barry-fitzsimmons-FdPjKwHWqPo-unsplash.jpg,25420,.jpg
cropped_images/images_crop_align_opencv/female/mideastern/cafe-4730085_1920.jpg,17051,.jpg
cropped_images/images_crop_align_opencv/female/mideastern/carlos-lindner-cMGFhR6YCZM-unsplash.jpg,24283,.jpg
cropped_images/images_crop_align_opencv/female/mideastern/cristian-newman-f49XhYbpiA0-unsplash.jpg,18688,.jpg
cropped_images/images_crop_align_opencv/female/mideastern/d10.jpg,21554,.jpg
cropped_images/images_crop_align_opencv/female/mideastern/d2.jpg,20350,.jpg
cropped_images/images_crop_align_opencv/female/mideastern/daniel-tong-Vaznn9k5GqQ-unsplash.jpg,17653,.jpg
cropped_images/images_crop_align_opencv/female/mideastern/daniil-lobachev-XAo09LtQiAQ-unsplash.jpg,19763,.jpg
cropped_images/images_crop_align_opencv/female/mideastern/davidcohen-U6VDR7S3afY-unsplash.jpg,17230,.jpg
cropped_images/images_crop_align_opencv/female/mideastern/derek-perez-I-MGoMKFWpE-unsplash.jpg,15949,.jpg
cropped_images/images_crop_align_opencv/female/mideastern/dev-asangbam-AJOka3Plw6g-unsplash.jpg,15456,.jpg
cropped_images/images_crop_align_opencv/female/mideastern/dimitri-bong-2M45kvvIC-4-unsplash.jpg,19441,.jpg
cropped_images/images_crop_align_opencv/female/mideastern/face-2432004_1920.jpg,18245,.jpg
cropped_images/images_crop_align_opencv/female/mideastern/ghaly-wedinly-K07jvi25Qxg-unsplash.jpg,19550,.jpg
cropped_images/images_crop_align_opencv/female/mideastern/girl-1360874_1920.jpg,18495,.jpg
cropped_images/images_crop_align_opencv/female/mideastern/girl-1364014_1920.jpg,19135,.jpg
cropped_images/images_crop_align_opencv/female/mideastern/girl-1518158_1920.jpg,18664,.jpg
cropped_images/images_crop_align_opencv/female/mideastern/girl-2651718_1920.jpg,18224,.jpg
cropped_images/images_crop_align_opencv/female/mideastern/girl-3551364_1920.jpg,19677,.jpg
cropped_images/images_crop_align_opencv/female/mideastern/gursimrat-ganda-KrCDlVjrMsQ-unsplash.jpg,18370,.jpg
cropped_images/images_crop_align_opencv/female/mideastern/gustavo-lanes-neFlyoPfCRM-unsplash.jpg,14475,.jpg
cropped_images/images_crop_align_opencv/female/mideastern/hamid-tajik-QXbJ3yhMNK4-unsplash.jpg,20569,.jpg
cropped_images/images_crop_align_opencv/female/mideastern/hamid-tajik-uvnApE6gmnM-unsplash.jpg,18207,.jpg
cropped_images/images_crop_align_opencv/female/mideastern/hamza-nouasria-1H52tHTJPiI-unsplash.jpg,15785,.jpg
cropped_images/images_crop_align_opencv/female/mideastern/hijab-5009607_1920.jpg,21308,.jpg
cropped_images/images_crop_align_opencv/female/mideastern/hisu-lee-NayZJyAK8vg-unsplash.jpg,16588,.jpg
cropped_images/images_crop_align_opencv/female/mideastern/houcine-ncib-2Qg42qfZpRo-unsplash.jpg,19150,.jpg
cropped_images/images_crop_align_opencv/female/mideastern/houcine-ncib-JInbeCEqTbs-unsplash.jpg,17230,.jpg
cropped_images/images_crop_align_opencv/female/mideastern/humphrey-muleba-38dk7QXDBzs-unsplash.jpg,18239,.jpg
cropped_images/images_crop_align_opencv/female/mideastern/imad-clicks-2_qmEnz7bQ4-unsplash.jpg,15907,.jpg
cropped_images/images_crop_align_opencv/female/mideastern/jakob-owens-HjL1JGnuh3o-unsplash.jpg,16472,.jpg
cropped_images/images_crop_align_opencv/female/mideastern/jamill-del-rosario-jn3w2ouoPv4-unsplash.jpg,14079,.jpg
cropped_images/images_crop_align_opencv/female/mideastern/jan-kopriva-VKHv4GLr5O0-unsplash.jpg,26894,.jpg
cropped_images/images_crop_align_opencv/female/mideastern/jeffrey-wegrzyn-It0_SCr3AF4-unsplash.jpg,17485,.jpg
cropped_images/images_crop_align_opencv/female/mideastern/joao-paulo-de-souza-oliveira-7-CSeYLI-KM-unsplash.jpg,16806,.jpg
cropped_images/images_crop_align_opencv/female/mideastern/joao-paulo-de-souza-oliveira-PK5HVHRWYa8-unsplash.jpg,16539,.jpg
cropped_images/images_crop_align_opencv/female/mideastern/jonathan-borba-5rQG1mib90I-unspl.jpg,19963,.jpg
cropped_images/images_crop_align_opencv/female/mideastern/jonathan-borba-5rQG1mib90I-unsplash.jpg,18672,.jpg
cropped_images/images_crop_align_opencv/female/mideastern/jordan-dca_s9Wy8c0-unsplash.jpg,19600,.jpg
cropped_images/images_crop_align_opencv/female/mideastern/joshua-rawson-harris-eMDcPM6bqVc-unsplash.jpg,16638,.jpg
cropped_images/images_crop_align_opencv/female/mideastern/julian-florez-l5rmMuK8070-unsplash.jpg,17270,.jpg
cropped_images/images_crop_align_opencv/female/mideastern/july-brenda-gonzales-callapaza-DEseREQoXPQ-unsplash.jpg,16320,.jpg
cropped_images/images_crop_align_opencv/female/mideastern/jyotirmoy-gupta-fpBNEz7N14s-unsplash.jpg,21661,.jpg
cropped_images/images_crop_align_opencv/female/mideastern/kal-visuals-b1Hg7QI-zcc-unsplash.jpg,21955,.jpg
cropped_images/images_crop_align_opencv/female/mideastern/kamal-alkhatib-IETO_Z0BrsE-unsplash (1).jpg,16168,.jpg
cropped_images/images_crop_align_opencv/female/mideastern/kamal-alkhatib-ZG531DsOagU-unsplash.jpg,18887,.jpg
cropped_images/images_crop_align_opencv/female/mideastern/karthik-pillai-jF9aTJ_T_Tw-unsplash.jpg,12152,.jpg
cropped_images/images_crop_align_opencv/female/mideastern/khaled-ghareeb-xZSEvSlHRv8-unsplash.jpg,16214,.jpg
cropped_images/images_crop_align_opencv/female/mideastern/kirill-balobanov-Ef3AOkt6hHg-unsplash.jpg,18633,.jpg
cropped_images/images_crop_align_opencv/female/mideastern/kirill-balobanov-sRPbVu7FOsw-unsplash.jpg,16046,.jpg
cropped_images/images_crop_align_opencv/female/mideastern/kunal-goswami-YHSohAq-PuI-unsplash.jpg,18567,.jpg
cropped_images/images_crop_align_opencv/female/mideastern/latin-4793762_1920.jpg,14396,.jpg
cropped_images/images_crop_align_opencv/female/mideastern/little-2192347_1920.jpg,12789,.jpg
cropped_images/images_crop_align_opencv/female/mideastern/little-girl-5912824_1920.jpg,15774,.jpg
cropped_images/images_crop_align_opencv/female/mideastern/luiza-braun-f11edIs0_ZU-unsplash.jpg,18111,.jpg
cropped_images/images_crop_align_opencv/female/mideastern/luke-braswell-oYFv-_JKsVk-unsplash.jpg,15190,.jpg
cropped_images/images_crop_align_opencv/female/mideastern/mia-cambriello-dQgKjETjqDg-unsplash.jpg,14742,.jpg
cropped_images/images_crop_align_opencv/female/mideastern/model-4606802_1920.jpg,15587,.jpg
cropped_images/images_crop_align_opencv/female/mideastern/model-5029025_1920.jpg,17865,.jpg
cropped_images/images_crop_align_opencv/female/mideastern/mosoianu-bogdan-eY1_nQs9aNI-unsplash.jpg,22461,.jpg
cropped_images/images_crop_align_opencv/female/mideastern/mukul-kumar-OYFdvoK6z6Y-unsplash.jpg,13935,.jpg
cropped_images/images_crop_align_opencv/female/mideastern/muslim-5016604_1920.jpg,18077,.jpg
cropped_images/images_crop_align_opencv/female/mideastern/muslim-5016606_1920.jpg,17530,.jpg
cropped_images/images_crop_align_opencv/female/mideastern/nathan-bingle-Rmdja7-az8M-unsplash.jpg,16371,.jpg
cropped_images/images_crop_align_opencv/female/mideastern/omid-armin-2HUKJuFRemE-unsplash.jpg,23425,.jpg
cropped_images/images_crop_align_opencv/female/mideastern/oscar-nord-1UJNl0Ffhw8-unsplash.jpg,14818,.jpg
cropped_images/images_crop_align_opencv/female/mideastern/ospan-ali-ue9wiyU842k-unsplash.jpg,15669,.jpg
cropped_images/images_crop_align_opencv/female/mideastern/pexels-andrea-piacquadio-3762807.jpg,17115,.jpg
cropped_images/images_crop_align_opencv/female/mideastern/pexels-anna-tarazevich-5119587.jpg,17710,.jpg
cropped_images/images_crop_align_opencv/female/mideastern/pexels-anubhaw-anand-3263992.jpg,15461,.jpg
cropped_images/images_crop_align_opencv/female/mideastern/pexels-arsham-haghani-3536991.jpg,16184,.jpg
cropped_images/images_crop_align_opencv/female/mideastern/pexels-artem-podrez-5125221.jpg,21035,.jpg
cropped_images/images_crop_align_opencv/female/mideastern/pexels-bharat-kumar-2055033.jpg,14827,.jpg
cropped_images/images_crop_align_opencv/female/mideastern/pexels-bran-sodre-1852345.jpg,15876,.jpg
cropped_images/images_crop_align_opencv/female/mideastern/pexels-engin-akyurt-3168993.jpg,15270,.jpg
cropped_images/images_crop_align_opencv/female/mideastern/pexels-fauzan-ahmad-muzakky-2698444.jpg,22699,.jpg
cropped_images/images_crop_align_opencv/female/mideastern/pexels-fotografierende-1793059.jpg,15496,.jpg
cropped_images/images_crop_align_opencv/female/mideastern/pexels-lucas-macario-1891709.jpg,19946,.jpg
cropped_images/images_crop_align_opencv/female/mideastern/pexels-marlon-alves-3935356.jpg,16316,.jpg
cropped_images/images_crop_align_opencv/female/mideastern/pexels-matheus-henrin-2071150.jpg,19194,.jpg
cropped_images/images_crop_align_opencv/female/mideastern/pexels-mohamed-abdelgaffar-1684304.jpg,15917,.jpg
cropped_images/images_crop_align_opencv/female/mideastern/pexels-mohamed-abdelgaffar-1698731.jpg,16242,.jpg
cropped_images/images_crop_align_opencv/female/mideastern/pexels-mohamed-abdelgaffar-764529.jpg,15506,.jpg
cropped_images/images_crop_align_opencv/female/mideastern/pexels-ricael-sousa-1837158.jpg,16532,.jpg
cropped_images/images_crop_align_opencv/female/mideastern/pexels-rodnae-productions-4911079.jpg,21551,.jpg
cropped_images/images_crop_align_opencv/female/mideastern/pexels-samad-ismayilov-786858.jpg,18316,.jpg
cropped_images/images_crop_align_opencv/female/mideastern/pexels-the-lazy-artist-gallery-1149840.jpg,15361,.jpg
cropped_images/images_crop_align_opencv/female/mideastern/pexels-toni-ph-2040376.jpg,19850,.jpg
cropped_images/images_crop_align_opencv/female/mideastern/pexels-wesley-rocha-3797438.jpg,21802,.jpg
cropped_images/images_crop_align_opencv/female/mideastern/portrait-2650253_1920.jpg,16638,.jpg
cropped_images/images_crop_align_opencv/female/mideastern/portrait-5554731_1920.jpg,18512,.jpg
cropped_images/images_crop_align_opencv/female/mideastern/pratik-gupta--LXaJgKwxzs-unsplash.jpg,17076,.jpg
cropped_images/images_crop_align_opencv/female/mideastern/qasim-sadiq-A4FN0SPut6w-unsplash.jpg,22209,.jpg
cropped_images/images_crop_align_opencv/female/mideastern/raamin-ka-4eOyl_iUQB8-unsplash.jpg,16368,.jpg
cropped_images/images_crop_align_opencv/female/mideastern/raamin-ka-4lQmQ_DBbNc-unsplash.jpg,15126,.jpg
cropped_images/images_crop_align_opencv/female/mideastern/raamin-ka-FfZRzlmFsvY-unsplash.jpg,13770,.jpg
cropped_images/images_crop_align_opencv/female/mideastern/raamin-ka-hdra4gfbznU-unsplash.jpg,16795,.jpg
cropped_images/images_crop_align_opencv/female/mideastern/ronny-sison-7eDUHk7Jb_o-unsplash.jpg,14671,.jpg
cropped_images/images_crop_align_opencv/female/mideastern/s-jDpjN4U5mxE-unsplash - ╕▒▒╛.jpg,13590,.jpg
cropped_images/images_crop_align_opencv/female/mideastern/s-jDpjN4U5mxE-unsplash.jpg,13590,.jpg
cropped_images/images_crop_align_opencv/female/mideastern/sandeep-swarnkar-o2Bl6Y9hPos-unsplash.jpg,14764,.jpg
cropped_images/images_crop_align_opencv/female/mideastern/sayan-ghosh-ZRVmiVKFMDs-unsplash.jpg,19111,.jpg
cropped_images/images_crop_align_opencv/female/mideastern/shahin-khalaji-Fwp2mRiD7N4-unsplash.jpg,12488,.jpg
cropped_images/images_crop_align_opencv/female/mideastern/shalom-de-leon-QsqKwK09TUI-unsplash.jpg,15072,.jpg
cropped_images/images_crop_align_opencv/female/mideastern/smile-2504329_1920.jpg,16749,.jpg
cropped_images/images_crop_align_opencv/female/mideastern/sour-moha-Uxo2j3rJq5Y-unsplash.jpg,17795,.jpg
cropped_images/images_crop_align_opencv/female/mideastern/the-creative-exchange-UhpAf0ySwuk-unsplash - ╕▒▒╛.jpg,19223,.jpg
cropped_images/images_crop_align_opencv/female/mideastern/the-creative-exchange-UhpAf0ySwuk-unsplash.jpg,19223,.jpg
cropped_images/images_crop_align_opencv/female/mideastern/the-model-shows-makeup-4600504_1920.jpg,18322,.jpg
cropped_images/images_crop_align_opencv/female/mideastern/tyler-nix-aSIw_EnF71g-unsplash.jpg,18029,.jpg
cropped_images/images_crop_align_opencv/female/mideastern/wall-3449760_1920.jpg,15591,.jpg
cropped_images/images_crop_align_opencv/female/mideastern/warrior-1240995_1920.jpg,19212,.jpg
cropped_images/images_crop_align_opencv/female/mideastern/wesley-tingey-oeEqKb7gTrk-unsplash.jpg,12792,.jpg
cropped_images/images_crop_align_opencv/female/mideastern/woman-1284347_1920.jpg,14601,.jpg
cropped_images/images_crop_align_opencv/female/mideastern/woman-1462682_1920.jpg,17083,.jpg
cropped_images/images_crop_align_opencv/female/mideastern/woman-1584341_1280.jpg,16671,.jpg
cropped_images/images_crop_align_opencv/female/mideastern/woman-2465429_1920.jpg,14369,.jpg
cropped_images/images_crop_align_opencv/female/mideastern/woman-3182019_1920.jpg,19755,.jpg
cropped_images/images_crop_align_opencv/female/mideastern/woman-3950652_1920.jpg,23469,.jpg
cropped_images/images_crop_align_opencv/female/mideastern/yogendra-singh-AlpBsZF_uXM-unsplash.jpg,18501,.jpg
cropped_images/images_crop_align_opencv/male/asian/125.jpg,20441,.jpg
cropped_images/images_crop_align_opencv/male/asian/137.jpg,18868,.jpg
cropped_images/images_crop_align_opencv/male/asian/141.jpg,20586,.jpg
cropped_images/images_crop_align_opencv/male/asian/alexandre-debieve-xbeKrAgzGhQ-unsplash.jpg,15797,.jpg
cropped_images/images_crop_align_opencv/male/asian/ali-yahya-155huuQwGvA-unsplash.jpg,20316,.jpg
cropped_images/images_crop_align_opencv/male/asian/angelo-abear-XDevBdyfMD8-unsplash.jpg,15071,.jpg
cropped_images/images_crop_align_opencv/male/asian/aryo-lahap-ZVc4Zg4TY8s-unsplash.jpg,19586,.jpg
cropped_images/images_crop_align_opencv/male/asian/aserusainhuu-veaARmpXY88-unsplash.jpg,20360,.jpg
cropped_images/images_crop_align_opencv/male/asian/ash-edmonds-AxtUIbOIPBE-unsplash.jpg,14556,.jpg
cropped_images/images_crop_align_opencv/male/asian/bibek-thakuri-J_9xThkkGEM-unsplash.jpg,16571,.jpg
cropped_images/images_crop_align_opencv/male/asian/billow-926-7j50lTjDc9o-unsplash.jpg,16534,.jpg
cropped_images/images_crop_align_opencv/male/asian/boy-4393262_1920.jpg,17340,.jpg
cropped_images/images_crop_align_opencv/male/asian/boy-4445663_1920.jpg,15973,.jpg
cropped_images/images_crop_align_opencv/male/asian/boy-4746524_1920.jpg,15714,.jpg
cropped_images/images_crop_align_opencv/male/asian/boy-4754320_1920.jpg,15795,.jpg
cropped_images/images_crop_align_opencv/male/asian/brendan-hollis-00pYNLXfhFI-unsplash.jpg,19140,.jpg
cropped_images/images_crop_align_opencv/male/asian/bride-5867605_1920.jpg,14484,.jpg
cropped_images/images_crop_align_opencv/male/asian/bridgette-chen-unyQ2AkhKgM-unsplash.jpg,14172,.jpg
cropped_images/images_crop_align_opencv/male/asian/businessman-1247947_1920.jpg,14389,.jpg
cropped_images/images_crop_align_opencv/male/asian/capturing-the-human-heart-i9uIhSlOWYc-unsplash.jpg,20933,.jpg
cropped_images/images_crop_align_opencv/male/asian/career-451281_1920.jpg,19599,.jpg
cropped_images/images_crop_align_opencv/male/asian/chelms-varthoumlien-yok4LRlBEEI-unsplash.jpg,17496,.jpg
cropped_images/images_crop_align_opencv/male/asian/chris-hardy-SS0PaWpkm8w-unsplash.jpg,17638,.jpg
cropped_images/images_crop_align_opencv/male/asian/christian-senan-BN2VEGCf140-unsplash.jpg,14546,.jpg
cropped_images/images_crop_align_opencv/male/asian/christian-senan-KW4JsQp8zGU-unsplash.jpg,13589,.jpg
cropped_images/images_crop_align_opencv/male/asian/commercial-3264998_1920.jpg,15477,.jpg
cropped_images/images_crop_align_opencv/male/asian/credit-card-1599787_1920.jpg,18039,.jpg
cropped_images/images_crop_align_opencv/male/asian/dale-alejandro-QbCiAUrFjag-unsplash.jpg,14497,.jpg
cropped_images/images_crop_align_opencv/male/asian/dale-alejandro-RYrMPoxzaZ0-unsplash.jpg,16808,.jpg
cropped_images/images_crop_align_opencv/male/asian/darshan-patel-QJEVpydulGs-unsplash.jpg,18087,.jpg
cropped_images/images_crop_align_opencv/male/asian/dev-asangbam-Ox_mKPMBpTw-unsplash.jpg,17661,.jpg
cropped_images/images_crop_align_opencv/male/asian/dhimas-arya-ROuU8ayA8_w-unsplash.jpg,13173,.jpg
cropped_images/images_crop_align_opencv/male/asian/doil-oh-v15GcVql4CM-unsplash.jpg,14294,.jpg
cropped_images/images_crop_align_opencv/male/asian/dominic-blignaut-VZgm7GtN-cU-unsplash.jpg,14439,.jpg
cropped_images/images_crop_align_opencv/male/asian/face-1223346_1920.jpg,15768,.jpg
cropped_images/images_crop_align_opencv/male/asian/face-1391628_1920.jpg,15619,.jpg
cropped_images/images_crop_align_opencv/male/asian/fahmi-anwar-dBtBDtiM780-unsplash.jpg,17436,.jpg
cropped_images/images_crop_align_opencv/male/asian/farhan-shaikh-iylgKUdIljc-unsplash.jpg,21200,.jpg
cropped_images/images_crop_align_opencv/male/asian/fikran-jabbart-dZ6SQ0d-IVc-unsplash.jpg,15094,.jpg
cropped_images/images_crop_align_opencv/male/asian/filipe-almeida-mnEWC72eWDM-unsplash.jpg,23401,.jpg
cropped_images/images_crop_align_opencv/male/asian/g_2.jpg,20341,.jpg
cropped_images/images_crop_align_opencv/male/asian/gabriel-tovar-E6gYWTFDsQI-unsplash.jpg,17555,.jpg
cropped_images/images_crop_align_opencv/male/asian/gabriel-tovar-RDf0qh6VvQ0-unsplash.jpg,16880,.jpg
cropped_images/images_crop_align_opencv/male/asian/gabriel-tovar-xF6HoP2oy74-unsplash.jpg,15533,.jpg
cropped_images/images_crop_align_opencv/male/asian/george-rinon-rJSfWc6qSI8-unsplash.jpg,12343,.jpg
cropped_images/images_crop_align_opencv/male/asian/groom-1731035_1920.jpg,17184,.jpg
cropped_images/images_crop_align_opencv/male/asian/guy1.jpg,20948,.jpg
cropped_images/images_crop_align_opencv/male/asian/guy13.jpg,15619,.jpg
cropped_images/images_crop_align_opencv/male/asian/guy4.jpg,18342,.jpg
cropped_images/images_crop_align_opencv/male/asian/ha-nguy-n-CelYET8aK68-unsplash.jpg,16317,.jpg
cropped_images/images_crop_align_opencv/male/asian/ha-nguy-n-OFSQ6bHjFjs-unsplash.jpg,16340,.jpg
cropped_images/images_crop_align_opencv/male/asian/handsome-guy-5891610_1920.jpg,16550,.jpg
cropped_images/images_crop_align_opencv/male/asian/herbal-medicine-1182254_1920.jpg,17787,.jpg
cropped_images/images_crop_align_opencv/male/asian/huy-le-XibZiVSku68-unsplash.jpg,10908,.jpg
cropped_images/images_crop_align_opencv/male/asian/ibuki-tsubo-xQOy5w4waCk-unsplash.jpg,17609,.jpg
cropped_images/images_crop_align_opencv/male/asian/igor-figueredo-WZhygX_blqg-unsplash.jpg,11210,.jpg
cropped_images/images_crop_align_opencv/male/asian/imansyah-muhamad-putera-KchIV_GDy6U-unsplash.jpg,16358,.jpg
cropped_images/images_crop_align_opencv/male/asian/imansyah-muhamad-putera-n4KewLKFOZw-unsplash.jpg,16736,.jpg
cropped_images/images_crop_align_opencv/male/asian/ivan-c-fajardo-qDfKLhq3q5I-unsplash.jpg,16045,.jpg
cropped_images/images_crop_align_opencv/male/asian/jassir-jonis-dS6a-NAqbII-unsplash.jpg,18487,.jpg
cropped_images/images_crop_align_opencv/male/asian/jiangxulei1990-U3G3ed8-BT4-unsplash.jpg,17055,.jpg
cropped_images/images_crop_align_opencv/male/asian/joseph-gonzalez-iFgRcqHznqg-unsplash.jpg,18342,.jpg
cropped_images/images_crop_align_opencv/male/asian/juan-encalada-WC7KIHo13Fc-unsplash.jpg,19417,.jpg
cropped_images/images_crop_align_opencv/male/asian/kahar-erbol-ifl-af6d_0c-unsplash.jpg,22666,.jpg
cropped_images/images_crop_align_opencv/male/asian/kaylyn-mok-VoO6z6Ffx0I-unsplash.jpg,18900,.jpg
cropped_images/images_crop_align_opencv/male/asian/landovan-4aSkbR8Kdwk-unsplash.jpg,16428,.jpg
cropped_images/images_crop_align_opencv/male/asian/lars-zhang-Emvn9asFvPw-unsplash.jpg,18582,.jpg
cropped_images/images_crop_align_opencv/male/asian/lars-zhang-jVmrOAO4hZ0-unsplash.jpg,16094,.jpg
cropped_images/images_crop_align_opencv/male/asian/leo-sagala-ImCWS7xydLY-unsplash.jpg,14670,.jpg
cropped_images/images_crop_align_opencv/male/asian/liam-martens-W3ANdzEvdZE-unsplash.jpg,13833,.jpg
cropped_images/images_crop_align_opencv/male/asian/long-truong-kVNadxWFsGM-unsplash.jpg,15569,.jpg
cropped_images/images_crop_align_opencv/male/asian/man-2702805_1920.jpg,15150,.jpg
cropped_images/images_crop_align_opencv/male/asian/man-537136_1920.jpg,17608,.jpg
cropped_images/images_crop_align_opencv/male/asian/mark-decile-6K_081J_d5A-unsplash.jpg,16745,.jpg
cropped_images/images_crop_align_opencv/male/asian/marsha-dhita-uHIN59WI_zc-unsplash.jpg,19369,.jpg
cropped_images/images_crop_align_opencv/male/asian/mason-wilkes-TMgQMXoglsM-unsplash.jpg,17251,.jpg
cropped_images/images_crop_align_opencv/male/asian/mathieu-neuilly-BTBAoU_taRU-unsplash.jpg,17764,.jpg
cropped_images/images_crop_align_opencv/male/asian/md-duran-CY6HTDht5FI-unsplash.jpg,15995,.jpg
cropped_images/images_crop_align_opencv/male/asian/model-2911332_1920.jpg,17177,.jpg
cropped_images/images_crop_align_opencv/male/asian/model-2911363_1920.jpg,16436,.jpg
cropped_images/images_crop_align_opencv/male/asian/monk-186094_1920.jpg,18300,.jpg
cropped_images/images_crop_align_opencv/male/asian/nathan-dumlao-woZEuvPV3to-unsplash.jpg,17948,.jpg
cropped_images/images_crop_align_opencv/male/asian/national-cancer-institute-kooSjlL8LnQ-unsplash.jpg,15171,.jpg
cropped_images/images_crop_align_opencv/male/asian/niklas-veenhuis-wMlBf99Uyss-unsplash.jpg,15746,.jpg
cropped_images/images_crop_align_opencv/male/asian/parents-2305916_1920.jpg,19643,.jpg
cropped_images/images_crop_align_opencv/male/asian/people-1731137_1920.jpg,16767,.jpg
cropped_images/images_crop_align_opencv/male/asian/pexels-andrea-piacquadio-3761521.jpg,17107,.jpg
cropped_images/images_crop_align_opencv/male/asian/pexels-ba-phi-1182128.jpg,16538,.jpg
cropped_images/images_crop_align_opencv/male/asian/pexels-ba-phi-1339536.jpg,22283,.jpg
cropped_images/images_crop_align_opencv/male/asian/pexels-ba-phi-1752126.jpg,19697,.jpg
cropped_images/images_crop_align_opencv/male/asian/pexels-chevanon-photography-2421934.jpg,20583,.jpg
cropped_images/images_crop_align_opencv/male/asian/pexels-cottonbro-5319510.jpg,14249,.jpg
cropped_images/images_crop_align_opencv/male/asian/pexels-cottonbro-5529905.jpg,19311,.jpg
cropped_images/images_crop_align_opencv/male/asian/pexels-cottonbro-5532846.jpg,18749,.jpg
cropped_images/images_crop_align_opencv/male/asian/pexels-gabby-k-5384445.jpg,18807,.jpg
cropped_images/images_crop_align_opencv/male/asian/pexels-gatot-adri-2693621.jpg,16089,.jpg
cropped_images/images_crop_align_opencv/male/asian/pexels-griffin-wooldridge-3970083.jpg,16317,.jpg
cropped_images/images_crop_align_opencv/male/asian/pexels-gustav-lundborg-2007119.jpg,16759,.jpg
cropped_images/images_crop_align_opencv/male/asian/pexels-jameson-mallari-atenta-2872703.jpg,12222,.jpg
cropped_images/images_crop_align_opencv/male/asian/pexels-jameson-mallari-atenta-3008355.jpg,19241,.jpg
cropped_images/images_crop_align_opencv/male/asian/pexels-jermaine-ulinwa-3289153.jpg,15252,.jpg
cropped_images/images_crop_align_opencv/male/asian/pexels-joen-nguyen-2599510.jpg,17754,.jpg
cropped_images/images_crop_align_opencv/male/asian/pexels-juan-n-gomez-2589650.jpg,19149,.jpg
cropped_images/images_crop_align_opencv/male/asian/pexels-kaniseeyapose-2751061.jpg,20150,.jpg
cropped_images/images_crop_align_opencv/male/asian/pexels-ketut-subiyanto-4473405.jpg,18572,.jpg
cropped_images/images_crop_align_opencv/male/asian/pexels-luc-marshall-1671396.jpg,13900,.jpg
cropped_images/images_crop_align_opencv/male/asian/pexels-luthfi-ramaditya-1747178.jpg,15359,.jpg
cropped_images/images_crop_align_opencv/male/asian/pexels-min-an-1153351.jpg,17325,.jpg
cropped_images/images_crop_align_opencv/male/asian/pexels-min-an-1157461.jpg,15681,.jpg
cropped_images/images_crop_align_opencv/male/asian/pexels-min-an-751204.jpg,17087,.jpg
cropped_images/images_crop_align_opencv/male/asian/pexels-min-an-752802.jpg,15739,.jpg
cropped_images/images_crop_align_opencv/male/asian/pexels-min-an-898768.jpg,18576,.jpg
cropped_images/images_crop_align_opencv/male/asian/pexels-min-an-991217.jpg,17703,.jpg
cropped_images/images_crop_align_opencv/male/asian/pexels-padli-pradana-3751857.jpg,14859,.jpg
cropped_images/images_crop_align_opencv/male/asian/pexels-satyabrata-das-6605720.jpg,16841,.jpg
cropped_images/images_crop_align_opencv/male/asian/pexels-saul-joseph-2846602.jpg,20492,.jpg
cropped_images/images_crop_align_opencv/male/asian/pexels-sigit-hidayat-1767557.jpg,19076,.jpg
cropped_images/images_crop_align_opencv/male/asian/pexels-sultan-raimosan-6125903.jpg,16911,.jpg
cropped_images/images_crop_align_opencv/male/asian/pexels-zorro-zombie-1261998.jpg,20226,.jpg
cropped_images/images_crop_align_opencv/male/asian/portrait-3756873_1920.jpg,18299,.jpg
cropped_images/images_crop_align_opencv/male/asian/raphiell-alfaridzy-ME-7JcPzt80-unsplash.jpg,14620,.jpg
cropped_images/images_crop_align_opencv/male/asian/sane-sodbayar-KhrbDMmnF8I-unsplash.jpg,16756,.jpg
cropped_images/images_crop_align_opencv/male/asian/sarad-shrestha-i1okjBPfPlY-unsplash.jpg,14168,.jpg
cropped_images/images_crop_align_opencv/male/asian/simon-marsault-ZNaL-IDTbZc-unsplash.jpg,15157,.jpg
cropped_images/images_crop_align_opencv/male/asian/sport-1815798_1920.jpg,15938,.jpg
cropped_images/images_crop_align_opencv/male/asian/stand-alone-1686740_1920.jpg,15693,.jpg
cropped_images/images_crop_align_opencv/male/asian/staring-3547110_1920.jpg,20667,.jpg
cropped_images/images_crop_align_opencv/male/asian/stephanie-nakagawa-ADSKIn0ScDg-unsplash.jpg,19204,.jpg
cropped_images/images_crop_align_opencv/male/asian/tanjir-ahmed-chowdhury-rXyJjeDdWVk-unsplash.jpg,14149,.jpg
cropped_images/images_crop_align_opencv/male/asian/teeth-977208_1920.jpg,17968,.jpg
cropped_images/images_crop_align_opencv/male/asian/the-landscape-3245475_1920.jpg,16147,.jpg
cropped_images/images_crop_align_opencv/male/asian/tran-thanh-uOyRSCT0O10-unsplash.jpg,15093,.jpg
cropped_images/images_crop_align_opencv/male/asian/wells-chan-SDZvNIBjkx0-unsplash.jpg,16252,.jpg
cropped_images/images_crop_align_opencv/male/asian/xu-duo-gobC9sSIXc4-unsplash.jpg,17349,.jpg
cropped_images/images_crop_align_opencv/male/black/114.jpg,17971,.jpg
cropped_images/images_crop_align_opencv/male/black/124.jpg,20890,.jpg
cropped_images/images_crop_align_opencv/male/black/african-american-1436661_1920.jpg,16293,.jpg
cropped_images/images_crop_align_opencv/male/black/african-american-2751286_1920.jpg,18981,.jpg
cropped_images/images_crop_align_opencv/male/black/alekzan-powell-5t5krHi1LQ8-unsplash.jpg,16403,.jpg
cropped_images/images_crop_align_opencv/male/black/alex-robinson-AGr13YPOPqw-unsplash.jpg,17695,.jpg
cropped_images/images_crop_align_opencv/male/black/alex-ware-Paf7eZ_DD9A-unsplash.jpg,16759,.jpg
cropped_images/images_crop_align_opencv/male/black/alieza-rizvie-RhYNbSQlxSY-unsplash.jpg,21409,.jpg
cropped_images/images_crop_align_opencv/male/black/angry-boy-3740043_1920.jpg,18444,.jpg
cropped_images/images_crop_align_opencv/male/black/awab-husameldin-4CxTSNe_8Qk-unsplash.jpg,17542,.jpg
cropped_images/images_crop_align_opencv/male/black/beard-1834429_1920.jpg,19473,.jpg
cropped_images/images_crop_align_opencv/male/black/belinda-fewings-ci0IbJuBsfg-unsplash.jpg,23211,.jpg
cropped_images/images_crop_align_opencv/male/black/black-man-4699505_1920.jpg,20384,.jpg
cropped_images/images_crop_align_opencv/male/black/black-professional-4334648_1920.jpg,19039,.jpg
cropped_images/images_crop_align_opencv/male/black/brian-lundquist-3_WZlLre0rY-unsplash.jpg,17532,.jpg
cropped_images/images_crop_align_opencv/male/black/brian-lundquist-8KRgRFWUwws-unsplash.jpg,16510,.jpg
cropped_images/images_crop_align_opencv/male/black/brian-lundquist-bf6ZtR545rU-unsplash.jpg,19799,.jpg
cropped_images/images_crop_align_opencv/male/black/brian-lundquist-oqfSpGiS42w-unsplash.jpg,18880,.jpg
cropped_images/images_crop_align_opencv/male/black/britain-eriksen-Qz_xqGsshWU-unsplash.jpg,10831,.jpg
cropped_images/images_crop_align_opencv/male/black/brock-wegner-obKMefpXRE4-unsplash.jpg,17543,.jpg
cropped_images/images_crop_align_opencv/male/black/charisse-kenion-Na2b9JIVsIU-unsplash.jpg,24933,.jpg
cropped_images/images_crop_align_opencv/male/black/charles-etoroma-95UF6LXe-Lo-unsplash.jpg,20967,.jpg
cropped_images/images_crop_align_opencv/male/black/christian-lunde-v-dd__G7g7k-unsplash.jpg,19023,.jpg
cropped_images/images_crop_align_opencv/male/black/clem-onojeghuo-1qyw0De2XC8-unsplash.jpg,16266,.jpg
cropped_images/images_crop_align_opencv/male/black/clem-onojeghuo-9y8HtS6Voi0-unsplash.jpg,25235,.jpg
cropped_images/images_crop_align_opencv/male/black/clem-onojeghuo-f1_w7Wrnabg-unsplash.jpg,17208,.jpg
cropped_images/images_crop_align_opencv/male/black/curtis-powell-3mMvCsW6ZYs-unsplash.jpg,16734,.jpg
cropped_images/images_crop_align_opencv/male/black/danny-protas-FK_07CcGRwY-unsplash.jpg,16448,.jpg
cropped_images/images_crop_align_opencv/male/black/david-rotimi-6hGIMs-TOYU-unsplash.jpg,18513,.jpg
cropped_images/images_crop_align_opencv/male/black/david-todd-mccarty-NXlQ2PnzMGg-unsplash.jpg,19944,.jpg
cropped_images/images_crop_align_opencv/male/black/demorris-byrd-ORLHeCxK3xA-unsplash.jpg,16458,.jpg
cropped_images/images_crop_align_opencv/male/black/divine-effiong-_e8yPP3C9n0-unsplash.jpg,19990,.jpg
cropped_images/images_crop_align_opencv/male/black/dominique-jordan-JSRmthCownc-unsplash.jpg,18329,.jpg
cropped_images/images_crop_align_opencv/male/black/dominique-jordan-cYgNxkwCEoI-unsplash.jpg,15651,.jpg
cropped_images/images_crop_align_opencv/male/black/dorrell-tibbs-GntSiIMHyVM-unsplash.jpg,18544,.jpg
cropped_images/images_crop_align_opencv/male/black/dorrell-tibbs-gisFZKWpKQ4-unsplash.jpg,25128,.jpg
cropped_images/images_crop_align_opencv/male/black/ebuka-nwaju-erV_cqnFrOM-unsplash.jpg,13860,.jpg
cropped_images/images_crop_align_opencv/male/black/elizeu-dias-2EGNqazbAMk-unsplash.jpg,21039,.jpg
cropped_images/images_crop_align_opencv/male/black/esteban-castle-FULkoZ989E4-unsplash.jpg,20776,.jpg
cropped_images/images_crop_align_opencv/male/black/filipp-romanovskij-H4q-AEA02rY-unsplash.jpg,16538,.jpg
cropped_images/images_crop_align_opencv/male/black/gift-habeshaw-KBv5dEN3QtY-unsplash(1).jpg,20512,.jpg
cropped_images/images_crop_align_opencv/male/black/gift-habeshaw-KBv5dEN3QtY-unsplash(2).jpg,20512,.jpg
cropped_images/images_crop_align_opencv/male/black/guy-615808_1920.jpg,16560,.jpg
cropped_images/images_crop_align_opencv/male/black/guy6.jpg,16293,.jpg
cropped_images/images_crop_align_opencv/male/black/humphrey-muleba-72QxUqXuXz8-unsplash.jpg,19701,.jpg
cropped_images/images_crop_align_opencv/male/black/hunter-newton-7eTWaJ4Ex8I-unsplash.jpg,18113,.jpg
cropped_images/images_crop_align_opencv/male/black/jassir-jonis-QWa0TIUW638-unsplash.jpg,24174,.jpg
cropped_images/images_crop_align_opencv/male/black/jay-mullings-DXlXiFDNPRs-unsplash.jpg,24550,.jpg
cropped_images/images_crop_align_opencv/male/black/joshua-rodriguez-3H4PToAVncA-unsplash.jpg,19064,.jpg
cropped_images/images_crop_align_opencv/male/black/julian-myles-Izg_qfON0ao-unsplash.jpg,16795,.jpg
cropped_images/images_crop_align_opencv/male/black/kareem-hayes-R1t3IQhYTqE-unsplash.jpg,13470,.jpg
cropped_images/images_crop_align_opencv/male/black/karsten-winegeart-JfN0kpooAyw-unsplash.jpg,17120,.jpg
cropped_images/images_crop_align_opencv/male/black/karsten-winegeart-p5dIUQFbme4-unsplash.jpg,18739,.jpg
cropped_images/images_crop_align_opencv/male/black/karsten-winegeart-uvMNz3ZS8J0-unsplash.jpg,19433,.jpg
cropped_images/images_crop_align_opencv/male/black/keitravis-squire-0YgjYyptKlU-unsplash.jpg,12720,.jpg
cropped_images/images_crop_align_opencv/male/black/khloe-arledge-nGkC7RhVzGU-unsplash.jpg,18139,.jpg
cropped_images/images_crop_align_opencv/male/black/lari-avn-oZPHLlcyGb8-unsplash.jpg,14306,.jpg
cropped_images/images_crop_align_opencv/male/black/larry-crayton-Jt0fZKDmNFM-unsplash.jpg,20395,.jpg
cropped_images/images_crop_align_opencv/male/black/look-4780865_1920.jpg,21725,.jpg
cropped_images/images_crop_align_opencv/male/black/luke-2373974_1920.jpg,13906,.jpg
cropped_images/images_crop_align_opencv/male/black/maatla-seetelo-RdjeaWx3n70-unsplash.jpg,16880,.jpg
cropped_images/images_crop_align_opencv/male/black/male-1905388_1920.jpg,14455,.jpg
cropped_images/images_crop_align_opencv/male/black/male-4948673_1920.jpg,16224,.jpg
cropped_images/images_crop_align_opencv/male/black/man-2607437_1920.jpg,20048,.jpg
cropped_images/images_crop_align_opencv/male/black/man-4539035_1920.jpg,15889,.jpg
cropped_images/images_crop_align_opencv/male/black/man-4568762_1920.jpg,16826,.jpg
cropped_images/images_crop_align_opencv/male/black/man-5937492_1920.jpg,15685,.jpg
cropped_images/images_crop_align_opencv/male/black/man-984217_1920.jpg,21091,.jpg
cropped_images/images_crop_align_opencv/male/black/manny-moreno-ajhtGO4Cs7g-unsplash.jpg,19539,.jpg
cropped_images/images_crop_align_opencv/male/black/marie-michele-bouchard-bEZQWH49daU-unsplash.jpg,19016,.jpg
cropped_images/images_crop_align_opencv/male/black/mbusowethu-radebe-CS2uCrpNzJY-unsplash.jpg,16397,.jpg
cropped_images/images_crop_align_opencv/male/black/melodie-descoubes-o6siGr9lrwM-unsplash.jpg,22865,.jpg
cropped_images/images_crop_align_opencv/male/black/mohammad-faruque-SpIKPT8zeAs-unsplash.jpg,16483,.jpg
cropped_images/images_crop_align_opencv/male/black/morgan-vander-hart-GVB-E8mr4Xk-unsplash.jpg,17638,.jpg
cropped_images/images_crop_align_opencv/male/black/mubarak-show-Ve7xjKImd28-unsplash.jpg,17238,.jpg
cropped_images/images_crop_align_opencv/male/black/nico-marks-mFcc5b_t74Q-unsplash.jpg,17221,.jpg
cropped_images/images_crop_align_opencv/male/black/osheen-turnbull-sU0IT6W8KaU-unsplash.jpg,21229,.jpg
cropped_images/images_crop_align_opencv/male/black/person-801789_1920.jpg,18839,.jpg
cropped_images/images_crop_align_opencv/male/black/pexels-alex-green-5699771.jpg,20295,.jpg
cropped_images/images_crop_align_opencv/male/black/pexels-areous-ahmad-2122949.jpg,15526,.jpg
cropped_images/images_crop_align_opencv/male/black/pexels-bestbe-models-2282520.jpg,14622,.jpg
cropped_images/images_crop_align_opencv/male/black/pexels-blac-bear-3805873.jpg,22306,.jpg
cropped_images/images_crop_align_opencv/male/black/pexels-c-technical-6612112.jpg,18388,.jpg
cropped_images/images_crop_align_opencv/male/black/pexels-cottonbro-6616672.jpg,19965,.jpg
cropped_images/images_crop_align_opencv/male/black/pexels-cottonbro-6616674.jpg,21987,.jpg
cropped_images/images_crop_align_opencv/male/black/pexels-cottonbro-6626903.jpg,13940,.jpg
cropped_images/images_crop_align_opencv/male/black/pexels-dellon-thomas-1405963.jpg,16759,.jpg
cropped_images/images_crop_align_opencv/male/black/pexels-dellon-thomas-2474307.jpg,19575,.jpg
cropped_images/images_crop_align_opencv/male/black/pexels-george-ikwegbu-2379429.jpg,21899,.jpg
cropped_images/images_crop_align_opencv/male/black/pexels-jan-valle-4061161.jpg,19790,.jpg
cropped_images/images_crop_align_opencv/male/black/pexels-kampus-production-5940858.jpg,18482,.jpg
cropped_images/images_crop_align_opencv/male/black/pexels-katerina-holmes-5905497.jpg,17063,.jpg
cropped_images/images_crop_align_opencv/male/black/pexels-kenex-media-sa-6573686.jpg,19106,.jpg
cropped_images/images_crop_align_opencv/male/black/pexels-kyle-woods-4022812.jpg,22805,.jpg
cropped_images/images_crop_align_opencv/male/black/pexels-macharia-edson-2914149.jpg,19491,.jpg
cropped_images/images_crop_align_opencv/male/black/pexels-marcelo-chagas-2121531.jpg,15132,.jpg
cropped_images/images_crop_align_opencv/male/black/pexels-moh-mckenzie-3597035.jpg,20112,.jpg
cropped_images/images_crop_align_opencv/male/black/pexels-mwabonje-2096476.jpg,17261,.jpg
cropped_images/images_crop_align_opencv/male/black/pexels-nappy-935969.jpg,18421,.jpg
cropped_images/images_crop_align_opencv/male/black/pexels-nappy-936117.jpg,15311,.jpg
cropped_images/images_crop_align_opencv/male/black/pexels-nappy-936119.jpg,10373,.jpg
cropped_images/images_crop_align_opencv/male/black/pexels-nesto-1676213.jpg,20730,.jpg
cropped_images/images_crop_align_opencv/male/black/pexels-oladimeji-ajegbile-2650090.jpg,19484,.jpg
cropped_images/images_crop_align_opencv/male/black/pexels-ono-kosuki-5648108.jpg,25030,.jpg
cropped_images/images_crop_align_opencv/male/black/pexels-rafael-freire-5714735.jpg,20362,.jpg
cropped_images/images_crop_align_opencv/male/black/pexels-rodney-gainous-jr-2719416.jpg,20581,.jpg
cropped_images/images_crop_align_opencv/male/black/pexels-ryutaro-tsukata-6249088.jpg,17825,.jpg
cropped_images/images_crop_align_opencv/male/black/pexels-spencer-selover-428333.jpg,19169,.jpg
cropped_images/images_crop_align_opencv/male/black/pexels-teddy-joseph-2955375.jpg,16668,.jpg
cropped_images/images_crop_align_opencv/male/black/pexels-tom-leishman-5255326.jpg,21219,.jpg
cropped_images/images_crop_align_opencv/male/black/pexels-zack-jarosz-2024901.jpg,18307,.jpg
cropped_images/images_crop_align_opencv/male/black/philip-martin-5aGUyCW_PJw-unsplash.jpg,20719,.jpg
cropped_images/images_crop_align_opencv/male/black/portrait-3275985_1920.jpg,18725,.jpg
cropped_images/images_crop_align_opencv/male/black/prince-akachi-4Yv84VgQkRM-unsplash.jpg,21367,.jpg
cropped_images/images_crop_align_opencv/male/black/raphael-nast-x1od0bnYmIw-unsplash.jpg,18944,.jpg
cropped_images/images_crop_align_opencv/male/black/rui-silvestre-hAMJpesMeDE-unsplash.jpg,19451,.jpg
cropped_images/images_crop_align_opencv/male/black/samuel-aboh-NGVBWmvmSHI-unsplash.jpg,21304,.jpg
cropped_images/images_crop_align_opencv/male/black/seni-oremodu-A7UFsx5NZMY-unsplash.jpg,18216,.jpg
cropped_images/images_crop_align_opencv/male/black/sexy-man-3414909_1920.jpg,17576,.jpg
cropped_images/images_crop_align_opencv/male/black/smiling-businessman-4455090_1920.jpg,21531,.jpg
cropped_images/images_crop_align_opencv/male/black/steven-jones-JSXZnudXhXk-unsplash.jpg,18905,.jpg
cropped_images/images_crop_align_opencv/male/black/steward-masweneng-IvaGYGAX3jI-unsplash.jpg,18793,.jpg
cropped_images/images_crop_align_opencv/male/black/streegar-bORAYzcoJ8A-unsplash.jpg,17843,.jpg
cropped_images/images_crop_align_opencv/male/black/sudanese-2895751_1920.jpg,17673,.jpg
cropped_images/images_crop_align_opencv/male/black/tanaka-pendeke-iHfBBeiAVCE-unsplash.jpg,22455,.jpg
cropped_images/images_crop_align_opencv/male/black/taylor-wright-XLqe-qr2OK8-unsplash.jpg,13871,.jpg
cropped_images/images_crop_align_opencv/male/black/temitope-olukayode-bNl3lzD0LpU-unsplash.jpg,18919,.jpg
cropped_images/images_crop_align_opencv/male/black/timothy-barlin-2BJwlRZaR5M-unsplash.jpg,20912,.jpg
cropped_images/images_crop_align_opencv/male/black/tobi-oshinnaike-Z7MKNGFnbOw-unsplash.jpg,19941,.jpg
cropped_images/images_crop_align_opencv/male/black/tobias-nii-kwatei-quartey-RVa0FzYg9WE-unsplash.jpg,18182,.jpg
cropped_images/images_crop_align_opencv/male/black/wilfried-vowoto-QlRYZr7CNxg-unsplash.jpg,17882,.jpg
cropped_images/images_crop_align_opencv/male/black/young-man-3366016_1920.jpg,17163,.jpg
cropped_images/images_crop_align_opencv/male/black/zach-vessels-5ia9JBnlLp0-unsplash(1).jpg,13886,.jpg
cropped_images/images_crop_align_opencv/male/black/zach-vessels-s6JfKHyLKDw-unsplash.jpg,6237,.jpg
cropped_images/images_crop_align_opencv/male/caucasian/0.png,80402,.png
cropped_images/images_crop_align_opencv/male/caucasian/111.jpg,23772,.jpg
cropped_images/images_crop_align_opencv/male/caucasian/113.jpg,24886,.jpg
cropped_images/images_crop_align_opencv/male/caucasian/117.jpg,23901,.jpg
cropped_images/images_crop_align_opencv/male/caucasian/119.jpg,20089,.jpg
cropped_images/images_crop_align_opencv/male/caucasian/120.jpg,16201,.jpg
cropped_images/images_crop_align_opencv/male/caucasian/122.jpg,18850,.jpg
cropped_images/images_crop_align_opencv/male/caucasian/126.jpg,13368,.jpg
cropped_images/images_crop_align_opencv/male/caucasian/127.jpg,21404,.jpg
cropped_images/images_crop_align_opencv/male/caucasian/130.jpg,15799,.jpg
cropped_images/images_crop_align_opencv/male/caucasian/133.jpg,21947,.jpg
cropped_images/images_crop_align_opencv/male/caucasian/138.jpg,21062,.jpg
cropped_images/images_crop_align_opencv/male/caucasian/140.jpg,17255,.jpg
cropped_images/images_crop_align_opencv/male/caucasian/142.jpg,18983,.jpg
cropped_images/images_crop_align_opencv/male/caucasian/143.jpg,16674,.jpg
cropped_images/images_crop_align_opencv/male/caucasian/aiony-haust-ybd0faxFuHE-unsplash.jpg,16965,.jpg
cropped_images/images_crop_align_opencv/male/caucasian/aldo-delara-3_Si7AS2iA4-unsplash.jpg,19246,.jpg
cropped_images/images_crop_align_opencv/male/caucasian/alex-brisbey-1tVmD_KJZxo-unsplash.jpg,20255,.jpg
cropped_images/images_crop_align_opencv/male/caucasian/alex-sheldon-j1WRSUj5QI0-unsplash.jpg,16411,.jpg
cropped_images/images_crop_align_opencv/male/caucasian/alex_rainer-O4f4caX_H3g-unsplash.jpg,17694,.jpg
cropped_images/images_crop_align_opencv/male/caucasian/alexander-jawfox-BdfMdaTWGLU-unsplash.jpg,18993,.jpg
cropped_images/images_crop_align_opencv/male/caucasian/alfred-kenneally-JwzpdmSYIDc-unsplash.jpg,15716,.jpg
cropped_images/images_crop_align_opencv/male/caucasian/ali-morshedlou-WMD64tMfc4k-unsplash.jpg,14347,.jpg
cropped_images/images_crop_align_opencv/male/caucasian/alyssa-graham-Rg0ul-v4d0A-unsplash.jpg,21131,.jpg
cropped_images/images_crop_align_opencv/male/caucasian/anastasia-vityukova-0jSd5XW58Ak-unsplash.jpg,13719,.jpg
cropped_images/images_crop_align_opencv/male/caucasian/andre-sebastian-C2Nf5iPOnz0-unsplash.jpg,17086,.jpg
cropped_images/images_crop_align_opencv/male/caucasian/andrew-lancaster--rRZ_vlrawE-unsplash.jpg,13733,.jpg
cropped_images/images_crop_align_opencv/male/caucasian/andriyko-podilnyk-S8ufy2IyFnM-unsplash.jpg,17792,.jpg
cropped_images/images_crop_align_opencv/male/caucasian/angelika-agibalova-06Bl5S7tySM-unsplash.jpg,16759,.jpg
cropped_images/images_crop_align_opencv/male/caucasian/angelo-abear-l1AXPSU_W9M-unsplash.jpg,24313,.jpg
cropped_images/images_crop_align_opencv/male/caucasian/application-1934972_1920.jpg,22590,.jpg
cropped_images/images_crop_align_opencv/male/caucasian/artemy-pyankov-rshCkwcpZXw-unsplash.jpg,18908,.jpg
cropped_images/images_crop_align_opencv/male/caucasian/ashkan-forouzani-ldkvWj0lrqk-unsplash.jpg,17317,.jpg
cropped_images/images_crop_align_opencv/male/caucasian/augustin-de-montesquiou-neVX_NUKeLQ-unsplash.jpg,17383,.jpg
cropped_images/images_crop_align_opencv/male/caucasian/austin-distel-7bMdiIqz_J4-unsplash.jpg,17256,.jpg
cropped_images/images_crop_align_opencv/male/caucasian/austin-human-Ec7cHN7ofi0-unsplash.jpg,18641,.jpg
cropped_images/images_crop_align_opencv/male/caucasian/austin-wade-X6Uj51n5CE8-unsplash.jpg,21307,.jpg
cropped_images/images_crop_align_opencv/male/caucasian/bannon-morrissy-RxiAV5LC-ww-unsplash.jpg,16267,.jpg
cropped_images/images_crop_align_opencv/male/caucasian/bantersnaps-mtsb-bCvrBY-unsplash.jpg,18162,.jpg
cropped_images/images_crop_align_opencv/male/caucasian/beard-1845166_1920.jpg,25431,.jpg
cropped_images/images_crop_align_opencv/male/caucasian/beard-4136705_1920.jpg,21445,.jpg
cropped_images/images_crop_align_opencv/male/caucasian/beard-4205158_1920.jpg,21499,.jpg
cropped_images/images_crop_align_opencv/male/caucasian/benjamin-klaver-9oZc8FXHVAQ-unsplash.jpg,22850,.jpg
cropped_images/images_crop_align_opencv/male/caucasian/big-dodzy-MxXdQOvU6ic-unsplash.jpg,19356,.jpg
cropped_images/images_crop_align_opencv/male/caucasian/black-2178681_1920.jpg,14625,.jpg
cropped_images/images_crop_align_opencv/male/caucasian/black-and-white-4387130_1920.jpg,13071,.jpg
cropped_images/images_crop_align_opencv/male/caucasian/boy-1185446_1920.jpg,15765,.jpg
cropped_images/images_crop_align_opencv/male/caucasian/boy-2145113_1920.jpg,17008,.jpg
cropped_images/images_crop_align_opencv/male/caucasian/boy-2301660_1920.jpg,16490,.jpg
cropped_images/images_crop_align_opencv/male/caucasian/boy-2420289_1920.jpg,17546,.jpg
cropped_images/images_crop_align_opencv/male/caucasian/boy-2691494_1920.jpg,16356,.jpg
cropped_images/images_crop_align_opencv/male/caucasian/boy-2736655_1920.jpg,15336,.jpg
cropped_images/images_crop_align_opencv/male/caucasian/boy-3008920_1920.jpg,16191,.jpg
cropped_images/images_crop_align_opencv/male/caucasian/boy-3028416_1920.jpg,14982,.jpg
cropped_images/images_crop_align_opencv/male/caucasian/boy-3562120_1920.jpg,19611,.jpg
cropped_images/images_crop_align_opencv/male/caucasian/boy-3566903_1920.jpg,21062,.jpg
cropped_images/images_crop_align_opencv/male/caucasian/boy-508524_1920.jpg,19246,.jpg
cropped_images/images_crop_align_opencv/male/caucasian/brazil-1368806_1920.jpg,18680,.jpg
cropped_images/images_crop_align_opencv/male/caucasian/brendan-hollis-A6Bv1AD8F5U-unsplash.jpg,17617,.jpg
cropped_images/images_crop_align_opencv/male/caucasian/brett-952579_1920.jpg,19137,.jpg
cropped_images/images_crop_align_opencv/male/caucasian/brittany-bendabout-dxSOJGYFJ6Y-unsplash.jpg,19555,.jpg
cropped_images/images_crop_align_opencv/male/caucasian/bruno-bucar-BGcjf5DzK_8-unsplash.jpg,17865,.jpg
cropped_images/images_crop_align_opencv/male/caucasian/business-1323472_1920.jpg,15011,.jpg
cropped_images/images_crop_align_opencv/male/caucasian/cade-renfroe-V0U3m342g1Y-unsplash.jpg,18585,.jpg
cropped_images/images_crop_align_opencv/male/caucasian/carlos-macias-UWRTZRwPLyg-unsplash.jpg,16313,.jpg
cropped_images/images_crop_align_opencv/male/caucasian/chalo-garcia-2mWKL_I70qk-unsplash.jpg,19440,.jpg
cropped_images/images_crop_align_opencv/male/caucasian/charles-buchler-C6-GjBAOtZc-unsplash.jpg,21504,.jpg
cropped_images/images_crop_align_opencv/male/caucasian/chase-jiggliemon-wilson-tu_uBj2_oTQ-unsplash.jpg,16823,.jpg
cropped_images/images_crop_align_opencv/male/caucasian/christian-buehner-rzXvU-H0u6U-unsplash.jpg,15397,.jpg
cropped_images/images_crop_align_opencv/male/caucasian/christopher-campbell-hWMEo_qqz5M-unsplash.jpg,17084,.jpg
cropped_images/images_crop_align_opencv/male/caucasian/christopher-campbell-i4OHxtxiMtk-unsplash.jpg,19530,.jpg
cropped_images/images_crop_align_opencv/male/caucasian/christopher-campbell-jxWFbUqNEOM-unsplash.jpg,14159,.jpg
cropped_images/images_crop_align_opencv/male/caucasian/cleyton-ewerton-U_z1WoDoISA-unsplash.jpg,15640,.jpg
cropped_images/images_crop_align_opencv/male/caucasian/clint-mckoy-_J2JFRHLijI-unsplash.jpg,17724,.jpg
cropped_images/images_crop_align_opencv/male/caucasian/cobro-vfidsFiK-lM-unsplash.jpg,19683,.jpg
cropped_images/images_crop_align_opencv/male/caucasian/coney-island-4488742_1920.jpg,23923,.jpg
cropped_images/images_crop_align_opencv/male/caucasian/conor-sexton-BBhY-e1XsT0-unsplash.jpg,18760,.jpg
cropped_images/images_crop_align_opencv/male/caucasian/couple-1719683_1920.jpg,21431,.jpg
cropped_images/images_crop_align_opencv/male/caucasian/cowboy-67630_1920.jpg,18781,.jpg
cropped_images/images_crop_align_opencv/male/caucasian/creating-a-brand-qF-W8_oNHzE-unsplash.jpg,17451,.jpg
cropped_images/images_crop_align_opencv/male/caucasian/creating-a-brand-xcQWU0Eff-U-unsplash.jpg,15898,.jpg
cropped_images/images_crop_align_opencv/male/caucasian/damir-spanic-I4EV0N4kpCU-unsplash.jpg,18489,.jpg
cropped_images/images_crop_align_opencv/male/caucasian/damir-spanic-rHDK3UU7HUw-unsplash.jpg,20456,.jpg
cropped_images/images_crop_align_opencv/male/caucasian/dane-wetton-vzticETKMYU-unsplash.jpg,17127,.jpg
cropped_images/images_crop_align_opencv/male/caucasian/dane-wetton-vzticETKMYU-unsplash1.jpg,17127,.jpg
cropped_images/images_crop_align_opencv/male/caucasian/daniel-lincoln--zhQtP1eUdE-unsplash.jpg,19682,.jpg
cropped_images/images_crop_align_opencv/male/caucasian/daniel-logchies-N_ugHGVjIbc-unsplash.jpg,20273,.jpg
cropped_images/images_crop_align_opencv/male/caucasian/daniil-onischenko-_J2fMaieLSM-unsplash.jpg,19010,.jpg
cropped_images/images_crop_align_opencv/male/caucasian/derek-owens-YCbJCM249KE-unsplash.jpg,18800,.jpg
cropped_images/images_crop_align_opencv/male/caucasian/derick-mckinney-243Q39DzM3M-unsplash.jpg,17373,.jpg
cropped_images/images_crop_align_opencv/male/caucasian/derick-mckinney-bBuUjB98PPY-unsplash.jpg,17200,.jpg
cropped_images/images_crop_align_opencv/male/caucasian/derick-mckinney-eyFbjKWlR2g-unsplash.jpg,17281,.jpg
cropped_images/images_crop_align_opencv/male/caucasian/dima-dallacqua-4c23dXiYPhc-unsplash.jpg,22107,.jpg
cropped_images/images_crop_align_opencv/male/caucasian/dmitry-vechorko-E9PFbdhZmus-unsplash.jpg,21358,.jpg
cropped_images/images_crop_align_opencv/male/caucasian/dubai-1972702_1920.jpg,16059,.jpg
cropped_images/images_crop_align_opencv/male/caucasian/duman-photography-GvvtE31b0JI-unsplash.jpg,16791,.jpg
cropped_images/images_crop_align_opencv/male/caucasian/edwin-ashitendoh-Ss9zJmj4G70-unsplash.jpg,20457,.jpg
cropped_images/images_crop_align_opencv/male/caucasian/elijah-hiett-m7bRe_XS7BY-unsplash.jpg,16136,.jpg
cropped_images/images_crop_align_opencv/male/caucasian/elijah-hiett-vAVGdV1oklQ-unsplash.jpg,17467,.jpg
cropped_images/images_crop_align_opencv/male/caucasian/elizeu-dias-BiwrbstAhOI-unsplash.jpg,15794,.jpg
cropped_images/images_crop_align_opencv/male/caucasian/elvis-ray-tbSiO437eDY-unsplash.jpg,18073,.jpg
cropped_images/images_crop_align_opencv/male/caucasian/emiliano-vittoriosi-fIM5oAdHAxE-unsplash.jpg,19776,.jpg
cropped_images/images_crop_align_opencv/male/caucasian/emrecan-arik-apJKb2Js_Vg-unsplash.jpg,15186,.jpg
cropped_images/images_crop_align_opencv/male/caucasian/entrepreneurship-3498256_1920.jpg,19559,.jpg
cropped_images/images_crop_align_opencv/male/caucasian/eric-karim-cornelis-b3oyT44E3LE-unsplash.jpg,17241,.jpg
cropped_images/images_crop_align_opencv/male/caucasian/erik-mclean-06vpBIHmiYc-unsplash.jpg,23249,.jpg
cropped_images/images_crop_align_opencv/male/caucasian/erik-mclean-8YbkDZwLx70-unsplash.jpg,17061,.jpg
cropped_images/images_crop_align_opencv/male/caucasian/erik-mclean-seybbgI9-4k-unsplash.jpg,21082,.jpg
cropped_images/images_crop_align_opencv/male/caucasian/esvan-UvgK58_MU9c-unsplash(1).jpg,17771,.jpg
cropped_images/images_crop_align_opencv/male/caucasian/fabio-henning-m6A7X_C8Jq4-unsplash.jpg,24136,.jpg
cropped_images/images_crop_align_opencv/male/caucasian/fabio-henning-vnTk1yaRgzg-unsplash.jpg,16440,.jpg
cropped_images/images_crop_align_opencv/male/caucasian/fabio-lucas-LFqkME0ZlY8-unsplash.jpg,19407,.jpg
cropped_images/images_crop_align_opencv/male/caucasian/fabio-scaletta-yhKc2M6Z500-unsplash.jpg,15683,.jpg
cropped_images/images_crop_align_opencv/male/caucasian/face-2171923_1920.jpg,16977,.jpg
cropped_images/images_crop_align_opencv/male/caucasian/fashion-1866574_1920.jpg,15921,.jpg
cropped_images/images_crop_align_opencv/male/caucasian/fashion-2082066_1920.jpg,18058,.jpg
cropped_images/images_crop_align_opencv/male/caucasian/felea-emanuel-Pv5y8bab5L4-unsplash.jpg,17705,.jpg
cropped_images/images_crop_align_opencv/male/caucasian/g_11.jpg,27322,.jpg
cropped_images/images_crop_align_opencv/male/caucasian/g_14.jpg,19935,.jpg
cropped_images/images_crop_align_opencv/male/caucasian/g_3.jpg,20808,.jpg
cropped_images/images_crop_align_opencv/male/caucasian/g_6.jpg,20688,.jpg
cropped_images/images_crop_align_opencv/male/caucasian/g_8.jpg,18948,.jpg
cropped_images/images_crop_align_opencv/male/caucasian/gabe-pierce-cZ_RjozBNPM-unsplash.jpg,18084,.jpg
cropped_images/images_crop_align_opencv/male/caucasian/georgy-trofimov-rowvvDUAs5M-unsplash.jpg,15996,.jpg
cropped_images/images_crop_align_opencv/male/caucasian/gregory-buzdyk-bdbC8RlXSUU-unsplash (1).jpg,22738,.jpg
cropped_images/images_crop_align_opencv/male/caucasian/guy-1079623_1920.jpg,14472,.jpg
cropped_images/images_crop_align_opencv/male/caucasian/guy-1266366_1920.jpg,14860,.jpg
cropped_images/images_crop_align_opencv/male/caucasian/guy-4392888_1920.jpg,22203,.jpg
cropped_images/images_crop_align_opencv/male/caucasian/guy-4478447_1920.jpg,18044,.jpg
cropped_images/images_crop_align_opencv/male/caucasian/guy-4733626_1920.jpg,14055,.jpg
cropped_images/images_crop_align_opencv/male/caucasian/guy-5929422_1920.jpg,17218,.jpg
cropped_images/images_crop_align_opencv/male/caucasian/guy12.jpg,18126,.jpg
cropped_images/images_crop_align_opencv/male/caucasian/guy15.jpg,17300,.jpg
cropped_images/images_crop_align_opencv/male/caucasian/guy2.jpg,16758,.jpg
cropped_images/images_crop_align_opencv/male/caucasian/guy5.jpg,20019,.jpg
cropped_images/images_crop_align_opencv/male/caucasian/guy9.jpg,23193,.jpg
cropped_images/images_crop_align_opencv/male/caucasian/hamid-tajik-FjT7kFSFczs-unsplash(1).jpg,28158,.jpg
cropped_images/images_crop_align_opencv/male/caucasian/hamid-tajik-FjT7kFSFczs-unsplash.jpg,15429,.jpg
cropped_images/images_crop_align_opencv/male/caucasian/handsome-4133131_1920.jpg,14530,.jpg
cropped_images/images_crop_align_opencv/male/caucasian/happy-3004355_1920.jpg,19252,.jpg
cropped_images/images_crop_align_opencv/male/caucasian/harishan-kobalasingam-8PMvB4VyVXA-unsplash.jpg,16678,.jpg
cropped_images/images_crop_align_opencv/male/caucasian/harry-cunningham-EPi3TRQc5Z0-unsplash.jpg,17986,.jpg
cropped_images/images_crop_align_opencv/male/caucasian/hashim-hadi-XLvLGDu_5wE-unsplash.jpg,14296,.jpg
cropped_images/images_crop_align_opencv/male/caucasian/headphones-4602763_1920.jpg,20715,.jpg
cropped_images/images_crop_align_opencv/male/caucasian/hean-prinsloo-OVfgeJIghbU-unsplash.jpg,17069,.jpg
cropped_images/images_crop_align_opencv/male/caucasian/hipster-358479_1920.jpg,22209,.jpg
cropped_images/images_crop_align_opencv/male/caucasian/human-3094550_1280.jpg,21851,.jpg
cropped_images/images_crop_align_opencv/male/caucasian/hunter-newton-WQEe4c757Gs-unsplash.jpg,17141,.jpg
cropped_images/images_crop_align_opencv/male/caucasian/ian-dooley-d1UPkiFd04A-unsplash.jpg,19634,.jpg
cropped_images/images_crop_align_opencv/male/caucasian/igor-stepanov-5uUPrmZgEYM-unsplash.jpg,16058,.jpg
cropped_images/images_crop_align_opencv/male/caucasian/ilya-shishikhin-2blzycUKsA0-unsplash.jpg,12651,.jpg
cropped_images/images_crop_align_opencv/male/caucasian/irene-strong-Y-AQ3mBVros-unsplash.jpg,17371,.jpg
cropped_images/images_crop_align_opencv/male/caucasian/irene-strong-v2aKnjMbP_k-unsplash.jpg,21644,.jpg
cropped_images/images_crop_align_opencv/male/caucasian/isaac-reynaldo-70BSk8hT52k-unsplash.jpg,19454,.jpg
cropped_images/images_crop_align_opencv/male/caucasian/isolated-4063379_1920.jpg,17529,.jpg
cropped_images/images_crop_align_opencv/male/caucasian/jackson-david-8q-EOrlhP8I-unsplash.jpg,15749,.jpg
cropped_images/images_crop_align_opencv/male/caucasian/jairph-qygkHfHMaBI-unsplash.jpg,16323,.jpg
cropped_images/images_crop_align_opencv/male/caucasian/jake-davies-nOxQW5SIx9c-unsplash.jpg,17119,.jpg
cropped_images/images_crop_align_opencv/male/caucasian/jake-nebov-aFNzgYOM560-unsplash.jpg,14901,.jpg
cropped_images/images_crop_align_opencv/male/caucasian/jake-oates-9gGTLP0QL1M-unsplash.jpg,13427,.jpg
cropped_images/images_crop_align_opencv/male/caucasian/jalen-terry-QmWqxITdWbI-unsplash.jpg,21001,.jpg
cropped_images/images_crop_align_opencv/male/caucasian/james-barr-4t3k6JjuPi4-unsplash.jpg,17987,.jpg
cropped_images/images_crop_align_opencv/male/caucasian/james-barr-G6ACpD4bPOw-unsplash(1).jpg,20494,.jpg
cropped_images/images_crop_align_opencv/male/caucasian/james-barr-G6ACpD4bPOw-unsplash.jpg,20494,.jpg
cropped_images/images_crop_align_opencv/male/caucasian/james-barr-_U7YytlNunM-unsplash.jpg,18289,.jpg
cropped_images/images_crop_align_opencv/male/caucasian/janko-ferlic-GWFffQS5eWU-unsplash.jpg,20678,.jpg
cropped_images/images_crop_align_opencv/male/caucasian/jarred-ray-Nskqh3dRzSQ-unsplash.jpg,17711,.jpg
cropped_images/images_crop_align_opencv/male/caucasian/jassir-jonis-Hr9BKfMF6QE-unsplash.jpg,14435,.jpg
cropped_images/images_crop_align_opencv/male/caucasian/jd-mason-13_7xGYBb7c-unsplash.jpg,21702,.jpg
cropped_images/images_crop_align_opencv/male/caucasian/jens-lindner-dP6g1YJWQcA-unsplash.jpg,16863,.jpg
cropped_images/images_crop_align_opencv/male/caucasian/jeremiah-lawrence-5fD2hY1lv1U-unsplash.jpg,17661,.jpg
cropped_images/images_crop_align_opencv/male/caucasian/jeremy-bishop-ctAsm_deVVk-unsplash.jpg,16793,.jpg
cropped_images/images_crop_align_opencv/male/caucasian/jesman-fabio-8yd15MUkIpI-unsplash.jpg,16633,.jpg
cropped_images/images_crop_align_opencv/male/caucasian/jesse-schoff-ibII8H5Ad4c-unsplash.jpg,15751,.jpg
cropped_images/images_crop_align_opencv/male/caucasian/joackim-weiler-lxX0dJQHV3w-unsplash.jpg,21669,.jpg
cropped_images/images_crop_align_opencv/male/caucasian/joanna-nix-walkup-LalqRz_8QRE-unsplash.jpg,17237,.jpg
cropped_images/images_crop_align_opencv/male/caucasian/joanna-nix-walkup-VWAzEW0bi58-unsplash.jpg,16627,.jpg
cropped_images/images_crop_align_opencv/male/caucasian/joel-barwick-r0l0Es5fbbs-unsplash.jpg,15166,.jpg
cropped_images/images_crop_align_opencv/male/caucasian/john-torcasio-1coR0hGFenQ-unsplash.jpg,21714,.jpg
cropped_images/images_crop_align_opencv/male/caucasian/joker-5485787_1920.jpg,16778,.jpg
cropped_images/images_crop_align_opencv/male/caucasian/jonathan-farber-QaAZ82Kspck-unsplash.jpg,17189,.jpg
cropped_images/images_crop_align_opencv/male/caucasian/joshua-reddekopp-lSD2Y9AydhY-unsplash.jpg,12490,.jpg
cropped_images/images_crop_align_opencv/male/caucasian/joycoast-wood-watches-sunglasses-xUsrdhGRMfE-unsplash.jpg,15406,.jpg
cropped_images/images_crop_align_opencv/male/caucasian/julian-wan-NHlTr-9eE4o-unsplash.jpg,19952,.jpg
cropped_images/images_crop_align_opencv/male/caucasian/julian-wan-cCvnG-937HE-unsplash.jpg,18581,.jpg
cropped_images/images_crop_align_opencv/male/caucasian/justin-chen-J7Cf1Gch49E-unsplash.jpg,23631,.jpg
cropped_images/images_crop_align_opencv/male/caucasian/karina-tess-fr5rB_Ocl7w-unsplash.jpg,19014,.jpg
cropped_images/images_crop_align_opencv/male/caucasian/kas-YHDWG6-EsYc-unsplash.jpg,18973,.jpg
cropped_images/images_crop_align_opencv/male/caucasian/kenzie-kraft-OIrGE60UwAY-unsplash.jpg,18633,.jpg
cropped_images/images_crop_align_opencv/male/caucasian/kenzie-kraft-b8vUsjhAeYQ-unsplash.jpg,18082,.jpg
cropped_images/images_crop_align_opencv/male/caucasian/kitera-dent-UFNv8ZGGbX0-unsplash(1).jpg,19548,.jpg
cropped_images/images_crop_align_opencv/male/caucasian/kon-karampelas-5Mo6u9CQLTE-unsplash.jpg,21200,.jpg
cropped_images/images_crop_align_opencv/male/caucasian/kyryll-ushakov-S3DMQzP6QG8-unsplash.jpg,19459,.jpg
cropped_images/images_crop_align_opencv/male/caucasian/laura-dewilde-G2iXD2Bkt7g-unsplash.jpg,19024,.jpg
cropped_images/images_crop_align_opencv/male/caucasian/lesly-juarez-RukI4qZGlQs-unsplash.jpg,16201,.jpg
cropped_images/images_crop_align_opencv/male/caucasian/lisa-wall-K80QIp2VW0E-unsplash.jpg,17855,.jpg
cropped_images/images_crop_align_opencv/male/caucasian/lisa-wall-x5aOKbKhM_o-unsplash.jpg,17174,.jpg
cropped_images/images_crop_align_opencv/male/caucasian/logan-weaver--A5R9HBwjaE-unsplash.jpg,16291,.jpg
cropped_images/images_crop_align_opencv/male/caucasian/logan-weaver-7z2KFFWQ7n0-unsplash.jpg,20771,.jpg
cropped_images/images_crop_align_opencv/male/caucasian/logan-weaver-s_mI8h4_5JY-unsplash.jpg,19752,.jpg
cropped_images/images_crop_align_opencv/male/caucasian/lorene-farrugia-UJLAMjEjISo-unsplash.jpg,15981,.jpg
cropped_images/images_crop_align_opencv/male/caucasian/luca-pellegrini-pRopJ47ilxg-unsplash.jpg,17970,.jpg
cropped_images/images_crop_align_opencv/male/caucasian/lucas-newton-GkQaSPkp54o-unsplash.jpg,16580,.jpg
cropped_images/images_crop_align_opencv/male/caucasian/lucas-ruffiner-_Z48n2rZk5M-unsplash.jpg,17898,.jpg
cropped_images/images_crop_align_opencv/male/caucasian/ludovic-migneault-4uj3iZ5m084-unsplash.jpg,19477,.jpg
cropped_images/images_crop_align_opencv/male/caucasian/ludvig-wiese-d-MfHM-jHwc-unsplash.jpg,20995,.jpg
cropped_images/images_crop_align_opencv/male/caucasian/luiza-braun-VaXkho6CPx0-unsplash(1).jpg,15877,.jpg
cropped_images/images_crop_align_opencv/male/caucasian/lumber-1281323_1920.jpg,17507,.jpg
cropped_images/images_crop_align_opencv/male/caucasian/luther-bottrill-DVeTzIywKw4-unsplash.jpg,17491,.jpg
cropped_images/images_crop_align_opencv/male/caucasian/male-2634974_1920.jpg,20848,.jpg
cropped_images/images_crop_align_opencv/male/caucasian/male-3673510_1920.jpg,20018,.jpg
cropped_images/images_crop_align_opencv/male/caucasian/male-3847141_1920.jpg,15716,.jpg
cropped_images/images_crop_align_opencv/male/caucasian/male-4494498_1920.jpg,22804,.jpg
cropped_images/images_crop_align_opencv/male/caucasian/male-4572748_1920.jpg,18660,.jpg
cropped_images/images_crop_align_opencv/male/caucasian/male-467711_1920.jpg,17408,.jpg
cropped_images/images_crop_align_opencv/male/caucasian/male-4687507_1920.jpg,18887,.jpg
cropped_images/images_crop_align_opencv/male/caucasian/male-model-2807612_1920.jpg,17338,.jpg
cropped_images/images_crop_align_opencv/male/caucasian/man-1122364_1920.jpg,19223,.jpg
cropped_images/images_crop_align_opencv/male/caucasian/man-1146530_1920.jpg,22562,.jpg
cropped_images/images_crop_align_opencv/male/caucasian/man-1161334_1920.jpg,27291,.jpg
cropped_images/images_crop_align_opencv/male/caucasian/man-1209494_1920.jpg,20479,.jpg
cropped_images/images_crop_align_opencv/male/caucasian/man-1242018_1920.jpg,19935,.jpg
cropped_images/images_crop_align_opencv/male/caucasian/man-1868320_1920.jpg,18159,.jpg
cropped_images/images_crop_align_opencv/male/caucasian/man-2326484_1920.jpg,19988,.jpg
cropped_images/images_crop_align_opencv/male/caucasian/man-2590777_1920.jpg,21806,.jpg
cropped_images/images_crop_align_opencv/male/caucasian/man-2616244_1920.jpg,20462,.jpg
cropped_images/images_crop_align_opencv/male/caucasian/man-2804281_1920.jpg,16496,.jpg
cropped_images/images_crop_align_opencv/male/caucasian/man-2854030_1920.jpg,18465,.jpg
cropped_images/images_crop_align_opencv/male/caucasian/man-3122063_1920.jpg,20710,.jpg
cropped_images/images_crop_align_opencv/male/caucasian/man-3177583_1920.jpg,19286,.jpg
cropped_images/images_crop_align_opencv/male/caucasian/man-3373869_1920.jpg,15464,.jpg
cropped_images/images_crop_align_opencv/male/caucasian/man-3403180_1920.jpg,21993,.jpg
cropped_images/images_crop_align_opencv/male/caucasian/man-3437398_1920.jpg,19544,.jpg
cropped_images/images_crop_align_opencv/male/caucasian/man-3439283_1920.jpg,22094,.jpg
cropped_images/images_crop_align_opencv/male/caucasian/man-3786991_1920.jpg,17586,.jpg
cropped_images/images_crop_align_opencv/male/caucasian/man-379677_1920.jpg,24052,.jpg
cropped_images/images_crop_align_opencv/male/caucasian/man-3803551_1920.jpg,22194,.jpg
cropped_images/images_crop_align_opencv/male/caucasian/man-3967820_1920.jpg,16167,.jpg
cropped_images/images_crop_align_opencv/male/caucasian/man-4070556_1920.jpg,17800,.jpg
cropped_images/images_crop_align_opencv/male/caucasian/man-4123268_1920.jpg,17536,.jpg
cropped_images/images_crop_align_opencv/male/caucasian/man-4220914_1920.jpg,18383,.jpg
cropped_images/images_crop_align_opencv/male/caucasian/man-4302299_1920.jpg,16388,.jpg
cropped_images/images_crop_align_opencv/male/caucasian/man-4818722_1920.jpg,17875,.jpg
cropped_images/images_crop_align_opencv/male/caucasian/man-5917529_1920.jpg,26912,.jpg
cropped_images/images_crop_align_opencv/male/caucasian/man-5928801_1920.jpg,17578,.jpg
cropped_images/images_crop_align_opencv/male/caucasian/man-61004_1920.jpg,18859,.jpg
cropped_images/images_crop_align_opencv/male/caucasian/man-67467_1920.jpg,18126,.jpg
cropped_images/images_crop_align_opencv/male/caucasian/man-838636_1920.jpg,16656,.jpg
cropped_images/images_crop_align_opencv/male/caucasian/man-894182_1920.jpg,15282,.jpg
cropped_images/images_crop_align_opencv/male/caucasian/man-919045_1920.jpg,13921,.jpg
cropped_images/images_crop_align_opencv/male/caucasian/man-931974_1920.jpg,15182,.jpg
cropped_images/images_crop_align_opencv/male/caucasian/man-943554_1920.jpg,20361,.jpg
cropped_images/images_crop_align_opencv/male/caucasian/man-945482_1920.jpg,19925,.jpg
cropped_images/images_crop_align_opencv/male/caucasian/man-962563_1920.jpg,17300,.jpg
cropped_images/images_crop_align_opencv/male/caucasian/mariana-sandulovych-m23wyWvZw2U-unsplash.jpg,22284,.jpg
cropped_images/images_crop_align_opencv/male/caucasian/marie-michele-bouchard-8d-1HViXfdk-unsplash.jpg,8460,.jpg
cropped_images/images_crop_align_opencv/male/caucasian/marie-michele-bouchard-Jdcfl34n-AQ-unsplash.jpg,20309,.jpg
cropped_images/images_crop_align_opencv/male/caucasian/mark-decile-ODah33uNGvU-unsplash.jpg,21357,.jpg
cropped_images/images_crop_align_opencv/male/caucasian/mark-farias-dt60oksDTx8-unsplash.jpg,16452,.jpg
cropped_images/images_crop_align_opencv/male/caucasian/martin-magnemyr-V4B0nrIJcls-unsplash.jpg,20655,.jpg
cropped_images/images_crop_align_opencv/male/caucasian/mateus-pinheiro-6e0z7TFIlo0-unsplash.jpg,19490,.jpg
cropped_images/images_crop_align_opencv/male/caucasian/matheus-farias-fa314kBSJxo-unsplash.jpg,15294,.jpg
cropped_images/images_crop_align_opencv/male/caucasian/matt-sings-ixmVe2qr8TM-unsplash.jpg,16333,.jpg
cropped_images/images_crop_align_opencv/male/caucasian/matteo-minoglio-JDBR1pXomQw-unsplash.jpg,16330,.jpg
cropped_images/images_crop_align_opencv/male/caucasian/max-bender-1uMdzWWCAJk-unsplash.jpg,14442,.jpg
cropped_images/images_crop_align_opencv/male/caucasian/mehdi-lamaaffar-lrALtuCkYs0-unsplash.jpg,16775,.jpg
cropped_images/images_crop_align_opencv/male/caucasian/mehmet-turgut-kirkgoz-GHks3u7dzcc-unsplash.jpg,18967,.jpg
cropped_images/images_crop_align_opencv/male/caucasian/mens-3849286_1920.jpg,18339,.jpg
cropped_images/images_crop_align_opencv/male/caucasian/mikhail-marchenko-nuOfp2JdBB8-unsplash.jpg,13225,.jpg
cropped_images/images_crop_align_opencv/male/caucasian/mitchell-griest-k879YX17xVQ-unsplash.jpg,17988,.jpg
cropped_images/images_crop_align_opencv/male/caucasian/model-3513812_1920.jpg,16756,.jpg
cropped_images/images_crop_align_opencv/male/caucasian/model-4759613_1920.jpg,22117,.jpg
cropped_images/images_crop_align_opencv/male/caucasian/mohamed-nohassi-Z60j5qAOW_M-unsplash.jpg,22705,.jpg
cropped_images/images_crop_align_opencv/male/caucasian/morten-pedersen-Z-bgD8pMv30-unsplash.jpg,18623,.jpg
cropped_images/images_crop_align_opencv/male/caucasian/musician-1380216_1920.jpg,17183,.jpg
cropped_images/images_crop_align_opencv/male/caucasian/mysterious-4289694_1920.jpg,22913,.jpg
cropped_images/images_crop_align_opencv/male/caucasian/nate-J5U-22o1ubw-unsplash.jpg,20075,.jpg
cropped_images/images_crop_align_opencv/male/caucasian/nathan-dumlao-4m2-An3yFx0-unsplash.jpg,20304,.jpg
cropped_images/images_crop_align_opencv/male/caucasian/nathan-dumlao-SJl7ZfClJEc-unsplash.jpg,21846,.jpg
cropped_images/images_crop_align_opencv/male/caucasian/nathan-dumlao-ger61_TX6oI-unsplash.jpg,22956,.jpg
cropped_images/images_crop_align_opencv/male/caucasian/nathan-van-de-graaf-8ngIBwU2-5U-unsplash.jpg,17743,.jpg
cropped_images/images_crop_align_opencv/male/caucasian/nathaniel-vala-cBKz-2Db6Rg-unsplash.jpg,19638,.jpg
cropped_images/images_crop_align_opencv/male/caucasian/neonbrand-8AGfQQl_RSM-unsplash.jpg,18652,.jpg
cropped_images/images_crop_align_opencv/male/caucasian/nick-karvounis-JyO_szjGvUw-unsplash.jpg,16111,.jpg
cropped_images/images_crop_align_opencv/male/caucasian/nick-linnen-BCQVNAUo_7Y-unsplash.jpg,16843,.jpg
cropped_images/images_crop_align_opencv/male/caucasian/nikita-fox-2ODe_T5WRzA-unsplash.jpg,11792,.jpg
cropped_images/images_crop_align_opencv/male/caucasian/niklas-veenhuis-HqWKpGBPm8I-unsplash.jpg,16387,.jpg
cropped_images/images_crop_align_opencv/male/caucasian/noah-blaine-clark-d8OX1jeN5Ac-unsplash.jpg,22408,.jpg
cropped_images/images_crop_align_opencv/male/caucasian/noble-mitchell-qZr1NKjcD0E-unsplash.jpg,16312,.jpg
cropped_images/images_crop_align_opencv/male/caucasian/norbert-kundrak-Qkka6rvSToY-unsplash.jpg,18113,.jpg
cropped_images/images_crop_align_opencv/male/caucasian/oleg-ivanov--9ctS97imKs-unsplash.jpg,16979,.jpg
cropped_images/images_crop_align_opencv/male/caucasian/paolo-bendandi-D-8XODEIr_s-unsplash.jpg,21079,.jpg
cropped_images/images_crop_align_opencv/male/caucasian/patricia-prudente-__LnEJsm7ns-unsplash.jpg,20244,.jpg
cropped_images/images_crop_align_opencv/male/caucasian/people-1492096_1920.jpg,17010,.jpg
cropped_images/images_crop_align_opencv/male/caucasian/people-1690965_1920.jpg,19956,.jpg
cropped_images/images_crop_align_opencv/male/caucasian/people-875597_1920.jpg,23952,.jpg
cropped_images/images_crop_align_opencv/male/caucasian/person-4556344_1920.jpg,15594,.jpg
cropped_images/images_crop_align_opencv/male/caucasian/person-700003_1920.jpg,20688,.jpg
cropped_images/images_crop_align_opencv/male/caucasian/person-771996_1920.jpg,17894,.jpg
cropped_images/images_crop_align_opencv/male/caucasian/pexels-alex-green-6625960.jpg,22213,.jpg
cropped_images/images_crop_align_opencv/male/caucasian/pexels-andrea-piacquadio-3779455.jpg,15727,.jpg
cropped_images/images_crop_align_opencv/male/caucasian/pexels-andrea-piacquadio-3811804.jpg,20459,.jpg
cropped_images/images_crop_align_opencv/male/caucasian/pexels-andrea-piacquadio-3824771.jpg,19957,.jpg
cropped_images/images_crop_align_opencv/male/caucasian/pexels-andrea-piacquadio-3831631.jpg,17027,.jpg
cropped_images/images_crop_align_opencv/male/caucasian/pexels-anna-shvets-4971982.jpg,24528,.jpg
cropped_images/images_crop_align_opencv/male/caucasian/pexels-cottonbro-4100430.jpg,13957,.jpg
cropped_images/images_crop_align_opencv/male/caucasian/pexels-cottonbro-4812639.jpg,18654,.jpg
cropped_images/images_crop_align_opencv/male/caucasian/pexels-daisa-tj-3408420.jpg,22020,.jpg
cropped_images/images_crop_align_opencv/male/caucasian/pexels-david-garrison-2128807.jpg,21774,.jpg
cropped_images/images_crop_align_opencv/male/caucasian/pexels-david-garrison-2128815.jpg,23525,.jpg
cropped_images/images_crop_align_opencv/male/caucasian/pexels-elle-hughes-1680175.jpg,22573,.jpg
cropped_images/images_crop_align_opencv/male/caucasian/pexels-ethan-jones-3222422 (1).jpg,17598,.jpg
cropped_images/images_crop_align_opencv/male/caucasian/pexels-hamid-tajik-6273203.jpg,16662,.jpg
cropped_images/images_crop_align_opencv/male/caucasian/pexels-ira-dulger-1452127.jpg,16149,.jpg
cropped_images/images_crop_align_opencv/male/caucasian/pexels-jaysen-scott-1858490.jpg,16651,.jpg
cropped_images/images_crop_align_opencv/male/caucasian/pexels-jj-jordan-3149592.jpg,21188,.jpg
cropped_images/images_crop_align_opencv/male/caucasian/pexels-julia-m-cameron-4144458.jpg,15184,.jpg
cropped_images/images_crop_align_opencv/male/caucasian/pexels-linkedin-sales-navigator-2182970.jpg,20385,.jpg
cropped_images/images_crop_align_opencv/male/caucasian/pexels-martin-p¿ªchy-2078265.jpg,21364,.jpg
cropped_images/images_crop_align_opencv/male/caucasian/pexels-mart¿¬-pardo-1674318.jpg,20282,.jpg
cropped_images/images_crop_align_opencv/male/caucasian/pexels-ralph-rabago-3290888.jpg,18883,.jpg
cropped_images/images_crop_align_opencv/male/caucasian/pexels-rodrigo-souza-2531553.jpg,20787,.jpg
cropped_images/images_crop_align_opencv/male/caucasian/pexels-sebastian-libuda-678785.jpg,17703,.jpg
cropped_images/images_crop_align_opencv/male/caucasian/pexels-spencer-selover-775358.jpg,16770,.jpg
cropped_images/images_crop_align_opencv/male/caucasian/pexels-vikas-mani-2764950.jpg,17622,.jpg
cropped_images/images_crop_align_opencv/male/caucasian/philipp-wuthrich--oHSNY6F-xU-unsplash.jpg,14249,.jpg
cropped_images/images_crop_align_opencv/male/caucasian/piotr-wilk-LcCvM4vZEyg-unsplash.jpg,19115,.jpg
cropped_images/images_crop_align_opencv/male/caucasian/portrait-1141481_1920.jpg,18921,.jpg
cropped_images/images_crop_align_opencv/male/caucasian/portrait-1535271_1920.jpg,21158,.jpg
cropped_images/images_crop_align_opencv/male/caucasian/portrait-2501866_1920.jpg,19713,.jpg
cropped_images/images_crop_align_opencv/male/caucasian/portrait-2573013_1920.jpg,16322,.jpg
cropped_images/images_crop_align_opencv/male/caucasian/portrait-2946213_1920.jpg,15657,.jpg
cropped_images/images_crop_align_opencv/male/caucasian/portrait-3059314_1920.jpg,18733,.jpg
cropped_images/images_crop_align_opencv/male/caucasian/portrait-3334378_1280.jpg,21786,.jpg
cropped_images/images_crop_align_opencv/male/caucasian/portrait-3338642_1920.jpg,22808,.jpg
cropped_images/images_crop_align_opencv/male/caucasian/portrait-3353699_1920.jpg,19261,.jpg
cropped_images/images_crop_align_opencv/male/caucasian/portrait-3518462_1920.jpg,17659,.jpg
cropped_images/images_crop_align_opencv/male/caucasian/portrait-3518463_1920.jpg,16758,.jpg
cropped_images/images_crop_align_opencv/male/caucasian/r-d-smith-k-f3PYgAPwQ-unsplash.jpg,18577,.jpg
cropped_images/images_crop_align_opencv/male/caucasian/rabbi-3485884_1920.jpg,20418,.jpg
cropped_images/images_crop_align_opencv/male/caucasian/ricky-higby-5jqNqM1Npsg-unsplash.jpg,23300,.jpg
cropped_images/images_crop_align_opencv/male/caucasian/robert-godwin-cdksyTqEXzo-unsplash.jpg,19565,.jpg
cropped_images/images_crop_align_opencv/male/caucasian/robert-harkness-MB_5XK9E7vM-unsplash.jpg,21274,.jpg
cropped_images/images_crop_align_opencv/male/caucasian/robert-lazar-gln1ySXJJbU-unsplash.jpg,18411,.jpg
cropped_images/images_crop_align_opencv/male/caucasian/roland-hechanova-3O18O0CZiZ4-unsplash.jpg,17585,.jpg
cropped_images/images_crop_align_opencv/male/caucasian/roman-holoschchuk-I2SU6dCGsnI-unsplash.jpg,17148,.jpg
cropped_images/images_crop_align_opencv/male/caucasian/roman-holoschchuk-O-98kcPe0P8-unsplash.jpg,17794,.jpg
cropped_images/images_crop_align_opencv/male/caucasian/ronan-kruithof-SMrz4oEO95I-unsplash.jpg,14045,.jpg
cropped_images/images_crop_align_opencv/male/caucasian/ronny-sison-Ajrb9WJlVzI-unsplash.jpg,18796,.jpg
cropped_images/images_crop_align_opencv/male/caucasian/rooftop-1261214_1920.jpg,16659,.jpg
cropped_images/images_crop_align_opencv/male/caucasian/ryan-porter-XW1HtPgi1G4-unsplash.jpg,20269,.jpg
cropped_images/images_crop_align_opencv/male/caucasian/sara-dubler-dDE6naQBc2Q-unsplash.jpg,22850,.jpg
cropped_images/images_crop_align_opencv/male/caucasian/sayo-garcia-n-LARjYGIeg-unsplash(1).jpg,18044,.jpg
cropped_images/images_crop_align_opencv/male/caucasian/sayo-garcia-n-LARjYGIeg-unsplash.jpg,18044,.jpg
cropped_images/images_crop_align_opencv/male/caucasian/scott-higdon-tD1XD54mx8w-unsplash.jpg,20061,.jpg
cropped_images/images_crop_align_opencv/male/caucasian/sebastian-pociecha-xLc0r-hn0Do-unsplash.jpg,18611,.jpg
cropped_images/images_crop_align_opencv/male/caucasian/selfie-4302321_1920.jpg,22742,.jpg
cropped_images/images_crop_align_opencv/male/caucasian/selfie-543366_1280.jpg,20379,.jpg
cropped_images/images_crop_align_opencv/male/caucasian/serhiy-hipskyy-6KPUS5tUp3Y-unsplash.jpg,17183,.jpg
cropped_images/images_crop_align_opencv/male/caucasian/serhiy-hipskyy-Vilt9tibcLQ-unsplash.jpg,17259,.jpg
cropped_images/images_crop_align_opencv/male/caucasian/sharon-mccutcheon-W2hSpLh5caQ-unsplash.jpg,18278,.jpg
cropped_images/images_crop_align_opencv/male/caucasian/sigmund-QjCNk0TxGfc-unsplash.jpg,21090,.jpg
cropped_images/images_crop_align_opencv/male/caucasian/sincerely-media-_iIB6g19mq4-unsplash.jpg,17680,.jpg
cropped_images/images_crop_align_opencv/male/caucasian/sinitta-leunen-KwHFS8vMHvA-unsplash.jpg,16694,.jpg
cropped_images/images_crop_align_opencv/male/caucasian/smile-2583221_1920.jpg,23273,.jpg
cropped_images/images_crop_align_opencv/male/caucasian/smiling-888532_1920.jpg,16907,.jpg
cropped_images/images_crop_align_opencv/male/caucasian/smirk-4778656_1920.jpg,13866,.jpg
cropped_images/images_crop_align_opencv/male/caucasian/smitty-kVB7kYjBPJI-unsplash.jpg,16253,.jpg
cropped_images/images_crop_align_opencv/male/caucasian/steven-erixon-C1nxojDnNPo-unsplash.jpg,15955,.jpg
cropped_images/images_crop_align_opencv/male/caucasian/suit-3554990_1920.jpg,18047,.jpg
cropped_images/images_crop_align_opencv/male/caucasian/sven-kucinic-Pjl9OrTRXFg-unsplash.jpg,20096,.jpg
cropped_images/images_crop_align_opencv/male/caucasian/talen-de-st-croix-XzRhdAoNMa8-unsplash.jpg,14072,.jpg
cropped_images/images_crop_align_opencv/male/caucasian/taras-chernus-8CEKQlmnf50-unsplash.jpg,18321,.jpg
cropped_images/images_crop_align_opencv/male/caucasian/taylor-8Vt2haq8NSQ-unsplash.jpg,18759,.jpg
cropped_images/images_crop_align_opencv/male/caucasian/taylor-hernandez-hZdF1lzo8fs-unsplash.jpg,21792,.jpg
cropped_images/images_crop_align_opencv/male/caucasian/taylor-nhIbH2OwB7M-unsplash.jpg,18898,.jpg
cropped_images/images_crop_align_opencv/male/caucasian/teen-722645_1920.jpg,14929,.jpg
cropped_images/images_crop_align_opencv/male/caucasian/teen-722650_1920.jpg,17407,.jpg
cropped_images/images_crop_align_opencv/male/caucasian/teenager-1131815_1280.jpg,19013,.jpg
cropped_images/images_crop_align_opencv/male/caucasian/teenager-398355_1920.jpg,18768,.jpg
cropped_images/images_crop_align_opencv/male/caucasian/tim-tebow-foundation-Xo2OuzT5WtQ-unsplash.jpg,16373,.jpg
cropped_images/images_crop_align_opencv/male/caucasian/toa-heftiba-Gf12dq0xgHA-unsplash.jpg,16295,.jpg
cropped_images/images_crop_align_opencv/male/caucasian/toa-heftiba-chn-__w4I3M-unsplash.jpg,19461,.jpg
cropped_images/images_crop_align_opencv/male/caucasian/toa-heftiba-nvEC7ALWiPg-unsplash.jpg,21229,.jpg
cropped_images/images_crop_align_opencv/male/caucasian/toa-heftiba-ukvkvS2Wdlw-unsplash.jpg,23650,.jpg
cropped_images/images_crop_align_opencv/male/caucasian/tobi-oshinnaike-Z7MKNGFnbOw-unsplash.jpg,19941,.jpg
cropped_images/images_crop_align_opencv/male/caucasian/tomas-gal-0y7_9bRUoz0-unsplash.jpg,12632,.jpg
cropped_images/images_crop_align_opencv/male/caucasian/tomas-gal-M6T8XDSl984-unsplash.jpg,17204,.jpg
cropped_images/images_crop_align_opencv/male/caucasian/tomas-gal-hRsnfRjl40w-unsplash.jpg,17227,.jpg
cropped_images/images_crop_align_opencv/male/caucasian/vampire-4798680_1920.jpg,15522,.jpg
cropped_images/images_crop_align_opencv/male/caucasian/vasile-stancu-Rx-dasg6bN4-unsplash.jpg,16572,.jpg
cropped_images/images_crop_align_opencv/male/caucasian/vicky-hladynets-BUNTFZ25_hI-unsplash.jpg,18148,.jpg
cropped_images/images_crop_align_opencv/male/caucasian/vicky-hladynets-EruJpcY4i1w-unsplash.jpg,17918,.jpg
cropped_images/images_crop_align_opencv/male/caucasian/vicky-hladynets-NnmUHZ6tpSs-unsplash.jpg,21357,.jpg
cropped_images/images_crop_align_opencv/male/caucasian/vicky-hladynets-uyaTT9u6AvI-unsplash.jpg,17959,.jpg
cropped_images/images_crop_align_opencv/male/caucasian/viktor-juric--10t7s-rYzE-unsplash.jpg,20089,.jpg
cropped_images/images_crop_align_opencv/male/caucasian/vinicius-amnx-amano-XKoTZ1EUOJA-unsplash.jpg,21841,.jpg
cropped_images/images_crop_align_opencv/male/caucasian/visuals-of-theodor-GXzUcBq9QAM-unsplash.jpg,13397,.jpg
cropped_images/images_crop_align_opencv/male/caucasian/welshman-3654545_1920.jpg,16234,.jpg
cropped_images/images_crop_align_opencv/male/caucasian/wes-walker-sahep-7OPkM-unsplash.jpg,13931,.jpg
cropped_images/images_crop_align_opencv/male/caucasian/wesley-tingey-TvPCUHten1o-unsplash.jpg,18569,.jpg
cropped_images/images_crop_align_opencv/male/caucasian/where-is-pykh-_3vfugHP3Ro-unsplash.jpg,12608,.jpg
cropped_images/images_crop_align_opencv/male/caucasian/winter-1937626_1920.jpg,17920,.jpg
cropped_images/images_crop_align_opencv/male/caucasian/xenia-bogarova-yyrH1RR7iy4-unsplash.jpg,17601,.jpg
cropped_images/images_crop_align_opencv/male/caucasian/yan-berthemy-0r5t7wKzem4-unsplash.jpg,17481,.jpg
cropped_images/images_crop_align_opencv/male/caucasian/young-2807688_1920.jpg,18837,.jpg
cropped_images/images_crop_align_opencv/male/caucasian/young-3966056_1920.jpg,17069,.jpg
cropped_images/images_crop_align_opencv/male/caucasian/young-4254330_1920.jpg,16233,.jpg
cropped_images/images_crop_align_opencv/male/caucasian/young-4440156_1920.jpg,18810,.jpg
cropped_images/images_crop_align_opencv/male/caucasian/young-4549901_1920.jpg,19269,.jpg
cropped_images/images_crop_align_opencv/male/caucasian/young-507297_1920.jpg,16879,.jpg
cropped_images/images_crop_align_opencv/male/caucasian/young-man-1272106_1920.jpg,20019,.jpg
cropped_images/images_crop_align_opencv/male/caucasian/young-man-1281282_1920.jpg,23362,.jpg
cropped_images/images_crop_align_opencv/male/caucasian/young-man-1990618_1920.jpg,16012,.jpg
cropped_images/images_crop_align_opencv/male/caucasian/young-man-3354511_1920.jpg,17374,.jpg
cropped_images/images_crop_align_opencv/male/caucasian/young-man-4971459_1920.jpg,17117,.jpg
cropped_images/images_crop_align_opencv/male/caucasian/youth-393656_1920.jpg,14388,.jpg
cropped_images/images_crop_align_opencv/male/caucasian/zheka-boychenko-vPkTWyTgk8E-unsplash.jpg,20332,.jpg
cropped_images/images_crop_align_opencv/male/caucasian/zoran-borojevic-f5xiGmFwXIU-unsplash.jpg,23968,.jpg
cropped_images/images_crop_align_opencv/male/hispanic/112.jpg,24865,.jpg
cropped_images/images_crop_align_opencv/male/hispanic/121.jpg,28001,.jpg
cropped_images/images_crop_align_opencv/male/hispanic/132.jpg,27721,.jpg
cropped_images/images_crop_align_opencv/male/hispanic/alex-avalos-5L4ibEMAuN0-unsplash.jpg,14511,.jpg
cropped_images/images_crop_align_opencv/male/hispanic/alex-quezada-IqiGfsnI0Rk-unsplash.jpg,18300,.jpg
cropped_images/images_crop_align_opencv/male/hispanic/alex-suprun-ZHvM3XIOHoE-unsplash.jpg,15568,.jpg
cropped_images/images_crop_align_opencv/male/hispanic/allef-vinicius-_5ZkuqGEIW0-unsplash.jpg,17460,.jpg
cropped_images/images_crop_align_opencv/male/hispanic/amir-esrafili-xmYL_5Hpe4U-unsplash.jpg,16726,.jpg
cropped_images/images_crop_align_opencv/male/hispanic/andrei-caliman-6R2Sj-8PerY-unsplash.jpg,16522,.jpg
cropped_images/images_crop_align_opencv/male/hispanic/andrei-caliman-xRkj9n5_HNo-unsplash.jpg,14410,.jpg
cropped_images/images_crop_align_opencv/male/hispanic/andres-hernandez-O5_adohk29M-unsplash.jpg,16503,.jpg
cropped_images/images_crop_align_opencv/male/hispanic/ante-samarzija-hOc5-fe3fzE-unsplash.jpg,22496,.jpg
cropped_images/images_crop_align_opencv/male/hispanic/antoine-da-cunha-r8AEmsxbf1A-unsplash.jpg,15629,.jpg
cropped_images/images_crop_align_opencv/male/hispanic/anton-darius-3XY7BWwGolk-unsplash.jpg,16492,.jpg
cropped_images/images_crop_align_opencv/male/hispanic/antreina-stone-VtZEhxeWHA8-unsplash.jpg,22494,.jpg
cropped_images/images_crop_align_opencv/male/hispanic/austrian-national-library-NiwBev0Fosk-unsplash.jpg,17133,.jpg
cropped_images/images_crop_align_opencv/male/hispanic/basketball-888531_1920.jpg,14446,.jpg
cropped_images/images_crop_align_opencv/male/hispanic/beard-5216825_1920.jpg,19378,.jpg
cropped_images/images_crop_align_opencv/male/hispanic/bearded-1903465_1920.jpg,21069,.jpg
cropped_images/images_crop_align_opencv/male/hispanic/betzy-arosemena-Mx15HMZGQzY-unsplash.jpg,18182,.jpg
cropped_images/images_crop_align_opencv/male/hispanic/black-and-white-1282264_1920.jpg,19467,.jpg
cropped_images/images_crop_align_opencv/male/hispanic/boy-1284509_1920.jpg,18791,.jpg
cropped_images/images_crop_align_opencv/male/hispanic/boy-1846704_1920.jpg,16562,.jpg
cropped_images/images_crop_align_opencv/male/hispanic/boy-2699256_1920.jpg,14588,.jpg
cropped_images/images_crop_align_opencv/male/hispanic/brian-lundquist-IAWN962A4aA-unsplash.jpg,20660,.jpg
cropped_images/images_crop_align_opencv/male/hispanic/carlos-arthur-m-r-mgLuffTBCWk-unsplash.jpg,19498,.jpg
cropped_images/images_crop_align_opencv/male/hispanic/carlos-gil-GfuvYM8LPPQ-unsplash.jpg,18068,.jpg
cropped_images/images_crop_align_opencv/male/hispanic/carol-magalhaes-oSPye-Bcdas-unsplash.jpg,12557,.jpg
cropped_images/images_crop_align_opencv/male/hispanic/chalo-garcia-PXccl_hEIww-unsplash.jpg,21531,.jpg
cropped_images/images_crop_align_opencv/male/hispanic/christian-buehner-9-ROKwX-C0Q-unsplash.jpg,19493,.jpg
cropped_images/images_crop_align_opencv/male/hispanic/christian-buehner-QLcxFso3gLk-unsplash.jpg,16097,.jpg
cropped_images/images_crop_align_opencv/male/hispanic/christian-buehner-hIbh3VlZgwU-unsplash.jpg,23817,.jpg
cropped_images/images_crop_align_opencv/male/hispanic/christian-buehner-wJkSeq7DzrI-unsplash.jpg,23368,.jpg
cropped_images/images_crop_align_opencv/male/hispanic/clarisse-meyer-B9TzBwBVUpw-unsplash.jpg,18339,.jpg
cropped_images/images_crop_align_opencv/male/hispanic/cosmin-serban-6RP0cM4-xbk-unsplash.jpg,20195,.jpg
cropped_images/images_crop_align_opencv/male/hispanic/couple-5917009_1920.png,68732,.png
cropped_images/images_crop_align_opencv/male/hispanic/creative-christians-6EwRNsuhFo4-unsplash.jpg,15516,.jpg
cropped_images/images_crop_align_opencv/male/hispanic/daniil-onischenko-XqX_PfrFXdQ-unsplash.jpg,14923,.jpg
cropped_images/images_crop_align_opencv/male/hispanic/daniil-onischenko-YtvwVAVUrLI-unsplash.jpg,12691,.jpg
cropped_images/images_crop_align_opencv/male/hispanic/deniz-gocmen-I_iTEsW8Cww-unsplash.jpg,13693,.jpg
cropped_images/images_crop_align_opencv/male/hispanic/diego-sanchez-C20AJQ_yg14-unsplash.jpg,13922,.jpg
cropped_images/images_crop_align_opencv/male/hispanic/diego-sanchez-FnbRghTNtdE-unsplash.jpg,13525,.jpg
cropped_images/images_crop_align_opencv/male/hispanic/drew-hays-agGIKYs4mYs-unsplash.jpg,16724,.jpg
cropped_images/images_crop_align_opencv/male/hispanic/elvis-ray-sIIoJ0uGkUc-unsplash.jpg,16928,.jpg
cropped_images/images_crop_align_opencv/male/hispanic/erik-mclean-bTCQMLjXLZQ-unsplash.jpg,15716,.jpg
cropped_images/images_crop_align_opencv/male/hispanic/face-3265605_1920.jpg,21639,.jpg
cropped_images/images_crop_align_opencv/male/hispanic/g_1.jpg,18400,.jpg
cropped_images/images_crop_align_opencv/male/hispanic/g_12.jpg,17955,.jpg
cropped_images/images_crop_align_opencv/male/hispanic/g_13.jpg,18841,.jpg
cropped_images/images_crop_align_opencv/male/hispanic/g_4.jpg,25224,.jpg
cropped_images/images_crop_align_opencv/male/hispanic/g_5.jpg,25092,.jpg
cropped_images/images_crop_align_opencv/male/hispanic/gaurav-saini-lIxF9Xk6t5E-unsplash.jpg,18226,.jpg
cropped_images/images_crop_align_opencv/male/hispanic/georgia-mashford-UzxZBo7nP9E-unsplash.jpg,14994,.jpg
cropped_images/images_crop_align_opencv/male/hispanic/guard-1129949_1920.jpg,26505,.jpg
cropped_images/images_crop_align_opencv/male/hispanic/guilherme-franca-dNSQPOcDyN8-unsplash.jpg,16485,.jpg
cropped_images/images_crop_align_opencv/male/hispanic/guy8.jpg,26279,.jpg
cropped_images/images_crop_align_opencv/male/hispanic/hamed-taha-xPmMqkAze7g-unsplash.jpg,18940,.jpg
cropped_images/images_crop_align_opencv/male/hispanic/hust-wilson-o0ggKYPgnzg-unsplash.jpg,20855,.jpg
cropped_images/images_crop_align_opencv/male/hispanic/isaac-quesada-uTZ9UIxUKVY-unsplash.jpg,12250,.jpg
cropped_images/images_crop_align_opencv/male/hispanic/ismail-taibi-yLFFEhcaYyw-unsplash.jpg,19214,.jpg
cropped_images/images_crop_align_opencv/male/hispanic/jaime-spaniol-0g9FHYb3IEY-unsplash.jpg,19059,.jpg
cropped_images/images_crop_align_opencv/male/hispanic/janko-ferlic-G-jo31ESuRE-unsplash.jpg,18673,.jpg
cropped_images/images_crop_align_opencv/male/hispanic/jasper-garratt-jJjUdYDga7o-unsplash.jpg,20162,.jpg
cropped_images/images_crop_align_opencv/male/hispanic/joam-lima-vxwjMDcS_6Q-unsplash.jpg,17021,.jpg
cropped_images/images_crop_align_opencv/male/hispanic/joao-marinho-5rpUUOuBQ5w-unsplash.jpg,16270,.jpg
cropped_images/images_crop_align_opencv/male/hispanic/jonas-kakaroto-KIPqvvTOC1s-unsplash.jpg,19871,.jpg
cropped_images/images_crop_align_opencv/male/hispanic/jorge-salvador-iGzHMzRZjRs-unsplash.jpg,16827,.jpg
cropped_images/images_crop_align_opencv/male/hispanic/kenzie-kraft-9QW52RyBLao-unsplash.jpg,18667,.jpg
cropped_images/images_crop_align_opencv/male/hispanic/kevin-turcios-Mn0mVsdg4EU-unsplash.jpg,20557,.jpg
cropped_images/images_crop_align_opencv/male/hispanic/mael-balland-uPgFSd7POhw-unsplash.jpg,16499,.jpg
cropped_images/images_crop_align_opencv/male/hispanic/male-4444163_1920.jpg,16617,.jpg
cropped_images/images_crop_align_opencv/male/hispanic/man-1209137_1920.jpg,18906,.jpg
cropped_images/images_crop_align_opencv/male/hispanic/man-1613566_1920.jpg,15225,.jpg
cropped_images/images_crop_align_opencv/male/hispanic/man-1928649_1920.jpg,17609,.jpg
cropped_images/images_crop_align_opencv/male/hispanic/man-2030662_1920.jpg,18618,.jpg
cropped_images/images_crop_align_opencv/male/hispanic/man-2087436_1920.jpg,21997,.jpg
cropped_images/images_crop_align_opencv/male/hispanic/man-2482464_1920.jpg,19965,.jpg
cropped_images/images_crop_align_opencv/male/hispanic/man-352563_1280.jpg,23864,.jpg
cropped_images/images_crop_align_opencv/male/hispanic/man-496471_1920.jpg,17047,.jpg
cropped_images/images_crop_align_opencv/male/hispanic/man-912226_1920.jpg,19079,.jpg
cropped_images/images_crop_align_opencv/male/hispanic/marcos-paulo-prado-y6yrNx1MBEg-unsplash.jpg,19628,.jpg
cropped_images/images_crop_align_opencv/male/hispanic/mark-decile-VHFnE1uz0wY-unsplash.jpg,17485,.jpg
cropped_images/images_crop_align_opencv/male/hispanic/matheus-farias-_jOsfORtjew-unsplash.jpg,15753,.jpg
cropped_images/images_crop_align_opencv/male/hispanic/max-harlynking-zaItO-b0afs-unsplash.jpg,22046,.jpg
cropped_images/images_crop_align_opencv/male/hispanic/mehrad-vosoughi-iUQmEFtfdLw-unsplash.jpg,18471,.jpg
cropped_images/images_crop_align_opencv/male/hispanic/michele-seghieri-9cRe2YMORtc-unsplash.jpg,15969,.jpg
cropped_images/images_crop_align_opencv/male/hispanic/mihai-stefan-0_G9UHXy39c-unsplash.jpg,19941,.jpg
cropped_images/images_crop_align_opencv/male/hispanic/misael-silvera-5CSRi249CQk-unsplash.jpg,18224,.jpg
cropped_images/images_crop_align_opencv/male/hispanic/model-3827058_1920.jpg,17955,.jpg
cropped_images/images_crop_align_opencv/male/hispanic/model-3994985_1920.jpg,20438,.jpg
cropped_images/images_crop_align_opencv/male/hispanic/model-4448780_1920.jpg,19401,.jpg
cropped_images/images_crop_align_opencv/male/hispanic/mojtaba-ravanbakhsh-C1FZr9CIC5U-unsplash.jpg,15611,.jpg
cropped_images/images_crop_align_opencv/male/hispanic/nathan-dumlao-iKwCVH4cyjQ-unsplash.jpg,20669,.jpg
cropped_images/images_crop_align_opencv/male/hispanic/national-cancer-institute-NNpo-liY5aU-unsplash.jpg,16150,.jpg
cropped_images/images_crop_align_opencv/male/hispanic/nature-1706767_1920.jpg,18850,.jpg
cropped_images/images_crop_align_opencv/male/hispanic/olena-sergienko-FzFTy03noZ0-unsplash.jpg,15157,.jpg
cropped_images/images_crop_align_opencv/male/hispanic/oosman-exptal-K2exjqPg3Zs-unsplash.jpg,18841,.jpg
cropped_images/images_crop_align_opencv/male/hispanic/outdoors-3462520_1920(1).jpg,15397,.jpg
cropped_images/images_crop_align_opencv/male/hispanic/paul-castanie-ukPQ7WBznvQ-unsplash.jpg,17307,.jpg
cropped_images/images_crop_align_opencv/male/hispanic/people-2202472_1920.jpg,19508,.jpg
cropped_images/images_crop_align_opencv/male/hispanic/people-2202474_1920.jpg,18914,.jpg
cropped_images/images_crop_align_opencv/male/hispanic/people-2571917_1920.jpg,20521,.jpg
cropped_images/images_crop_align_opencv/male/hispanic/people-2583959_1920.jpg,21108,.jpg
cropped_images/images_crop_align_opencv/male/hispanic/pexels-anna-tarazevich-5234265.jpg,21036,.jpg
cropped_images/images_crop_align_opencv/male/hispanic/pexels-armin-rimoldi-5301742.jpg,18704,.jpg
cropped_images/images_crop_align_opencv/male/hispanic/pexels-cottonbro-4255413.jpg,18911,.jpg
cropped_images/images_crop_align_opencv/male/hispanic/pexels-fady-hany-1466844.jpg,19288,.jpg
cropped_images/images_crop_align_opencv/male/hispanic/pexels-hamid-tajik-6207046.jpg,14892,.jpg
cropped_images/images_crop_align_opencv/male/hispanic/pexels-italo-melo-2379004.jpg,21777,.jpg
cropped_images/images_crop_align_opencv/male/hispanic/pexels-italo-melo-2379005.jpg,23037,.jpg
cropped_images/images_crop_align_opencv/male/hispanic/pexels-javon-swaby-2778211.jpg,21760,.jpg
cropped_images/images_crop_align_opencv/male/hispanic/pexels-johanser-martinez-5372767.jpg,16557,.jpg
cropped_images/images_crop_align_opencv/male/hispanic/pexels-luan-queiros-3260952.jpg,17310,.jpg
cropped_images/images_crop_align_opencv/male/hispanic/pexels-mustafa-husnii-381843.jpg,19872,.jpg
cropped_images/images_crop_align_opencv/male/hispanic/pexels-ron¿║-ferreira-2304113.jpg,22786,.jpg
cropped_images/images_crop_align_opencv/male/hispanic/pexels-zaetaflow-sec-3205230.jpg,29445,.jpg
cropped_images/images_crop_align_opencv/male/hispanic/portrait-2244177_1280.jpg,15472,.jpg
cropped_images/images_crop_align_opencv/male/hispanic/raj-rana-pgwb84pGonM-unsplash.jpg,17470,.jpg
cropped_images/images_crop_align_opencv/male/hispanic/refugee-1226610_1920.jpg,15553,.jpg
cropped_images/images_crop_align_opencv/male/hispanic/ricardo-aguilera-FZ08deIUo7U-unsplash.jpg,16994,.jpg
cropped_images/images_crop_align_opencv/male/hispanic/riccardo-pitzalis-TpeBIIM0UIY-unsplash.jpg,21409,.jpg
cropped_images/images_crop_align_opencv/male/hispanic/ronny-sison-3vzaG52ZCJY-unsplash.jpg,20086,.jpg
cropped_images/images_crop_align_opencv/male/hispanic/ronny-sison-U9G_SPVlGd0-unsplash.jpg,21058,.jpg
cropped_images/images_crop_align_opencv/male/hispanic/salar-arif-4CWNGHc-luo-unsplash.jpg,17717,.jpg
cropped_images/images_crop_align_opencv/male/hispanic/sam-rios-mKoLyYCXVnw-unsplash.jpg,15536,.jpg
cropped_images/images_crop_align_opencv/male/hispanic/silviu-beniamin-tofan-NEkD-WSpkbU-unsplash.jpg,15620,.jpg
cropped_images/images_crop_align_opencv/male/hispanic/suzana-sousa-IC1_YWQn6so-unsplash.jpg,18107,.jpg
cropped_images/images_crop_align_opencv/male/hispanic/tania-mousinho-ZTiPsISn3ac-unsplash.jpg,17223,.jpg
cropped_images/images_crop_align_opencv/male/hispanic/tanjir-ahmed-chowdhury-YMJvX8k3Kfc-unsplash.jpg,16764,.jpg
cropped_images/images_crop_align_opencv/male/hispanic/taylor-vatem-AcyB19Kpg48-unsplash.jpg,18966,.jpg
cropped_images/images_crop_align_opencv/male/hispanic/toa-heftiba-2O1EUSTRBrY-unsplash.jpg,21811,.jpg
cropped_images/images_crop_align_opencv/male/hispanic/toa-heftiba-w1ftQyDNF3U-unsplash.jpg,11147,.jpg
cropped_images/images_crop_align_opencv/male/hispanic/tyler-nix-PQeoQdkU9jQ-unsplash.jpg,24631,.jpg
cropped_images/images_crop_align_opencv/male/hispanic/vince-fleming-1NrzZHMFztA-unsplash.jpg,15161,.jpg
cropped_images/images_crop_align_opencv/male/hispanic/whereslugo-DMVD9RkZIwQ-unsplash.jpg,14631,.jpg
cropped_images/images_crop_align_opencv/male/hispanic/wonderlane-WzWScssFGJU-unsplash.jpg,22031,.jpg
cropped_images/images_crop_align_opencv/male/hispanic/yogendra-singh-owqFcZRWzTw-unsplash.jpg,16720,.jpg
cropped_images/images_crop_align_opencv/male/hispanic/z-3695551_1920.jpg,15924,.jpg
cropped_images/images_crop_align_opencv/male/hispanic/ziphaus-Fkb4-bLAE4o-unsplash.jpg,19928,.jpg
cropped_images/images_crop_align_opencv/male/hispanic/zulmaury-saavedra-Z9GKfYmWOAM-unsplash.jpg,19623,.jpg
cropped_images/images_crop_align_opencv/male/indian/10.jpg,22801,.jpg
cropped_images/images_crop_align_opencv/male/indian/115.jpg,20352,.jpg
cropped_images/images_crop_align_opencv/male/indian/128.jpg,25321,.jpg
cropped_images/images_crop_align_opencv/male/indian/alex-avalos-Mfoj3mxvYl8-unsplash.jpg,16690,.jpg
cropped_images/images_crop_align_opencv/male/indian/ali-kazal-Su_3F-rsTFE-unsplash.jpg,19412,.jpg
cropped_images/images_crop_align_opencv/male/indian/ali-yahya-22S6KHZoE8Q-unsplash.jpg,21441,.jpg
cropped_images/images_crop_align_opencv/male/indian/amir-ahmadpour-UtaI5TkADPw-unsplash.jpg,15431,.jpg
cropped_images/images_crop_align_opencv/male/indian/amir-mohammad-jafari-tKEti7E86Kc-unsplash.jpg,22728,.jpg
cropped_images/images_crop_align_opencv/male/indian/amir-soltani-9RcccOHau2M-unsplash.jpg,19804,.jpg
cropped_images/images_crop_align_opencv/male/indian/ankush-minda-uPIDtOdCINY-unsplash.jpg,15824,.jpg
cropped_images/images_crop_align_opencv/male/indian/aryan-ghauri-dRatGbY1k8Y-unsplash.jpg,17490,.jpg
cropped_images/images_crop_align_opencv/male/indian/ashkan-forouzani-L9YcNysgL94-unsplash.jpg,18274,.jpg
cropped_images/images_crop_align_opencv/male/indian/ashkan-forouzani-Y8QiDJMEUGc-unsplash.jpg,18766,.jpg
cropped_images/images_crop_align_opencv/male/indian/ashkan-forouzani-YlAp3Y7VUmA-unsplash.jpg,23590,.jpg
cropped_images/images_crop_align_opencv/male/indian/ashkan-forouzani-b8dhPVAxWfE-unsplash.jpg,19728,.jpg
cropped_images/images_crop_align_opencv/male/indian/ashkan-forouzani-lxQw4HiwKBY-unsplash.jpg,21290,.jpg
cropped_images/images_crop_align_opencv/male/indian/ashkan-forouzani-rHuReQyQ72c-unsplash.jpg,17806,.jpg
cropped_images/images_crop_align_opencv/male/indian/athul-krishna-kmrgLHTOo8s-unsplash.jpg,16662,.jpg
cropped_images/images_crop_align_opencv/male/indian/boy-1119239_1920.jpg,22328,.jpg
cropped_images/images_crop_align_opencv/male/indian/boy-5838699_1920.jpg,17440,.jpg
cropped_images/images_crop_align_opencv/male/indian/chirag-dulyan-qOd6UZdvMC4-unsplash.jpg,14824,.jpg
cropped_images/images_crop_align_opencv/male/indian/couple-engagement-pictures-2136097_1920.jpg,22115,.jpg
cropped_images/images_crop_align_opencv/male/indian/deepak-mahajan-8ig-SzHpqDw-unsplash.jpg,14040,.jpg
cropped_images/images_crop_align_opencv/male/indian/diego-sanchez-ABNwyVyvCbo-unsplash.jpg,17562,.jpg
cropped_images/images_crop_align_opencv/male/indian/dollar-gill-X0iNZ0UZIrI-unsplash.jpg,19350,.jpg
cropped_images/images_crop_align_opencv/male/indian/ecommerce-3412872_1920.jpg,19149,.jpg
cropped_images/images_crop_align_opencv/male/indian/emiliano-vittoriosi-XtmpHM7uKCs-unsplash.jpg,19646,.jpg
cropped_images/images_crop_align_opencv/male/indian/eric-joseph-GMCsqQHOW0A-unsplash.jpg,21402,.jpg
cropped_images/images_crop_align_opencv/male/indian/evan-dvorkin-FLhnC9S_UE8-unsplash.jpg,22434,.jpg
cropped_images/images_crop_align_opencv/male/indian/farhan-shaikh-9TYryqt3wLk-unsplash.jpg,17040,.jpg
cropped_images/images_crop_align_opencv/male/indian/gaurav-khoda-HYQMk4fFI-s-unsplash.jpg,11314,.jpg
cropped_images/images_crop_align_opencv/male/indian/guy3.jpg,27307,.jpg
cropped_images/images_crop_align_opencv/male/indian/guy7.jpg,19683,.jpg
cropped_images/images_crop_align_opencv/male/indian/hadi-yazdi-aznaveh-TmRQRgugEsQ-unsplash.jpg,15320,.jpg
cropped_images/images_crop_align_opencv/male/indian/handsome-1805532_1920.jpg,18585,.jpg
cropped_images/images_crop_align_opencv/male/indian/handsome-1886567_1920.jpg,15737,.jpg
cropped_images/images_crop_align_opencv/male/indian/happiness-4067230_1920.jpg,18944,.jpg
cropped_images/images_crop_align_opencv/male/indian/harps-joseph-tAvpDE7fXgY-unsplash.jpg,18979,.jpg
cropped_images/images_crop_align_opencv/male/indian/head-shots-1544781_1920.jpg,18295,.jpg
cropped_images/images_crop_align_opencv/male/indian/hichem-dahmani-8VitrkP2-mw-unsplash.jpg,16243,.jpg
cropped_images/images_crop_align_opencv/male/indian/himanshu-dewangan-brk2ZfYTOp8-unsplash.jpg,19123,.jpg
cropped_images/images_crop_align_opencv/male/indian/hossein-rezaei--paUf05gaUs-unsplash.jpg,16922,.jpg
cropped_images/images_crop_align_opencv/male/indian/ilaya-raja-uX0yUOEYFFU-unsplash.jpg,21392,.jpg
cropped_images/images_crop_align_opencv/male/indian/imansyah-muhamad-putera-Ob19pmoYWkI-unsplash.jpg,18150,.jpg
cropped_images/images_crop_align_opencv/male/indian/india-1129954_1920.jpg,22927,.jpg
cropped_images/images_crop_align_opencv/male/indian/india-4870636_1920.jpg,15636,.jpg
cropped_images/images_crop_align_opencv/male/indian/indian-3459541_1920.jpg,13447,.jpg
cropped_images/images_crop_align_opencv/male/indian/indian-5882625_1920.jpg,19757,.jpg
cropped_images/images_crop_align_opencv/male/indian/indian-boy-2982850_1920.jpg,17193,.jpg
cropped_images/images_crop_align_opencv/male/indian/jaikishan-patel-DSyyWrVjBNA-unsplash.jpg,19028,.jpg
cropped_images/images_crop_align_opencv/male/indian/jaikishan-patel-G1r9ySGtdWQ-unsplash.jpg,16212,.jpg
cropped_images/images_crop_align_opencv/male/indian/jeffrey-grospe-epomvImeev4-unsplash.jpg,17055,.jpg
cropped_images/images_crop_align_opencv/male/indian/jennifer-marquez-kg9cClY_fuc-unsplash.jpg,13930,.jpg
cropped_images/images_crop_align_opencv/male/indian/jordyn-montague-nV7GRL8ooJg-unsplash.jpg,17500,.jpg
cropped_images/images_crop_align_opencv/male/indian/juanma-velasquez-JrNsKhB5aRQ-unsplash.jpg,14305,.jpg
cropped_images/images_crop_align_opencv/male/indian/jyotirmoy-gupta-nBe68MZSIYY-unsplash.jpg,16641,.jpg
cropped_images/images_crop_align_opencv/male/indian/kamran-ch-7pES3XC7l7Q-unsplash.jpg,15730,.jpg
cropped_images/images_crop_align_opencv/male/indian/kazi-mizan-PDDfWeh44m8-unsplash.jpg,12686,.jpg
cropped_images/images_crop_align_opencv/male/indian/kazi-mizan-S3FoV56-Wbk-unsplash.jpg,15436,.jpg
cropped_images/images_crop_align_opencv/male/indian/kazi-mizan-bfReptWpKEg-unsplash.jpg,13599,.jpg
cropped_images/images_crop_align_opencv/male/indian/keenan-constance-292Pth2Y5QM-unsplash.jpg,17085,.jpg
cropped_images/images_crop_align_opencv/male/indian/kids-2408614_1920.jpg,17620,.jpg
cropped_images/images_crop_align_opencv/male/indian/lijo-easo-1JEg1c--_dM-unsplash.jpg,16286,.jpg
cropped_images/images_crop_align_opencv/male/indian/male-5198715_1920.jpg,17296,.jpg
cropped_images/images_crop_align_opencv/male/indian/man-2367954_1920.jpg,21446,.jpg
cropped_images/images_crop_align_opencv/male/indian/man-2933801_1920.jpg,17413,.jpg
cropped_images/images_crop_align_opencv/male/indian/man-3346780_1920.jpg,16274,.jpg
cropped_images/images_crop_align_opencv/male/indian/man-5465729_1920.jpg,18415,.jpg
cropped_images/images_crop_align_opencv/male/indian/man-5465741_1920.jpg,18075,.jpg
cropped_images/images_crop_align_opencv/male/indian/man-5940355_1920.jpg,15499,.jpg
cropped_images/images_crop_align_opencv/male/indian/man-921004_1920.jpg,19851,.jpg
cropped_images/images_crop_align_opencv/male/indian/md-duran-3pe-sQM8-28-unsplash.jpg,21038,.jpg
cropped_images/images_crop_align_opencv/male/indian/md-duran-RhIXw1Ua-NI-unsplash.jpg,14431,.jpg
cropped_images/images_crop_align_opencv/male/indian/md-rakib-SW_pFXUOjTQ-unsplash.jpg,11843,.jpg
cropped_images/images_crop_align_opencv/male/indian/mitchell-luo-Mp8ZXtgR_Lg-unsplash.jpg,16862,.jpg
cropped_images/images_crop_align_opencv/male/indian/mitchell-luo-mVSlJeuqtL0-unsplash.jpg,13802,.jpg
cropped_images/images_crop_align_opencv/male/indian/muhammad-abdullah-hAnMkbSsDMs-unsplash.jpg,19423,.jpg
cropped_images/images_crop_align_opencv/male/indian/muhammad-ali-2LTkVBl6ViM-unsplash.jpg,18108,.jpg
cropped_images/images_crop_align_opencv/male/indian/muhammad-murtaza-ghani-65fj5U5HQek-unsplash.jpg,15027,.jpg
cropped_images/images_crop_align_opencv/male/indian/muhammad-murtaza-ghani-Qt6x9oQ3H08-unsplash.jpg,14926,.jpg
cropped_images/images_crop_align_opencv/male/indian/muhammad-murtaza-ghani-Z5zPPTDQtHU-unsplash.jpg,18236,.jpg
cropped_images/images_crop_align_opencv/male/indian/muhammad-murtaza-ghani-iDN_Q0zSvY8-unsplash.jpg,16009,.jpg
cropped_images/images_crop_align_opencv/male/indian/muhammad-murtaza-ghani-nUjfEYmJYl0-unsplash.jpg,7564,.jpg
cropped_images/images_crop_align_opencv/male/indian/naga-sajjanapu-zXds99Aem5E-unsplash.jpg,19833,.jpg
cropped_images/images_crop_align_opencv/male/indian/nehal-patel-aho7nVdauuc-unsplash.jpg,14712,.jpg
cropped_images/images_crop_align_opencv/male/indian/nith-in-w1N1WmLDyHU-unsplash.jpg,13088,.jpg
cropped_images/images_crop_align_opencv/male/indian/noorulabdeen-ahmad-nDrV5Wq2lxU-unsplash.jpg,20183,.jpg
cropped_images/images_crop_align_opencv/male/indian/one-5889887_1920.jpg,16911,.jpg
cropped_images/images_crop_align_opencv/male/indian/pedram-normohamadian-daguyNdZFCY-unsplash.jpg,18489,.jpg
cropped_images/images_crop_align_opencv/male/indian/people-2456350_1920.jpg,18627,.jpg
cropped_images/images_crop_align_opencv/male/indian/people-3231960_1920.jpg,22803,.jpg
cropped_images/images_crop_align_opencv/male/indian/people-3358068_1920.jpg,16783,.jpg
cropped_images/images_crop_align_opencv/male/indian/pexels-ali-madad-sakhirani-997512.jpg,16253,.jpg
cropped_images/images_crop_align_opencv/male/indian/pexels-askar-abayev-5638731.jpg,18287,.jpg
cropped_images/images_crop_align_opencv/male/indian/pexels-atul-choudhary-2753381.jpg,24472,.jpg
cropped_images/images_crop_align_opencv/male/indian/pexels-daniel-xavier-1212984.jpg,21341,.jpg
cropped_images/images_crop_align_opencv/male/indian/pexels-dhemer-gonçalves-3036415.jpg,14307,.jpg
cropped_images/images_crop_align_opencv/male/indian/pexels-fauxels-3184408.jpg,20070,.jpg
cropped_images/images_crop_align_opencv/male/indian/pexels-ibadat-singh-2955247.jpg,24437,.jpg
cropped_images/images_crop_align_opencv/male/indian/pexels-john-stephenson-5308640.jpg,19658,.jpg
cropped_images/images_crop_align_opencv/male/indian/pexels-ketut-subiyanto-4307733.jpg,21450,.jpg
cropped_images/images_crop_align_opencv/male/indian/pexels-prince-photos-1537517.jpg,16825,.jpg
cropped_images/images_crop_align_opencv/male/indian/pexels-rahul-shah-888956.jpg,16629,.jpg
cropped_images/images_crop_align_opencv/male/indian/pexels-sora-shimazaki-5935750.jpg,23566,.jpg
cropped_images/images_crop_align_opencv/male/indian/pexels-suleman-mukhtar-452557.jpg,16196,.jpg
cropped_images/images_crop_align_opencv/male/indian/pexels-the-baljinder-4089881.jpg,15952,.jpg
cropped_images/images_crop_align_opencv/male/indian/pexels-yogendra-singh-3748221.jpg,20353,.jpg
cropped_images/images_crop_align_opencv/male/indian/pexels-yogendra-singh-5499219.jpg,22183,.jpg
cropped_images/images_crop_align_opencv/male/indian/pexels-zain-ali-905470.jpg,20876,.jpg
cropped_images/images_crop_align_opencv/male/indian/portrait-1469500_1920.jpg,17286,.jpg
cropped_images/images_crop_align_opencv/male/indian/portrait-2181213_1280.jpg,18137,.jpg
cropped_images/images_crop_align_opencv/male/indian/portrait-2529905_1920.jpg,19647,.jpg
cropped_images/images_crop_align_opencv/male/indian/portrait-2552312_1920.jpg,20306,.jpg
cropped_images/images_crop_align_opencv/male/indian/portrait-2612525_1920.jpg,18184,.jpg
cropped_images/images_crop_align_opencv/male/indian/portrait-419946_1920.jpg,16422,.jpg
cropped_images/images_crop_align_opencv/male/indian/pratik-gupta-PeG9dqAbyjE-unsplash.jpg,18127,.jpg
cropped_images/images_crop_align_opencv/male/indian/puvvukonvict-photography-0M_Aej4dRWU-unsplash.jpg,18655,.jpg
cropped_images/images_crop_align_opencv/male/indian/puvvukonvict-photography-AtpSEe3.jpg,19408,.jpg
cropped_images/images_crop_align_opencv/male/indian/rahabi-khan-eNafqf_0ZWQ-unsplash.jpg,12988,.jpg
cropped_images/images_crop_align_opencv/male/indian/rahadiansyah-3RQEJUpu-Dc-unsplash.jpg,14767,.jpg
cropped_images/images_crop_align_opencv/male/indian/safal-karki-_p93Zag8tgE-unsplash.jpg,16804,.jpg
cropped_images/images_crop_align_opencv/male/indian/salman-ahmad-JBxAQ_Blorw-unsplash.jpg,17672,.jpg
cropped_images/images_crop_align_opencv/male/indian/samir-basnet-qRmHuCrJkYY-unsplash.jpg,15695,.jpg
cropped_images/images_crop_align_opencv/male/indian/sammy-chandio-EvdFPEFqoxk-unsplash.jpg,17619,.jpg
cropped_images/images_crop_align_opencv/male/indian/sazzad-aryan-rjm8go9rL8Y-unsplash.jpg,11879,.jpg
cropped_images/images_crop_align_opencv/male/indian/sexy-1469502_1920.jpg,14795,.jpg
cropped_images/images_crop_align_opencv/male/indian/shivam-singh-2_X6NMP-E_U-unsplash.jpg,18914,.jpg
cropped_images/images_crop_align_opencv/male/indian/shivam-singh-DOmEd6CYP5M-unsplash(1).jpg,19467,.jpg
cropped_images/images_crop_align_opencv/male/indian/shivam-singh-DOmEd6CYP5M-unsplash.jpg,19467,.jpg
cropped_images/images_crop_align_opencv/male/indian/shudipto-sarker-9qpe5gZDc7E-unsplash.jpg,16292,.jpg
cropped_images/images_crop_align_opencv/male/indian/shudipto-sarker-IoFK2MP2aJ0-unsplash.jpg,15603,.jpg
cropped_images/images_crop_align_opencv/male/indian/suranjan-koirala-95-3iy_pj2I-unsplash.jpg,24333,.jpg
cropped_images/images_crop_align_opencv/male/indian/swapnil-dwivedi-N2IJ31xZ_ks-unsplash.jpg,24369,.jpg
cropped_images/images_crop_align_opencv/male/indian/theodore-goutas-aeq3jJj0sUw-unsplash.jpg,21067,.jpg
cropped_images/images_crop_align_opencv/male/indian/usman-yousaf-xYzEQptq7XU-unsplash.jpg,16902,.jpg
cropped_images/images_crop_align_opencv/male/indian/vishal-shiro-5935497_1920.jpg,18777,.jpg
cropped_images/images_crop_align_opencv/male/indian/white-1513923_1920.jpg,15556,.jpg
cropped_images/images_crop_align_opencv/male/indian/yogendra-singh-DFyFd76t1NY-unsplash.jpg,15494,.jpg
cropped_images/images_crop_align_opencv/male/mideastern/118.jpg,27105,.jpg
cropped_images/images_crop_align_opencv/male/mideastern/123.jpg,19217,.jpg
cropped_images/images_crop_align_opencv/male/mideastern/129.jpg,21530,.jpg
cropped_images/images_crop_align_opencv/male/mideastern/adrian-dascal-1QOsJGbNIgk-unsplash.jpg,15228,.jpg
cropped_images/images_crop_align_opencv/male/mideastern/ahmadreza-najafi-D5r5jhOaNNE-unsplash.jpg,22179,.jpg
cropped_images/images_crop_align_opencv/male/mideastern/aleksandar-popovski-Jy4ELSGPHTc-unsplash.jpg,25631,.jpg
cropped_images/images_crop_align_opencv/male/mideastern/alireza-esmaeeli-Twu-xDzDqGg-unsplash.jpg,18171,.jpg
cropped_images/images_crop_align_opencv/male/mideastern/alireza-moh-WHaTWy-nCkw-unsplash.jpg,16711,.jpg
cropped_images/images_crop_align_opencv/male/mideastern/allef-vinicius-37l3ap7rouo-unsplash.jpg,18235,.jpg
cropped_images/images_crop_align_opencv/male/mideastern/ameer-basheer-ABuzWPku1Ug-unsplash.jpg,21424,.jpg
cropped_images/images_crop_align_opencv/male/mideastern/amine-bashir-inTUOzVxdOA-unsplash.jpg,15449,.jpg
cropped_images/images_crop_align_opencv/male/mideastern/amir-mohammad-hp-MDylgrNv6-M-unsplash.jpg,19328,.jpg
cropped_images/images_crop_align_opencv/male/mideastern/amr-taha-EbWk-8X2LSI-unsplash.jpg,16084,.jpg
cropped_images/images_crop_align_opencv/male/mideastern/artist-3852896_1920.jpg,24286,.jpg
cropped_images/images_crop_align_opencv/male/mideastern/ashkan-forouzani-HF-pfqi3Cxk-unsplash(1).jpg,18924,.jpg
cropped_images/images_crop_align_opencv/male/mideastern/ashkan-forouzani-HF-pfqi3Cxk-unsplash.jpg,18924,.jpg
cropped_images/images_crop_align_opencv/male/mideastern/ashkan-forouzani-YzsFkMBMhoQ-unsplash.jpg,23386,.jpg
cropped_images/images_crop_align_opencv/male/mideastern/ashkan-forouzani-dz0C0Zv5QvM-unsplash(1).jpg,22156,.jpg
cropped_images/images_crop_align_opencv/male/mideastern/ashkan-forouzani-dz0C0Zv5QvM-unsplash.jpg,22156,.jpg
cropped_images/images_crop_align_opencv/male/mideastern/ashkan-forouzani-g0H0eazR5-M-unsplash(1).jpg,15517,.jpg
cropped_images/images_crop_align_opencv/male/mideastern/ashkan-forouzani-g0H0eazR5-M-unsplash.jpg,15517,.jpg
cropped_images/images_crop_align_opencv/male/mideastern/ashkan-forouzani-gvjqEmux8SU-unsplash.jpg,22286,.jpg
cropped_images/images_crop_align_opencv/male/mideastern/ashkan-forouzani-jXnCPQ5JTVo-unsplash.jpg,20133,.jpg
cropped_images/images_crop_align_opencv/male/mideastern/ashkan-forouzani-rSUGzRIa-8M-unsplash.jpg,17114,.jpg
cropped_images/images_crop_align_opencv/male/mideastern/ashwini-chaudhary-fvm4bFVK7qM-unsplash.jpg,18310,.jpg
cropped_images/images_crop_align_opencv/male/mideastern/beard-1866984_1920.jpg,23770,.jpg
cropped_images/images_crop_align_opencv/male/mideastern/bhavya-shah-jfzd8vXlDDY-unsplash.jpg,15041,.jpg
cropped_images/images_crop_align_opencv/male/mideastern/biceps-2746490_1920.jpg,20342,.jpg
cropped_images/images_crop_align_opencv/male/mideastern/boy-2407597_1920.jpg,19263,.jpg
cropped_images/images_crop_align_opencv/male/mideastern/businessman-805769_1920.jpg,18548,.jpg
cropped_images/images_crop_align_opencv/male/mideastern/chris-blonk-l1U_iSgNRGY-unsplash.jpg,15643,.jpg
cropped_images/images_crop_align_opencv/male/mideastern/damir-yakupov-rsx0Bj6s770-unsplash.jpg,16362,.jpg
cropped_images/images_crop_align_opencv/male/mideastern/docusign-ujkG7mTs7IM-unsplash.jpg,17695,.jpg
cropped_images/images_crop_align_opencv/male/mideastern/dollar-gill-KxCErTse64c-unsplash.jpg,16622,.jpg
cropped_images/images_crop_align_opencv/male/mideastern/dollar-gill-Ofcqtn296M0-unsplash.jpg,13566,.jpg
cropped_images/images_crop_align_opencv/male/mideastern/emir-saldierna-oGcAzDcAXWU-unsplash.jpg,15562,.jpg
cropped_images/images_crop_align_opencv/male/mideastern/engin-akyurt-VwqQ-eJnz8o-unsplash.jpg,20664,.jpg
cropped_images/images_crop_align_opencv/male/mideastern/face-3737238_1920.jpg,25213,.jpg
cropped_images/images_crop_align_opencv/male/mideastern/fares-hamouche-3mv2czJrEiw-unsplash.jpg,20088,.jpg
cropped_images/images_crop_align_opencv/male/mideastern/fashion-5608514_1920.jpg,19951,.jpg
cropped_images/images_crop_align_opencv/male/mideastern/fayiz-musthafa-yGqsr6EVrGw-unsplash.jpg,20309,.jpg
cropped_images/images_crop_align_opencv/male/mideastern/gita-krishnamurti-6B4KC-eWJDs-unsplash.jpg,22468,.jpg
cropped_images/images_crop_align_opencv/male/mideastern/guillaume-issaly-cKuMOZ1-EKQ-unsplash.jpg,14299,.jpg
cropped_images/images_crop_align_opencv/male/mideastern/gursimrat-ganda-ICZWButbZx4-unsplash.jpg,25069,.jpg
cropped_images/images_crop_align_opencv/male/mideastern/handsome-1290126_1920.jpg,16216,.jpg
cropped_images/images_crop_align_opencv/male/mideastern/hannah-cook-dqa2LjshmWY-unsplash.jpg,15888,.jpg
cropped_images/images_crop_align_opencv/male/mideastern/henri-pham-Ml4tr2WO7JE-unsplash.jpg,22020,.jpg
cropped_images/images_crop_align_opencv/male/mideastern/igor-rodrigues-FjFiPGWeWKI-unsplash.jpg,24003,.jpg
cropped_images/images_crop_align_opencv/male/mideastern/irene-strong-nTX1KAnjHWI-unsplash.jpg,16080,.jpg
cropped_images/images_crop_align_opencv/male/mideastern/itay-verchik-6ZKGBzrDd3I-unsplash.jpg,19836,.jpg
cropped_images/images_crop_align_opencv/male/mideastern/james-barr-iboQqkO7AEw-unsplash.jpg,21986,.jpg
cropped_images/images_crop_align_opencv/male/mideastern/james-barr-jYrFcbztIHA-unsplash.jpg,17160,.jpg
cropped_images/images_crop_align_opencv/male/mideastern/james-barr-oRsSeYqJUgY-unsplash.jpg,20240,.jpg
cropped_images/images_crop_align_opencv/male/mideastern/jassir-jonis-OHVBfnxiokY-unsplash.jpg,19860,.jpg
cropped_images/images_crop_align_opencv/male/mideastern/joel-muniz-juKjPjVBza8-unsplash.jpg,15862,.jpg
cropped_images/images_crop_align_opencv/male/mideastern/jose-g-ortega-castro-cPGbyVIfIYU-unsplash.jpg,19143,.jpg
cropped_images/images_crop_align_opencv/male/mideastern/joshua-purnell-kz6qS9mWbAo-unsplash.jpg,15105,.jpg
cropped_images/images_crop_align_opencv/male/mideastern/kamal-alkhatib-i4ls_N9o968-unsplash.jpg,17798,.jpg
cropped_images/images_crop_align_opencv/male/mideastern/kamil-mehmood-E_9onZVXwcQ-unsplash.jpg,22604,.jpg
cropped_images/images_crop_align_opencv/male/mideastern/kate_mes7-YIyERGGmTfE-unsplash.jpg,13298,.jpg
cropped_images/images_crop_align_opencv/male/mideastern/katie-moum-yXfdoI66AtQ-unsplash.jpg,22873,.jpg
cropped_images/images_crop_align_opencv/male/mideastern/kouki-walim-71ZedHD4P7Y-unsplash.jpg,17465,.jpg
cropped_images/images_crop_align_opencv/male/mideastern/lexscope-gRWdcPHz7uA-unsplash.jpg,20272,.jpg
cropped_images/images_crop_align_opencv/male/mideastern/luca-anasta-JMNXb6KBJwI-unsplash.jpg,27052,.jpg
cropped_images/images_crop_align_opencv/male/mideastern/lumensoft-technologies-JGGaefIIc6Y-unsplash.jpg,25371,.jpg
cropped_images/images_crop_align_opencv/male/mideastern/male-4443092_1920.jpg,14828,.jpg
cropped_images/images_crop_align_opencv/male/mideastern/male-4616459_1920.jpg,16339,.jpg
cropped_images/images_crop_align_opencv/male/mideastern/male-5869656_1920.jpg,17770,.jpg
cropped_images/images_crop_align_opencv/male/mideastern/male-5869769_1920.jpg,17074,.jpg
cropped_images/images_crop_align_opencv/male/mideastern/male-5869776_1920.jpg,21401,.jpg
cropped_images/images_crop_align_opencv/male/mideastern/man-1129953_1920.jpg,25228,.jpg
cropped_images/images_crop_align_opencv/male/mideastern/man-1688347_1920.jpg,20706,.jpg
cropped_images/images_crop_align_opencv/male/mideastern/man-1885147_1920.jpg,17908,.jpg
cropped_images/images_crop_align_opencv/male/mideastern/man-2785071_1920.jpg,26635,.jpg
cropped_images/images_crop_align_opencv/male/mideastern/man-2969985_1920.jpg,24286,.jpg
cropped_images/images_crop_align_opencv/male/mideastern/man-3057370_1920.jpg,21266,.jpg
cropped_images/images_crop_align_opencv/male/mideastern/man-3485138_1920.jpg,17157,.jpg
cropped_images/images_crop_align_opencv/male/mideastern/man-355612_1920.jpg,21962,.jpg
cropped_images/images_crop_align_opencv/male/mideastern/man-4752273_1920.jpg,16800,.jpg
cropped_images/images_crop_align_opencv/male/mideastern/man-5613125_1920.jpg,19460,.jpg
cropped_images/images_crop_align_opencv/male/mideastern/man-5923039_1920.jpg,15678,.jpg
cropped_images/images_crop_align_opencv/male/mideastern/matthijs-van-dis-zdhgC39sT9w-unsplash.jpg,25971,.jpg
cropped_images/images_crop_align_opencv/male/mideastern/mauro-paillex-moDxmttUP00-unsplash.jpg,19335,.jpg
cropped_images/images_crop_align_opencv/male/mideastern/mehrdad-dadaei--aY-mUygMD0-unsplash(1).jpg,19910,.jpg
cropped_images/images_crop_align_opencv/male/mideastern/mehrdad-dadaei--aY-mUygMD0-unsplash.jpg,19910,.jpg
cropped_images/images_crop_align_opencv/male/mideastern/metin-ozer-2jLCmcuwAc8-unsplash.jpg,13992,.jpg
cropped_images/images_crop_align_opencv/male/mideastern/meysam-jarahkar-SaQf2X_qZSU-unsplash.jpg,19738,.jpg
cropped_images/images_crop_align_opencv/male/mideastern/mhrezaa-iOrq0FnSQTE-unsplash.jpg,20819,.jpg
cropped_images/images_crop_align_opencv/male/mideastern/milad-shams-89UvLA2zWJI-unsplash.jpg,15769,.jpg
cropped_images/images_crop_align_opencv/male/mideastern/milad-shams-CdObhuoQ7Q0-unsplash.jpg,13499,.jpg
cropped_images/images_crop_align_opencv/male/mideastern/mile-modic-Sv9xCQ7RBCs-unsplash.jpg,25335,.jpg
cropped_images/images_crop_align_opencv/male/mideastern/moein-rahmani-A3802JoFGqg-unsplash.jpg,15093,.jpg
cropped_images/images_crop_align_opencv/male/mideastern/mohammad-metri-r8J8AfoHPz4-unsplash.jpg,13757,.jpg
cropped_images/images_crop_align_opencv/male/mideastern/monica-dahiya-caPZQg42c54-unsplash.jpg,20031,.jpg
cropped_images/images_crop_align_opencv/male/mideastern/moroccan-1270331_1920.jpg,22401,.jpg
cropped_images/images_crop_align_opencv/male/mideastern/muhammad-faiz-zulkeflee-BuxUWCobuGA-unsplash.jpg,17766,.jpg
cropped_images/images_crop_align_opencv/male/mideastern/mustache-5040636_1920.jpg,21595,.jpg
cropped_images/images_crop_align_opencv/male/mideastern/naim-ahmed-8BcVHmAHtlw-unsplash.jpg,19360,.jpg
cropped_images/images_crop_align_opencv/male/mideastern/nonsap-visuals-kMJp7620W6U-unsplash.jpg,21872,.jpg
cropped_images/images_crop_align_opencv/male/mideastern/omar-ram-slwxJCmwHPY-unsplash.jpg,17903,.jpg
cropped_images/images_crop_align_opencv/male/mideastern/paola-aguilar-LkQHGSVzfsk-unsplash.jpg,27534,.jpg
cropped_images/images_crop_align_opencv/male/mideastern/people-3309614_1920.jpg,15157,.jpg
cropped_images/images_crop_align_opencv/male/mideastern/pexels-ayaka-kato-2860892.jpg,17981,.jpg
cropped_images/images_crop_align_opencv/male/mideastern/pexels-hebert-santos-5485599.jpg,20138,.jpg
cropped_images/images_crop_align_opencv/male/mideastern/pexels-himesh-mehta-2880285.jpg,25274,.jpg
cropped_images/images_crop_align_opencv/male/mideastern/pexels-hussein-altameemi-1678821.jpg,21035,.jpg
cropped_images/images_crop_align_opencv/male/mideastern/pexels-ibadat-singh-2586823.jpg,20038,.jpg
cropped_images/images_crop_align_opencv/male/mideastern/pexels-lina-kivaka-3395282.jpg,17711,.jpg
cropped_images/images_crop_align_opencv/male/mideastern/pexels-marcelo-chagas-3583894.jpg,17289,.jpg
cropped_images/images_crop_align_opencv/male/mideastern/pexels-pixabay-35539.jpg,23344,.jpg
cropped_images/images_crop_align_opencv/male/mideastern/pexels-yazan-khalifeh-1000225.jpg,17251,.jpg
cropped_images/images_crop_align_opencv/male/mideastern/portrait-2529904_1920.jpg,18579,.jpg
cropped_images/images_crop_align_opencv/male/mideastern/portrait-3052641_1920.jpg,28845,.jpg
cropped_images/images_crop_align_opencv/male/mideastern/portrait-4980389_1920.jpg,19484,.jpg
cropped_images/images_crop_align_opencv/male/mideastern/portrait-5945929_1920.jpg,18130,.jpg
cropped_images/images_crop_align_opencv/male/mideastern/reza-biazar-eSjmZW97cH8-unsplash.jpg,18467,.jpg
cropped_images/images_crop_align_opencv/male/mideastern/riccardo-fissore-QMfP5xza0vU-unsplash.jpg,17757,.jpg
cropped_images/images_crop_align_opencv/male/mideastern/ruslan-ihnatenko-2Bb2auSD1hY-unsplash.jpg,19147,.jpg
cropped_images/images_crop_align_opencv/male/mideastern/sadhu-1166066_1920.jpg,36241,.jpg
cropped_images/images_crop_align_opencv/male/mideastern/sahil-moosa-JWUYb-5OSYU-unsplash.jpg,11519,.jpg
cropped_images/images_crop_align_opencv/male/mideastern/sammy-chandio-xmbL3d1gE5Q-unsplash.jpg,16192,.jpg
cropped_images/images_crop_align_opencv/male/mideastern/sandeep-swarnkar-Dj5hm0S257U-unsplash.jpg,15660,.jpg
cropped_images/images_crop_align_opencv/male/mideastern/seth-doyle-wys9Jty8wNQ-unsplash.jpg,22114,.jpg
cropped_images/images_crop_align_opencv/male/mideastern/sexy-3049894_1920.jpg,20404,.jpg
cropped_images/images_crop_align_opencv/male/mideastern/shivam-singh-2_X6NMP-E_U-unsplash.jpg,8275,.jpg
cropped_images/images_crop_align_opencv/male/mideastern/shoaeb-hameed-kEfO2edX4Gg-unsplash.jpg,18486,.jpg
cropped_images/images_crop_align_opencv/male/mideastern/sina-rezakhani-jIPRAqxE6P8-unsplash.jpg,17354,.jpg
cropped_images/images_crop_align_opencv/male/mideastern/sumeet-singh-XPUxjOq8yFA-unsplash.jpg,15511,.jpg
cropped_images/images_crop_align_opencv/male/mideastern/t-r-a-v-e-l-e-r-g-e-e-k-p5oh6YkMTb0-unsplash.jpg,16528,.jpg
cropped_images/images_crop_align_opencv/male/mideastern/tanjir-ahmed-chowdhury-d-7p5mKk9ys-unsplash.jpg,15284,.jpg
cropped_images/images_crop_align_opencv/male/mideastern/thobe-805762_1920.jpg,17433,.jpg
cropped_images/images_crop_align_opencv/male/mideastern/tim-mossholder-zIBn97bCJoI-unsplash(1).jpg,18806,.jpg
cropped_images/images_crop_align_opencv/male/mideastern/tradition-60791_1920.jpg,15127,.jpg
cropped_images/images_crop_align_opencv/male/mideastern/vaishnav-chogale-rJuA7hz1M7Q-unsplash.jpg,16394,.jpg
cropped_images/images_crop_align_opencv/male/mideastern/wilfred-sequeira-tXNjCm4bN8Y-unsplash.jpg,28425,.jpg
cropped_images/images_crop_align_opencv/male/mideastern/young-4041629_1920.jpg,16752,.jpg
cropped_images/images_crop_align_opencv/male/mideastern/zabih-khan-SQWDVRdjp2E-unsplash.jpg,18814,.jpg
cropped_images/images_crop_align_opencv/male/mideastern/zachi-denicola-RytIjfk0tFY-unsplash.jpg,19794,.jpg
face_crop_align.py,2138,.py
"facenet 512 embedding extractors, facenet comparison.ipynb",448773,.ipynb
geometric_features.csv,444000,.csv
get_landmarks_geom.features.ipynb,22116,.ipynb
inference_samples/girl.jpg,14788,.jpg
inference_samples/guy.jpg,79356,.jpg
landmarks.csv,1604860,.csv
original_images/female/asian/13.jpg,55123,.jpg
original_images/female/asian/20.jpg,52799,.jpg
original_images/female/asian/21.jpg,67223,.jpg
original_images/female/asian/23.jpg,58204,.jpg
original_images/female/asian/30.jpg,14788,.jpg
original_images/female/asian/36.jpg,21064,.jpg
original_images/female/asian/42.jpg,72048,.jpg
original_images/female/asian/51.jpg,21538,.jpg
original_images/female/asian/57.jpg,46813,.jpg
original_images/female/asian/6.jpg,72585,.jpg
original_images/female/asian/7.jpg,50805,.jpg
original_images/female/asian/afif-kusuma-y-mT2OATY6k-unsplash.jpg,28210,.jpg
original_images/female/asian/agung-pratamah-Xdm08vqsFrs-unsplash.jpg,29271,.jpg
original_images/female/asian/ahmad-qime-in2aoHwX5bA-unsplash.jpg,20982,.jpg
original_images/female/asian/aiony-haust-Nsze2HlxoZo-unsplash.jpg,27587,.jpg
original_images/female/asian/aiony-haust-orYdcTza06E-unsplash.jpg,17584,.jpg
original_images/female/asian/alex-sorto-kNstJF4l5cA-unsplash.jpg,27294,.jpg
original_images/female/asian/alex-sorto-suymY_8bk4Y-unsplash.jpg,17523,.jpg
original_images/female/asian/alexandra-lammerink-MVao99Qwew0-unsplash.jpg,23748,.jpg
original_images/female/asian/alexandra-lammerink-nG5ZS2wlnrQ-unsplash.jpg,30593,.jpg
original_images/female/asian/altanbagana-jargal-o79BpJ-tgew-unsplash.jpg,33857,.jpg
original_images/female/asian/amoon-ra-p1JglmknQr0-unsplash.jpg,22998,.jpg
original_images/female/asian/andres-hernandez-KVjiBiBvT-c-unsplash.jpg,18046,.jpg
original_images/female/asian/annie-lin-876188_1920.jpg,22618,.jpg
original_images/female/asian/anthony-tran-3Xkms-gMvZg-unsplash.jpg,38444,.jpg
original_images/female/asian/anthony-tran-6s3L8El33QE-unsplash.jpg,45099,.jpg
original_images/female/asian/anthony-tran-RG9Z5CtnlUQ-unsplash.jpg,23615,.jpg
original_images/female/asian/anthony-tran-_G0OrcPOpJw-unsplash.jpg,34555,.jpg
original_images/female/asian/ao-dai-2730822_1920.jpg,17782,.jpg
original_images/female/asian/aodai-4603493_1920.jpg,21318,.jpg
original_images/female/asian/asian-2111681_1920.jpg,18084,.jpg
original_images/female/asian/asian-2209044_1920.jpg,17700,.jpg
original_images/female/asian/asian-2302727_1920.jpg,16651,.jpg
original_images/female/asian/asian-3752815_1920.jpg,24341,.jpg
original_images/female/asian/asian-3885641_1920.jpg,17236,.jpg
original_images/female/asian/asian-3932158_1920.jpg,18108,.jpg
original_images/female/asian/asian-girl-3113208_1920.jpg,24566,.jpg
original_images/female/asian/asian-girl-4819726_1920.jpg,14788,.jpg
original_images/female/asian/austin-wade-ex6qfO4TPMY-unsplash.jpg,23127,.jpg
original_images/female/asian/azamat-kinzhitayev-yyf5DCBtm4E-unsplash.jpg,21223,.jpg
original_images/female/asian/bbh-singapore-4-v5HrV1940-unsplash.jpg,17931,.jpg
original_images/female/asian/bin-thi-u-xOBpdqH2Uao-unsplash.jpg,31847,.jpg
original_images/female/asian/blake-cheek-3dT98ifg9J4-unsplash.jpg,14796,.jpg
original_images/female/asian/bui-thanh-tam-D6meliiyaWs-unsplash.jpg,25329,.jpg
original_images/female/asian/character-2454694_1920.jpg,17641,.jpg
original_images/female/asian/chinh-le-duc-TV1QYUtTxJ8-unsplash.jpg,25551,.jpg
original_images/female/asian/christian-senan-N0vZpzFrU0w-unsplash.jpg,16490,.jpg
original_images/female/asian/conner-ching-nzu-xTOEBlM-unsplash.jpg,21172,.jpg
original_images/female/asian/cozies-tone-k4PSfwVsHIY-unsplash.jpg,30516,.jpg
original_images/female/asian/cris-trung-LRLxSTpq2Ds-unsplash.jpg,32350,.jpg
original_images/female/asian/d4_1.jpg,61029,.jpg
original_images/female/asian/d9.jpg,50249,.jpg
original_images/female/asian/dani-bayuni-FhuHS2959uI-unsplash.jpg,20867,.jpg
original_images/female/asian/daniel-rigdon-dXmXKPP2L4E-unsplash.jpg,29035,.jpg
original_images/female/asian/dev-asangbam-R4CHODMJTzA-unsplash.jpg,22480,.jpg
original_images/female/asian/diao-darius-K3k7X7OA394-unsplash.jpg,26557,.jpg
original_images/female/asian/documentary-2695341_1920.jpg,18851,.jpg
original_images/female/asian/dr-1621296_1920.jpg,23015,.jpg
original_images/female/asian/du-wei-5rrrG8IZ8Dc-unsplash.jpg,19870,.jpg
original_images/female/asian/europeana-m9LowiQVMLA-unsplash.jpg,13875,.jpg
original_images/female/asian/face-1146038_1920.jpg,20214,.jpg
original_images/female/asian/face-977177_1920.jpg,16775,.jpg
original_images/female/asian/faizfajer-VzmoR9Meu3w-unsplash.jpg,39748,.jpg
original_images/female/asian/fashion-4257899_1920.jpg,14732,.jpg
original_images/female/asian/fashion-4257904_1920.jpg,27967,.jpg
original_images/female/asian/female-3976486_1920.jpg,20578,.jpg
original_images/female/asian/frederick-ferdianto-Dunxame8wxg-unsplash.jpg,23188,.jpg
original_images/female/asian/gema-saputera-MWuZfECSg0U-unsplash.jpg,23967,.jpg
original_images/female/asian/gemma-chua-tran-QaiIaCkGCtI-unsplash.jpg,36131,.jpg
original_images/female/asian/gemma-chua-tran-Sgqo6Cohf9M-unsplash.jpg,19567,.jpg
original_images/female/asian/girl-1718116_1920.jpg,20141,.jpg
original_images/female/asian/girl-1721429_1920.jpg,27793,.jpg
original_images/female/asian/girl-1733337_1920.jpg,33206,.jpg
original_images/female/asian/girl-1733349_1920.jpg,28551,.jpg
original_images/female/asian/girl-1741925_1920.jpg,32349,.jpg
original_images/female/asian/girl-1741941_1920.jpg,24468,.jpg
original_images/female/asian/girl-184596_1920.jpg,25561,.jpg
original_images/female/asian/girl-1848949_1920.jpg,21386,.jpg
original_images/female/asian/girl-2704116_1920.jpg,16484,.jpg
original_images/female/asian/girl-2894898_1920.jpg,19342,.jpg
original_images/female/asian/girl-3738843_1920.jpg,15977,.jpg
original_images/female/asian/girl-4036509_1920.jpg,19263,.jpg
original_images/female/asian/girl-4618070_1920.jpg,14482,.jpg
original_images/female/asian/girl-4622990_1920.jpg,27284,.jpg
original_images/female/asian/girl-526707_1920.jpg,12812,.jpg
original_images/female/asian/girl-5846478_1920.jpg,25350,.jpg
original_images/female/asian/girl-5933162_1920.jpg,31399,.jpg
original_images/female/asian/girl-5934632_1920.jpg,23031,.jpg
original_images/female/asian/girl-5934674_1920.jpg,21155,.jpg
original_images/female/asian/h-f-e-co-2ayXMZmiRWk-unsplash.jpg,21054,.jpg
original_images/female/asian/hannah-xu-A3B7VHK71Ks-unsplash.jpg,25581,.jpg
original_images/female/asian/hello-5919349_1920.jpg,29976,.jpg
original_images/female/asian/hhh13-gMC5TecfnD4-unsplash.jpg,29421,.jpg
original_images/female/asian/hijab-5090230_1920.jpg,26885,.jpg
original_images/female/asian/huseyin-topcu-szDEzZPyfcQ-unsplash.jpg,37372,.jpg
original_images/female/asian/huu-chung-dang-lP02hkcp7H0-unsplash.jpg,42752,.jpg
original_images/female/asian/ipad-1721428_1920.jpg,26939,.jpg
original_images/female/asian/irene-strong-gKJ2FFsCOD0-unsplash.jpg,14981,.jpg
original_images/female/asian/isco-wcJOYUVOwDc-unsplash.jpg,23930,.jpg
original_images/female/asian/jaizer-capangpangan-04SoDoueyF8-unsplash.jpg,18527,.jpg
original_images/female/asian/japan-1432871_1920.jpg,24021,.jpg
original_images/female/asian/jasmin-chew-WUVozkQFLz0-unsplash.jpg,29287,.jpg
original_images/female/asian/jernej-graj-GY5gWDimEyg-unsplash.jpg,26570,.jpg
original_images/female/asian/jernej-graj-muXeYVQaPyA-unsplash.jpg,21326,.jpg
original_images/female/asian/jeswin-thomas-rnjwbDDQUHk-unsplash.jpg,27061,.jpg
original_images/female/asian/jim-flores-dE6c9RZoyL8-unsplash.jpg,15782,.jpg
original_images/female/asian/jim-flores-ebidnEfTCtk-unsplash.jpg,21714,.jpg
original_images/female/asian/jimmy-chang-VplzfrQvCm4-unsplash.jpg,40527,.jpg
original_images/female/asian/joel-mott-LaK153ghdig-unsplash.jpg,16882,.jpg
original_images/female/asian/joel-mott-Z8MesVFSYac-unsplash.jpg,16977,.jpg
original_images/female/asian/joeyy-lee-pCcPFfJ-LzM-unsplash.jpg,24825,.jpg
original_images/female/asian/john-mark-ramos-SGINHNM-vhk-unsplash.jpg,17383,.jpg
original_images/female/asian/kseniia-ilinykh-BHmKkfpwuuc-unsplash.jpg,28216,.jpg
original_images/female/asian/le-minh-phuong-jGZITdFhmts-unsplash.jpg,28079,.jpg
original_images/female/asian/leo-rivas-2iqKxsN659U-unsplash.jpg,41001,.jpg
original_images/female/asian/mahendra-febrianto-KtCBIpLGu1E-unsplash.jpg,16677,.jpg
original_images/female/asian/manny-moreno-g9mefExQHfM-unsplash.jpg,44629,.jpg
original_images/female/asian/mathias-huysmans-U4JDjYmjn1g-unsplash.jpg,16531,.jpg
original_images/female/asian/mathias-huysmans-kWLwiYznS3M-unsplash.jpg,15927,.jpg
original_images/female/asian/model-1822567_1920.jpg,19753,.jpg
original_images/female/asian/mongolia-4538999_1920.jpg,17528,.jpg
original_images/female/asian/muhammad-ruqiyaddin-0BFQaFG9iR0-unsplash.jpg,31983,.jpg
original_images/female/asian/muslim-417317_1920.jpg,20011,.jpg
original_images/female/asian/nathan-anderson-2nqji_XO20w-unsplash.jpg,21064,.jpg
original_images/female/asian/nima-sarram-3VOI8o6Ftio-unsplash.jpg,28886,.jpg
original_images/female/asian/old-2474161_1920.jpg,13980,.jpg
original_images/female/asian/outdoors-3341719_1920.jpg,21850,.jpg
original_images/female/asian/people-3332333_1920.jpg,13213,.jpg
original_images/female/asian/pexels-amir-hamzah-photo-2705292.jpg,26672,.jpg
original_images/female/asian/pexels-anna-shvets-4672555.jpg,33686,.jpg
original_images/female/asian/pexels-carol-wd-3454302.jpg,19242,.jpg
original_images/female/asian/pexels-cottonbro-3419647.jpg,40464,.jpg
original_images/female/asian/pexels-cottonbro-3419693.jpg,37282,.jpg
original_images/female/asian/pexels-duy-dinh-3614523.jpg,33182,.jpg
original_images/female/asian/pexels-happy-pixels-3170437.jpg,27347,.jpg
original_images/female/asian/pexels-hải-nguyễn-3616937.jpg,24257,.jpg
original_images/female/asian/pexels-ike-louie-natividad-2709388.jpg,37206,.jpg
original_images/female/asian/pexels-ketut-subiyanto-4350057.jpg,27439,.jpg
original_images/female/asian/pexels-ketut-subiyanto-4350178.jpg,34947,.jpg
original_images/female/asian/pexels-maria-orlova-4906257.jpg,23339,.jpg
original_images/female/asian/pexels-maria-orlova-4946391.jpg,22214,.jpg
original_images/female/asian/pexels-meijii-2014864.jpg,31888,.jpg
original_images/female/asian/pexels-mental-health-america-(mha)-5531323.jpg,30964,.jpg
original_images/female/asian/pexels-mikhail-nilov-6612835.jpg,25621,.jpg
original_images/female/asian/pexels-min-an-1070751.jpg,30030,.jpg
original_images/female/asian/pexels-min-an-1586654.jpg,23545,.jpg
original_images/female/asian/pexels-min-an-1589369.jpg,26145,.jpg
original_images/female/asian/pexels-min-an-732425.jpg,26468,.jpg
original_images/female/asian/pexels-nguyễn-lâm-886477.jpg,23792,.jpg
original_images/female/asian/pexels-raka-miftah-3522693.jpg,19775,.jpg
original_images/female/asian/pexels-raydar-341970.jpg,21759,.jpg
original_images/female/asian/pexels-rodnae-productions-4920897.jpg,23671,.jpg
original_images/female/asian/pexels-shahi-zidan-2692577.jpg,30338,.jpg
original_images/female/asian/pexels-sora-shimazaki-5938295.jpg,27965,.jpg
original_images/female/asian/pexels-sora-shimazaki-5938437.jpg,23710,.jpg
original_images/female/asian/pexels-thunyarat-klaiklang-1814538.jpg,31172,.jpg
original_images/female/asian/pexels-tima-miroshnichenko-6614828.jpg,23804,.jpg
original_images/female/asian/pexels-tuấn-kiệt-jr-1391499.jpg,24133,.jpg
original_images/female/asian/pexels-zen-chung-5538615.jpg,27872,.jpg
original_images/female/asian/philippe-leone-ffrGEGb4Y58-unsplash.jpg,26701,.jpg
original_images/female/asian/portrait-3058726_1920.jpg,18115,.jpg
original_images/female/asian/portrait-3622823_1920.jpg,21538,.jpg
original_images/female/asian/portrait-4202918_1920.jpg,14427,.jpg
original_images/female/asian/portrait-750780_1920.jpg,26838,.jpg
original_images/female/asian/pregnancy-2594275_1920.jpg,21841,.jpg
original_images/female/asian/rainier-ridao-L1STkrnnBHw-unsplash.jpg,31480,.jpg
original_images/female/asian/raychan-sw30Y2Ek5t0-unsplash.jpg,46601,.jpg
original_images/female/asian/samuel-berner-xtpz9sSRUDw-unsplash.jpg,45481,.jpg
original_images/female/asian/sankhadeep-barman-aHTbdSquNCY-unsplash.jpg,29013,.jpg
original_images/female/asian/selfie-4127339_1920.jpg,20842,.jpg
original_images/female/asian/simon-marsault-jUyP2PcuBls-unsplash.jpg,23348,.jpg
original_images/female/asian/suhendro-purnomo--ApMYrUyi0o-unsplash.jpg,26421,.jpg
original_images/female/asian/suhendro-purnomo-4E3noTlLm1c-unsplash.jpg,29747,.jpg
original_images/female/asian/tabitha-turner-e5ckVRrQj_8-unsplash.jpg,16827,.jpg
original_images/female/asian/thanh-duc-phan-i5R8hbZFDdc-unsplash.jpg,14491,.jpg
original_images/female/asian/toa-heftiba-aQ0YRudYjm0-unsplash.jpg,33838,.jpg
original_images/female/asian/tong-nguyen-van-ERIZwv4V5pA-unsplash.jpg,37473,.jpg
original_images/female/asian/tong-nguyen-van-wXnaknPMpK0-unsplash.jpg,31823,.jpg
original_images/female/asian/vietnamese-4646223_1920.jpg,17380,.jpg
original_images/female/asian/vin-stratton-LkDICOYBYAg-unsplash.jpg,26549,.jpg
original_images/female/asian/vino-li-yuJYUYpnFlo-unsplash.jpg,22530,.jpg
original_images/female/asian/visualsofdana-KD1xdIkw3Z8-unsplash.jpg,34725,.jpg
original_images/female/asian/watercolor-1214824_1920.jpg,43785,.jpg
original_images/female/asian/woman-2294787_1920.jpg,23801,.jpg
original_images/female/asian/woman-2690362_1920.jpg,20174,.jpg
original_images/female/asian/woman-3178537_1920.jpg,15786,.jpg
original_images/female/asian/woman-3951558_1920.jpg,21130,.jpg
original_images/female/asian/woman-4804268_1920.jpg,15606,.jpg
original_images/female/asian/woman-5573135_1920.jpg,28973,.jpg
original_images/female/asian/woman-5775938_1920.jpg,23078,.jpg
original_images/female/asian/woman-984426_1920.jpg,17367,.jpg
original_images/female/asian/women-1507748_1920.jpg,21501,.jpg
original_images/female/asian/women-4445664_1920.jpg,24688,.jpg
original_images/female/asian/women-5930352_1920.jpg,29449,.jpg
original_images/female/asian/xu-duo-kSyOJGwlGm0-unsplash.jpg,32454,.jpg
original_images/female/asian/xu-duo-w2p_6UBRSTY-unsplash.jpg,18858,.jpg
original_images/female/asian/yannes-kiefer-VZfSq4TQTHY-unsplash.jpg,25530,.jpg
original_images/female/asian/yeo-khee-uZCY6vjHGmE-unsplash.jpg,35617,.jpg
original_images/female/asian/young-women-1281280_1920.jpg,21459,.jpg
original_images/female/black/1.jpg,51706,.jpg
original_images/female/black/15.jpg,53302,.jpg
original_images/female/black/27.jpg,33034,.jpg
original_images/female/black/31.jpg,23939,.jpg
original_images/female/black/34.jpg,29698,.jpg
original_images/female/black/39.jpg,29552,.jpg
original_images/female/black/52.jpg,30408,.jpg
original_images/female/black/61.jpg,49528,.jpg
original_images/female/black/african-2197414_1920.jpg,22390,.jpg
original_images/female/black/african-2942355_1920.jpg,19077,.jpg
original_images/female/black/african-american-1180847_1920.jpg,21445,.jpg
original_images/female/black/amevi-wisdom-wiUl_NyafcY-unsplash.jpg,31999,.jpg
original_images/female/black/amin-rk-stz6pJV6UKw-unsplash.jpg,27593,.jpg
original_images/female/black/ashley-byrd-AyOC81h1CGw-unsplash.jpg,21439,.jpg
original_images/female/black/attractive-1869761_1920.jpg,12607,.jpg
original_images/female/black/beautiful-3257190_1920.jpg,29207,.jpg
original_images/female/black/brenna-huff-0bayIkan-Ao-unsplash.jpg,18763,.jpg
original_images/female/black/cassandra-hamer-OyTCN8T9aGo-unsplash.jpg,23570,.jpg
original_images/female/black/cassandra-hamer-t2obqqft_xM-unsplash.jpg,34625,.jpg
original_images/female/black/cheerleader-863890_1920.jpg,31467,.jpg
original_images/female/black/chelsea-ferenando-LmYENEcVmqM-unsplash.jpg,24853,.jpg
original_images/female/black/christina-wocintechchat-com-Zpzf7TLj_gA-unsplash.jpg,18760,.jpg
original_images/female/black/christina-wocintechchat-com-_5_CBVCLBsY-unsplash.jpg,24361,.jpg
original_images/female/black/clarke-sanders-HOQpBGL95Z8-unsplash.jpg,18690,.jpg
original_images/female/black/clarke-sanders-e_W1qouapG8-unsplash.jpg,17443,.jpg
original_images/female/black/clem-onojeghuo-FbTOrJ2G8KI-unsplash.jpg,26959,.jpg
original_images/female/black/cleyton-ewerton-sFdbI7P47XE-unsplash.jpg,27307,.jpg
original_images/female/black/cute-4721888_1920.jpg,24527,.jpg
original_images/female/black/dario-didon-Zqx1BVQBGII-unsplash.jpg,30461,.jpg
original_images/female/black/david-todd-mccarty-e17ti0-AYoA-unsplash.jpg,26695,.jpg
original_images/female/black/demorris-byrd-7Xqi7VLqfpA-unsplash.jpg,16714,.jpg
original_images/female/black/ebony-1643426_1920.jpg,20026,.jpg
original_images/female/black/emma-valerio-Hz_hQrk9hQ8-unsplash.jpg,22423,.jpg
original_images/female/black/emmanuel-zua-iKNvqz1evXI-unsplash.jpg,40829,.jpg
original_images/female/black/engin-akyurt-Obi2AUzEZyU-unsplash.jpg,14250,.jpg
original_images/female/black/engin-akyurt-lyh6c9MLdBY-unsplash.jpg,19203,.jpg
original_images/female/black/ernan-solozabal-kfQWyxttMeQ-unsplash.jpg,29337,.jpg
original_images/female/black/etty-fidele-AzVexpHvuKY-unsplash.jpg,20098,.jpg
original_images/female/black/etty-fidele-TWR--mm6s5o-unsplash.jpg,17563,.jpg
original_images/female/black/eye-for-ebony-BKxipJKe3G0-unsplash.jpg,20408,.jpg
original_images/female/black/eye-for-ebony-Z7ZmNovyF_M-unsplash.jpg,28954,.jpg
original_images/female/black/female-4899174_1920.jpg,12397,.jpg
original_images/female/black/female-4899179_1920.jpg,28444,.jpg
original_images/female/black/force-majeure-a5-_X8IktJg-unsplash.jpg,37032,.jpg
original_images/female/black/gabriel-silverio-HibLL8rsiwc-unsplash.jpg,39557,.jpg
original_images/female/black/gabrielle-henderson-hZpmaacR8gE-unsplash.jpg,21621,.jpg
original_images/female/black/gift-habeshaw-kZ6KJLSKGDQ-unsplash.jpg,29715,.jpg
original_images/female/black/girl-1245835_1920.jpg,27347,.jpg
original_images/female/black/girl-1868930_1920.jpg,19662,.jpg
original_images/female/black/girl-1912901_1920.jpg,26891,.jpg
original_images/female/black/girl-444688_1920.jpg,26051,.jpg
original_images/female/black/gustavo-lanes-ZaL84ooeZpk-unsplash.jpg,26372,.jpg
original_images/female/black/head-shoot-1542339_1920.jpg,27012,.jpg
original_images/female/black/jackson-david-Iex31-cnO-o-unsplash.jpg,25860,.jpg
original_images/female/black/jd-mason-4eRATsC7zTY-unsplash.jpg,35185,.jpg
original_images/female/black/jefferson-nnadiekwe-etYRmDQMcQQ-unsplash.jpg,25910,.jpg
original_images/female/black/jessica-felicio-8vgkMCSq4EU-unsplash.jpg,25941,.jpg
original_images/female/black/jessica-felicio-F16KPYxfm6s-unsplash.jpg,24904,.jpg
original_images/female/black/jessica-felicio-YEbFUPYfUlo-unsplash.jpg,17710,.jpg
original_images/female/black/jessica-felicio-_cvwXhGqG-o-unsplash.jpg,20196,.jpg
original_images/female/black/john-torcasio-tgVm0tkbf1U-unsplash.jpg,30408,.jpg
original_images/female/black/jovaughn-stephens-3ajz-2RgEi8-unsplash.jpg,22944,.jpg
original_images/female/black/juno-jo-nwdPxI1h4NQ-unsplash.jpg,24766,.jpg
original_images/female/black/kal-visuals-fEbgg7USu3E-unsplash.jpg,24545,.jpg
original_images/female/black/kelly-fournier-rPykmpWcL5s-unsplash.jpg,26273,.jpg
original_images/female/black/kelly-sikkema-q2hBflsr71o-unsplash.jpg,25471,.jpg
original_images/female/black/leighann-blackwood-nRVMVZvy6mo-unsplash.jpg,19499,.jpg
original_images/female/black/lethu-zimu-bkyKiFfV91Q-unsplash.jpg,22615,.jpg
original_images/female/black/lucas-lenzi-2RwB3AHphb4-unsplash.jpg,32722,.jpg
original_images/female/black/makeup-1442912_1920.jpg,17343,.jpg
original_images/female/black/marcelo-rangel-E4P7SYt-hPs-unsplash.jpg,42631,.jpg
original_images/female/black/march-for-peace-1727917_1920.jpg,27104,.jpg
original_images/female/black/matheus-ferrero-4cEVIKj7xtY-unsplash.jpg,15295,.jpg
original_images/female/black/mehmet-turgut-kirkgoz-2rVzuyCowLI-unsplash.jpg,22898,.jpg
original_images/female/black/michelle-obama-1129160_1920.jpg,23491,.jpg
original_images/female/black/model-4676037_1920.jpg,25516,.jpg
original_images/female/black/models-2158971_1920.jpg,36112,.jpg
original_images/female/black/national-cancer-institute-duNbFJRhaJQ-unsplash.jpg,33407,.jpg
original_images/female/black/nick-grant-ygrOmmn1Oss-unsplash.jpg,37061,.jpg
original_images/female/black/noah-buscher-AR7aumwKr2s-unsplash.jpg,19465,.jpg
original_images/female/black/oladimeji-odunsi-aU_eOcelLhQ-unsplash.jpg,19291,.jpg
original_images/female/black/oladimeji-odunsi-pV2Kw7Tts14-unsplash.jpg,39821,.jpg
original_images/female/black/olivier-rule-RKqIIjqWRak-unsplash.jpg,16080,.jpg
original_images/female/black/pablo-merchan-montes-ro1i0CMzBfI-unsplash.jpg,18380,.jpg
original_images/female/black/people-2587179_1920.jpg,34813,.jpg
original_images/female/black/people-3104635_1920.jpg,20331,.jpg
original_images/female/black/people-3238357_1920.jpg,18687,.jpg
original_images/female/black/pexels-adrienne-andersen-2552129.jpg,43100,.jpg
original_images/female/black/pexels-adrienne-andersen-2552130.jpg,47356,.jpg
original_images/female/black/pexels-adrienne-andersen-2661256.jpg,30743,.jpg
original_images/female/black/pexels-andrea-piacquadio-3880766.jpg,20373,.jpg
original_images/female/black/pexels-athena-1831792.jpg,32484,.jpg
original_images/female/black/pexels-avonne-stalling-3916455.jpg,26165,.jpg
original_images/female/black/pexels-bernard-ng-3318310.jpg,19331,.jpg
original_images/female/black/pexels-cottonbro-4505450.jpg,38617,.jpg
original_images/female/black/pexels-dalila-dalprat-1995129.jpg,26975,.jpg
original_images/female/black/pexels-dellon-thomas-3189024.jpg,35586,.jpg
original_images/female/black/pexels-ezekixl-akinnewu-950243.jpg,27040,.jpg
original_images/female/black/pexels-ike-louie-natividad-3310695.jpg,28734,.jpg
original_images/female/black/pexels-jermaine-ulinwa-3321515.jpg,29698,.jpg
original_images/female/black/pexels-jorge-fakhouri-filho-1852015.jpg,30071,.jpg
original_images/female/black/pexels-kaone-makoko-3785991.jpg,23863,.jpg
original_images/female/black/pexels-marcelo-chagas-2535859.jpg,29662,.jpg
original_images/female/black/pexels-marcelo-chagas-2539732.jpg,33554,.jpg
original_images/female/black/pexels-marcelo-dias-2448994.jpg,32901,.jpg
original_images/female/black/pexels-marlon-schmeiski-3839904.jpg,29865,.jpg
original_images/female/black/pexels-moh-mckenzie-3597035.jpg,41261,.jpg
original_images/female/black/pexels-muhammadtaha-ibrahim-ma'aji-3280901.jpg,30661,.jpg
original_images/female/black/pexels-murat-esibatir-4355346.jpg,27986,.jpg
original_images/female/black/pexels-mwabonje-2680369.jpg,38130,.jpg
original_images/female/black/pexels-nappy-1068205.jpg,42485,.jpg
original_images/female/black/pexels-noa-photography-4364604.jpg,32219,.jpg
original_images/female/black/pexels-ogo-2434049.jpg,33034,.jpg
original_images/female/black/pexels-rebrand-cities-1367270.jpg,34380,.jpg
original_images/female/black/pexels-rfstudio-3061415.jpg,27734,.jpg
original_images/female/black/pexels-rodnae-productions-4911184.jpg,20564,.jpg
original_images/female/black/pexels-rodnae-productions-4921034.jpg,25362,.jpg
original_images/female/black/pexels-samson-katt-5256700.jpg,34132,.jpg
original_images/female/black/pexels-shotpot-6337498.jpg,23550,.jpg
original_images/female/black/pexels-willsantt-1962844.jpg,25676,.jpg
original_images/female/black/pexels-zen-chung-5537979.jpg,26744,.jpg
original_images/female/black/pieter-benjamin-nijs-lb8gB8jnKDA-unsplash.jpg,22602,.jpg
original_images/female/black/portrait-856125_1920.jpg,22851,.jpg
original_images/female/black/prince-akachi-J1OScm_uHUQ-unsplash.jpg,16516,.jpg
original_images/female/black/prince-akachi-LWkFHEGpleE-unsplash.jpg,15722,.jpg
original_images/female/black/prince-akachi-l3IHXOdMyHQ-unsplash.jpg,32469,.jpg
original_images/female/black/princess-Lo9qLgRIUIs-unsplash.jpg,18806,.jpg
original_images/female/black/raphael-lovaski-3cbvEhhQspg-unsplash.jpg,24863,.jpg
original_images/female/black/ricardo-esquivel-O8i3pW1leYs-unsplash.jpg,19092,.jpg
original_images/female/black/ronise-da-luz-5DJ8sR-m58I-unsplash.jpg,33239,.jpg
original_images/female/black/samuel-aboh-RGomcmMkTEA-unsplash.jpg,29987,.jpg
original_images/female/black/shot-by-cerqueira-cthGStT-j_A-unsplash.jpg,31538,.jpg
original_images/female/black/smile-2072907_1920.jpg,26902,.jpg
original_images/female/black/smile-2072908_1920.jpg,17618,.jpg
original_images/female/black/steward-masweneng-Ws4YEqBafus-unsplash.jpg,36868,.jpg
original_images/female/black/suad-kamardeen-4VN2WWVWqDs-unsplash.jpg,29307,.jpg
original_images/female/black/suad-kamardeen-khewjy5l4Zo-unsplash.jpg,26804,.jpg
original_images/female/black/suad-kamardeen-pn2-F5lKM-U-unsplash.jpg,25751,.jpg
original_images/female/black/tyrell-charles-m4NimBSfcYI-unsplash.jpg,24331,.jpg
original_images/female/black/vladimir-yelizarov-1Fx-iiR8R_4-unsplash.jpg,29552,.jpg
original_images/female/black/vladimir-yelizarov-lCDPfozQC08-unsplash.jpg,30619,.jpg
original_images/female/black/vonecia-carswell-X5f2DFCjhWs-unsplash.jpg,16460,.jpg
original_images/female/black/wadi-lissa-PnCTTH_mmYg-unsplash.jpg,20356,.jpg
original_images/female/black/woman-1018284_1920.jpg,30064,.jpg
original_images/female/black/woman-1018291_1920.jpg,17932,.jpg
original_images/female/black/woman-3144280_1920.jpg,16714,.jpg
original_images/female/black/woman-5932291_1920.jpg,37684,.jpg
original_images/female/black/woman-5939698_1920.jpg,27060,.jpg
original_images/female/black/woman-659348_1920.jpg,19214,.jpg
original_images/female/black/woman-868521_1920.jpg,23939,.jpg
original_images/female/black/ziphaus-NizskSsegM8-unsplash.jpg,23566,.jpg
original_images/female/caucasian/10_1.jpg,48486,.jpg
original_images/female/caucasian/11.jpg,28955,.jpg
original_images/female/caucasian/12.jpg,44184,.jpg
original_images/female/caucasian/14.jpg,44588,.jpg
original_images/female/caucasian/16.jpg,23486,.jpg
original_images/female/caucasian/18.jpg,72147,.jpg
original_images/female/caucasian/19.jpg,35542,.jpg
original_images/female/caucasian/28.jpg,63493,.jpg
original_images/female/caucasian/40.jpg,54969,.jpg
original_images/female/caucasian/5.jpg,54398,.jpg
original_images/female/caucasian/55.jpg,48380,.jpg
original_images/female/caucasian/62.jpg,48473,.jpg
original_images/female/caucasian/8.jpg,65004,.jpg
original_images/female/caucasian/actress-1893312_1920.jpg,14410,.jpg
original_images/female/caucasian/adult-1867889_1920.jpg,21887,.jpg
original_images/female/caucasian/ahmadreza-najafi-VjxPbl_ErF8-unsplash.jpg,29148,.jpg
original_images/female/caucasian/aircraft-976685_1920.jpg,40537,.jpg
original_images/female/caucasian/aleksandr-minakov-bY4GXQKfZrA-unsplash.jpg,13887,.jpg
original_images/female/caucasian/alex-perez-42e14e_DSWE-unsplash.jpg,27237,.jpg
original_images/female/caucasian/alex-sheldon-p63g4kQAt_4-unsplash.jpg,26158,.jpg
original_images/female/caucasian/alexander-krivitskiy-moMIHvUEujM-unsplash.jpg,17962,.jpg
original_images/female/caucasian/alexander-scott-lambley-i2AmfpRO0Cc-unsplash.jpg,25630,.jpg
original_images/female/caucasian/alexandre-croussette-P9C8YtG4eYU-unsplash.jpg,14118,.jpg
original_images/female/caucasian/alexis-brown-XhFROJiMDtA-unsplash.jpg,21239,.jpg
original_images/female/caucasian/alexis-reyna-Ghq7sANg8Lc-unsplash.jpg,24616,.jpg
original_images/female/caucasian/ali-pazani-VPYKT3ePiEM-unsplash.jpg,23165,.jpg
original_images/female/caucasian/allef-vinicius-PoM0yxiD6L8-unsplash.jpg,13978,.jpg
original_images/female/caucasian/allef-vinicius-RTiPK6GPBxg-unsplash.jpg,34207,.jpg
original_images/female/caucasian/amelia-barklid-q97o6P6_lMQ-unsplash.jpg,18169,.jpg
original_images/female/caucasian/amir-taheri-kQdhNGTVa3A-unsplash.jpg,32261,.jpg
original_images/female/caucasian/analise-benevides-x-CinW2XVRw-unsplash.jpg,16142,.jpg
original_images/female/caucasian/anastasia-vityukova-Cq6TBhIV0fw-unsplash.jpg,22758,.jpg
original_images/female/caucasian/anastasiya-nekhaeva-vqGyIoD3PAc-unsplash.jpg,19830,.jpg
original_images/female/caucasian/anastasiya-pavlova-7ip-IOC2yvA-unsplash.jpg,20826,.jpg
original_images/female/caucasian/anastasiya-pavlova-OthOW3y_UII-unsplash.jpg,19008,.jpg
original_images/female/caucasian/anastasiya-pavlova-tPD0S5mLkgI-unsplash.jpg,22295,.jpg
original_images/female/caucasian/andreea-pop-ZR0Ij09RN9w-unsplash.jpg,24010,.jpg
original_images/female/caucasian/andreea-pop-uR4cG4C2tsg-unsplash.jpg,16733,.jpg
original_images/female/caucasian/andrey-svistunov-IcSCXCRgATw-unsplash.jpg,19632,.jpg
original_images/female/caucasian/andrey-zvyagintsev-byfNhh81CWU-unsplash.jpg,27057,.jpg
original_images/female/caucasian/andriyko-podilnyk-KyQxMKaPTM0-unsplash.jpg,25647,.jpg
original_images/female/caucasian/andriyko-podilnyk-jFAG_ixCrsM-unsplash.jpg,16206,.jpg
original_images/female/caucasian/anita-jankovic-_OMk87F-zvI-unsplash.jpg,23685,.jpg
original_images/female/caucasian/ann-agterberg-WqATKbXqGZQ-unsplash.jpg,20567,.jpg
original_images/female/caucasian/ann-danilina-zgohOdeKpnA-unsplash.jpg,24942,.jpg
original_images/female/caucasian/anne-peres-plsF6obTgms-unsplash.jpg,21168,.jpg
original_images/female/caucasian/annika-palmari-H0-6Y5GmyMQ-unsplash.jpg,25686,.jpg
original_images/female/caucasian/anton-darius-NaV1BloVk0g-unsplash.jpg,25861,.jpg
original_images/female/caucasian/anton-malanin-lxEqRDB9Ng8-unsplash.jpg,17011,.jpg
original_images/female/caucasian/apostolos-vamvouras-egW3HtJfsrE-unsplash.jpg,18290,.jpg
original_images/female/caucasian/arno-senoner-5UCPo5N2cyg-unsplash.jpg,17503,.jpg
original_images/female/caucasian/artem-ivanchencko-M9-VgKDrhDA-unsplash.jpg,39685,.jpg
original_images/female/caucasian/artem-kryzhanivskyi-AdRJsBCjwms-unsplash.jpg,38901,.jpg
original_images/female/caucasian/aschas-O15EA5W8rmI-unsplash.jpg,34808,.jpg
original_images/female/caucasian/ayo-ogunseinde-6W4F62sN_yI-unsplash.jpg,21200,.jpg
original_images/female/caucasian/bailey-mahon-jfPKQraxv0w-unsplash.jpg,27497,.jpg
original_images/female/caucasian/baris-selcen-6bjgSD6Wxus-unsplash.jpg,23748,.jpg
original_images/female/caucasian/beautiful-1844724_1920.jpg,17643,.jpg
original_images/female/caucasian/beautiful-1867092_1920.jpg,20336,.jpg
original_images/female/caucasian/beautiful-1867431_1920.jpg,25184,.jpg
original_images/female/caucasian/beautiful-2114449_1920.jpg,18196,.jpg
original_images/female/caucasian/beautiful-2819394_1920.jpg,33467,.jpg
original_images/female/caucasian/beautiful-model-4597225_1920.jpg,33229,.jpg
original_images/female/caucasian/beautiful-young-woman-635271_1920.jpg,14231,.jpg
original_images/female/caucasian/beauty-1132617_1920.jpg,17503,.jpg
original_images/female/caucasian/bella-4368194_1920.jpg,25238,.jpg
original_images/female/caucasian/ben-den-engelsen-AGTxr6b9xJU-unsplash.jpg,36009,.jpg
original_images/female/caucasian/bikini-885382_1920.jpg,22302,.jpg
original_images/female/caucasian/bindi-2416039_1920.jpg,21383,.jpg
original_images/female/caucasian/black-dress-2985654_1920.jpg,20744,.jpg
original_images/female/caucasian/blake-barlow-7Ge4b_kcPLQ-unsplash.jpg,20460,.jpg
original_images/female/caucasian/blake-barlow-L9NrqmDPT-g-unsplash.jpg,33008,.jpg
original_images/female/caucasian/blond-3952534_1920.jpg,26402,.jpg
original_images/female/caucasian/blonde-2885907_1920.jpg,18792,.jpg
original_images/female/caucasian/bradley-dunn-Hy879rKHhbc-unsplash.jpg,21802,.jpg
original_images/female/caucasian/brett-carey-dPJ5H1qdBfQ-unsplash.jpg,25019,.jpg
original_images/female/caucasian/brock-wegner-Ip5PiEDGK3s-unsplash.jpg,18651,.jpg
original_images/female/caucasian/brooke-cagle-BwhJOU0sgdY-unsplash.jpg,20020,.jpg
original_images/female/caucasian/brooke-cagle-QZRAaYfmvA8-unsplash.jpg,22924,.jpg
original_images/female/caucasian/brooke-cagle-iQ-CjxFHNQk-unsplash.jpg,20696,.jpg
original_images/female/caucasian/bruce-dixon--lYtsl62gyU-unsplash.jpg,31830,.jpg
original_images/female/caucasian/brunette-3627300_1920.jpg,26477,.jpg
original_images/female/caucasian/bruno-bucar-juC6zUwJTHE-unsplash.jpg,20147,.jpg
original_images/female/caucasian/business-3188067_1920.jpg,16533,.jpg
original_images/female/caucasian/business-3456505_1920.jpg,22006,.jpg
original_images/female/caucasian/business-3560916_1920.jpg,23520,.jpg
original_images/female/caucasian/business-woman-2756210_1920.jpg,17354,.jpg
original_images/female/caucasian/caique-silva-3ujVzg9i2EI-unsplash.jpg,13135,.jpg
original_images/female/caucasian/callie-morgan-JlymtjqG2aU-unsplash.jpg,20248,.jpg
original_images/female/caucasian/camila-quintero-franco-8NDuYUjSMiY-unsplash.jpg,15397,.jpg
original_images/female/caucasian/carlos-augusto-qmsP-aRLWsc-unsplash.jpg,27082,.jpg
original_images/female/caucasian/carlos-lindner-1fBp3p-1CyY-unsplash.jpg,33498,.jpg
original_images/female/caucasian/carlos-lindner-8X6_ppAuhnI-unsplash.jpg,31003,.jpg
original_images/female/caucasian/carlos-lindner-DkSkgaPie8s-unsplash.jpg,31558,.jpg
original_images/female/caucasian/carlos-lindner-zvZ-HASOA74-unsplash.jpg,31179,.jpg
original_images/female/caucasian/caroline-hernandez-c82O-ojHu9E-unsplash.jpg,30448,.jpg
original_images/female/caucasian/caroline-hernandez-s7cX3UfuFAA-unsplash.jpg,39630,.jpg
original_images/female/caucasian/charisse-kenion-AZRVxIyCLxY-unsplash.jpg,16921,.jpg
original_images/female/caucasian/charlie-garcia-xJ_lOztx-VE-unsplash.jpg,23889,.jpg
original_images/female/caucasian/child-3031836_1920.jpg,26520,.jpg
original_images/female/caucasian/christiana-rivers-DvpKGEH2zco-unsplash.jpg,35765,.jpg
original_images/female/caucasian/christiana-rivers-O_XIvDy0pcs-unsplash.jpg,25246,.jpg
original_images/female/caucasian/christina-wocintechchat-com-0Zx1bDv5BNY-unsplash.jpg,19323,.jpg
original_images/female/caucasian/clayton-cardinalli-ZqmmwcE1DQ8-unsplash.jpg,20119,.jpg
original_images/female/caucasian/coffee-4783442_1920.jpg,26085,.jpg
original_images/female/caucasian/cold-1284029_1920.jpg,21632,.jpg
original_images/female/caucasian/cole-plichta-7la6TtuqYOI-unsplash.jpg,14560,.jpg
original_images/female/caucasian/connor-wilkins-eW6JCH_fbck-unsplash.jpg,21155,.jpg
original_images/female/caucasian/corinne-kutz-jfIgh0ijkqM-unsplash.jpg,29388,.jpg
original_images/female/caucasian/court-cook-TSZo17r3m0s-unsplash.jpg,22698,.jpg
original_images/female/caucasian/creating-a-brand-WxAOdbDpMiU-uns.jpg,44587,.jpg
original_images/female/caucasian/cristian-newman-l9I93gZKTG4-unsplash.jpg,34474,.jpg
original_images/female/caucasian/d015.jpg,83424,.jpg
original_images/female/caucasian/d02.jpg,68862,.jpg
original_images/female/caucasian/d15.jpg,59373,.jpg
original_images/female/caucasian/dan-ROJFuWCsfmA-unsplash.jpg,30939,.jpg
original_images/female/caucasian/dane-wetton-0AqoGTLmIjQ-unsplash.jpg,14682,.jpg
original_images/female/caucasian/daniel-corneschi-BK3edUeZHls-unsplash.jpg,28435,.jpg
original_images/female/caucasian/daniel-corneschi-e4lszwLJ_As-unsplash.jpg,25142,.jpg
original_images/female/caucasian/daniel-spase-s4bml9X2lVs-unsplash.jpg,27453,.jpg
original_images/female/caucasian/daniil-kuzelev-AkGd_YB6Q2c-unsplash.jpg,17231,.jpg
original_images/female/caucasian/david-todd-mccarty-EIeLcpn-9bM-unsplash.jpg,28680,.jpg
original_images/female/caucasian/denis-agati-3dL0mzyUS6M-unsplash.jpg,37573,.jpg
original_images/female/caucasian/derick-daily--1_NYuwIQxU-unsplash.jpg,25165,.jpg
original_images/female/caucasian/dominic-blignaut-Wwir9Xis204-unsplash.jpg,32156,.jpg
original_images/female/caucasian/edward-cisneros-_H6wpor9mjs-unsplash.jpg,27330,.jpg
original_images/female/caucasian/egor-barmin-i-JkONlmR_o-unsplash.jpg,16632,.jpg
original_images/female/caucasian/egor-barmin-tFF1gAwC6iE-unsplash.jpg,25064,.jpg
original_images/female/caucasian/elderly-1557141_1920.jpg,19891,.jpg
original_images/female/caucasian/eleanor-Xd3J56n0d2Q-unsplash.jpg,15201,.jpg
original_images/female/caucasian/elijah-m-henderson-r9lTXKNtq7I-unsplash.jpg,23599,.jpg
original_images/female/caucasian/emmanuel-bior-N06QdiZgK_E-unsplash.jpg,32051,.jpg
original_images/female/caucasian/engin-akyurt-gXBlAoQF61Q-unsplash.jpg,25566,.jpg
original_images/female/caucasian/ethan-haddox-NTjSR3zYpsY-unsplash.jpg,17426,.jpg
original_images/female/caucasian/eva-wilcock-hHFijaQdfTw-unsplash.jpg,15898,.jpg
original_images/female/caucasian/f1.jpg,57756,.jpg
original_images/female/caucasian/f12.jpg,45911,.jpg
original_images/female/caucasian/f3.png,843730,.png
original_images/female/caucasian/f6.jpg,52664,.jpg
original_images/female/caucasian/f8.jpg,66526,.jpg
original_images/female/caucasian/fabio-alves-PE1IpWTeKfQ-unsplash.jpg,19496,.jpg
original_images/female/caucasian/fantasy-3452327_1920.jpg,25033,.jpg
original_images/female/caucasian/fashion-1284308_1920.jpg,22203,.jpg
original_images/female/caucasian/fashion-1846490_1920.jpg,32896,.jpg
original_images/female/caucasian/fashion-238553_1920.jpg,19417,.jpg
original_images/female/caucasian/fashion-2690306_1920.jpg,23330,.jpg
original_images/female/caucasian/fashion-3059143_1920.jpg,20277,.jpg
original_images/female/caucasian/fashion-3080644_1920.jpg,20768,.jpg
original_images/female/caucasian/female-2674500_1920.jpg,21844,.jpg
original_images/female/caucasian/female-2836137_1920.jpg,17721,.jpg
original_images/female/caucasian/fezbot2000-L0RvwcsiSFw-unsplash.jpg,19985,.jpg
original_images/female/caucasian/fezbot2000-V4CU3OBsrEk-unsplash.jpg,19252,.jpg
original_images/female/caucasian/fezbot2000-h_OTf7uvXuM-unsplash.jpg,31942,.jpg
original_images/female/caucasian/fezbot2000-nahUo1GhcrA-unsplash.jpg,26225,.jpg
original_images/female/caucasian/fran-hogan-0vyvnOH-LVQ-unsplash.jpg,27594,.jpg
original_images/female/caucasian/francesca-zama-GVIesWuFdI8-unsplash.jpg,29719,.jpg
original_images/female/caucasian/freckles-2411973_1920.jpg,26074,.jpg
original_images/female/caucasian/freestocks-9UVmlIb0wJU-unsplash.jpg,22699,.jpg
original_images/female/caucasian/french-4525967_1920.jpg,22610,.jpg
original_images/female/caucasian/gabriel-porras-u_tdzVxTTr8-unsplash.jpg,36629,.jpg
original_images/female/caucasian/gabriel-silverio-K_b41GaWC5Y-unsplash.jpg,18727,.jpg
original_images/female/caucasian/gabriel-silverio-u3WmDyKGsrY-unsplash.jpg,19267,.jpg
original_images/female/caucasian/garin-chadwick-dVnnPd2xgf4-unsplash.jpg,21194,.jpg
original_images/female/caucasian/gary-edmonstone-LmdWNvd7C7U-unsplash.jpg,24591,.jpg
original_images/female/caucasian/gemma-chua-tran-UIZYDvmQg6U-unsplash.jpg,19894,.jpg
original_images/female/caucasian/gemma-chua-tran-u1eZM06-MPw-unsplash.jpg,22340,.jpg
original_images/female/caucasian/genessa-panainte-g3OqMfRfo_8-unsplash.jpg,30832,.jpg
original_images/female/caucasian/girl-1018414_1920.jpg,36243,.jpg
original_images/female/caucasian/girl-1049372_1920.jpg,22869,.jpg
original_images/female/caucasian/girl-1125322_1920.jpg,25350,.jpg
original_images/female/caucasian/girl-1209193_1920.jpg,39459,.jpg
original_images/female/caucasian/girl-1234487_1920.jpg,32992,.jpg
original_images/female/caucasian/girl-13480.jpg,20286,.jpg
original_images/female/caucasian/girl-139353_1920.jpg,21502,.jpg
original_images/female/caucasian/girl-1471048_1920.jpg,35060,.jpg
original_images/female/caucasian/girl-1482002_1920.jpg,35067,.jpg
original_images/female/caucasian/girl-1763686_1920.jpg,30779,.jpg
original_images/female/caucasian/girl-1773894_1920.jpg,32909,.jpg
original_images/female/caucasian/girl-1848910_1920.jpg,18966,.jpg
original_images/female/caucasian/girl-1888161_1920.jpg,38094,.jpg
original_images/female/caucasian/girl-204327_1920.jpg,31741,.jpg
original_images/female/caucasian/girl-2120196_1920.jpg,23894,.jpg
original_images/female/caucasian/girl-2209147_1920.jpg,19369,.jpg
original_images/female/caucasian/girl-2334888_1920.jpg,22463,.jpg
original_images/female/caucasian/girl-2359121_1920.jpg,21435,.jpg
original_images/female/caucasian/girl-2363819_1920.jpg,22438,.jpg
original_images/female/caucasian/girl-237871_1920.jpg,14089,.jpg
original_images/female/caucasian/girl-2406963_1920.jpg,14959,.jpg
original_images/female/caucasian/girl-2522405_1920.jpg,25409,.jpg
original_images/female/caucasian/girl-2663559_1920.jpg,24332,.jpg
original_images/female/caucasian/girl-2772177_1920.jpg,24711,.jpg
original_images/female/caucasian/girl-2961959_1920.jpg,17269,.jpg
original_images/female/caucasian/girl-3023831_1920.jpg,20717,.jpg
original_images/female/caucasian/girl-3183050_1920.jpg,23486,.jpg
original_images/female/caucasian/girl-3277529_1920.jpg,22444,.jpg
original_images/female/caucasian/girl-3447599_1920.jpg,26334,.jpg
original_images/female/caucasian/girl-3576679_1920.jpg,22265,.jpg
original_images/female/caucasian/girl-3718537_1920.jpg,22983,.jpg
original_images/female/caucasian/girl-3848191_1920.jpg,29081,.jpg
original_images/female/caucasian/girl-3874872_1920.jpg,33503,.jpg
original_images/female/caucasian/girl-3901714_1920.jpg,34170,.jpg
original_images/female/caucasian/girl-3956612_1920.jpg,21355,.jpg
original_images/female/caucasian/girl-4015898_1920.jpg,23413,.jpg
original_images/female/caucasian/girl-4185856_1920.jpg,20835,.jpg
original_images/female/caucasian/girl-4212523_1920.jpg,25965,.jpg
original_images/female/caucasian/girl-4283996_1920.jpg,19328,.jpg
original_images/female/caucasian/girl-4283998_1920.jpg,21583,.jpg
original_images/female/caucasian/girl-4448689_1920.jpg,14403,.jpg
original_images/female/caucasian/girl-4570763_1920.jpg,19324,.jpg
original_images/female/caucasian/girl-4930782_1920.jpg,19909,.jpg
original_images/female/caucasian/girl-499408_1920.jpg,35572,.jpg
original_images/female/caucasian/girl-5365495_1920.jpg,29858,.jpg
original_images/female/caucasian/girl-641673_1920.jpg,18291,.jpg
original_images/female/caucasian/girl-657753_1920.jpg,22626,.jpg
original_images/female/caucasian/girl-669823_1920.jpg,32026,.jpg
original_images/female/caucasian/girl-736752_1920.jpg,15647,.jpg
original_images/female/caucasian/girl-788813_1920.jpg,29021,.jpg
original_images/female/caucasian/girl-797078_1920.jpg,24799,.jpg
original_images/female/caucasian/girl-804059_1920.jpg,22379,.jpg
original_images/female/caucasian/girl-868785_1920.jpg,18130,.jpg
original_images/female/caucasian/girl-919048_1920.jpg,19258,.jpg
original_images/female/caucasian/gleb-lukomets-kKX-iJP8sX8-unsplash.jpg,27963,.jpg
original_images/female/caucasian/gothic-1770548_1920.jpg,18088,.jpg
original_images/female/caucasian/grandmother-5903707_1920.jpg,53035,.jpg
original_images/female/caucasian/granny-1280445_1920.jpg,29813,.jpg
original_images/female/caucasian/grimace-1012862_1920.jpg,30747,.jpg
original_images/female/caucasian/guillaume-bleyer-PPnwwUeUbYk-unsplash.jpg,26394,.jpg
original_images/female/caucasian/hadis-safari-zawAr1FKOMw-unsplash.jpg,25431,.jpg
original_images/female/caucasian/hairdresser-4564268_1920.jpg,24770,.jpg
original_images/female/caucasian/hamburg-1399966_1920.jpg,22902,.jpg
original_images/female/caucasian/hassan-khan-EGVccebWodM-unsplash.jpg,19442,.jpg
original_images/female/caucasian/helena-lopes-LSdo2qHFI8k-unsplash.jpg,32572,.jpg
original_images/female/caucasian/hesam-jr-TAGFNCnw7f4-unsplash.jpg,13853,.jpg
original_images/female/caucasian/hichem-dahmani-EhcwOfAn-mA-unsplash.jpg,23354,.jpg
original_images/female/caucasian/hiva-sharifi-YUK4px6sjdc-unsplash.jpg,19240,.jpg
original_images/female/caucasian/human-3183056_1920.jpg,23037,.jpg
original_images/female/caucasian/ilya-mirnyy-FrkBU4xWB9g-unsplash.jpg,27571,.jpg
original_images/female/caucasian/ionut-comanici-RDcEWH5hSDE-unsplash.jpg,42980,.jpg
original_images/female/caucasian/irina-iriser-T9_NHo5d0pc-unsplash.jpg,24252,.jpg
original_images/female/caucasian/isi-parente-0FjPiX4szEk-unsplash.jpg,15947,.jpg
original_images/female/caucasian/janko-ferlic-70NsMQvAYHE-unsplash.jpg,19462,.jpg
original_images/female/caucasian/jasmine-b-qaSPhHr_Iug-unsplash.jpg,20577,.jpg
original_images/female/caucasian/jassir-jonis-1weJoLwqGlI-unsplash.jpg,27517,.jpg
original_images/female/caucasian/jassir-jonis-yFoZ6B6KGN8-unsplash.jpg,18518,.jpg
original_images/female/caucasian/jayson-hinrichsen-uOZd-i3n0UI-unsplash.jpg,29865,.jpg
original_images/female/caucasian/jeffery-erhunse-Z9lbmEjyYjU-unsplash.jpg,22386,.jpg
original_images/female/caucasian/jeffery-erhunse-wSOzt6GMBac-unsplash.jpg,16783,.jpg
original_images/female/caucasian/jen-theodore-7A4TvZEW8zY-unsplash.jpg,22701,.jpg
original_images/female/caucasian/jen-theodore-Gr2XxjGaeeo-unsplash.jpg,38016,.jpg
original_images/female/caucasian/jen-theodore-i6iVOXfZM0s-unsplash.jpg,19523,.jpg
original_images/female/caucasian/jen-theodore-o-9p4xo432I-unsplash.jpg,23878,.jpg
original_images/female/caucasian/jennifer-marquez--shIc419kMU-unsplash.jpg,38586,.jpg
original_images/female/caucasian/jj-jordan-t9tNNBEPwV0-unsplash.jpg,20218,.jpg
original_images/female/caucasian/joanna-nix-walkup-xjBjRNn5TKg-unsplash.jpg,22666,.jpg
original_images/female/caucasian/joao-paulo-de-souza-oliveira-x-FNmzxyQ94-unsplash.jpg,28722,.jpg
original_images/female/caucasian/jon-ly-ADBOC3UP4eQ-unsplash.jpg,22243,.jpg
original_images/female/caucasian/jonathan-cooper-b-A6K_2cpWY-unsplash.jpg,23281,.jpg
original_images/female/caucasian/jonnelle-yankovich-c7TBD3PvoaQ-unsplash.jpg,22191,.jpg
original_images/female/caucasian/jorge-cesar-2Qyd-R4z57E-unsplash.jpg,12795,.jpg
original_images/female/caucasian/jose-pedro-ortiz-uwaVLojaY7w-unsplash.jpg,13345,.jpg
original_images/female/caucasian/joseph-kellner-TFR1yggdvq8-unsplash.jpg,36264,.jpg
original_images/female/caucasian/joseph-kellner-o6clLOJd4WY-unsplash.jpg,33237,.jpg
original_images/female/caucasian/joshua-rawson-harris-7jrNEAdxwUE-unsplash.jpg,17939,.jpg
original_images/female/caucasian/joy-4196371_1920.jpg,20958,.jpg
original_images/female/caucasian/juan-rojas-I3MF44-GrKs-unsplash.jpg,19900,.jpg
original_images/female/caucasian/jude-infantini-HKQKt4f8sAU-unsplash.jpg,15979,.jpg
original_images/female/caucasian/julia-kadel-Eqj3c1nynP4-unsplash.jpg,35784,.jpg
original_images/female/caucasian/julie-romaniuk-A2UMJQkXKJM-unsplash.jpg,36496,.jpg
original_images/female/caucasian/juno-jo-eIxDn1OVJT8-unsplash.jpg,26257,.jpg
original_images/female/caucasian/kareya-saleh-tLKOj6cNwe0-unsplash.jpg,23426,.jpg
original_images/female/caucasian/karoline-soares-BBOnm6XLdQo-unsplash.jpg,22583,.jpg
original_images/female/caucasian/karsten-winegeart-7dmtZSxMDi0-unsplash.jpg,28568,.jpg
original_images/female/caucasian/karsten-winegeart-U-jSHnClgNU-unsplash(1).jpg,32858,.jpg
original_images/female/caucasian/karsten-winegeart-hS8kY12h3is-unsplash.jpg,28659,.jpg
original_images/female/caucasian/karsten-winegeart-s2MjR3xoJkE-unsplash.jpg,35562,.jpg
original_images/female/caucasian/kate-hliznitsova-tD0wyPbnsLA-unsplash.jpg,20361,.jpg
original_images/female/caucasian/kate_mes7-LauVwE7sFrI-unsplash.jpg,13580,.jpg
original_images/female/caucasian/kayla-maurais-LLMLMR_Dwkg-unsplash.jpg,38427,.jpg
original_images/female/caucasian/kermen-tutkunova-zjYvn9yqJl4-unsplash.jpg,14157,.jpg
original_images/female/caucasian/khashayar-kouchpeydeh-z0PhHU7cy4Q-unsplash.jpg,34046,.jpg
original_images/female/caucasian/kim-jones-EcldzGBAB0A-unsplash.jpg,21769,.jpg
original_images/female/caucasian/kisses-1039533_1920.jpg,37345,.jpg
original_images/female/caucasian/klenova_tati-IvwxEUHpQ5Y-unsplash.jpg,35177,.jpg
original_images/female/caucasian/kristen-steed-qvFyDfhNHJI-unsplash.jpg,53705,.jpg
original_images/female/caucasian/kuma-kum-GKbPbR0ZAT4-unsplash.jpg,40177,.jpg
original_images/female/caucasian/lacie-slezak-Wn3oVkIn1HU-unsplash.jpg,35329,.jpg
original_images/female/caucasian/laura-chouette-nkWnc-W_GP8-unsplash.jpg,20362,.jpg
original_images/female/caucasian/laura-chouette-qaRaOPQbZhI-unsplash.jpg,22698,.jpg
original_images/female/caucasian/laura-dewilde-dhCxlHodZvM-unsplash.jpg,21987,.jpg
original_images/female/caucasian/levi-clancy-WE0gt7t4o2k-unsplash.jpg,15556,.jpg
original_images/female/caucasian/levi-stute-tvrn0E09L2c-unsplash.jpg,16640,.jpg
original_images/female/caucasian/levin-anton-08Fqp6sWQ-E-unsplash.jpg,18091,.jpg
original_images/female/caucasian/logan-weaver-GLE_xlFgXTI-unsplash.jpg,21050,.jpg
original_images/female/caucasian/logan-weaver-Isle-8YpbIQ-unsplash.jpg,19725,.jpg
original_images/female/caucasian/logan-weaver-QoZRUI6LdKw-unsplash.jpg,27393,.jpg
original_images/female/caucasian/logan-weaver-X1wFriUtQIE-unsplash.jpg,19897,.jpg
original_images/female/caucasian/logan-weaver-l0t4qHtj3fs-unsplash.jpg,22051,.jpg
original_images/female/caucasian/lotte-meijer-oyy71fLMZCY-unsplash.jpg,26344,.jpg
original_images/female/caucasian/love-2666674_1920.jpg,22949,.jpg
original_images/female/caucasian/lovely-3338911_1920.jpg,22313,.jpg
original_images/female/caucasian/lovely-3368231_1920.jpg,20491,.jpg
original_images/female/caucasian/luiza-braun-VdxeNFB4ymA-unsplash.jpg,20499,.jpg
original_images/female/caucasian/luiza-braun-YfDfwP3gSo0-unsplash.jpg,26958,.jpg
original_images/female/caucasian/luke-braswell-8s5brjtO4_M-unsplash.jpg,35749,.jpg
original_images/female/caucasian/madison-hedgecock-qlBA-4odDbw-unsplash.jpg,36407,.jpg
original_images/female/caucasian/manny-moreno-2HTX85gxynM-unsplash.jpg,22016,.jpg
original_images/female/caucasian/manny-moreno-IMecW34PSu8-unsplash.jpg,29101,.jpg
original_images/female/caucasian/manny-moreno-Ri_Al1VqjsU-unsplash.jpg,39138,.jpg
original_images/female/caucasian/manny-moreno-jeAW5LRuNts-unsplash.jpg,29732,.jpg
original_images/female/caucasian/marcel-strauss-4W0-5NOr6dg-unsplash.jpg,18377,.jpg
original_images/female/caucasian/mari-lezhava-Xm9-vA_bhm0-unsplash.jpg,25582,.jpg
original_images/female/caucasian/maria-lysenko-6ZbrDe3IjMg-unsplash.jpg,29481,.jpg
original_images/female/caucasian/marisa-harris-b95_M23cIXA-unsplash.jpg,25949,.jpg
original_images/female/caucasian/marivi-pazos-cvpk5Y4ZWUs-unsplash.jpg,25003,.jpg
original_images/female/caucasian/mark-decile-UxJh17PRILY-unsplash.jpg,32693,.jpg
original_images/female/caucasian/mark-decile-Vcc8VFc3uCo-unsplash.jpg,37121,.jpg
original_images/female/caucasian/mark-decile-W0fOHWkpxUQ-unsplash.jpg,29759,.jpg
original_images/female/caucasian/marketing-online-1427786_1920.jpg,21677,.jpg
original_images/female/caucasian/martin-guido-aYfyllIz-Xk-unsplash.jpg,26784,.jpg
original_images/female/caucasian/matheus-ferrero-LIaLQ2SIQuk-unsplash.jpg,19736,.jpg
original_images/female/caucasian/matteo-vistocco-pXctJ0xEhBs-unsplash.jpg,8636,.jpg
original_images/female/caucasian/mature-857525_1920.jpg,27621,.jpg
original_images/female/caucasian/max-muselmann-3e0dM8wZJK0-unsplash.jpg,17789,.jpg
original_images/female/caucasian/megan-bagshaw-VqblHgABSVA-unsplash.jpg,15331,.jpg
original_images/female/caucasian/meital-anlen-GJ5EBEVJI_0-unsplash.jpg,33033,.jpg
original_images/female/caucasian/metin-ozer-iSmTwuKTNDo-unsplash.jpg,14931,.jpg
original_images/female/caucasian/michael-burciaga-nPLOGnW9MWY-unsplash.jpg,16249,.jpg
original_images/female/caucasian/michael-dam-mEZ3PoFGs_k-unsplash.jpg,15582,.jpg
original_images/female/caucasian/michael-mims-fWWiaDox0BU-unsplash.jpg,21581,.jpg
original_images/female/caucasian/michele-seghieri-Y2SGPFU57Uc-unsplash.jpg,32949,.jpg
original_images/female/caucasian/michele-seghieri-eOC_7rRnSBg-unsplash.jpg,29260,.jpg
original_images/female/caucasian/mike-austin-JfpclLudxlE-unsplash.jpg,26263,.jpg
original_images/female/caucasian/mike-austin-jgSAuqMmJUE-unsplash.jpg,24033,.jpg
original_images/female/caucasian/mike-austin-oRVnmlBD4Vo-unsplash.jpg,20013,.jpg
original_images/female/caucasian/mike-austin-t24Wz_EFerc-unsplash.jpg,21846,.jpg
original_images/female/caucasian/model-1260144_1920.jpg,22011,.jpg
original_images/female/caucasian/model-1976191_1920.jpg,21736,.jpg
original_images/female/caucasian/model-2614569_1920.jpg,21536,.jpg
original_images/female/caucasian/model-2670279_1920.jpg,23068,.jpg
original_images/female/caucasian/model-299694_1920.jpg,20899,.jpg
original_images/female/caucasian/model-3665593_1920.jpg,26115,.jpg
original_images/female/caucasian/model-429733_1920.jpg,22331,.jpg
original_images/female/caucasian/model-4605248_1920.jpg,26851,.jpg
original_images/female/caucasian/model-483918_1920.jpg,15214,.jpg
original_images/female/caucasian/model-881425_1920.jpg,24355,.jpg
original_images/female/caucasian/mohammed-hassan-YyvV9rF39lk-unsplash.jpg,26594,.jpg
original_images/female/caucasian/mohammed-hassan-xC2YIBmTROU-unsplash.jpg,18652,.jpg
original_images/female/caucasian/museums-victoria-WZz1u5R5uT4-unsplash.jpg,18808,.jpg
original_images/female/caucasian/nadya-glo-fp6VYFSzM-Y-unsplash.jpg,20605,.jpg
original_images/female/caucasian/naeim-jafari-6Xai7XxOgBc-unsplash.jpg,21650,.jpg
original_images/female/caucasian/naeim-jafari-mW3145wbwlw-unsplash.jpg,34961,.jpg
original_images/female/caucasian/nathan-van-de-graaf-yomqHFm15N8-unsplash.jpg,25616,.jpg
original_images/female/caucasian/nature-3360202_1920.jpg,22502,.jpg
original_images/female/caucasian/new-years-eve-4597232_1920.jpg,21323,.jpg
original_images/female/caucasian/nick-arnot-AuCrXk0pLWo-unsplash.jpg,23187,.jpg
original_images/female/caucasian/nikita-shirokov-v2RUpFTS3mo-unsplash.jpg,19594,.jpg
original_images/female/caucasian/noah-buscher-AUM5vcnuYd4-unsplash.jpg,23893,.jpg
original_images/female/caucasian/old-woman-4189578_1920.jpg,50382,.jpg
original_images/female/caucasian/omid-armin-VS4Bg3tWWcI-unsplash.jpg,21625,.jpg
original_images/female/caucasian/oz-seyrek-cwh8976pscU-unsplash.jpg,20281,.jpg
original_images/female/caucasian/patrik-velich-OSasjoYvdNc-unsplash.jpg,33246,.jpg
original_images/female/caucasian/patrik-velich-RtVGS4vGkgM-unsplash.jpg,34916,.jpg
original_images/female/caucasian/patrik-velich-fqRwG7ijHwA-unsplash.jpg,27654,.jpg
original_images/female/caucasian/people-3004190_1920.jpg,23578,.jpg
original_images/female/caucasian/people-3057299_1920.jpg,32564,.jpg
original_images/female/caucasian/people-3310084_1920.jpg,42791,.jpg
original_images/female/caucasian/people-4919068_1920.jpg,24496,.jpg
original_images/female/caucasian/people-5060268_1920.jpg,18589,.jpg
original_images/female/caucasian/person-5896670_1920.jpg,28606,.jpg
original_images/female/caucasian/person-man-1205800_1920.jpg,34440,.jpg
original_images/female/caucasian/pexels-aadil-2598024.jpg,27769,.jpg
original_images/female/caucasian/pexels-ali-pazani-2787341.jpg,23454,.jpg
original_images/female/caucasian/pexels-ali-pazani-2811089.jpg,32035,.jpg
original_images/female/caucasian/pexels-ali-pazani-2878375.jpg,26222,.jpg
original_images/female/caucasian/pexels-alina-schelkanova-4495746.jpg,21221,.jpg
original_images/female/caucasian/pexels-andrea-piacquadio-3768877.jpg,31747,.jpg
original_images/female/caucasian/pexels-andrea-piacquadio-3769986.jpg,23041,.jpg
original_images/female/caucasian/pexels-anna-shvets-4971982.jpg,43975,.jpg
original_images/female/caucasian/pexels-gabby-k-5303015.jpg,29032,.jpg
original_images/female/caucasian/pexels-keli-santos-1853268.jpg,33156,.jpg
original_images/female/caucasian/pexels-mbardo-5293989.jpg,27422,.jpg
original_images/female/caucasian/pexels-megan-markham-2448531.jpg,32292,.jpg
original_images/female/caucasian/pexels-miggy-rivera-3209390.jpg,26946,.jpg
original_images/female/caucasian/pexels-nycolle-suabya-4759196.jpg,18349,.jpg
original_images/female/caucasian/pexels-petra-bauman-1565538.jpg,19800,.jpg
original_images/female/caucasian/pexels-pixabay-247322.jpg,33819,.jpg
original_images/female/caucasian/pexels-pixabay-40901.jpg,26278,.jpg
original_images/female/caucasian/pexels-rafael-barros-2130795.jpg,31210,.jpg
original_images/female/caucasian/pexels-saeed-khosravi-5450630.jpg,19689,.jpg
original_images/female/caucasian/pexels-skyler-ewing-4680619.jpg,28813,.jpg
original_images/female/caucasian/pexels-skyler-ewing-4680663.jpg,18975,.jpg
original_images/female/caucasian/pexels-skyler-ewing-4680778.jpg,31889,.jpg
original_images/female/caucasian/pexels-steven-arenas-620074.jpg,26520,.jpg
original_images/female/caucasian/pexels-tomaz-barcellos-1987301.jpg,36842,.jpg
original_images/female/caucasian/portrait-1092787_1920.jpg,17961,.jpg
original_images/female/caucasian/portrait-1579025_1920.jpg,19378,.jpg
original_images/female/caucasian/portrait-1833929_1920.jpg,24412,.jpg
original_images/female/caucasian/portrait-1944614_1920.jpg,30480,.jpg
original_images/female/caucasian/portrait-2690308_1920.jpg,34414,.jpg
original_images/female/caucasian/portrait-3083402_1920.jpg,20212,.jpg
original_images/female/caucasian/portrait-3190849_1920.jpg,21306,.jpg
original_images/female/caucasian/portrait-3216220_1920.jpg,18803,.jpg
original_images/female/caucasian/portrait-3289372_1920.jpg,23918,.jpg
original_images/female/caucasian/portrait-3292287_1920.jpg,12618,.jpg
original_images/female/caucasian/portrait-3315767_1920.jpg,22904,.jpg
original_images/female/caucasian/portrait-3364406_1920.jpg,28266,.jpg
original_images/female/caucasian/portrait-3600667_1920.jpg,16827,.jpg
original_images/female/caucasian/portrait-4373381_1920.jpg,18746,.jpg
original_images/female/caucasian/portrait-4808905_1920.jpg,18914,.jpg
original_images/female/caucasian/portrait-487067_1920.jpg,21641,.jpg
original_images/female/caucasian/portrait-597173_1920.jpg,22636,.jpg
original_images/female/caucasian/portrait-67485_1920.jpg,21030,.jpg
original_images/female/caucasian/portrait-886039_1920.jpg,15231,.jpg
original_images/female/caucasian/portrait-of-a-girl-4604219_1920.jpg,14841,.jpg
original_images/female/caucasian/pretty-2111498_1920.jpg,29205,.jpg
original_images/female/caucasian/pretty-girl-2039216_1920.jpg,18540,.jpg
original_images/female/caucasian/purchase-3090838_1920.jpg,37200,.jpg
original_images/female/caucasian/quinten-de-graaf-5G3bb016MnU-unsplash.jpg,12237,.jpg
original_images/female/caucasian/quinten-de-graaf-Ox1jePviTRQ-unsplash.jpg,12404,.jpg
original_images/female/caucasian/rad-pozniakov-J-fH2bKQQIA-unsplash.jpg,23361,.jpg
original_images/female/caucasian/raj-rana-15Vb4B_ma_s-unsplash.jpg,16555,.jpg
original_images/female/caucasian/ratiu-bia-7fzINre0NQE-unsplash.jpg,29817,.jpg
original_images/female/caucasian/red-dress-5071171_1920.jpg,22294,.jpg
original_images/female/caucasian/redhead-1903320_1920.jpg,23787,.jpg
original_images/female/caucasian/redhead-1996288_1920.jpg,27232,.jpg
original_images/female/caucasian/redheads-4606477_1920.jpg,26439,.jpg
original_images/female/caucasian/remy_loz-K3YvfgwLHBs-unsplash.jpg,20230,.jpg
original_images/female/caucasian/rene-porter-_PzZxrEswRY-unsplash.jpg,23496,.jpg
original_images/female/caucasian/riccardo-fissore-UxY52P2KaN8-unsplash.jpg,17707,.jpg
original_images/female/caucasian/ronaldo-oliveira-TOQlWdx_5Zc-unsplash.jpg,18926,.jpg
original_images/female/caucasian/rw-studios-GaPevteWAIU-unsplash.jpg,29035,.jpg
original_images/female/caucasian/sara-cervera-ZqU-9gWBfV8-unsplash.jpg,22014,.jpg
original_images/female/caucasian/sean-stratton-cANdHDaUAuw-unsplash.jpg,21547,.jpg
original_images/female/caucasian/sebastian-pociecha-9AdKSLh2320-unsplash.jpg,24171,.jpg
original_images/female/caucasian/sergey-sokolov-CbfFN5zE_sY-unsplash.jpg,35860,.jpg
original_images/female/caucasian/sergio-souza-nTgauPjp-uA-unsplash.jpg,29059,.jpg
original_images/female/caucasian/sharon-mccutcheon-EpsQ8oVcDj4-unsplash.jpg,22313,.jpg
original_images/female/caucasian/shayan-rti-TGjXfMuC7DI-unsplash.jpg,34856,.jpg
original_images/female/caucasian/shayan-rti-w3ZQzOxUh7I-unsplash.jpg,23704,.jpg
original_images/female/caucasian/sheri-hooley-SyuTPtihxrE-unsplash.jpg,19894,.jpg
original_images/female/caucasian/sheri-hooley-YkJFWW4TMhk-unsplash.jpg,23460,.jpg
original_images/female/caucasian/sheri-hooley-gQbE06VKL4M-unsplash.jpg,21354,.jpg
original_images/female/caucasian/sheri-hooley-gcyPLFzmcSA-unsplash.jpg,21888,.jpg
original_images/female/caucasian/shilja-74758_1920.jpg,22486,.jpg
original_images/female/caucasian/sincerely-media-6ne7_M6R7gQ-unsplash.jpg,14271,.jpg
original_images/female/caucasian/sincerely-media-PN9wP2yZ9c8-unsplash.jpg,20714,.jpg
original_images/female/caucasian/sincerely-media-T-q2QLhRFnY-unsplash.jpg,17752,.jpg
original_images/female/caucasian/sincerely-media-_IdTrwVwdWI-unsplash.jpg,20278,.jpg
original_images/female/caucasian/sinitta-leunen-b4GXxJEn1Hc-unsplash.jpg,34977,.jpg
original_images/female/caucasian/sirio-Ty4f_NOFO60-unsplash.jpg,20790,.jpg
original_images/female/caucasian/sofia--LNdco1UgNY-unsplash.jpg,24043,.jpg
original_images/female/caucasian/sofia-kuniakina-GeAqNAWZ1d0-unsplash.jpg,11382,.jpg
original_images/female/caucasian/softball-1440812_1920.jpg,62902,.jpg
original_images/female/caucasian/soroush-karimi-Zwa7DtcYUb0-unsplash.jpg,24002,.jpg
original_images/female/caucasian/steady-hand-co-sdSnS1WF7C8-unsplash.jpg,27085,.jpg
original_images/female/caucasian/steven-aguilar-GTld8AoIfbE-unsplash.jpg,18479,.jpg
original_images/female/caucasian/studio-portrait-487065_1920.jpg,21645,.jpg
original_images/female/caucasian/svyatoslav-romanov-BrEAp01_m5w-unsplash.jpg,36488,.jpg
original_images/female/caucasian/tamara-bellis-JTtWu85K9So-unsplash.jpg,21329,.jpg
original_images/female/caucasian/tamas-tuzes-katai-nUP9GAg218U-unsplash.jpg,36638,.jpg
original_images/female/caucasian/tanya-trofymchuk-gCKYhaa4b2E-unsplash.jpg,18119,.jpg
original_images/female/caucasian/taylor-deas-melesh-0WTtJ0bhJcw-unsplash.jpg,14890,.jpg
original_images/female/caucasian/taylor-deas-melesh-byRGjjO-Ync-unsplash.jpg,17670,.jpg
original_images/female/caucasian/teacher-1280966_1920.jpg,20070,.jpg
original_images/female/caucasian/teen-2678447_1920.jpg,40248,.jpg
original_images/female/caucasian/teen-4361981_1920.jpg,24665,.jpg
original_images/female/caucasian/teen-5096251_1920.jpg,26576,.jpg
original_images/female/caucasian/teenager-4985908_1920.jpg,20965,.jpg
original_images/female/caucasian/teenager-775053_1920.jpg,27083,.jpg
original_images/female/caucasian/tengyart-fc0KjyjkNo4-unsplash.jpg,31711,.jpg
original_images/female/caucasian/theo-rql-a4pyoiTdSqI-unsplash(2).jpg,30528,.jpg
original_images/female/caucasian/theo-rql-a4pyoiTdSqI-unsplash.jpg,30528,.jpg
original_images/female/caucasian/thinking-1887363_1920.jpg,28286,.jpg
original_images/female/caucasian/thoughtful-583373_1920.jpg,19808,.jpg
original_images/female/caucasian/timothy-dykes-90uVYog2FKE-unsplash.jpg,38956,.jpg
original_images/female/caucasian/timothy-dykes-kPEF5QvdqCI-unsplash.jpg,21193,.jpg
original_images/female/caucasian/timur-romanov-u-fY6-iUJPg-unsplash.jpg,24263,.jpg
original_images/female/caucasian/toa-heftiba-U7NLqKoMmiQ-unsplash.jpg,24313,.jpg
original_images/female/caucasian/todd-kent-k8NwmlJr508-unsplash.jpg,21498,.jpg
original_images/female/caucasian/valdemars-magone-8ACtYtJ5G-E-unsplash(1).jpg,35819,.jpg
original_images/female/caucasian/valentin-lacoste-ggAPxrb4Deg-unsplash.jpg,27296,.jpg
original_images/female/caucasian/valerie-elash-9IL_stSpvOU-unsplash.jpg,21719,.jpg
original_images/female/caucasian/valerie-elash-JQDflNNnrEE-unsplash.jpg,19684,.jpg
original_images/female/caucasian/valerie-elash-Z5g_6TLS6Ho-unsplash.jpg,22056,.jpg
original_images/female/caucasian/victoria-volkova-5tQj1sy6ozE-unsplash.jpg,16679,.jpg
original_images/female/caucasian/vince-fleming-ktx5O_H4DKc-unsplash.jpg,26202,.jpg
original_images/female/caucasian/vintage-635274_1920.jpg,28797,.jpg
original_images/female/caucasian/vlad-baranov-PoZcPg18Qm0-unsplash.jpg,34892,.jpg
original_images/female/caucasian/vladislav-nikonov-XyoRtTE5P9U-unsplash.jpg,24993,.jpg
original_images/female/caucasian/volleyball-player-1624970_1920.jpg,31381,.jpg
original_images/female/caucasian/white-cat-with-blonde-4655233_1920.jpg,16031,.jpg
original_images/female/caucasian/winter-1520232_1920.jpg,18485,.jpg
original_images/female/caucasian/woman-1000538_1920.jpg,23567,.jpg
original_images/female/caucasian/woman-1054683_1280.jpg,23234,.jpg
original_images/female/caucasian/woman-1140032_1920.jpg,23176,.jpg
original_images/female/caucasian/woman-1140923_1920.jpg,23797,.jpg
original_images/female/caucasian/woman-1246224_1920.jpg,17327,.jpg
original_images/female/caucasian/woman-1373041_1280.jpg,20420,.jpg
original_images/female/caucasian/woman-1393311_1920.jpg,27170,.jpg
original_images/female/caucasian/woman-1447084_1920.jpg,15845,.jpg
original_images/female/caucasian/woman-1598944_1920.jpg,20045,.jpg
original_images/female/caucasian/woman-1615242_1920.jpg,20808,.jpg
original_images/female/caucasian/woman-2112292_1920.jpg,21603,.jpg
original_images/female/caucasian/woman-2127806_1920.jpg,32371,.jpg
original_images/female/caucasian/woman-2138461_1920.jpg,21861,.jpg
original_images/female/caucasian/woman-2293390_1920.jpg,21320,.jpg
original_images/female/caucasian/woman-2635404_1920.jpg,18988,.jpg
original_images/female/caucasian/woman-3034836_1920.jpg,23872,.jpg
original_images/female/caucasian/woman-3055841_1920.jpg,20847,.jpg
original_images/female/caucasian/woman-3073289_1920.jpg,16013,.jpg
original_images/female/caucasian/woman-3096734_1920.jpg,34369,.jpg
original_images/female/caucasian/woman-3123557_1920.jpg,25314,.jpg
original_images/female/caucasian/woman-3136667_1920.jpg,21438,.jpg
original_images/female/caucasian/woman-3187336_1920.jpg,29868,.jpg
original_images/female/caucasian/woman-3240094_1920.jpg,29910,.jpg
original_images/female/caucasian/woman-3658390_1920.jpg,20145,.jpg
original_images/female/caucasian/woman-3668495_1920.jpg,14212,.jpg
original_images/female/caucasian/woman-3714620_1920.jpg,19833,.jpg
original_images/female/caucasian/woman-3718859_1920.jpg,20682,.jpg
original_images/female/caucasian/woman-3990680_1920.jpg,26788,.jpg
original_images/female/caucasian/woman-4130601_1920.jpg,24895,.jpg
original_images/female/caucasian/woman-4134319_1920.jpg,17881,.jpg
original_images/female/caucasian/woman-435852_1920.jpg,21095,.jpg
original_images/female/caucasian/woman-467708_1920.jpg,17496,.jpg
original_images/female/caucasian/woman-4791398_1920.jpg,16566,.jpg
original_images/female/caucasian/woman-526329_1920.jpg,23763,.jpg
original_images/female/caucasian/woman-5381567_1920.jpg,22950,.jpg
original_images/female/caucasian/woman-5480503_1920.jpg,26818,.jpg
original_images/female/caucasian/woman-5919218_1920.jpg,28006,.jpg
original_images/female/caucasian/woman-659352_1920.jpg,25451,.jpg
original_images/female/caucasian/woman-69712_1280.jpg,19799,.jpg
original_images/female/caucasian/woman-751236_1920.jpg,21382,.jpg
original_images/female/caucasian/woman-828953_1920.jpg,21520,.jpg
original_images/female/caucasian/woman-885845_1920.jpg,15554,.jpg
original_images/female/caucasian/woman-918583_1920.jpg,14718,.jpg
original_images/female/caucasian/woman-918776_1920.jpg,23101,.jpg
original_images/female/caucasian/women-1209678_1920.jpg,19474,.jpg
original_images/female/caucasian/women-4184796_1920.jpg,18846,.jpg
original_images/female/caucasian/women-4851678_1920.jpg,16990,.jpg
original_images/female/caucasian/yorkie-1393913_1920.jpg,27490,.jpg
original_images/female/caucasian/young-1544115_1920.jpg,14507,.jpg
original_images/female/caucasian/young-572341_1920.jpg,19012,.jpg
original_images/female/caucasian/young-610543_1920.jpg,26738,.jpg
original_images/female/caucasian/young-girl-2143037_1280.jpg,25893,.jpg
original_images/female/caucasian/young-girl-2763395_1920.jpg,49485,.jpg
original_images/female/caucasian/young-girl-510441_1920.jpg,37630,.jpg
original_images/female/caucasian/young-woman-3477557_1920.jpg,22604,.jpg
original_images/female/caucasian/yours-UecWQkR6M4s-unsplash.jpg,19402,.jpg
original_images/female/hispanic/2.jpg,53376,.jpg
original_images/female/hispanic/22.jpg,76717,.jpg
original_images/female/hispanic/25.jpg,54651,.jpg
original_images/female/hispanic/26.jpg,31590,.jpg
original_images/female/hispanic/4.jpg,74022,.jpg
original_images/female/hispanic/58.jpg,33231,.jpg
original_images/female/hispanic/9.jpg,68058,.jpg
original_images/female/hispanic/adult-1867720_1920.jpg,31310,.jpg
original_images/female/hispanic/alex-avalos-M1dTxJm6Lbo-unsplash.jpg,16393,.jpg
original_images/female/hispanic/alex-blajan-iRsktlI-hls-unsplash.jpg,18107,.jpg
original_images/female/hispanic/ali-pazani-s9PJ3mD5KvY-unsplash.jpg,38611,.jpg
original_images/female/hispanic/allef-vinicius-C_1jjFJioWg-unsplash.jpg,18413,.jpg
original_images/female/hispanic/allef-vinicius-PA0vICn6DwE-unsplash.jpg,25952,.jpg
original_images/female/hispanic/allef-vinicius-Q9L-n57IqLw-unsplash.jpg,18151,.jpg
original_images/female/hispanic/amir-taheri-tJDKalQxTxo-unsplash.jpg,23449,.jpg
original_images/female/hispanic/anastasiya-pavlova-v6XumrQC1NA-unsplash.jpg,16514,.jpg
original_images/female/hispanic/andres-hernandez-KRwFmEBlgJo-unsplash.jpg,21477,.jpg
original_images/female/hispanic/arid-1868523_1920.jpg,19179,.jpg
original_images/female/hispanic/ayo-ogunseinde-THIs-cpyebg-unsplash.jpg,28285,.jpg
original_images/female/hispanic/beautiful-1274056_1920.jpg,30896,.jpg
original_images/female/hispanic/beautiful-1274361_1920.jpg,30656,.jpg
original_images/female/hispanic/beautiful-1845148_1920.jpg,24617,.jpg
original_images/female/hispanic/beautiful-1869534_1920.jpg,31587,.jpg
original_images/female/hispanic/beautiful-1887355_1920.jpg,20799,.jpg
original_images/female/hispanic/beautiful-19075_1920.jpg,24431,.jpg
original_images/female/hispanic/ben-o-bro-ly748H13ts0-unsplash.jpg,19345,.jpg
original_images/female/hispanic/blake-carpenter-qWiJBa6soE0-unsplash.jpg,22808,.jpg
original_images/female/hispanic/bruno-dias-D22Tgx6TP5M-unsplash.jpg,33619,.jpg
original_images/female/hispanic/christian-ferrer-aK5Dt6L6_hQ-unsplash.jpg,50584,.jpg
original_images/female/hispanic/christina-wocintechchat-com-SJvDxw0azqw-unsplash.jpg,27178,.jpg
original_images/female/hispanic/confused-2681507_1920.jpg,20710,.jpg
original_images/female/hispanic/conner-ching-b9833srFlac-unsplash.jpg,32357,.jpg
original_images/female/hispanic/couple-5227606_1920.jpg,35872,.jpg
original_images/female/hispanic/david-suarez-d81WD5Q87E0-unsplash.jpg,35153,.jpg
original_images/female/hispanic/dollar-gill-qBhFwtGQGag-unsplash.jpg,29026,.jpg
original_images/female/hispanic/dorothy-puscas-kMgtp2f7yKs-unsplash.jpg,20854,.jpg
original_images/female/hispanic/egyptian-girl-4194413_1920.jpg,26853,.jpg
original_images/female/hispanic/engin-akyurt-N7YaZf7szz0-unsplash.jpg,27719,.jpg
original_images/female/hispanic/ernest-brillo-U2TP4-H8ly4-unsplash.jpg,18417,.jpg
original_images/female/hispanic/farhad-eidi-yfefPhTFWU8-unsplash.jpg,26598,.jpg
original_images/female/hispanic/fashion-1107721_1920.jpg,24481,.jpg
original_images/female/hispanic/febri-sym-HKuhUKNWFtY-unsplash.jpg,18348,.jpg
original_images/female/hispanic/francesca-zama-1fhl_kmbfAE-unsplash.jpg,25482,.jpg
original_images/female/hispanic/gama-films-h_9KkS8c9Sw-unsplash.jpg,16842,.jpg
original_images/female/hispanic/giano-currie-5-9YOsmf8IQ-unsplash.jpg,20477,.jpg
original_images/female/hispanic/girl-1258630_1920.jpg,46770,.jpg
original_images/female/hispanic/girl-2410042_1920.jpg,23450,.jpg
original_images/female/hispanic/girl-2922427_1920.jpg,19317,.jpg
original_images/female/hispanic/girl-3839501_1920.jpg,26827,.jpg
original_images/female/hispanic/girl-390568_1920.jpg,16634,.jpg
original_images/female/hispanic/girl-4610430_1920.jpg,17728,.jpg
original_images/female/hispanic/girl-4818720_1920.jpg,25366,.jpg
original_images/female/hispanic/girl-608827_1920.jpg,21203,.jpg
original_images/female/hispanic/girl-676185_1920.jpg,24426,.jpg
original_images/female/hispanic/girl-883006_1920.jpg,36464,.jpg
original_images/female/hispanic/hian-oliveira-n_L_ppO4QtY-unsplash.jpg,16317,.jpg
original_images/female/hispanic/huseyin-topcu-pE5dKSGH6G8-unsplash(1).jpg,38361,.jpg
original_images/female/hispanic/hussein-sorkheveis-ACIknRqDnBQ-unsplash.jpg,19713,.jpg
original_images/female/hispanic/irene-strong-MgvAATOwJBc-unsplash.jpg,30025,.jpg
original_images/female/hispanic/islander-images-kwHBTNUQIqs-unsplash.jpg,24098,.jpg
original_images/female/hispanic/jacob-mejicanos-gcYA1p1_b28-unsplash.jpg,24942,.jpg
original_images/female/hispanic/joanna-nix-walkup-u7_TR3LGqhU-unsplash.jpg,41476,.jpg
original_images/female/hispanic/joao-paulo-de-souza-oliveira-ZHKKg9lnCSk-unsplash.jpg,30092,.jpg
original_images/female/hispanic/joe-milne-MuDYCc7EE_o-unsplash.jpg,25857,.jpg
original_images/female/hispanic/joelvalve-7JEZ6laI4qM-unsplash.jpg,30530,.jpg
original_images/female/hispanic/jonathan-borba-UdhvRvpaBP0-unsplash.jpg,21026,.jpg
original_images/female/hispanic/jose-g-ortega-castro-qs_TbXSztSg-unsplash.jpg,23448,.jpg
original_images/female/hispanic/joseph-perez-pSa5RttmLHs-unsplash.jpg,23481,.jpg
original_images/female/hispanic/juan-encalada-vIM0htb0gJs-unsplash.jpg,33818,.jpg
original_images/female/hispanic/julian-florez-l5rmMuK8070-unsplash.jpg,30158,.jpg
original_images/female/hispanic/keenan-constance-XSCvo0loB-Q-unsplash.jpg,27713,.jpg
original_images/female/hispanic/khaled-ghareeb-bcQh4nVETaY-unsplash.jpg,31096,.jpg
original_images/female/hispanic/kim-carpenter-IHIgnhLvz5Q-unsplash.jpg,23390,.jpg
original_images/female/hispanic/kunj-parekh-VfC7Pm5BxuI-unsplash.jpg,33406,.jpg
original_images/female/hispanic/luiza-braun-_R3H5FaoBq4-unsplash.jpg,26450,.jpg
original_images/female/hispanic/madison-hedgecock-tacwAxr3PvU-unsplash.jpg,31895,.jpg
original_images/female/hispanic/marisol-casben-PbwKSCq9aVo-unsplash.jpg,27389,.jpg
original_images/female/hispanic/mark-decile-UU1d9HCtgaE-unsplash.jpg,32832,.jpg
original_images/female/hispanic/mark-decile-hAw-uxfLXD4-unsplash.jpg,38407,.jpg
original_images/female/hispanic/martin-lopez-mQVryuQEG_Y-unsplash.jpg,33366,.jpg
original_images/female/hispanic/mateus-campos-felipe-AMSLWjFhivg-unsplash.jpg,25320,.jpg
original_images/female/hispanic/mateus-campos-felipe-Fsgzm8N0hIY-unsplash.jpg,18508,.jpg
original_images/female/hispanic/mateus-campos-felipe-JoM_lC1WAnE-unsplash.jpg,23534,.jpg
original_images/female/hispanic/mateus-campos-felipe-ZxdJFgSGQBA-unsplash.jpg,33768,.jpg
original_images/female/hispanic/mateus-campos-felipe-csdVYOLOqls-unsplash.jpg,29930,.jpg
original_images/female/hispanic/mateus-campos-felipe-dQvUjiVaXCg-unsplash.jpg,28609,.jpg
original_images/female/hispanic/mateus-campos-felipe-zd8px974bC8-unsplash.jpg,36246,.jpg
original_images/female/hispanic/matteo-minoglio-jjveuyKSv0g-unsplash.jpg,21967,.jpg
original_images/female/hispanic/matteo-minoglio-ywl3J10ZmBI-unsplash.jpg,16256,.jpg
original_images/female/hispanic/matthew-reyes-Zh9KXMPIcVk-unsplash.jpg,31592,.jpg
original_images/female/hispanic/mohammed-hassan-MOR6bWWuy-A-unsplash.jpg,20998,.jpg
original_images/female/hispanic/obi-onyeador-02QKRJiv-JI-unsplash.jpg,28997,.jpg
original_images/female/hispanic/obi-onyeador-7ckRPDhlgOk-unsplash.jpg,11976,.jpg
original_images/female/hispanic/omar-lopez-0-uzdU3gUYw-unsplash.jpg,28732,.jpg
original_images/female/hispanic/omar-lopez-8dYeSX5x4HY-unsplash.jpg,42183,.jpg
original_images/female/hispanic/omar-lopez-auEe5lKHZCw-unsplash.jpg,28013,.jpg
original_images/female/hispanic/omar-lopez-nomivMNW07o-unsplash.jpg,30984,.jpg
original_images/female/hispanic/omid-armin-xOjzehJ49Hk-unsplash.jpg,26007,.jpg
original_images/female/hispanic/patrick-gillespie-8j0CTWsImzo-unsplash.jpg,33958,.jpg
original_images/female/hispanic/pexels-alex-green-5699868.jpg,24534,.jpg
original_images/female/hispanic/pexels-bran-sodre-2446105.jpg,24284,.jpg
original_images/female/hispanic/pexels-dalila-dalprat-1853049.jpg,30862,.jpg
original_images/female/hispanic/pexels-daniel-xavier-1239288.jpg,31503,.jpg
original_images/female/hispanic/pexels-du-photographer-1843667.jpg,19263,.jpg
original_images/female/hispanic/pexels-ingrid-santana-2100063.jpg,25307,.jpg
original_images/female/hispanic/pexels-ingrid-santana-2253707.jpg,30207,.jpg
original_images/female/hispanic/pexels-lehandross-2383118.jpg,43921,.jpg
original_images/female/hispanic/pexels-lola-russian-1855582.jpg,44721,.jpg
original_images/female/hispanic/pexels-nicole-michalou-5778909.jpg,32163,.jpg
original_images/female/hispanic/pexels-talal-hakim-4593319.jpg,31590,.jpg
original_images/female/hispanic/pexels-tha¿¬s-silva-3135649.jpg,40255,.jpg
original_images/female/hispanic/pexels-thiago-machado-1853035.jpg,41089,.jpg
original_images/female/hispanic/portrait-4137472_1920.jpg,15716,.jpg
original_images/female/hispanic/portrait-4717916_1920.jpg,25619,.jpg
original_images/female/hispanic/pretty-2682798_1920.jpg,20389,.jpg
original_images/female/hispanic/priscilla-whendy-GLH_XaAvVQM-unsplash.jpg,39471,.jpg
original_images/female/hispanic/raamin-ka-4lQmQ_DBbNc-unsplash.jpg,18644,.jpg
original_images/female/hispanic/raamin-ka-8J56bYMT3-Q-unsplash.jpg,25552,.jpg
original_images/female/hispanic/raamin-ka-kYtN89E5ce4-unsplash.jpg,31363,.jpg
original_images/female/hispanic/raamin-ka-m8_JWQYF6GE-unsplash.jpg,16507,.jpg
original_images/female/hispanic/raamin-ka-ucfVRXL2PrY-unsplash.jpg,19301,.jpg
original_images/female/hispanic/raamin-ka-v8dc2XkhIfM-unsplash.jpg,15163,.jpg
original_images/female/hispanic/raamin-ka-wUKtCWijJTQ-unsplash.jpg,20987,.jpg
original_images/female/hispanic/raamin-ka-zfWcUc48WXk-unsplash.jpg,31566,.jpg
original_images/female/hispanic/rafaella-mendes-diniz-AoL-mVxprmk-unsplash.jpg,18650,.jpg
original_images/female/hispanic/red-4886345_1920.jpg,13997,.jpg
original_images/female/hispanic/reza-gholami-bgf_I27qcmM-unsplash.jpg,26780,.jpg
original_images/female/hispanic/sabrina-may-iuJClDf7S-M-unsplash.jpg,43822,.jpg
original_images/female/hispanic/samantha-green-0D1Fm1Fkblo-unsplash.jpg,25247,.jpg
original_images/female/hispanic/sergio-souza-P-PKKQvASEE-unsplash.jpg,28900,.jpg
original_images/female/hispanic/shahin-khalaji-NdGrKgLVbIA-unsplash.jpg,31335,.jpg
original_images/female/hispanic/shawn-olivier-boivin-blanchard-FBIGTYhErFw-unsplash.jpg,18594,.jpg
original_images/female/hispanic/siavosh-hosseini-XIDBMAAHGpQ-unsplash.jpg,23299,.jpg
original_images/female/hispanic/simon-marsault-2901RQjU0ZQ-unsplash.jpg,17524,.jpg
original_images/female/hispanic/steven-aguilar-9kmy3mYHo6Y-unsplash.jpg,35867,.jpg
original_images/female/hispanic/summer-carnival-4408804_1920.jpg,32567,.jpg
original_images/female/hispanic/tabitha-turner-NlN-dY9Fk3A-unsplash.jpg,19120,.jpg
original_images/female/hispanic/tyler-nix-CsR_n6i__L0-unsplash.jpg,53132,.jpg
original_images/female/hispanic/vinicius-amnx-amano-4mK2KVuYrDs-unsplash.jpg,29527,.jpg
original_images/female/hispanic/vinicius-wiesehofer-UOavP_Z38lE-unsplash.jpg,24958,.jpg
original_images/female/hispanic/willspirit-sbln--hNSeRvzgP8-unsplash.jpg,34855,.jpg
original_images/female/hispanic/woman-2773007_1920.jpg,30451,.jpg
original_images/female/hispanic/woman-3191152_1920.jpg,16375,.jpg
original_images/female/hispanic/woman-4552028_1920.jpg,14630,.jpg
original_images/female/hispanic/woman-5225288_1920.jpg,29142,.jpg
original_images/female/hispanic/woman-5870296_1920.jpg,41593,.jpg
original_images/female/hispanic/woman-984247_1920.jpg,41715,.jpg
original_images/female/hispanic/women-4043627_1920.jpg,18769,.jpg
original_images/female/hispanic/zulmaury-saavedra--Keh6vLM7w0-unsplash.jpg,16484,.jpg
original_images/female/indian/32.jpg,21831,.jpg
original_images/female/indian/33.jpg,46811,.jpg
original_images/female/indian/35.jpg,27438,.jpg
original_images/female/indian/37.jpg,31175,.jpg
original_images/female/indian/38.jpg,33551,.jpg
original_images/female/indian/54.jpg,64262,.jpg
original_images/female/indian/59.jpg,1191645,.jpg
original_images/female/indian/60.jpg,60511,.jpg
original_images/female/indian/aayush-gop-rawat-VPwSJhu5uhs-unsplash.jpg,30674,.jpg
original_images/female/indian/actress-1736962_1920.jpg,14530,.jpg
original_images/female/indian/aditi-rao-hydari-1748439_1920.jpg,30327,.jpg
original_images/female/indian/agnieszka-kowalczyk-W0d-rh52NgE-unsplash.jpg,38859,.jpg
original_images/female/indian/anelale-najera--p_HZ1et98U-unsplash.jpg,21827,.jpg
original_images/female/indian/anh-nguyen-z6PZ7ZH9MMQ-unsplash.jpg,18157,.jpg
original_images/female/indian/anshika-panchal-CX7WFaWeFhw-unsplash.jpg,31633,.jpg
original_images/female/indian/anusha-reddy--zP_lFB6vCk-unsplash.jpg,15843,.jpg
original_images/female/indian/arindam-deb-1cdWV-VMjSk-unsplash.jpg,26493,.jpg
original_images/female/indian/arvin-keynes-IPETsB4dcCs-unsplash.jpg,25895,.jpg
original_images/female/indian/asit-khanda-Oq_cWa7a67Y-unsplash.jpg,18995,.jpg
original_images/female/indian/awab-husameldin-YOytR4BXEqM-unsplash.jpg,24719,.jpg
original_images/female/indian/beautiful-2271357_1920.jpg,16609,.jpg
original_images/female/indian/beautiful-indian-woman-4773817_1920.jpg,14274,.jpg
original_images/female/indian/beauty-4175607_1920.jpg,25790,.jpg
original_images/female/indian/bride-5170727_1920.jpg,37223,.jpg
original_images/female/indian/bride-5170730_1920.jpg,55153,.jpg
original_images/female/indian/bulbul-ahmed-s4Uv58E4PXc-unsplash.jpg,25734,.jpg
original_images/female/indian/caroline-hernandez-vGacDiUiD7I-unsplash.jpg,21755,.jpg
original_images/female/indian/charles-postiaux-J9vlgGgytC0-unsplash.jpg,42459,.jpg
original_images/female/indian/child-3199624_1920.jpg,29122,.jpg
original_images/female/indian/christina-wocintechchat-com-1Kf3jFemsPk-unsplash.jpg,19680,.jpg
original_images/female/indian/christina-wocintechchat-com-z5SOVx-y3F4-unsplash.jpg,15159,.jpg
original_images/female/indian/clinton-naik-k-YuHdAtTP0-unsplash.jpg,14918,.jpg
original_images/female/indian/couple-4686423_1920.jpg,16401,.jpg
original_images/female/indian/d14.jpg,2314148,.jpg
original_images/female/indian/deepika-padukone-2779557_1920.jpg,34274,.jpg
original_images/female/indian/dollar-gill-Ciujwy5epq4-unsplash.jpg,34397,.jpg
original_images/female/indian/dollar-gill-wcd5bS3x9mE-unsplash.jpg,23668,.jpg
original_images/female/indian/dollar-gill-zWZvu5ZXbrM-unsplash.jpg,29072,.jpg
original_images/female/indian/erick-marroquin-xlNSZ9aImbw-unsplash.jpg,18555,.jpg
original_images/female/indian/ethan-johnson-n815BbX98ds-unsplash.jpg,21679,.jpg
original_images/female/indian/eyes-5938203_1920.jpg,32117,.jpg
original_images/female/indian/f14.jpg,2314148,.jpg
original_images/female/indian/face-5677905_1920.jpg,27980,.jpg
original_images/female/indian/female-1544783_1920.jpg,21921,.jpg
original_images/female/indian/gift-habeshaw-XvqeCMXHwzQ-unsplash.jpg,40647,.jpg
original_images/female/indian/girl-4656172_1920.jpg,12236,.jpg
original_images/female/indian/girl-517524_1920.jpg,36982,.jpg
original_images/female/indian/girl-526716_1920.jpg,18124,.jpg
original_images/female/indian/girl-5471992_1920.jpg,34938,.jpg
original_images/female/indian/girl-5898963_1920.jpg,33543,.jpg
original_images/female/indian/gleb-lukomets-R9tTeq4rV5U-unsplash.jpg,27808,.jpg
original_images/female/indian/happy-4895044_1920.jpg,19414,.jpg
original_images/female/indian/huu-chung-dang-lP02hkcp7H0-unsplash.jpg,42752,.jpg
original_images/female/indian/india-4869731_1920.jpg,22436,.jpg
original_images/female/indian/indian-4190972_1920.jpg,47763,.jpg
original_images/female/indian/indian-4755313_1920.jpg,18481,.jpg
original_images/female/indian/indian-4755323_1920.jpg,18953,.jpg
original_images/female/indian/indian-5033667_1920.jpg,21884,.jpg
original_images/female/indian/indian-5033680_1920.jpg,18827,.jpg
original_images/female/indian/indian-5033682_1920.jpg,21144,.jpg
original_images/female/indian/indian-5449593_1920.jpg,20094,.jpg
original_images/female/indian/indian-girl-4985302_1920.jpg,21237,.jpg
original_images/female/indian/indian-woman-5092871_1920.jpg,26294,.jpg
original_images/female/indian/indian-woman-5450102_1920.jpg,21013,.jpg
original_images/female/indian/jennifer-marquez-9oLwI18NFfY-unsplash.jpg,30404,.jpg
original_images/female/indian/jewellery-4255833_1920.jpg,19438,.jpg
original_images/female/indian/joshua-purnell-jiBvOb7A860-unsplash.jpg,32114,.jpg
original_images/female/indian/juanma-velasquez-la7uU1hQ_nM-unsplash.jpg,20036,.jpg
original_images/female/indian/julian-florez-LWaFYrn4SfY-unsplash.jpg,15826,.jpg
original_images/female/indian/juniar-baresi-1g-BQ3wkgWI-unsplash.jpg,30062,.jpg
original_images/female/indian/jyotirmoy-gupta-AXBsyZVjPLQ-unsplash.jpg,24473,.jpg
original_images/female/indian/jyotirmoy-gupta-fbUvVn1_ViQ-unsplash.jpg,29953,.jpg
original_images/female/indian/kunal-goswami-YHSohAq-PuI-unsplash.jpg,26878,.jpg
original_images/female/indian/latina-4573900_1920.jpg,14009,.jpg
original_images/female/indian/loren-joseph-11eY-tkB9VU-unsplash.jpg,23792,.jpg
original_images/female/indian/loren-joseph-jhu22nvxxCw-unsplash.jpg,42798,.jpg
original_images/female/indian/make-up-artist-3987573_1920.jpg,21363,.jpg
original_images/female/indian/model-3008722_1920.jpg,38429,.jpg
original_images/female/indian/model-4255841_1920.jpg,18194,.jpg
original_images/female/indian/model-4668350_1920.jpg,19541,.jpg
original_images/female/indian/model-5576784_1920.jpg,32946,.jpg
original_images/female/indian/model-5576796_1920.jpg,25857,.jpg
original_images/female/indian/natasha-kasim-BqD0Id4qemc-unsplash.jpg,29792,.jpg
original_images/female/indian/nature-3110567_1920.jpg,19163,.jpg
original_images/female/indian/pexels-arif-khan-4595532.jpg,36415,.jpg
original_images/female/indian/pexels-arvind-shakya-796557.jpg,23932,.jpg
original_images/female/indian/pexels-azraq-al-rezoan-5151189.jpg,26572,.jpg
original_images/female/indian/pexels-azraq-al-rezoan-5641188.jpg,20462,.jpg
original_images/female/indian/pexels-bran-sodre-1856538.jpg,22095,.jpg
original_images/female/indian/pexels-darshan-peeal-2784078.jpg,26347,.jpg
original_images/female/indian/pexels-devil-imran-6414067.jpg,23277,.jpg
original_images/female/indian/pexels-himesh-mehta-3059930.jpg,35720,.jpg
original_images/female/indian/pexels-jc-romero-3236737.jpg,20926,.jpg
original_images/female/indian/pexels-kaushal-moradiya-2781201.jpg,26119,.jpg
original_images/female/indian/pexels-ketut-subiyanto-4307688.jpg,31175,.jpg
original_images/female/indian/pexels-ketut-subiyanto-4584579.jpg,29533,.jpg
original_images/female/indian/pexels-kevin-kabore-4966995.jpg,31042,.jpg
original_images/female/indian/pexels-mabel-lee-2739792.jpg,36560,.jpg
original_images/female/indian/pexels-manjeet-singh-yadav-1162983.jpg,30372,.jpg
original_images/female/indian/pexels-mentatdgt-1167134.jpg,28704,.jpg
original_images/female/indian/pexels-mentatdgt-1306557.jpg,34041,.jpg
original_images/female/indian/pexels-mentatdgt-2558680.jpg,26711,.jpg
original_images/female/indian/pexels-miguel-arcanjo-saddi-1213768.jpg,36571,.jpg
original_images/female/indian/pexels-nandhu-kumar-2703082.jpg,38885,.jpg
original_images/female/indian/pexels-rafi-ahmed-haven-1253364.jpg,27438,.jpg
original_images/female/indian/pexels-rahul-pandit-3894370.jpg,31632,.jpg
original_images/female/indian/pexels-rahul-pandit-5382522.jpg,24795,.jpg
original_images/female/indian/pexels-shubham-sharma-2912695.jpg,36500,.jpg
original_images/female/indian/pexels-skg-photography-2270078.jpg,36216,.jpg
original_images/female/indian/pexels-tima-miroshnichenko-5988665.jpg,25148,.jpg
original_images/female/indian/pexels-trung-nguyen-2435583.jpg,28685,.jpg
original_images/female/indian/portrait-4428523_1920.jpg,23464,.jpg
original_images/female/indian/portrait-4773342_1920.jpg,26772,.jpg
original_images/female/indian/portrait-5604743_1920.jpg,24104,.jpg
original_images/female/indian/pradeep-ranjan-qMrXRcDP5Vw-unsplash.jpg,24070,.jpg
original_images/female/indian/prom-1476761_1920.jpg,16989,.jpg
original_images/female/indian/sarah-cervantes-79GLX12EY98-unsplash.jpg,17690,.jpg
original_images/female/indian/sayan-ghosh-sVDp3cxrDR4-unsplash.jpg,17070,.jpg
original_images/female/indian/sergio-souza-jzXgkWDL2YM-unsplash.jpg,49702,.jpg
original_images/female/indian/shifaaz-shamoon-MqLy-G-dBi8-unsp.jpg,29967,.jpg
original_images/female/indian/shotlist-7sPYFUKOK_8-unsplash.jpg,17473,.jpg
original_images/female/indian/shy-girl-5942197_1920.jpg,39982,.jpg
original_images/female/indian/soham-banerjee-22DWv_qBMZo-unsplash.jpg,11849,.jpg
original_images/female/indian/swarnavo-chakrabarti-1s-7JQTdXY4-unsplash.jpg,29122,.jpg
original_images/female/indian/sylvester-dsouza-LAprsXXH-Nc-unsplash.jpg,28661,.jpg
original_images/female/indian/teenager-1612462_1920.jpg,31259,.jpg
original_images/female/indian/teenager-475189_1920.jpg,25587,.jpg
original_images/female/indian/thanks-1209247_1920.jpg,24653,.jpg
original_images/female/indian/ursula-spaulding-_B_UiKIAo20-unsplash.jpg,36613,.jpg
original_images/female/indian/vaibhav-nagare-oM20muBHP_4-unsplash.jpg,27978,.jpg
original_images/female/indian/weeding-4207311_1920.jpg,21174,.jpg
original_images/female/indian/woman-3105856_1920.jpg,21831,.jpg
original_images/female/indian/woman-3146093_1920.jpg,24022,.jpg
original_images/female/indian/woman-4456917_1920.jpg,25571,.jpg
original_images/female/indian/woman-4686064_1920.jpg,22339,.jpg
original_images/female/indian/woman-4686065_1920.jpg,29679,.jpg
original_images/female/indian/woman-5267153_1920.jpg,31521,.jpg
original_images/female/indian/woman-5576751_1920.jpg,33551,.jpg
original_images/female/indian/woman-5604742_1920.jpg,18711,.jpg
original_images/female/indian/woman-5910803_1920.jpg,37329,.jpg
original_images/female/indian/woman-5922147_1920.jpg,35484,.jpg
original_images/female/indian/woman-5922149_1920.jpg,40973,.jpg
original_images/female/indian/woman-761642_1920.jpg,25428,.jpg
original_images/female/indian/woman-smiling-1057659_1920.jpg,35197,.jpg
original_images/female/indian/women-4419736_1920.jpg,31737,.jpg
original_images/female/indian/yogendra-singh-2W1bkp_Mie4-unsplash.jpg,10625,.jpg
original_images/female/indian/yogendra-singh-Sx00bDu24_k-unsplash.jpg,16738,.jpg
original_images/female/indian/young-1822685_1920.jpg,18610,.jpg
original_images/female/indian/youth-3983781_1920.jpg,21210,.jpg
original_images/female/indian/zahra-amiri-QuL60_NbW_0-unsplash.jpg,26746,.jpg
original_images/female/indian/zhang-kaiyv-voWjZ-NIrqo-unsplash.jpg,37053,.jpg
original_images/female/mideastern/17.jpg,65363,.jpg
original_images/female/mideastern/24.jpg,97411,.jpg
original_images/female/mideastern/29.jpg,23625,.jpg
original_images/female/mideastern/3.jpg,54012,.jpg
original_images/female/mideastern/41.jpg,56616,.jpg
original_images/female/mideastern/50.jpg,1071186,.jpg
original_images/female/mideastern/53.jpg,66603,.jpg
original_images/female/mideastern/56.jpg,21184,.jpg
original_images/female/mideastern/abi-lewis-5f8i3ckEswk-unsplash.jpg,17312,.jpg
original_images/female/mideastern/alan-santana-0HEgM6UpGPY-unsplash.jpg,26501,.jpg
original_images/female/mideastern/alex-michaelsen-twXWoTWOUeQ-unsplash.jpg,18784,.jpg
original_images/female/mideastern/alexandru-zdrobau-BGz8vO3pK8k-unsplash.jpg,17699,.jpg
original_images/female/mideastern/ali-pazani-4GSOe3Dl314-unsplash.jpg,15661,.jpg
original_images/female/mideastern/alireza-esmaeeli-JfR_6qzips8-unsplash.jpg,15037,.jpg
original_images/female/mideastern/allef-vinicius-BqNEe_ZAtxg-unsplash.jpg,16044,.jpg
original_images/female/mideastern/allef-vinicius-yOp7FXdn3cM-unsplash.jpg,16250,.jpg
original_images/female/mideastern/ana-itonishvili-12KpxzD4iis-unsplash.jpg,24735,.jpg
original_images/female/mideastern/ana-itonishvili-obVDLsGF-QI-unsplash.jpg,33423,.jpg
original_images/female/mideastern/ana-itonishvili-qToBjrHjuYo-unsplash.jpg,34465,.jpg
original_images/female/mideastern/ana-itonishvili-tsqu8UcbL3w-unsplash.jpg,15986,.jpg
original_images/female/mideastern/anastasia-leonova-J52-_tGlXfU-unsplash.jpg,24344,.jpg
original_images/female/mideastern/aranprime-hwzLBk3079Q-unsplash.jpg,18256,.jpg
original_images/female/mideastern/ashkan-forouzani-SNYaOnl22u8-unsplash.jpg,32407,.jpg
original_images/female/mideastern/bardia-hashemirad-3P7jxpEgkC4-unsplash.jpg,22685,.jpg
original_images/female/mideastern/barry-fitzsimmons-FdPjKwHWqPo-unsplash.jpg,31161,.jpg
original_images/female/mideastern/cafe-4730085_1920.jpg,23165,.jpg
original_images/female/mideastern/carlos-lindner-cMGFhR6YCZM-unsplash.jpg,32305,.jpg
original_images/female/mideastern/cristian-newman-f49XhYbpiA0-unsplash.jpg,21457,.jpg
original_images/female/mideastern/d10.jpg,3583675,.jpg
original_images/female/mideastern/d2.jpg,58103,.jpg
original_images/female/mideastern/daniel-tong-Vaznn9k5GqQ-unsplash.jpg,28501,.jpg
original_images/female/mideastern/daniil-lobachev-XAo09LtQiAQ-unsplash.jpg,18987,.jpg
original_images/female/mideastern/davidcohen-U6VDR7S3afY-unsplash.jpg,21434,.jpg
original_images/female/mideastern/derek-perez-I-MGoMKFWpE-unsplash.jpg,12164,.jpg
original_images/female/mideastern/dev-asangbam-AJOka3Plw6g-unsplash.jpg,19994,.jpg
original_images/female/mideastern/dimitri-bong-2M45kvvIC-4-unsplash.jpg,19363,.jpg
original_images/female/mideastern/face-2432004_1920.jpg,26012,.jpg
original_images/female/mideastern/ghaly-wedinly-K07jvi25Qxg-unsplash.jpg,31115,.jpg
original_images/female/mideastern/girl-1360874_1920.jpg,24882,.jpg
original_images/female/mideastern/girl-1364014_1920.jpg,25358,.jpg
original_images/female/mideastern/girl-1518158_1920.jpg,26183,.jpg
original_images/female/mideastern/girl-2651718_1920.jpg,18936,.jpg
original_images/female/mideastern/girl-3551364_1920.jpg,22595,.jpg
original_images/female/mideastern/gursimrat-ganda-KrCDlVjrMsQ-unsplash.jpg,19600,.jpg
original_images/female/mideastern/gustavo-lanes-neFlyoPfCRM-unsplash.jpg,24161,.jpg
original_images/female/mideastern/hamid-tajik-QXbJ3yhMNK4-unsplash.jpg,45828,.jpg
original_images/female/mideastern/hamid-tajik-uvnApE6gmnM-unsplash.jpg,27613,.jpg
original_images/female/mideastern/hamza-nouasria-1H52tHTJPiI-unsplash.jpg,23564,.jpg
original_images/female/mideastern/hijab-5009607_1920.jpg,31661,.jpg
original_images/female/mideastern/hisu-lee-NayZJyAK8vg-unsplash.jpg,26092,.jpg
original_images/female/mideastern/houcine-ncib-2Qg42qfZpRo-unsplash.jpg,21444,.jpg
original_images/female/mideastern/houcine-ncib-JInbeCEqTbs-unsplash.jpg,16503,.jpg
original_images/female/mideastern/humphrey-muleba-38dk7QXDBzs-unsplash.jpg,21575,.jpg
original_images/female/mideastern/imad-clicks-2_qmEnz7bQ4-unsplash.jpg,24205,.jpg
original_images/female/mideastern/jakob-owens-HjL1JGnuh3o-unsplash.jpg,34532,.jpg
original_images/female/mideastern/jamill-del-rosario-jn3w2ouoPv4-unsplash.jpg,22496,.jpg
original_images/female/mideastern/jan-kopriva-VKHv4GLr5O0-unsplash.jpg,43703,.jpg
original_images/female/mideastern/jeffrey-wegrzyn-It0_SCr3AF4-unsplash.jpg,16261,.jpg
original_images/female/mideastern/joao-paulo-de-souza-oliveira-7-CSeYLI-KM-unsplash.jpg,19385,.jpg
original_images/female/mideastern/joao-paulo-de-souza-oliveira-PK5HVHRWYa8-unsplash.jpg,21600,.jpg
original_images/female/mideastern/jonathan-borba-5rQG1mib90I-unspl.jpg,29850,.jpg
original_images/female/mideastern/jonathan-borba-5rQG1mib90I-unsplash.jpg,23346,.jpg
original_images/female/mideastern/jordan-dca_s9Wy8c0-unsplash.jpg,28431,.jpg
original_images/female/mideastern/joshua-rawson-harris-eMDcPM6bqVc-unsplash.jpg,20836,.jpg
original_images/female/mideastern/julian-florez-l5rmMuK8070-unsplash.jpg,30158,.jpg
original_images/female/mideastern/july-brenda-gonzales-callapaza-DEseREQoXPQ-unsplash.jpg,17365,.jpg
original_images/female/mideastern/jyotirmoy-gupta-fpBNEz7N14s-unsplash.jpg,35505,.jpg
original_images/female/mideastern/kal-visuals-b1Hg7QI-zcc-unsplash.jpg,23226,.jpg
original_images/female/mideastern/kamal-alkhatib-IETO_Z0BrsE-unsplash (1).jpg,26926,.jpg
original_images/female/mideastern/kamal-alkhatib-ZG531DsOagU-unsplash.jpg,36284,.jpg
original_images/female/mideastern/karthik-pillai-jF9aTJ_T_Tw-unsplash.jpg,24762,.jpg
original_images/female/mideastern/khaled-ghareeb-xZSEvSlHRv8-unsplash.jpg,16540,.jpg
original_images/female/mideastern/kirill-balobanov-Ef3AOkt6hHg-unsplash.jpg,23875,.jpg
original_images/female/mideastern/kirill-balobanov-sRPbVu7FOsw-unsplash.jpg,20533,.jpg
original_images/female/mideastern/kunal-goswami-YHSohAq-PuI-unsplash.jpg,26878,.jpg
original_images/female/mideastern/latin-4793762_1920.jpg,16510,.jpg
original_images/female/mideastern/little-2192347_1920.jpg,21015,.jpg
original_images/female/mideastern/little-girl-5912824_1920.jpg,28915,.jpg
original_images/female/mideastern/luiza-braun-f11edIs0_ZU-unsplash.jpg,25809,.jpg
original_images/female/mideastern/luke-braswell-oYFv-_JKsVk-unsplash.jpg,12640,.jpg
original_images/female/mideastern/mia-cambriello-dQgKjETjqDg-unsplash.jpg,22077,.jpg
original_images/female/mideastern/michele-seghieri-vsS70e-zC34-unsplash.jpg,32113,.jpg
original_images/female/mideastern/model-4606802_1920.jpg,27297,.jpg
original_images/female/mideastern/model-5029025_1920.jpg,27755,.jpg
original_images/female/mideastern/model-5046435_1920.jpg,16691,.jpg
original_images/female/mideastern/mohammad-khaksarmadani-4FDsNcCR8iQ-unsplash.jpg,27052,.jpg
original_images/female/mideastern/mosoianu-bogdan-eY1_nQs9aNI-unsplash.jpg,24286,.jpg
original_images/female/mideastern/mukul-kumar-OYFdvoK6z6Y-unsplash.jpg,18944,.jpg
original_images/female/mideastern/muslim-5016604_1920.jpg,18285,.jpg
original_images/female/mideastern/muslim-5016606_1920.jpg,19423,.jpg
original_images/female/mideastern/nathan-bingle-Rmdja7-az8M-unsplash.jpg,26389,.jpg
original_images/female/mideastern/omid-armin-2HUKJuFRemE-unsplash.jpg,29267,.jpg
original_images/female/mideastern/oscar-nord-1UJNl0Ffhw8-unsplash.jpg,21774,.jpg
original_images/female/mideastern/ospan-ali-ue9wiyU842k-unsplash.jpg,25014,.jpg
original_images/female/mideastern/pexels-andrea-piacquadio-3762807.jpg,26898,.jpg
original_images/female/mideastern/pexels-anna-tarazevich-5119587.jpg,28742,.jpg
original_images/female/mideastern/pexels-anubhaw-anand-3263992.jpg,24838,.jpg
original_images/female/mideastern/pexels-arsham-haghani-3536991.jpg,19618,.jpg
original_images/female/mideastern/pexels-artem-podrez-5125221.jpg,33439,.jpg
original_images/female/mideastern/pexels-bharat-kumar-2055033.jpg,17916,.jpg
original_images/female/mideastern/pexels-bran-sodre-1852345.jpg,30224,.jpg
original_images/female/mideastern/pexels-engin-akyurt-3168993.jpg,19264,.jpg
original_images/female/mideastern/pexels-fauzan-ahmad-muzakky-2698444.jpg,36713,.jpg
original_images/female/mideastern/pexels-fotografierende-1793059.jpg,27383,.jpg
original_images/female/mideastern/pexels-italo-melo-1786258.jpg,47617,.jpg
original_images/female/mideastern/pexels-lucas-macario-1891709.jpg,36327,.jpg
original_images/female/mideastern/pexels-marlon-alves-3935356.jpg,32274,.jpg
original_images/female/mideastern/pexels-matheus-henrin-2071150.jpg,39933,.jpg
original_images/female/mideastern/pexels-mohamed-abdelgaffar-1684304.jpg,20789,.jpg
original_images/female/mideastern/pexels-mohamed-abdelgaffar-1698731.jpg,22654,.jpg
original_images/female/mideastern/pexels-mohamed-abdelgaffar-764529.jpg,21184,.jpg
original_images/female/mideastern/pexels-pixabay-35551.jpg,22926,.jpg
original_images/female/mideastern/pexels-ricael-sousa-1837158.jpg,36437,.jpg
original_images/female/mideastern/pexels-rodnae-productions-4911079.jpg,34503,.jpg
original_images/female/mideastern/pexels-samad-ismayilov-735552.jpg,13488,.jpg
original_images/female/mideastern/pexels-samad-ismayilov-786858.jpg,30083,.jpg
original_images/female/mideastern/pexels-the-lazy-artist-gallery-1149840.jpg,24534,.jpg
original_images/female/mideastern/pexels-toni-ph-2040376.jpg,26109,.jpg
original_images/female/mideastern/pexels-wesley-rocha-3797438.jpg,39058,.jpg
original_images/female/mideastern/photography-4403690_1920.jpg,16230,.jpg
original_images/female/mideastern/portrait-2650253_1920.jpg,17162,.jpg
original_images/female/mideastern/portrait-5554731_1920.jpg,30009,.jpg
original_images/female/mideastern/pratik-gupta--LXaJgKwxzs-unsplash.jpg,30709,.jpg
original_images/female/mideastern/qasim-sadiq-A4FN0SPut6w-unsplash.jpg,32367,.jpg
original_images/female/mideastern/raamin-ka-4eOyl_iUQB8-unsplash.jpg,21251,.jpg
original_images/female/mideastern/raamin-ka-4lQmQ_DBbNc-unsplash.jpg,18644,.jpg
original_images/female/mideastern/raamin-ka-FfZRzlmFsvY-unsplash.jpg,22992,.jpg
original_images/female/mideastern/raamin-ka-hdra4gfbznU-unsplash.jpg,24990,.jpg
original_images/female/mideastern/ronny-sison-7eDUHk7Jb_o-unsplash.jpg,18535,.jpg
original_images/female/mideastern/s-jDpjN4U5mxE-unsplash - ╕▒▒╛.jpg,16223,.jpg
original_images/female/mideastern/s-jDpjN4U5mxE-unsplash.jpg,16223,.jpg
original_images/female/mideastern/sandeep-swarnkar-o2Bl6Y9hPos-unsplash.jpg,20447,.jpg
original_images/female/mideastern/sayan-ghosh-ZRVmiVKFMDs-unsplash.jpg,32518,.jpg
original_images/female/mideastern/shahin-khalaji-Fwp2mRiD7N4-unsplash.jpg,11261,.jpg
original_images/female/mideastern/shalom-de-leon-QsqKwK09TUI-unsplash.jpg,23625,.jpg
original_images/female/mideastern/siddharth-salve-66R_Ji_rKd4-unsplash.jpg,28515,.jpg
original_images/female/mideastern/smile-2504329_1920.jpg,17909,.jpg
original_images/female/mideastern/sour-moha-Uxo2j3rJq5Y-unsplash.jpg,26929,.jpg
original_images/female/mideastern/the-creative-exchange-UhpAf0ySwuk-unsplash - ╕▒▒╛.jpg,32539,.jpg
original_images/female/mideastern/the-creative-exchange-UhpAf0ySwuk-unsplash.jpg,32539,.jpg
original_images/female/mideastern/the-model-shows-makeup-4600504_1920.jpg,20703,.jpg
original_images/female/mideastern/tyler-nix-aSIw_EnF71g-unsplash.jpg,23641,.jpg
original_images/female/mideastern/wall-3449760_1920.jpg,26708,.jpg
original_images/female/mideastern/warrior-1240995_1920.jpg,27821,.jpg
original_images/female/mideastern/wesley-tingey-oeEqKb7gTrk-unsplash.jpg,20216,.jpg
original_images/female/mideastern/woman-1284347_1920.jpg,13071,.jpg
original_images/female/mideastern/woman-1462682_1920.jpg,18684,.jpg
original_images/female/mideastern/woman-1584341_1280.jpg,20465,.jpg
original_images/female/mideastern/woman-2465429_1920.jpg,14733,.jpg
original_images/female/mideastern/woman-2542252_1920.jpg,13774,.jpg
original_images/female/mideastern/woman-3182019_1920.jpg,24442,.jpg
original_images/female/mideastern/woman-3950652_1920.jpg,34564,.jpg
original_images/female/mideastern/yogendra-singh-AlpBsZF_uXM-unsplash.jpg,27878,.jpg
original_images/male/asian/125.jpg,53407,.jpg
original_images/male/asian/134.jpg,46720,.jpg
original_images/male/asian/137.jpg,46702,.jpg
original_images/male/asian/141.jpg,55751,.jpg
original_images/male/asian/alexandre-debieve-xbeKrAgzGhQ-unsplash.jpg,18438,.jpg
original_images/male/asian/ali-yahya-155huuQwGvA-unsplash.jpg,38940,.jpg
original_images/male/asian/angelo-abear-XDevBdyfMD8-unsplash.jpg,15628,.jpg
original_images/male/asian/aryo-lahap-ZVc4Zg4TY8s-unsplash.jpg,40436,.jpg
original_images/male/asian/aserusainhuu-veaARmpXY88-unsplash.jpg,20874,.jpg
original_images/male/asian/ash-edmonds-AxtUIbOIPBE-unsplash.jpg,20918,.jpg
original_images/male/asian/bibek-thakuri-J_9xThkkGEM-unsplash.jpg,23392,.jpg
original_images/male/asian/billow-926-7j50lTjDc9o-unsplash.jpg,15111,.jpg
original_images/male/asian/boy-4393262_1920.jpg,20242,.jpg
original_images/male/asian/boy-4445663_1920.jpg,20149,.jpg
original_images/male/asian/boy-4746524_1920.jpg,14770,.jpg
original_images/male/asian/boy-4754320_1920.jpg,15106,.jpg
original_images/male/asian/brendan-hollis-00pYNLXfhFI-unsplash.jpg,17152,.jpg
original_images/male/asian/bride-5867605_1920.jpg,19986,.jpg
original_images/male/asian/bridgette-chen-unyQ2AkhKgM-unsplash.jpg,17053,.jpg
original_images/male/asian/businessman-1247947_1920.jpg,17335,.jpg
original_images/male/asian/campus-2787759_1920.jpg,25272,.jpg
original_images/male/asian/capturing-the-human-heart-i9uIhSlOWYc-unsplash.jpg,23509,.jpg
original_images/male/asian/career-451281_1920.jpg,24174,.jpg
original_images/male/asian/chander-mohan-9zaQ3PjrvxA-unsplash.jpg,20462,.jpg
original_images/male/asian/chelms-varthoumlien-yok4LRlBEEI-unsplash.jpg,23181,.jpg
original_images/male/asian/chris-hardy-SS0PaWpkm8w-unsplash.jpg,22497,.jpg
original_images/male/asian/christian-senan-BN2VEGCf140-unsplash.jpg,21854,.jpg
original_images/male/asian/christian-senan-KW4JsQp8zGU-unsplash.jpg,37807,.jpg
original_images/male/asian/commercial-3264998_1920.jpg,13537,.jpg
original_images/male/asian/credit-card-1599787_1920.jpg,17559,.jpg
original_images/male/asian/dale-alejandro-QbCiAUrFjag-unsplash.jpg,23541,.jpg
original_images/male/asian/dale-alejandro-RYrMPoxzaZ0-unsplash.jpg,21561,.jpg
original_images/male/asian/darshan-patel-QJEVpydulGs-unsplash.jpg,27702,.jpg
original_images/male/asian/dev-asangbam-Ox_mKPMBpTw-unsplash.jpg,21094,.jpg
original_images/male/asian/dhimas-arya-ROuU8ayA8_w-unsplash.jpg,19348,.jpg
original_images/male/asian/doil-oh-v15GcVql4CM-unsplash.jpg,25895,.jpg
original_images/male/asian/dominic-blignaut-VZgm7GtN-cU-unsplash.jpg,24628,.jpg
original_images/male/asian/emir-taner-bTe1h3b8Ncc-unsplash.jpg,16111,.jpg
original_images/male/asian/face-1223346_1920.jpg,17346,.jpg
original_images/male/asian/face-1391628_1920.jpg,13651,.jpg
original_images/male/asian/fahmi-anwar-dBtBDtiM780-unsplash.jpg,32494,.jpg
original_images/male/asian/farhan-shaikh-iylgKUdIljc-unsplash.jpg,35127,.jpg
original_images/male/asian/fikran-jabbart-dZ6SQ0d-IVc-unsplash.jpg,29731,.jpg
original_images/male/asian/filipe-almeida-mnEWC72eWDM-unsplash.jpg,27585,.jpg
original_images/male/asian/g_2.jpg,46677,.jpg
original_images/male/asian/gabriel-tovar-E6gYWTFDsQI-unsplash.jpg,32058,.jpg
original_images/male/asian/gabriel-tovar-RDf0qh6VvQ0-unsplash.jpg,20927,.jpg
original_images/male/asian/gabriel-tovar-xF6HoP2oy74-unsplash.jpg,24629,.jpg
original_images/male/asian/george-rinon-rJSfWc6qSI8-unsplash.jpg,14633,.jpg
original_images/male/asian/groom-1731035_1920.jpg,18776,.jpg
original_images/male/asian/guy1.jpg,507803,.jpg
original_images/male/asian/guy13.jpg,13651,.jpg
original_images/male/asian/guy4.jpg,16497,.jpg
original_images/male/asian/ha-nguy-n-CelYET8aK68-unsplash.jpg,25990,.jpg
original_images/male/asian/ha-nguy-n-OFSQ6bHjFjs-unsplash.jpg,28163,.jpg
original_images/male/asian/handsome-guy-5891610_1920.jpg,24105,.jpg
original_images/male/asian/herbal-medicine-1182254_1920.jpg,21834,.jpg
original_images/male/asian/human-2538246_1920.jpg,15863,.jpg
original_images/male/asian/huy-le-XibZiVSku68-unsplash.jpg,9224861,.jpg
original_images/male/asian/ibuki-tsubo-xQOy5w4waCk-unsplash.jpg,23594,.jpg
original_images/male/asian/igor-figueredo-WZhygX_blqg-unsplash.jpg,10354,.jpg
original_images/male/asian/imansyah-muhamad-putera-KchIV_GDy6U-unsplash.jpg,15207,.jpg
original_images/male/asian/imansyah-muhamad-putera-n4KewLKFOZw-unsplash.jpg,21426,.jpg
original_images/male/asian/ivan-c-fajardo-qDfKLhq3q5I-unsplash.jpg,21269,.jpg
original_images/male/asian/jassir-jonis-dS6a-NAqbII-unsplash.jpg,23190,.jpg
original_images/male/asian/jeff-tumale-C_JB2G5mSYQ-unsplash.jpg,20864,.jpg
original_images/male/asian/jiangxulei1990-U3G3ed8-BT4-unsplash.jpg,21941,.jpg
original_images/male/asian/joseph-gonzalez-iFgRcqHznqg-unsplash.jpg,16497,.jpg
original_images/male/asian/juan-encalada-WC7KIHo13Fc-unsplash.jpg,26911,.jpg
original_images/male/asian/kahar-erbol-ifl-af6d_0c-unsplash.jpg,40061,.jpg
original_images/male/asian/kaylyn-mok-VoO6z6Ffx0I-unsplash.jpg,24644,.jpg
original_images/male/asian/landovan-4aSkbR8Kdwk-unsplash.jpg,25716,.jpg
original_images/male/asian/lars-zhang-Emvn9asFvPw-unsplash.jpg,24004,.jpg
original_images/male/asian/lars-zhang-jVmrOAO4hZ0-unsplash.jpg,15428,.jpg
original_images/male/asian/leo-sagala-ImCWS7xydLY-unsplash.jpg,34134,.jpg
original_images/male/asian/lex-faure-u4yvBG2wU30-unsplash.jpg,35036,.jpg
original_images/male/asian/liam-martens-W3ANdzEvdZE-unsplash.jpg,13889,.jpg
original_images/male/asian/long-truong-kVNadxWFsGM-unsplash.jpg,25130,.jpg
original_images/male/asian/man-2702805_1920.jpg,13890,.jpg
original_images/male/asian/man-537136_1920.jpg,16091,.jpg
original_images/male/asian/mark-decile-6K_081J_d5A-unsplash.jpg,25628,.jpg
original_images/male/asian/marsha-dhita-uHIN59WI_zc-unsplash.jpg,31696,.jpg
original_images/male/asian/mason-wilkes-TMgQMXoglsM-unsplash.jpg,25160,.jpg
original_images/male/asian/mathieu-neuilly-BTBAoU_taRU-unsplash.jpg,25055,.jpg
original_images/male/asian/md-duran-CY6HTDht5FI-unsplash.jpg,15865,.jpg
original_images/male/asian/model-2911332_1920.jpg,27342,.jpg
original_images/male/asian/model-2911363_1920.jpg,18046,.jpg
original_images/male/asian/monk-186094_1920.jpg,43648,.jpg
original_images/male/asian/nathan-dumlao-woZEuvPV3to-unsplash.jpg,29051,.jpg
original_images/male/asian/national-cancer-institute-kooSjlL8LnQ-unsplash.jpg,17363,.jpg
original_images/male/asian/niklas-veenhuis-wMlBf99Uyss-unsplash.jpg,25211,.jpg
original_images/male/asian/old-man-971889_1920.jpg,39369,.jpg
original_images/male/asian/parents-2305916_1920.jpg,18034,.jpg
original_images/male/asian/people-1731137_1920.jpg,23086,.jpg
original_images/male/asian/pexels-andrea-piacquadio-3761521.jpg,19413,.jpg
original_images/male/asian/pexels-ba-phi-1182128.jpg,25956,.jpg
original_images/male/asian/pexels-ba-phi-1339536.jpg,43724,.jpg
original_images/male/asian/pexels-ba-phi-1752126.jpg,27984,.jpg
original_images/male/asian/pexels-chevanon-photography-2421934.jpg,29182,.jpg
original_images/male/asian/pexels-cottonbro-5319510.jpg,18155,.jpg
original_images/male/asian/pexels-cottonbro-5529905.jpg,37522,.jpg
original_images/male/asian/pexels-cottonbro-5532846.jpg,26381,.jpg
original_images/male/asian/pexels-david-yu-3136182.jpg,13312,.jpg
original_images/male/asian/pexels-dellon-thomas-3674248.jpg,31609,.jpg
original_images/male/asian/pexels-gabby-k-5384445.jpg,27190,.jpg
original_images/male/asian/pexels-gatot-adri-2693621.jpg,34866,.jpg
original_images/male/asian/pexels-gaurav-ranjitkar-4095473.jpg,29890,.jpg
original_images/male/asian/pexels-griffin-wooldridge-3970083.jpg,22727,.jpg
original_images/male/asian/pexels-gustav-lundborg-2007119.jpg,26588,.jpg
original_images/male/asian/pexels-hoang-gia-huy-6465256.jpg,15582,.jpg
original_images/male/asian/pexels-jameson-mallari-atenta-2872703.jpg,14513,.jpg
original_images/male/asian/pexels-jameson-mallari-atenta-3008355.jpg,32353,.jpg
original_images/male/asian/pexels-jermaine-ulinwa-3289153.jpg,26167,.jpg
original_images/male/asian/pexels-joen-nguyen-2599510.jpg,36557,.jpg
original_images/male/asian/pexels-juan-n-gomez-2589650.jpg,29704,.jpg
original_images/male/asian/pexels-kaniseeyapose-2751061.jpg,53422,.jpg
original_images/male/asian/pexels-ketut-subiyanto-4473405.jpg,26843,.jpg
original_images/male/asian/pexels-luc-marshall-1671396.jpg,29749,.jpg
original_images/male/asian/pexels-luthfi-ramaditya-1747178.jpg,22579,.jpg
original_images/male/asian/pexels-min-an-1153351.jpg,23750,.jpg
original_images/male/asian/pexels-min-an-1157461.jpg,22695,.jpg
original_images/male/asian/pexels-min-an-751204.jpg,23186,.jpg
original_images/male/asian/pexels-min-an-752802.jpg,20807,.jpg
original_images/male/asian/pexels-min-an-898768.jpg,24677,.jpg
original_images/male/asian/pexels-min-an-991217.jpg,28234,.jpg
original_images/male/asian/pexels-padli-pradana-3751857.jpg,25099,.jpg
original_images/male/asian/pexels-raul-reynoso-1578531.jpg,30764,.jpg
original_images/male/asian/pexels-satyabrata-das-6605720.jpg,24115,.jpg
original_images/male/asian/pexels-saul-joseph-2846602.jpg,32599,.jpg
original_images/male/asian/pexels-sigit-hidayat-1767557.jpg,35496,.jpg
original_images/male/asian/pexels-streetwindy-4055355.jpg,23887,.jpg
original_images/male/asian/pexels-sultan-raimosan-6125903.jpg,27632,.jpg
original_images/male/asian/pexels-zorro-zombie-1261998.jpg,42912,.jpg
original_images/male/asian/portrait-3756873_1920.jpg,21623,.jpg
original_images/male/asian/raphiell-alfaridzy-ME-7JcPzt80-unsplash.jpg,24810,.jpg
original_images/male/asian/raphiell-alfaridzy-jagYILIMvxw-unsplash.jpg,29009,.jpg
original_images/male/asian/sane-sodbayar-KhrbDMmnF8I-unsplash.jpg,18213,.jpg
original_images/male/asian/sane-sodbayar-Pew-AwCKoZU-unsplash.jpg,39797,.jpg
original_images/male/asian/sarad-shrestha-i1okjBPfPlY-unsplash.jpg,15490,.jpg
original_images/male/asian/simon-marsault-ZNaL-IDTbZc-unsplash.jpg,13214,.jpg
original_images/male/asian/sport-1815798_1920.jpg,15253,.jpg
original_images/male/asian/stand-alone-1686740_1920.jpg,20537,.jpg
original_images/male/asian/staring-3547110_1920.jpg,27689,.jpg
original_images/male/asian/stephanie-nakagawa-ADSKIn0ScDg-unsplash.jpg,41222,.jpg
original_images/male/asian/sung-wang-g4DgCF90EM4-unsplash.jpg,19502,.jpg
original_images/male/asian/tanjir-ahmed-chowdhury-rXyJjeDdWVk-unsplash.jpg,27049,.jpg
original_images/male/asian/teeth-977208_1920.jpg,19962,.jpg
original_images/male/asian/thabang-madnsela-nwYas4Usbac-unsplash.jpg,27867,.jpg
original_images/male/asian/the-landscape-3245475_1920.jpg,15975,.jpg
original_images/male/asian/tran-thanh-uOyRSCT0O10-unsplash.jpg,28618,.jpg
original_images/male/asian/wells-chan-SDZvNIBjkx0-unsplash.jpg,15524,.jpg
original_images/male/asian/xu-duo-gobC9sSIXc4-unsplash.jpg,16846,.jpg
original_images/male/asian/yang-deng-C4bZ_42MAYA-unsplash.jpg,19787,.jpg
original_images/male/black/114.jpg,47445,.jpg
original_images/male/black/124.jpg,49098,.jpg
original_images/male/black/african-american-1436661_1920.jpg,14705,.jpg
original_images/male/black/african-american-2751286_1920.jpg,30457,.jpg
original_images/male/black/alekon-pictures-iaoYtl50cVk-unsplash.jpg,22847,.jpg
original_images/male/black/alekzan-powell-5t5krHi1LQ8-unsplash.jpg,15292,.jpg
original_images/male/black/alex-robinson-AGr13YPOPqw-unsplash.jpg,26612,.jpg
original_images/male/black/alex-ware-Paf7eZ_DD9A-unsplash.jpg,15650,.jpg
original_images/male/black/alieza-rizvie-RhYNbSQlxSY-unsplash.jpg,35548,.jpg
original_images/male/black/angry-boy-3740043_1920.jpg,18320,.jpg
original_images/male/black/annie-spratt-QdK6aujOLYs-unsplash.jpg,27119,.jpg
original_images/male/black/awab-husameldin-4CxTSNe_8Qk-unsplash.jpg,21658,.jpg
original_images/male/black/beard-1834429_1920.jpg,20788,.jpg
original_images/male/black/belinda-fewings-ci0IbJuBsfg-unsplash.jpg,42509,.jpg
original_images/male/black/black-man-4699505_1920.jpg,25413,.jpg
original_images/male/black/black-professional-4334648_1920.jpg,18289,.jpg
original_images/male/black/brian-lundquist-3_WZlLre0rY-unsplash.jpg,28101,.jpg
original_images/male/black/brian-lundquist-8KRgRFWUwws-unsplash.jpg,35136,.jpg
original_images/male/black/brian-lundquist-bf6ZtR545rU-unsplash.jpg,35727,.jpg
original_images/male/black/brian-lundquist-oqfSpGiS42w-unsplash.jpg,28099,.jpg
original_images/male/black/britain-eriksen-Qz_xqGsshWU-unsplash.jpg,20868,.jpg
original_images/male/black/brock-wegner-obKMefpXRE4-unsplash.jpg,29728,.jpg
original_images/male/black/charisse-kenion-Na2b9JIVsIU-unsplash.jpg,41373,.jpg
original_images/male/black/charles-etoroma-95UF6LXe-Lo-unsplash.jpg,18221,.jpg
original_images/male/black/christian-lunde-v-dd__G7g7k-unsplash.jpg,21664,.jpg
original_images/male/black/clem-onojeghuo-1qyw0De2XC8-unsplash.jpg,16681,.jpg
original_images/male/black/clem-onojeghuo-9y8HtS6Voi0-unsplash.jpg,40197,.jpg
original_images/male/black/clem-onojeghuo-f1_w7Wrnabg-unsplash.jpg,26102,.jpg
original_images/male/black/close-up-1868524_1920.jpg,32542,.jpg
original_images/male/black/curtis-powell-3mMvCsW6ZYs-unsplash.jpg,16446,.jpg
original_images/male/black/danny-protas-FK_07CcGRwY-unsplash.jpg,42506,.jpg
original_images/male/black/david-rotimi-6hGIMs-TOYU-unsplash.jpg,30602,.jpg
original_images/male/black/david-todd-mccarty-NXlQ2PnzMGg-unsplash.jpg,20430,.jpg
original_images/male/black/demorris-byrd-ORLHeCxK3xA-unsplash.jpg,13494,.jpg
original_images/male/black/divine-effiong-_e8yPP3C9n0-unsplash.jpg,26696,.jpg
original_images/male/black/dominique-jordan-JSRmthCownc-unsplash.jpg,30274,.jpg
original_images/male/black/dominique-jordan-cYgNxkwCEoI-unsplash.jpg,24894,.jpg
original_images/male/black/dorrell-tibbs-GntSiIMHyVM-unsplash.jpg,18361,.jpg
original_images/male/black/dorrell-tibbs-gisFZKWpKQ4-unsplash.jpg,39455,.jpg
original_images/male/black/ebuka-nwaju-erV_cqnFrOM-unsplash.jpg,18120,.jpg
original_images/male/black/elizeu-dias-2EGNqazbAMk-unsplash.jpg,24233,.jpg
original_images/male/black/esteban-castle-FULkoZ989E4-unsplash.jpg,27871,.jpg
original_images/male/black/filipp-romanovskij-H4q-AEA02rY-unsplash.jpg,26431,.jpg
original_images/male/black/fitness-465202_1920.jpg,24797,.jpg
original_images/male/black/gift-habeshaw-KBv5dEN3QtY-unsplash(1).jpg,29872,.jpg
original_images/male/black/gift-habeshaw-KBv5dEN3QtY-unsplash(2).jpg,29872,.jpg
original_images/male/black/guy-615808_1920.jpg,14925,.jpg
original_images/male/black/guy11.jpg,24797,.jpg
original_images/male/black/guy6.jpg,14705,.jpg
original_images/male/black/humphrey-muleba-72QxUqXuXz8-unsplash.jpg,18071,.jpg
original_images/male/black/hunter-newton-7eTWaJ4Ex8I-unsplash.jpg,18594,.jpg
original_images/male/black/jassir-jonis-QWa0TIUW638-unsplash.jpg,22316,.jpg
original_images/male/black/jay-mullings-DXlXiFDNPRs-unsplash.jpg,37078,.jpg
original_images/male/black/joshua-rodriguez-3H4PToAVncA-unsplash.jpg,35714,.jpg
original_images/male/black/julian-myles-Izg_qfON0ao-unsplash.jpg,17698,.jpg
original_images/male/black/kareem-hayes-R1t3IQhYTqE-unsplash.jpg,13490,.jpg
original_images/male/black/karsten-winegeart-JfN0kpooAyw-unsplash.jpg,24389,.jpg
original_images/male/black/karsten-winegeart-p5dIUQFbme4-unsplash.jpg,30647,.jpg
original_images/male/black/karsten-winegeart-uvMNz3ZS8J0-unsplash.jpg,29887,.jpg
original_images/male/black/keitravis-squire-0YgjYyptKlU-unsplash.jpg,17370,.jpg
original_images/male/black/khloe-arledge-nGkC7RhVzGU-unsplash.jpg,16394,.jpg
original_images/male/black/lari-avn-oZPHLlcyGb8-unsplash.jpg,16961,.jpg
original_images/male/black/larry-crayton-Jt0fZKDmNFM-unsplash.jpg,30454,.jpg
original_images/male/black/leilani-angel-K84vnnzxmTQ-unsplash.jpg,22570,.jpg
original_images/male/black/look-4780865_1920.jpg,19609,.jpg
original_images/male/black/luke-2373974_1920.jpg,20141,.jpg
original_images/male/black/maatla-seetelo-RdjeaWx3n70-unsplash.jpg,14414,.jpg
original_images/male/black/male-1905388_1920.jpg,14029,.jpg
original_images/male/black/male-4948673_1920.jpg,18864,.jpg
original_images/male/black/man-2590836_1920.jpg,31603,.jpg
original_images/male/black/man-2607437_1920.jpg,22649,.jpg
original_images/male/black/man-4345079_1920.jpg,23265,.jpg
original_images/male/black/man-4539035_1920.jpg,17537,.jpg
original_images/male/black/man-4568762_1920.jpg,20177,.jpg
original_images/male/black/man-5937492_1920.jpg,22241,.jpg
original_images/male/black/man-984217_1920.jpg,25446,.jpg
original_images/male/black/manny-moreno-ajhtGO4Cs7g-unsplash.jpg,23124,.jpg
original_images/male/black/marie-michele-bouchard-bEZQWH49daU-unsplash.jpg,21596,.jpg
original_images/male/black/mbusowethu-radebe-CS2uCrpNzJY-unsplash.jpg,29275,.jpg
original_images/male/black/melodie-descoubes-o6siGr9lrwM-unsplash.jpg,30636,.jpg
original_images/male/black/mohammad-faruque-SpIKPT8zeAs-unsplash.jpg,16559,.jpg
original_images/male/black/morgan-vander-hart-GVB-E8mr4Xk-unsplash.jpg,24154,.jpg
original_images/male/black/mubarak-show-Ve7xjKImd28-unsplash.jpg,19301,.jpg
original_images/male/black/nico-marks-mFcc5b_t74Q-unsplash.jpg,13815,.jpg
original_images/male/black/oladimeji-odunsi-g8bZKBcGnaU-unsplash.jpg,18094,.jpg
original_images/male/black/osheen-turnbull-sU0IT6W8KaU-unsplash.jpg,32296,.jpg
original_images/male/black/payton-tuttle-n_RdRxH_7h4-unspla.jpg,23938,.jpg
original_images/male/black/people-3247352_1920.jpg,17802,.jpg
original_images/male/black/person-801789_1920.jpg,19945,.jpg
original_images/male/black/pexels-alex-green-5699771.jpg,30258,.jpg
original_images/male/black/pexels-areous-ahmad-2122949.jpg,19830,.jpg
original_images/male/black/pexels-bestbe-models-2282520.jpg,22170,.jpg
original_images/male/black/pexels-blac-bear-3805873.jpg,31695,.jpg
original_images/male/black/pexels-c-technical-6612112.jpg,24545,.jpg
original_images/male/black/pexels-cottonbro-6616672.jpg,31316,.jpg
original_images/male/black/pexels-cottonbro-6616674.jpg,36719,.jpg
original_images/male/black/pexels-cottonbro-6626360.jpg,31267,.jpg
original_images/male/black/pexels-cottonbro-6626903.jpg,19009,.jpg
original_images/male/black/pexels-dellon-thomas-1405963.jpg,20143,.jpg
original_images/male/black/pexels-dellon-thomas-2474307.jpg,23013,.jpg
original_images/male/black/pexels-george-ikwegbu-2379429.jpg,27677,.jpg
original_images/male/black/pexels-jan-valle-4061161.jpg,33448,.jpg
original_images/male/black/pexels-kampus-production-5940858.jpg,27281,.jpg
original_images/male/black/pexels-katerina-holmes-5905497.jpg,20134,.jpg
original_images/male/black/pexels-kenex-media-sa-6573686.jpg,24574,.jpg
original_images/male/black/pexels-kyle-woods-4022812.jpg,41008,.jpg
original_images/male/black/pexels-luiz-fernando-3021593.jpg,36829,.jpg
original_images/male/black/pexels-macharia-edson-2914149.jpg,27024,.jpg
original_images/male/black/pexels-marcelo-chagas-2121531.jpg,26732,.jpg
original_images/male/black/pexels-marcelo-chagas-2291012.jpg,19242,.jpg
original_images/male/black/pexels-moh-mckenzie-3597035.jpg,41261,.jpg
original_images/male/black/pexels-mwabonje-2096476.jpg,22595,.jpg
original_images/male/black/pexels-nappy-935969.jpg,25721,.jpg
original_images/male/black/pexels-nappy-936117.jpg,22494,.jpg
original_images/male/black/pexels-nappy-936119.jpg,34247,.jpg
original_images/male/black/pexels-natasha-lois-4689910.jpg,13905,.jpg
original_images/male/black/pexels-nesto-1676213.jpg,29480,.jpg
original_images/male/black/pexels-oladimeji-ajegbile-2650090.jpg,22576,.jpg
original_images/male/black/pexels-ono-kosuki-5648108.jpg,38633,.jpg
original_images/male/black/pexels-rafael-freire-5714735.jpg,31094,.jpg
original_images/male/black/pexels-rodney-gainous-jr-2719416.jpg,23893,.jpg
original_images/male/black/pexels-ryutaro-tsukata-6249088.jpg,36933,.jpg
original_images/male/black/pexels-spencer-selover-428333.jpg,23468,.jpg
original_images/male/black/pexels-teddy-joseph-2955375.jpg,21928,.jpg
original_images/male/black/pexels-tom-leishman-5255326.jpg,32639,.jpg
original_images/male/black/pexels-zack-jarosz-2024901.jpg,29710,.jpg
original_images/male/black/philip-martin-5aGUyCW_PJw-unsplash.jpg,20716,.jpg
original_images/male/black/portrait-3275985_1920.jpg,17324,.jpg
original_images/male/black/prince-akachi-4Yv84VgQkRM-unsplash.jpg,21010,.jpg
original_images/male/black/prince-akachi-s6tVlDVKz38-unsplash.jpg,27665,.jpg
original_images/male/black/raphael-nast-x1od0bnYmIw-unsplash.jpg,24980,.jpg
original_images/male/black/rui-silvestre-hAMJpesMeDE-unsplash.jpg,18833,.jpg
original_images/male/black/samuel-aboh-NGVBWmvmSHI-unsplash.jpg,22062,.jpg
original_images/male/black/seni-oremodu-A7UFsx5NZMY-unsplash.jpg,25662,.jpg
original_images/male/black/sexy-man-3414909_1920.jpg,16971,.jpg
original_images/male/black/smiling-businessman-4455090_1920.jpg,22521,.jpg
original_images/male/black/steven-jones-JSXZnudXhXk-unsplash.jpg,16841,.jpg
original_images/male/black/steward-masweneng-IvaGYGAX3jI-unsplash.jpg,30186,.jpg
original_images/male/black/streegar-bORAYzcoJ8A-unsplash.jpg,16767,.jpg
original_images/male/black/sudanese-2895751_1920.jpg,27137,.jpg
original_images/male/black/tanaka-pendeke-iHfBBeiAVCE-unsplash.jpg,32468,.jpg
original_images/male/black/taylor-wright-XLqe-qr2OK8-unsplash.jpg,27689,.jpg
original_images/male/black/temitope-olukayode-bNl3lzD0LpU-unsplash.jpg,31792,.jpg
original_images/male/black/timothy-barlin-2BJwlRZaR5M-unsplash.jpg,21186,.jpg
original_images/male/black/tobi-oshinnaike-Z7MKNGFnbOw-unsplash.jpg,21925,.jpg
original_images/male/black/tobias-nii-kwatei-quartey-RVa0FzYg9WE-unsplash.jpg,16692,.jpg
original_images/male/black/wilfried-vowoto-QlRYZr7CNxg-unsplash.jpg,24322,.jpg
original_images/male/black/young-man-3366016_1920.jpg,33779,.jpg
original_images/male/black/zach-vessels-5ia9JBnlLp0-unsplash(1).jpg,21094,.jpg
original_images/male/black/zach-vessels-s6JfKHyLKDw-unsplash.jpg,24710,.jpg
original_images/male/caucasian/0.png,220535,.png
original_images/male/caucasian/111.jpg,2193282,.jpg
original_images/male/caucasian/113.jpg,56957,.jpg
original_images/male/caucasian/117.jpg,2622479,.jpg
original_images/male/caucasian/119.jpg,1692219,.jpg
original_images/male/caucasian/120.jpg,56237,.jpg
original_images/male/caucasian/122.jpg,49126,.jpg
original_images/male/caucasian/126.jpg,1457707,.jpg
original_images/male/caucasian/127.jpg,57306,.jpg
original_images/male/caucasian/130.jpg,40189,.jpg
original_images/male/caucasian/133.jpg,54478,.jpg
original_images/male/caucasian/136.jpg,64789,.jpg
original_images/male/caucasian/138.jpg,31946,.jpg
original_images/male/caucasian/140.jpg,52393,.jpg
original_images/male/caucasian/142.jpg,41864,.jpg
original_images/male/caucasian/143.jpg,55169,.jpg
original_images/male/caucasian/aiony-haust-ybd0faxFuHE-unsplash.jpg,28049,.jpg
original_images/male/caucasian/aldo-delara-3_Si7AS2iA4-unsplash.jpg,41359,.jpg
original_images/male/caucasian/alex-brisbey-1tVmD_KJZxo-unsplash.jpg,34578,.jpg
original_images/male/caucasian/alex-sheldon-j1WRSUj5QI0-unsplash.jpg,20170,.jpg
original_images/male/caucasian/alex_rainer-O4f4caX_H3g-unsplash.jpg,18709,.jpg
original_images/male/caucasian/alexander-jawfox-BdfMdaTWGLU-unsplash.jpg,21560,.jpg
original_images/male/caucasian/alfred-kenneally-JwzpdmSYIDc-unsplash.jpg,19992,.jpg
original_images/male/caucasian/ali-morshedlou-WMD64tMfc4k-unsplash.jpg,16953,.jpg
original_images/male/caucasian/alyssa-graham-Rg0ul-v4d0A-unsplash.jpg,30108,.jpg
original_images/male/caucasian/anastasia-vityukova-0jSd5XW58Ak-unsplash.jpg,13713,.jpg
original_images/male/caucasian/andre-sebastian-C2Nf5iPOnz0-unsplash.jpg,20357,.jpg
original_images/male/caucasian/andreea-pop-bTVliFTsdHI-unsplash.jpg,18235,.jpg
original_images/male/caucasian/andrew-lancaster--rRZ_vlrawE-unsplash.jpg,17863,.jpg
original_images/male/caucasian/andriyko-podilnyk-S8ufy2IyFnM-unsplash.jpg,41920,.jpg
original_images/male/caucasian/angelika-agibalova-06Bl5S7tySM-unsplash.jpg,23180,.jpg
original_images/male/caucasian/angelo-abear-l1AXPSU_W9M-unsplash.jpg,41875,.jpg
original_images/male/caucasian/application-1934972_1920.jpg,37663,.jpg
original_images/male/caucasian/artemy-pyankov-rshCkwcpZXw-unsplash.jpg,16573,.jpg
original_images/male/caucasian/ashkan-forouzani-ldkvWj0lrqk-unsplash.jpg,22387,.jpg
original_images/male/caucasian/augustin-de-montesquiou-neVX_NUKeLQ-unsplash.jpg,41563,.jpg
original_images/male/caucasian/austin-distel-7bMdiIqz_J4-unsplash.jpg,16489,.jpg
original_images/male/caucasian/austin-human-Ec7cHN7ofi0-unsplash.jpg,18699,.jpg
original_images/male/caucasian/austin-wade-X6Uj51n5CE8-unsplash.jpg,32469,.jpg
original_images/male/caucasian/bannon-morrissy-RxiAV5LC-ww-unsplash.jpg,19871,.jpg
original_images/male/caucasian/bantersnaps-mtsb-bCvrBY-unsplash.jpg,28776,.jpg
original_images/male/caucasian/beard-1845166_1920.jpg,43389,.jpg
original_images/male/caucasian/beard-4136705_1920.jpg,22704,.jpg
original_images/male/caucasian/beard-4205158_1920.jpg,33229,.jpg
original_images/male/caucasian/beautiful-3027662_1920.jpg,20871,.jpg
original_images/male/caucasian/benjamin-klaver-9oZc8FXHVAQ-unsplash.jpg,35346,.jpg
original_images/male/caucasian/big-dodzy-MxXdQOvU6ic-unsplash.jpg,25219,.jpg
original_images/male/caucasian/black-2178681_1920.jpg,15146,.jpg
original_images/male/caucasian/black-and-white-4387130_1920.jpg,15130,.jpg
original_images/male/caucasian/boy-1185446_1920.jpg,27839,.jpg
original_images/male/caucasian/boy-2145113_1920.jpg,22972,.jpg
original_images/male/caucasian/boy-2301660_1920.jpg,19390,.jpg
original_images/male/caucasian/boy-2420289_1920.jpg,22707,.jpg
original_images/male/caucasian/boy-2691494_1920.jpg,26151,.jpg
original_images/male/caucasian/boy-2736655_1920.jpg,26742,.jpg
original_images/male/caucasian/boy-3008920_1920.jpg,28172,.jpg
original_images/male/caucasian/boy-3028416_1920.jpg,16529,.jpg
original_images/male/caucasian/boy-3562120_1920.jpg,21445,.jpg
original_images/male/caucasian/boy-3566903_1920.jpg,31946,.jpg
original_images/male/caucasian/boy-508524_1920.jpg,36142,.jpg
original_images/male/caucasian/brazil-1368806_1920.jpg,17093,.jpg
original_images/male/caucasian/brendan-hollis-A6Bv1AD8F5U-unsplash.jpg,22137,.jpg
original_images/male/caucasian/brett-952579_1920.jpg,18437,.jpg
original_images/male/caucasian/brittany-bendabout-dxSOJGYFJ6Y-unsplash.jpg,21249,.jpg
original_images/male/caucasian/bruno-bucar-BGcjf5DzK_8-unsplash.jpg,23104,.jpg
original_images/male/caucasian/business-1323472_1920.jpg,15324,.jpg
original_images/male/caucasian/cade-renfroe-V0U3m342g1Y-unsplash.jpg,23527,.jpg
original_images/male/caucasian/carlos-andres-gomez-GpxY8FOpPGg-unsplash.jpg,16928,.jpg
original_images/male/caucasian/carlos-macias-UWRTZRwPLyg-unsplash.jpg,18248,.jpg
original_images/male/caucasian/chalo-garcia-2mWKL_I70qk-unsplash.jpg,25946,.jpg
original_images/male/caucasian/charisse-kenion-bYxVLLifeIc-unsplash.jpg,20539,.jpg
original_images/male/caucasian/charles-buchler-C6-GjBAOtZc-unsplash.jpg,30435,.jpg
original_images/male/caucasian/chase-jiggliemon-wilson-tu_uBj2_oTQ-unsplash.jpg,28616,.jpg
original_images/male/caucasian/christian-buehner-rzXvU-H0u6U-unsplash.jpg,27594,.jpg
original_images/male/caucasian/christopher-campbell-hWMEo_qqz5M-unsplash.jpg,20191,.jpg
original_images/male/caucasian/christopher-campbell-i4OHxtxiMtk-unsplash.jpg,23804,.jpg
original_images/male/caucasian/christopher-campbell-jxWFbUqNEOM-unsplash.jpg,21955,.jpg
original_images/male/caucasian/cleyton-ewerton-U_z1WoDoISA-unsplash.jpg,16900,.jpg
original_images/male/caucasian/clint-mckoy-_J2JFRHLijI-unsplash.jpg,30658,.jpg
original_images/male/caucasian/cobro-vfidsFiK-lM-unsplash.jpg,34566,.jpg
original_images/male/caucasian/cody-chan-TeAj27VRKzg-unsplash.jpg,17320,.jpg
original_images/male/caucasian/coney-island-4488742_1920.jpg,31097,.jpg
original_images/male/caucasian/conor-sexton-BBhY-e1XsT0-unsplash.jpg,30286,.jpg
original_images/male/caucasian/couple-1719683_1920.jpg,25247,.jpg
original_images/male/caucasian/cowboy-67630_1920.jpg,26021,.jpg
original_images/male/caucasian/creating-a-brand-qF-W8_oNHzE-unsplash.jpg,22905,.jpg
original_images/male/caucasian/creating-a-brand-xcQWU0Eff-U-unsplash.jpg,14352,.jpg
original_images/male/caucasian/damir-spanic-I4EV0N4kpCU-unsplash.jpg,30261,.jpg
original_images/male/caucasian/damir-spanic-rHDK3UU7HUw-unsplash.jpg,24882,.jpg
original_images/male/caucasian/dane-wetton-vzticETKMYU-unsplash.jpg,16265,.jpg
original_images/male/caucasian/dane-wetton-vzticETKMYU-unsplash1.jpg,16265,.jpg
original_images/male/caucasian/daniel-lincoln--zhQtP1eUdE-unsplash.jpg,19666,.jpg
original_images/male/caucasian/daniel-logchies-N_ugHGVjIbc-unsplash.jpg,39076,.jpg
original_images/male/caucasian/daniil-onischenko-_J2fMaieLSM-unsplash.jpg,28690,.jpg
original_images/male/caucasian/derek-owens-YCbJCM249KE-unsplash.jpg,26345,.jpg
original_images/male/caucasian/derick-mckinney-243Q39DzM3M-unsplash.jpg,18845,.jpg
original_images/male/caucasian/derick-mckinney-bBuUjB98PPY-unsplash.jpg,22044,.jpg
original_images/male/caucasian/derick-mckinney-eyFbjKWlR2g-unsplash.jpg,18288,.jpg
original_images/male/caucasian/diego-sanchez--1cYDFE5-Lo-unsplash.jpg,1057449,.jpg
original_images/male/caucasian/dima-dallacqua-4c23dXiYPhc-unsplash.jpg,40556,.jpg
original_images/male/caucasian/dima-dallacqua-NzBr-Vy_e8M-unsplash.jpg,18264,.jpg
original_images/male/caucasian/dmitry-vechorko-E9PFbdhZmus-unsplash.jpg,22434,.jpg
original_images/male/caucasian/dubai-1972702_1920.jpg,17026,.jpg
original_images/male/caucasian/duman-photography-GvvtE31b0JI-unsplash.jpg,22081,.jpg
original_images/male/caucasian/edwin-ashitendoh-Ss9zJmj4G70-unsplash.jpg,32744,.jpg
original_images/male/caucasian/elijah-hiett-m7bRe_XS7BY-unsplash.jpg,30121,.jpg
original_images/male/caucasian/elijah-hiett-vAVGdV1oklQ-unsplash.jpg,22624,.jpg
original_images/male/caucasian/elizeu-dias-BiwrbstAhOI-unsplash.jpg,21049,.jpg
original_images/male/caucasian/elvis-ray-tbSiO437eDY-unsplash.jpg,20766,.jpg
original_images/male/caucasian/emiliano-vittoriosi-fIM5oAdHAxE-unsplash.jpg,31426,.jpg
original_images/male/caucasian/emrecan-arik-apJKb2Js_Vg-unsplash.jpg,18956,.jpg
original_images/male/caucasian/entrepreneurship-3498256_1920.jpg,19425,.jpg
original_images/male/caucasian/eric-karim-cornelis-b3oyT44E3LE-unsplash.jpg,28616,.jpg
original_images/male/caucasian/erik-mclean-06vpBIHmiYc-unsplash.jpg,24859,.jpg
original_images/male/caucasian/erik-mclean-8YbkDZwLx70-unsplash.jpg,19643,.jpg
original_images/male/caucasian/erik-mclean-seybbgI9-4k-unsplash.jpg,23893,.jpg
original_images/male/caucasian/esvan-UvgK58_MU9c-unsplash(1).jpg,24092,.jpg
original_images/male/caucasian/fabio-henning-m6A7X_C8Jq4-unsplash.jpg,658089,.jpg
original_images/male/caucasian/fabio-henning-vnTk1yaRgzg-unsplash.jpg,22304,.jpg
original_images/male/caucasian/fabio-lucas-LFqkME0ZlY8-unsplash.jpg,32044,.jpg
original_images/male/caucasian/fabio-scaletta-yhKc2M6Z500-unsplash.jpg,24631,.jpg
original_images/male/caucasian/face-2171923_1920.jpg,16358,.jpg
original_images/male/caucasian/fashion-1866574_1920.jpg,16089,.jpg
original_images/male/caucasian/fashion-2082066_1920.jpg,19552,.jpg
original_images/male/caucasian/felea-emanuel-Pv5y8bab5L4-unsplash.jpg,44082,.jpg
original_images/male/caucasian/foto-sushi-6anudmpILw4-unsplash.jpg,16911,.jpg
original_images/male/caucasian/g_11.jpg,940427,.jpg
original_images/male/caucasian/g_14.jpg,20063,.jpg
original_images/male/caucasian/g_3.jpg,61620,.jpg
original_images/male/caucasian/g_6.jpg,19359,.jpg
original_images/male/caucasian/g_8.jpg,58793,.jpg
original_images/male/caucasian/gabe-pierce-cZ_RjozBNPM-unsplash.jpg,33287,.jpg
original_images/male/caucasian/georgy-trofimov-rowvvDUAs5M-unsplash.jpg,26368,.jpg
original_images/male/caucasian/gregory-buzdyk-bdbC8RlXSUU-unsplash (1).jpg,35556,.jpg
original_images/male/caucasian/guy-1079623_1920.jpg,24326,.jpg
original_images/male/caucasian/guy-1266366_1920.jpg,17198,.jpg
original_images/male/caucasian/guy-3608788_1920.jpg,15124,.jpg
original_images/male/caucasian/guy-4392888_1920.jpg,27856,.jpg
original_images/male/caucasian/guy-4478447_1920.jpg,18397,.jpg
original_images/male/caucasian/guy-4733624_1920.jpg,18368,.jpg
original_images/male/caucasian/guy-4733626_1920.jpg,13186,.jpg
original_images/male/caucasian/guy-5929422_1920.jpg,34207,.jpg
original_images/male/caucasian/guy-690653_640.jpg,39463,.jpg
original_images/male/caucasian/guy12.jpg,20805,.jpg
original_images/male/caucasian/guy15.jpg,34656,.jpg
original_images/male/caucasian/guy2.jpg,18758,.jpg
original_images/male/caucasian/guy5.jpg,24848,.jpg
original_images/male/caucasian/guy9.jpg,2070441,.jpg
original_images/male/caucasian/hamid-tajik-FjT7kFSFczs-unsplash(1).jpg,3347582,.jpg
original_images/male/caucasian/hamid-tajik-FjT7kFSFczs-unsplash.jpg,18284,.jpg
original_images/male/caucasian/handsome-4133131_1920.jpg,14852,.jpg
original_images/male/caucasian/happy-3004355_1920.jpg,18599,.jpg
original_images/male/caucasian/harishan-kobalasingam-8PMvB4VyVXA-unsplash.jpg,16141,.jpg
original_images/male/caucasian/harry-cunningham-EPi3TRQc5Z0-unsplash.jpg,17358,.jpg
original_images/male/caucasian/hashim-hadi-XLvLGDu_5wE-unsplash.jpg,27693,.jpg
original_images/male/caucasian/headphones-4602763_1920.jpg,26933,.jpg
original_images/male/caucasian/hean-prinsloo-OVfgeJIghbU-unsplash.jpg,28359,.jpg
original_images/male/caucasian/hipster-358479_1920.jpg,24840,.jpg
original_images/male/caucasian/human-3094550_1280.jpg,51177,.jpg
original_images/male/caucasian/hunter-newton-WQEe4c757Gs-unsplash.jpg,16699,.jpg
original_images/male/caucasian/ian-dooley-d1UPkiFd04A-unsplash.jpg,18825,.jpg
original_images/male/caucasian/igor-stepanov-5uUPrmZgEYM-unsplash.jpg,17140,.jpg
original_images/male/caucasian/ilya-shishikhin-2blzycUKsA0-unsplash.jpg,21267,.jpg
original_images/male/caucasian/irene-strong-Y-AQ3mBVros-unsplash.jpg,21607,.jpg
original_images/male/caucasian/irene-strong-v2aKnjMbP_k-unsplash.jpg,18889,.jpg
original_images/male/caucasian/isaac-reynaldo-70BSk8hT52k-unsplash.jpg,29814,.jpg
original_images/male/caucasian/isolated-4063379_1920.jpg,14157,.jpg
original_images/male/caucasian/jackson-david-8q-EOrlhP8I-unsplash.jpg,19196,.jpg
original_images/male/caucasian/jairph-qygkHfHMaBI-unsplash.jpg,13650,.jpg
original_images/male/caucasian/jake-davies-nOxQW5SIx9c-unsplash.jpg,14541,.jpg
original_images/male/caucasian/jake-nebov-aFNzgYOM560-unsplash.jpg,17582,.jpg
original_images/male/caucasian/jake-oates-9gGTLP0QL1M-unsplash.jpg,15515,.jpg
original_images/male/caucasian/jalen-terry-QmWqxITdWbI-unsplash.jpg,30975,.jpg
original_images/male/caucasian/james-barr-4t3k6JjuPi4-unsplash.jpg,21475,.jpg
original_images/male/caucasian/james-barr-G6ACpD4bPOw-unsplash(1).jpg,40020,.jpg
original_images/male/caucasian/james-barr-G6ACpD4bPOw-unsplash.jpg,40020,.jpg
original_images/male/caucasian/james-barr-_U7YytlNunM-unsplash.jpg,18461,.jpg
original_images/male/caucasian/janko-ferlic-GWFffQS5eWU-unsplash.jpg,30104,.jpg
original_images/male/caucasian/jarred-ray-Nskqh3dRzSQ-unsplash.jpg,26565,.jpg
original_images/male/caucasian/jassir-jonis-Hr9BKfMF6QE-unsplash.jpg,20142,.jpg
original_images/male/caucasian/jd-mason-13_7xGYBb7c-unsplash.jpg,27475,.jpg
original_images/male/caucasian/jens-lindner-dP6g1YJWQcA-unsplash.jpg,18222,.jpg
original_images/male/caucasian/jeremiah-lawrence-5fD2hY1lv1U-unsplash.jpg,35608,.jpg
original_images/male/caucasian/jeremy-bishop-ctAsm_deVVk-unsplash.jpg,16224,.jpg
original_images/male/caucasian/jesman-fabio-8yd15MUkIpI-unsplash.jpg,29952,.jpg
original_images/male/caucasian/jesse-schoff-ibII8H5Ad4c-unsplash.jpg,26552,.jpg
original_images/male/caucasian/joackim-weiler-lxX0dJQHV3w-unsplash.jpg,23269,.jpg
original_images/male/caucasian/joanna-nix-walkup-LalqRz_8QRE-unsplash.jpg,20307,.jpg
original_images/male/caucasian/joanna-nix-walkup-VWAzEW0bi58-unsplash.jpg,23501,.jpg
original_images/male/caucasian/joel-barwick-r0l0Es5fbbs-unsplash.jpg,21090,.jpg
original_images/male/caucasian/john-torcasio-1coR0hGFenQ-unsplash.jpg,36905,.jpg
original_images/male/caucasian/joker-5485787_1920.jpg,22943,.jpg
original_images/male/caucasian/jonathan-farber-QaAZ82Kspck-unsplash.jpg,18329,.jpg
original_images/male/caucasian/joshua-reddekopp-lSD2Y9AydhY-unsplash.jpg,23088,.jpg
original_images/male/caucasian/joycoast-wood-watches-sunglasses-xUsrdhGRMfE-unsplash.jpg,30996,.jpg
original_images/male/caucasian/julian-wan-NHlTr-9eE4o-unsplash.jpg,44065,.jpg
original_images/male/caucasian/julian-wan-cCvnG-937HE-unsplash.jpg,19859,.jpg
original_images/male/caucasian/justin-chen-J7Cf1Gch49E-unsplash.jpg,37000,.jpg
original_images/male/caucasian/karina-tess-fr5rB_Ocl7w-unsplash.jpg,18048,.jpg
original_images/male/caucasian/kas-YHDWG6-EsYc-unsplash.jpg,17891,.jpg
original_images/male/caucasian/kenzie-kraft-OIrGE60UwAY-unsplash.jpg,24231,.jpg
original_images/male/caucasian/kenzie-kraft-b8vUsjhAeYQ-unsplash.jpg,21814,.jpg
original_images/male/caucasian/kitera-dent-UFNv8ZGGbX0-unsplash(1).jpg,23166,.jpg
original_images/male/caucasian/kon-karampelas-5Mo6u9CQLTE-unsplash.jpg,33375,.jpg
original_images/male/caucasian/kyryll-ushakov-S3DMQzP6QG8-unsplash.jpg,18339,.jpg
original_images/male/caucasian/laura-dewilde-G2iXD2Bkt7g-unsplash.jpg,16975,.jpg
original_images/male/caucasian/lesly-juarez-RukI4qZGlQs-unsplash.jpg,19364,.jpg
original_images/male/caucasian/lion27-xqJjNYb8qZc-unsplash.jpg,19868,.jpg
original_images/male/caucasian/lisa-wall-K80QIp2VW0E-unsplash.jpg,33734,.jpg
original_images/male/caucasian/lisa-wall-x5aOKbKhM_o-unsplash.jpg,26054,.jpg
original_images/male/caucasian/logan-weaver--A5R9HBwjaE-unsplash.jpg,21383,.jpg
original_images/male/caucasian/logan-weaver-7z2KFFWQ7n0-unsplash.jpg,22450,.jpg
original_images/male/caucasian/logan-weaver-s_mI8h4_5JY-unsplash.jpg,23094,.jpg
original_images/male/caucasian/lorene-farrugia-UJLAMjEjISo-unsplash.jpg,15838,.jpg
original_images/male/caucasian/luca-pellegrini-pRopJ47ilxg-unsplash.jpg,17678,.jpg
original_images/male/caucasian/lucas-newton-GkQaSPkp54o-unsplash.jpg,18177,.jpg
original_images/male/caucasian/lucas-ruffiner-_Z48n2rZk5M-unsplash.jpg,30666,.jpg
original_images/male/caucasian/ludovic-migneault-4uj3iZ5m084-unsplash.jpg,15047,.jpg
original_images/male/caucasian/ludvig-wiese-d-MfHM-jHwc-unsplash.jpg,28668,.jpg
original_images/male/caucasian/luis-villasmil-hh3ViD0r0Rc-unsplash.jpg,15448,.jpg
original_images/male/caucasian/luiza-braun-VaXkho6CPx0-unsplash(1).jpg,21748,.jpg
original_images/male/caucasian/lumber-1281323_1920.jpg,21123,.jpg
original_images/male/caucasian/luther-bottrill-DVeTzIywKw4-unsplash.jpg,22771,.jpg
original_images/male/caucasian/male-2634974_1920.jpg,25490,.jpg
original_images/male/caucasian/male-3673510_1920.jpg,27546,.jpg
original_images/male/caucasian/male-3847141_1920.jpg,18639,.jpg
original_images/male/caucasian/male-4494498_1920.jpg,24174,.jpg
original_images/male/caucasian/male-4572748_1920.jpg,27285,.jpg
original_images/male/caucasian/male-467711_1920.jpg,20817,.jpg
original_images/male/caucasian/male-4687507_1920.jpg,20204,.jpg
original_images/male/caucasian/male-model-2807612_1920.jpg,21282,.jpg
original_images/male/caucasian/man-1122364_1920.jpg,19558,.jpg
original_images/male/caucasian/man-1146530_1920.jpg,26628,.jpg
original_images/male/caucasian/man-1161334_1920.jpg,31680,.jpg
original_images/male/caucasian/man-1209494_1920.jpg,23342,.jpg
original_images/male/caucasian/man-1242018_1920.jpg,20063,.jpg
original_images/male/caucasian/man-1868320_1920.jpg,24544,.jpg
original_images/male/caucasian/man-2326484_1920.jpg,25900,.jpg
original_images/male/caucasian/man-2590777_1920.jpg,26878,.jpg
original_images/male/caucasian/man-2616244_1920.jpg,21589,.jpg
original_images/male/caucasian/man-2804281_1920.jpg,22707,.jpg
original_images/male/caucasian/man-2854030_1920.jpg,20247,.jpg
original_images/male/caucasian/man-3122063_1920.jpg,40583,.jpg
original_images/male/caucasian/man-3177583_1920.jpg,22033,.jpg
original_images/male/caucasian/man-3373869_1920.jpg,27954,.jpg
original_images/male/caucasian/man-3403180_1920.jpg,37449,.jpg
original_images/male/caucasian/man-3437398_1920.jpg,19192,.jpg
original_images/male/caucasian/man-3439283_1920.jpg,29876,.jpg
original_images/male/caucasian/man-3552370_1920.jpg,19874,.jpg
original_images/male/caucasian/man-3786991_1920.jpg,18493,.jpg
original_images/male/caucasian/man-379677_1920.jpg,35677,.jpg
original_images/male/caucasian/man-3803551_1920.jpg,25299,.jpg
original_images/male/caucasian/man-3967820_1920.jpg,21202,.jpg
original_images/male/caucasian/man-4070556_1920.jpg,26843,.jpg
original_images/male/caucasian/man-4123268_1920.jpg,37016,.jpg
original_images/male/caucasian/man-4220914_1920.jpg,22747,.jpg
original_images/male/caucasian/man-4302299_1920.jpg,17494,.jpg
original_images/male/caucasian/man-4818722_1920.jpg,18449,.jpg
original_images/male/caucasian/man-4821291_1920.jpg,20352,.jpg
original_images/male/caucasian/man-5917529_1920.jpg,46535,.jpg
original_images/male/caucasian/man-5928801_1920.jpg,24611,.jpg
original_images/male/caucasian/man-597178_1920.jpg,18753,.jpg
original_images/male/caucasian/man-61004_1920.jpg,19420,.jpg
original_images/male/caucasian/man-67467_1920.jpg,20805,.jpg
original_images/male/caucasian/man-838636_1920.jpg,24568,.jpg
original_images/male/caucasian/man-894182_1920.jpg,19133,.jpg
original_images/male/caucasian/man-919045_1920.jpg,17434,.jpg
original_images/male/caucasian/man-931974_1920.jpg,17958,.jpg
original_images/male/caucasian/man-943554_1920.jpg,32673,.jpg
original_images/male/caucasian/man-945482_1920.jpg,24516,.jpg
original_images/male/caucasian/man-962563_1920.jpg,34656,.jpg
original_images/male/caucasian/mariana-sandulovych-m23wyWvZw2U-unsplash.jpg,26523,.jpg
original_images/male/caucasian/marie-michele-bouchard-8d-1HViXfdk-unsplash.jpg,2643494,.jpg
original_images/male/caucasian/marie-michele-bouchard-Jdcfl34n-AQ-unsplash.jpg,40354,.jpg
original_images/male/caucasian/mark-decile-ODah33uNGvU-unsplash.jpg,36937,.jpg
original_images/male/caucasian/mark-farias-dt60oksDTx8-unsplash.jpg,16684,.jpg
original_images/male/caucasian/martin-magnemyr-V4B0nrIJcls-unsplash.jpg,30227,.jpg
original_images/male/caucasian/mateus-pinheiro-6e0z7TFIlo0-unsplash.jpg,28683,.jpg
original_images/male/caucasian/matheus-farias-fa314kBSJxo-unsplash.jpg,19687,.jpg
original_images/male/caucasian/matt-sings-ixmVe2qr8TM-unsplash.jpg,20560,.jpg
original_images/male/caucasian/matteo-minoglio-JDBR1pXomQw-unsplash.jpg,19842,.jpg
original_images/male/caucasian/max-bender-1uMdzWWCAJk-unsplash.jpg,29635,.jpg
original_images/male/caucasian/mehdi-lamaaffar-lrALtuCkYs0-unsplash.jpg,23485,.jpg
original_images/male/caucasian/mehmet-turgut-kirkgoz-GHks3u7dzcc-unsplash.jpg,35399,.jpg
original_images/male/caucasian/mens-3849286_1920.jpg,26588,.jpg
original_images/male/caucasian/mikhail-marchenko-nuOfp2JdBB8-unsplash.jpg,22775,.jpg
original_images/male/caucasian/mitchell-griest-k879YX17xVQ-unsplash.jpg,26457,.jpg
original_images/male/caucasian/model-3513812_1920.jpg,21618,.jpg
original_images/male/caucasian/model-4759613_1920.jpg,25970,.jpg
original_images/male/caucasian/mohamed-nohassi-Z60j5qAOW_M-unsplash.jpg,33528,.jpg
original_images/male/caucasian/morten-pedersen-Z-bgD8pMv30-unsplash.jpg,24898,.jpg
original_images/male/caucasian/musician-1380216_1920.jpg,18440,.jpg
original_images/male/caucasian/mysterious-4289694_1920.jpg,43258,.jpg
original_images/male/caucasian/nate-J5U-22o1ubw-unsplash.jpg,15000,.jpg
original_images/male/caucasian/nathan-dumlao-4m2-An3yFx0-unsplash.jpg,20966,.jpg
original_images/male/caucasian/nathan-dumlao-SJl7ZfClJEc-unsplash.jpg,21697,.jpg
original_images/male/caucasian/nathan-dumlao-ger61_TX6oI-unsplash.jpg,27672,.jpg
original_images/male/caucasian/nathan-van-de-graaf-8ngIBwU2-5U-unsplash.jpg,20470,.jpg
original_images/male/caucasian/nathaniel-vala-cBKz-2Db6Rg-unsplash.jpg,22051,.jpg
original_images/male/caucasian/neonbrand-8AGfQQl_RSM-unsplash.jpg,33179,.jpg
original_images/male/caucasian/nick-karvounis-JyO_szjGvUw-unsplash.jpg,24650,.jpg
original_images/male/caucasian/nick-linnen-BCQVNAUo_7Y-unsplash.jpg,34521,.jpg
original_images/male/caucasian/nikita-fox-2ODe_T5WRzA-unsplash.jpg,14747,.jpg
original_images/male/caucasian/niklas-veenhuis-HqWKpGBPm8I-unsplash.jpg,14532,.jpg
original_images/male/caucasian/nikolay-vybornov-lC6f79utuKM-unsplash.jpg,16254,.jpg
original_images/male/caucasian/noah-blaine-clark-d8OX1jeN5Ac-unsplash.jpg,29165,.jpg
original_images/male/caucasian/noble-mitchell-qZr1NKjcD0E-unsplash.jpg,23884,.jpg
original_images/male/caucasian/norbert-kundrak-Qkka6rvSToY-unsplash.jpg,36387,.jpg
original_images/male/caucasian/oleg-ivanov--9ctS97imKs-unsplash.jpg,27510,.jpg
original_images/male/caucasian/paolo-bendandi-D-8XODEIr_s-unsplash.jpg,20256,.jpg
original_images/male/caucasian/patricia-prudente-__LnEJsm7ns-unsplash.jpg,25782,.jpg
original_images/male/caucasian/people-1492096_1920.jpg,23875,.jpg
original_images/male/caucasian/people-1690965_1920.jpg,24815,.jpg
original_images/male/caucasian/people-875597_1920.jpg,24739,.jpg
original_images/male/caucasian/person-4556344_1920.jpg,17402,.jpg
original_images/male/caucasian/person-700003_1920.jpg,19359,.jpg
original_images/male/caucasian/person-771996_1920.jpg,20601,.jpg
original_images/male/caucasian/petr-sevcovic-e12wQLAjQi0-unsplash.jpg,22819,.jpg
original_images/male/caucasian/pexels-alex-green-6625960.jpg,31187,.jpg
original_images/male/caucasian/pexels-andrea-piacquadio-3779455.jpg,20998,.jpg
original_images/male/caucasian/pexels-andrea-piacquadio-3811804.jpg,36346,.jpg
original_images/male/caucasian/pexels-andrea-piacquadio-3824771.jpg,19615,.jpg
original_images/male/caucasian/pexels-andrea-piacquadio-3831631.jpg,21374,.jpg
original_images/male/caucasian/pexels-anna-shvets-4971982.jpg,43975,.jpg
original_images/male/caucasian/pexels-caroline-ayumi-fugitani-3718045.jpg,30627,.jpg
original_images/male/caucasian/pexels-cottonbro-4100430.jpg,19630,.jpg
original_images/male/caucasian/pexels-cottonbro-4812639.jpg,20734,.jpg
original_images/male/caucasian/pexels-daisa-tj-3408420.jpg,48329,.jpg
original_images/male/caucasian/pexels-david-garrison-2128807.jpg,35165,.jpg
original_images/male/caucasian/pexels-david-garrison-2128815.jpg,38217,.jpg
original_images/male/caucasian/pexels-elle-hughes-1680175.jpg,33862,.jpg
original_images/male/caucasian/pexels-ethan-jones-3222422 (1).jpg,34345,.jpg
original_images/male/caucasian/pexels-hamid-tajik-6273203.jpg,28290,.jpg
original_images/male/caucasian/pexels-ira-dulger-1452127.jpg,21678,.jpg
original_images/male/caucasian/pexels-jaysen-scott-1858490.jpg,24257,.jpg
original_images/male/caucasian/pexels-jj-jordan-3149592.jpg,44034,.jpg
original_images/male/caucasian/pexels-julia-m-cameron-4144458.jpg,19801,.jpg
original_images/male/caucasian/pexels-keith-lobo-3854982.jpg,40907,.jpg
original_images/male/caucasian/pexels-linkedin-sales-navigator-2182970.jpg,23601,.jpg
original_images/male/caucasian/pexels-martin-p¿ªchy-2078265.jpg,39681,.jpg
original_images/male/caucasian/pexels-mart¿¬-pardo-1674318.jpg,44136,.jpg
original_images/male/caucasian/pexels-ralph-rabago-3290888.jpg,43891,.jpg
original_images/male/caucasian/pexels-rodrigo-souza-2531553.jpg,41509,.jpg
original_images/male/caucasian/pexels-sebastian-libuda-678785.jpg,23016,.jpg
original_images/male/caucasian/pexels-spencer-selover-775358.jpg,23747,.jpg
original_images/male/caucasian/pexels-vikas-mani-2764950.jpg,30872,.jpg
original_images/male/caucasian/philipp-wuthrich--oHSNY6F-xU-unsplash.jpg,23004,.jpg
original_images/male/caucasian/piotr-wilk-LcCvM4vZEyg-unsplash.jpg,25874,.jpg
original_images/male/caucasian/portrait-1141481_1920.jpg,33173,.jpg
original_images/male/caucasian/portrait-1535271_1920.jpg,21629,.jpg
original_images/male/caucasian/portrait-2501866_1920.jpg,20560,.jpg
original_images/male/caucasian/portrait-2573013_1920.jpg,19868,.jpg
original_images/male/caucasian/portrait-2946213_1920.jpg,28843,.jpg
original_images/male/caucasian/portrait-3059314_1920.jpg,18225,.jpg
original_images/male/caucasian/portrait-3334378_1280.jpg,33047,.jpg
original_images/male/caucasian/portrait-3338642_1920.jpg,34213,.jpg
original_images/male/caucasian/portrait-3353699_1920.jpg,17731,.jpg
original_images/male/caucasian/portrait-3518462_1920.jpg,19629,.jpg
original_images/male/caucasian/portrait-3518463_1920.jpg,18758,.jpg
original_images/male/caucasian/r-d-smith-k-f3PYgAPwQ-unsplash.jpg,28231,.jpg
original_images/male/caucasian/rabbi-3485884_1920.jpg,24682,.jpg
original_images/male/caucasian/ricky-higby-5jqNqM1Npsg-unsplash.jpg,30327,.jpg
original_images/male/caucasian/robert-godwin-cdksyTqEXzo-unsplash.jpg,29071,.jpg
original_images/male/caucasian/robert-harkness-MB_5XK9E7vM-unsplash.jpg,28058,.jpg
original_images/male/caucasian/robert-lazar-gln1ySXJJbU-unsplash.jpg,26491,.jpg
original_images/male/caucasian/roland-hechanova-3O18O0CZiZ4-unsplash.jpg,38441,.jpg
original_images/male/caucasian/roman-holoschchuk-I2SU6dCGsnI-unsplash.jpg,30195,.jpg
original_images/male/caucasian/roman-holoschchuk-O-98kcPe0P8-unsplash.jpg,31146,.jpg
original_images/male/caucasian/ronan-kruithof-SMrz4oEO95I-unsplash.jpg,16516,.jpg
original_images/male/caucasian/ronny-sison-Ajrb9WJlVzI-unsplash.jpg,27377,.jpg
original_images/male/caucasian/rooftop-1261214_1920.jpg,20308,.jpg
original_images/male/caucasian/ryan-porter-XW1HtPgi1G4-unsplash.jpg,36241,.jpg
original_images/male/caucasian/sara-dubler-dDE6naQBc2Q-unsplash.jpg,58137,.jpg
original_images/male/caucasian/sayo-garcia-n-LARjYGIeg-unsplash(1).jpg,23075,.jpg
original_images/male/caucasian/sayo-garcia-n-LARjYGIeg-unsplash.jpg,23075,.jpg
original_images/male/caucasian/scarf-3339049_1920.jpg,40422,.jpg
original_images/male/caucasian/scott-higdon-tD1XD54mx8w-unsplash.jpg,24605,.jpg
original_images/male/caucasian/sebastian-pociecha-xLc0r-hn0Do-unsplash.jpg,30131,.jpg
original_images/male/caucasian/selfie-4302321_1920.jpg,31903,.jpg
original_images/male/caucasian/selfie-543366_1280.jpg,25082,.jpg
original_images/male/caucasian/serhiy-hipskyy-6KPUS5tUp3Y-unsplash.jpg,18227,.jpg
original_images/male/caucasian/serhiy-hipskyy-Vilt9tibcLQ-unsplash.jpg,23460,.jpg
original_images/male/caucasian/sharon-mccutcheon-W2hSpLh5caQ-unsplash.jpg,21333,.jpg
original_images/male/caucasian/sigmund-QjCNk0TxGfc-unsplash.jpg,23844,.jpg
original_images/male/caucasian/sincerely-media-_iIB6g19mq4-unsplash.jpg,17566,.jpg
original_images/male/caucasian/sinitta-leunen-KwHFS8vMHvA-unsplash.jpg,23090,.jpg
original_images/male/caucasian/smile-2583221_1920.jpg,26053,.jpg
original_images/male/caucasian/smiling-888532_1920.jpg,16261,.jpg
original_images/male/caucasian/smirk-4778656_1920.jpg,19406,.jpg
original_images/male/caucasian/smitty-kVB7kYjBPJI-unsplash.jpg,27796,.jpg
original_images/male/caucasian/steven-erixon-C1nxojDnNPo-unsplash.jpg,13997,.jpg
original_images/male/caucasian/suit-3554990_1920.jpg,18300,.jpg
original_images/male/caucasian/sven-kucinic-Pjl9OrTRXFg-unsplash.jpg,21036,.jpg
original_images/male/caucasian/talen-de-st-croix-XzRhdAoNMa8-unsplash.jpg,15939,.jpg
original_images/male/caucasian/taras-chernus-8CEKQlmnf50-unsplash.jpg,17511,.jpg
original_images/male/caucasian/taylor-8Vt2haq8NSQ-unsplash.jpg,26732,.jpg
original_images/male/caucasian/taylor-hernandez-hZdF1lzo8fs-unsplash.jpg,39912,.jpg
original_images/male/caucasian/taylor-nhIbH2OwB7M-unsplash.jpg,24762,.jpg
original_images/male/caucasian/teen-722645_1920.jpg,18646,.jpg
original_images/male/caucasian/teen-722650_1920.jpg,19027,.jpg
original_images/male/caucasian/teenager-1131815_1280.jpg,20106,.jpg
original_images/male/caucasian/teenager-398355_1920.jpg,19950,.jpg
original_images/male/caucasian/thibault-debaene-Rtq9qhM3LOk-unsplash.jpg,23228,.jpg
original_images/male/caucasian/thomas-verleene-zdaUF3dsfOU-unsplash.jpg,21409,.jpg
original_images/male/caucasian/tim-tebow-foundation-Xo2OuzT5WtQ-unsplash.jpg,22202,.jpg
original_images/male/caucasian/toa-heftiba-Gf12dq0xgHA-unsplash.jpg,19440,.jpg
original_images/male/caucasian/toa-heftiba-chn-__w4I3M-unsplash.jpg,38506,.jpg
original_images/male/caucasian/toa-heftiba-nvEC7ALWiPg-unsplash.jpg,25458,.jpg
original_images/male/caucasian/toa-heftiba-ukvkvS2Wdlw-unsplash.jpg,26524,.jpg
original_images/male/caucasian/tobi-oshinnaike-Z7MKNGFnbOw-unsplash.jpg,21925,.jpg
original_images/male/caucasian/tomas-gal-0y7_9bRUoz0-unsplash.jpg,20234,.jpg
original_images/male/caucasian/tomas-gal-M6T8XDSl984-unsplash.jpg,19264,.jpg
original_images/male/caucasian/tomas-gal-hRsnfRjl40w-unsplash.jpg,19027,.jpg
original_images/male/caucasian/vampire-4798680_1920.jpg,16129,.jpg
original_images/male/caucasian/vasile-stancu-Rx-dasg6bN4-unsplash.jpg,19277,.jpg
original_images/male/caucasian/vicky-hladynets-BUNTFZ25_hI-unsplash.jpg,21747,.jpg
original_images/male/caucasian/vicky-hladynets-EruJpcY4i1w-unsplash.jpg,23509,.jpg
original_images/male/caucasian/vicky-hladynets-NnmUHZ6tpSs-unsplash.jpg,31249,.jpg
original_images/male/caucasian/vicky-hladynets-uyaTT9u6AvI-unsplash.jpg,26804,.jpg
original_images/male/caucasian/viktor-juric--10t7s-rYzE-unsplash.jpg,20814,.jpg
original_images/male/caucasian/vinicius-amnx-amano-XKoTZ1EUOJA-unsplash.jpg,22632,.jpg
original_images/male/caucasian/visuals-of-theodor-GXzUcBq9QAM-unsplash.jpg,19262,.jpg
original_images/male/caucasian/welshman-3654545_1920.jpg,14813,.jpg
original_images/male/caucasian/wes-walker-sahep-7OPkM-unsplash.jpg,14671,.jpg
original_images/male/caucasian/wesley-tingey-TvPCUHten1o-unsplash.jpg,18867,.jpg
original_images/male/caucasian/where-is-pykh-_3vfugHP3Ro-unsplash.jpg,10723,.jpg
original_images/male/caucasian/winter-1937626_1920.jpg,18038,.jpg
original_images/male/caucasian/xenia-bogarova-yyrH1RR7iy4-unsplash.jpg,37330,.jpg
original_images/male/caucasian/yan-berthemy-0r5t7wKzem4-unsplash.jpg,26757,.jpg
original_images/male/caucasian/young-2807688_1920.jpg,20902,.jpg
original_images/male/caucasian/young-3966056_1920.jpg,18172,.jpg
original_images/male/caucasian/young-4254330_1920.jpg,27645,.jpg
original_images/male/caucasian/young-4440156_1920.jpg,24425,.jpg
original_images/male/caucasian/young-4549901_1920.jpg,21730,.jpg
original_images/male/caucasian/young-507297_1920.jpg,19051,.jpg
original_images/male/caucasian/young-man-1272106_1920.jpg,24848,.jpg
original_images/male/caucasian/young-man-1281282_1920.jpg,24763,.jpg
original_images/male/caucasian/young-man-1990618_1920.jpg,22726,.jpg
original_images/male/caucasian/young-man-3354511_1920.jpg,20897,.jpg
original_images/male/caucasian/young-man-4971459_1920.jpg,17668,.jpg
original_images/male/caucasian/youth-393656_1920.jpg,14781,.jpg
original_images/male/caucasian/zheka-boychenko-vPkTWyTgk8E-unsplash.jpg,34311,.jpg
original_images/male/caucasian/zoran-borojevic-f5xiGmFwXIU-unsplash.jpg,26577,.jpg
original_images/male/hispanic/112.jpg,62694,.jpg
original_images/male/hispanic/121.jpg,3263168,.jpg
original_images/male/hispanic/132.jpg,70516,.jpg
original_images/male/hispanic/alex-avalos-5L4ibEMAuN0-unsplash.jpg,20284,.jpg
original_images/male/hispanic/alex-quezada-IqiGfsnI0Rk-unsplash.jpg,25858,.jpg
original_images/male/hispanic/alex-suprun-ZHvM3XIOHoE-unsplash.jpg,19513,.jpg
original_images/male/hispanic/allef-vinicius-_5ZkuqGEIW0-unsplash.jpg,33546,.jpg
original_images/male/hispanic/amir-esrafili-xmYL_5Hpe4U-unsplash.jpg,38787,.jpg
original_images/male/hispanic/andrei-caliman-6R2Sj-8PerY-unsplash.jpg,20188,.jpg
original_images/male/hispanic/andrei-caliman-xRkj9n5_HNo-unsplash.jpg,18945,.jpg
original_images/male/hispanic/andres-hernandez-O5_adohk29M-unsplash.jpg,22013,.jpg
original_images/male/hispanic/ante-samarzija-hOc5-fe3fzE-unsplash.jpg,42226,.jpg
original_images/male/hispanic/antoine-da-cunha-r8AEmsxbf1A-unsplash.jpg,16877,.jpg
original_images/male/hispanic/anton-darius-3XY7BWwGolk-unsplash.jpg,20103,.jpg
original_images/male/hispanic/antreina-stone-VtZEhxeWHA8-unsplash.jpg,34101,.jpg
original_images/male/hispanic/austrian-national-library-NiwBev0Fosk-unsplash.jpg,22241,.jpg
original_images/male/hispanic/basketball-888531_1920.jpg,13149,.jpg
original_images/male/hispanic/beard-5216825_1920.jpg,20743,.jpg
original_images/male/hispanic/bearded-1903465_1920.jpg,27752,.jpg
original_images/male/hispanic/betzy-arosemena-Mx15HMZGQzY-unsplash.jpg,35216,.jpg
original_images/male/hispanic/black-and-white-1282264_1920.jpg,33158,.jpg
original_images/male/hispanic/boy-1284509_1920.jpg,34355,.jpg
original_images/male/hispanic/boy-1846704_1920.jpg,22485,.jpg
original_images/male/hispanic/boy-2699256_1920.jpg,29602,.jpg
original_images/male/hispanic/brian-lundquist-IAWN962A4aA-unsplash.jpg,29341,.jpg
original_images/male/hispanic/carlos-arthur-m-r-mgLuffTBCWk-unsplash.jpg,23323,.jpg
original_images/male/hispanic/carlos-gil-GfuvYM8LPPQ-unsplash.jpg,23238,.jpg
original_images/male/hispanic/carol-magalhaes-oSPye-Bcdas-unsplash.jpg,11513,.jpg
original_images/male/hispanic/chalo-garcia-PXccl_hEIww-unsplash.jpg,29943,.jpg
original_images/male/hispanic/christian-buehner-9-ROKwX-C0Q-unsplash.jpg,22084,.jpg
original_images/male/hispanic/christian-buehner-QLcxFso3gLk-unsplash.jpg,16649,.jpg
original_images/male/hispanic/christian-buehner-hIbh3VlZgwU-unsplash.jpg,35072,.jpg
original_images/male/hispanic/christian-buehner-wJkSeq7DzrI-unsplash.jpg,35292,.jpg
original_images/male/hispanic/clarisse-meyer-B9TzBwBVUpw-unsplash.jpg,24289,.jpg
original_images/male/hispanic/cosmin-serban-6RP0cM4-xbk-unsplash.jpg,18102,.jpg
original_images/male/hispanic/couple-5917009_1920.png,142029,.png
original_images/male/hispanic/creative-christians-6EwRNsuhFo4-unsplash.jpg,21064,.jpg
original_images/male/hispanic/daniel-alvarez-4832112_1920.jpg,23869,.jpg
original_images/male/hispanic/daniil-onischenko-XqX_PfrFXdQ-unsplash.jpg,23921,.jpg
original_images/male/hispanic/daniil-onischenko-YtvwVAVUrLI-unsplash.jpg,16185,.jpg
original_images/male/hispanic/darius-bashar-8Kfyz3FMjtE-unsplash.jpg,43036,.jpg
original_images/male/hispanic/deniz-gocmen-I_iTEsW8Cww-unsplash.jpg,21796,.jpg
original_images/male/hispanic/diego-sanchez-C20AJQ_yg14-unsplash.jpg,21838,.jpg
original_images/male/hispanic/diego-sanchez-FnbRghTNtdE-unsplash.jpg,21167,.jpg
original_images/male/hispanic/drew-hays-agGIKYs4mYs-unsplash.jpg,18974,.jpg
original_images/male/hispanic/elvis-ray-sIIoJ0uGkUc-unsplash.jpg,23649,.jpg
original_images/male/hispanic/erik-mclean-bTCQMLjXLZQ-unsplash.jpg,13726,.jpg
original_images/male/hispanic/face-3265605_1920.jpg,26052,.jpg
original_images/male/hispanic/g_1.jpg,48291,.jpg
original_images/male/hispanic/g_12.jpg,21492,.jpg
original_images/male/hispanic/g_13.jpg,28028,.jpg
original_images/male/hispanic/g_4.jpg,81052,.jpg
original_images/male/hispanic/g_5.jpg,64197,.jpg
original_images/male/hispanic/gabriella-clare-marino-G3Nj7b_UBLo-unsplash.jpg,50565,.jpg
original_images/male/hispanic/gaurav-saini-lIxF9Xk6t5E-unsplash.jpg,28552,.jpg
original_images/male/hispanic/georgia-mashford-UzxZBo7nP9E-unsplash.jpg,12670,.jpg
original_images/male/hispanic/guard-1129949_1920.jpg,44162,.jpg
original_images/male/hispanic/guilherme-franca-dNSQPOcDyN8-unsplash.jpg,31659,.jpg
original_images/male/hispanic/guy8.jpg,495716,.jpg
original_images/male/hispanic/hamed-taha-xPmMqkAze7g-unsplash.jpg,26673,.jpg
original_images/male/hispanic/human-1993383_1920.jpg,28868,.jpg
original_images/male/hispanic/hust-wilson-o0ggKYPgnzg-unsplash.jpg,30866,.jpg
original_images/male/hispanic/isaac-quesada-uTZ9UIxUKVY-unsplash.jpg,20432,.jpg
original_images/male/hispanic/ismail-taibi-yLFFEhcaYyw-unsplash.jpg,17954,.jpg
original_images/male/hispanic/jack-finnigan-veB8-OSCyM4-unsplash.jpg,39867,.jpg
original_images/male/hispanic/jaime-spaniol-0g9FHYb3IEY-unsplash.jpg,29013,.jpg
original_images/male/hispanic/janko-ferlic-G-jo31ESuRE-unsplash.jpg,17289,.jpg
original_images/male/hispanic/jasper-garratt-jJjUdYDga7o-unsplash.jpg,20659,.jpg
original_images/male/hispanic/joam-lima-vxwjMDcS_6Q-unsplash.jpg,28978,.jpg
original_images/male/hispanic/joao-marinho-5rpUUOuBQ5w-unsplash.jpg,28713,.jpg
original_images/male/hispanic/jonas-kakaroto-KIPqvvTOC1s-unsplash.jpg,19123,.jpg
original_images/male/hispanic/jorge-salvador-iGzHMzRZjRs-unsplash.jpg,22279,.jpg
original_images/male/hispanic/kenzie-kraft-9QW52RyBLao-unsplash.jpg,20199,.jpg
original_images/male/hispanic/kevin-turcios-Mn0mVsdg4EU-unsplash.jpg,35666,.jpg
original_images/male/hispanic/mael-balland-uPgFSd7POhw-unsplash.jpg,25977,.jpg
original_images/male/hispanic/male-4444163_1920.jpg,31484,.jpg
original_images/male/hispanic/man-1209137_1920.jpg,25827,.jpg
original_images/male/hispanic/man-1613566_1920.jpg,12386,.jpg
original_images/male/hispanic/man-1928649_1920.jpg,25035,.jpg
original_images/male/hispanic/man-2030662_1920.jpg,22982,.jpg
original_images/male/hispanic/man-2087436_1920.jpg,34502,.jpg
original_images/male/hispanic/man-2482464_1920.jpg,27933,.jpg
original_images/male/hispanic/man-352563_1280.jpg,34736,.jpg
original_images/male/hispanic/man-496471_1920.jpg,18173,.jpg
original_images/male/hispanic/man-912226_1920.jpg,36829,.jpg
original_images/male/hispanic/man-947161_1920.jpg,20564,.jpg
original_images/male/hispanic/marcos-paulo-prado-y6yrNx1MBEg-unsplash.jpg,27867,.jpg
original_images/male/hispanic/mark-decile-VHFnE1uz0wY-unsplash.jpg,32324,.jpg
original_images/male/hispanic/matheus-farias-_jOsfORtjew-unsplash.jpg,21525,.jpg
original_images/male/hispanic/max-harlynking-zaItO-b0afs-unsplash.jpg,55275,.jpg
original_images/male/hispanic/mehrad-vosoughi-iUQmEFtfdLw-unsplash.jpg,26441,.jpg
original_images/male/hispanic/michele-seghieri-9cRe2YMORtc-unsplash.jpg,29506,.jpg
original_images/male/hispanic/mihai-stefan-0_G9UHXy39c-unsplash.jpg,17029,.jpg
original_images/male/hispanic/mika-suYP9jClcSA-unsplash.jpg,24204,.jpg
original_images/male/hispanic/misael-silvera-5CSRi249CQk-unsplash.jpg,25624,.jpg
original_images/male/hispanic/model-3827058_1920.jpg,21492,.jpg
original_images/male/hispanic/model-3994985_1920.jpg,26591,.jpg
original_images/male/hispanic/model-4448780_1920.jpg,20607,.jpg
original_images/male/hispanic/mojtaba-ravanbakhsh-C1FZr9CIC5U-unsplash.jpg,17665,.jpg
original_images/male/hispanic/nathan-dumlao-iKwCVH4cyjQ-unsplash.jpg,22611,.jpg
original_images/male/hispanic/national-cancer-institute-NNpo-liY5aU-unsplash.jpg,33254,.jpg
original_images/male/hispanic/nature-1706767_1920.jpg,20906,.jpg
original_images/male/hispanic/olena-sergienko-FzFTy03noZ0-unsplash.jpg,19511,.jpg
original_images/male/hispanic/oosman-exptal-K2exjqPg3Zs-unsplash.jpg,28028,.jpg
original_images/male/hispanic/outdoors-3462520_1920(1).jpg,19009,.jpg
original_images/male/hispanic/paul-castanie-ukPQ7WBznvQ-unsplash.jpg,30721,.jpg
original_images/male/hispanic/people-2202472_1920.jpg,27325,.jpg
original_images/male/hispanic/people-2202474_1920.jpg,27148,.jpg
original_images/male/hispanic/people-2571917_1920.jpg,23373,.jpg
original_images/male/hispanic/people-2583959_1920.jpg,27881,.jpg
original_images/male/hispanic/pexels-anna-tarazevich-5234265.jpg,26569,.jpg
original_images/male/hispanic/pexels-armin-rimoldi-5301742.jpg,24609,.jpg
original_images/male/hispanic/pexels-cottonbro-4255413.jpg,32061,.jpg
original_images/male/hispanic/pexels-fady-hany-1466844.jpg,33356,.jpg
original_images/male/hispanic/pexels-hamid-tajik-6207046.jpg,22226,.jpg
original_images/male/hispanic/pexels-italo-melo-2379004.jpg,43678,.jpg
original_images/male/hispanic/pexels-italo-melo-2379005.jpg,39744,.jpg
original_images/male/hispanic/pexels-javon-swaby-2778211.jpg,29536,.jpg
original_images/male/hispanic/pexels-johanser-martinez-5372767.jpg,20382,.jpg
original_images/male/hispanic/pexels-luan-queiros-3260952.jpg,23482,.jpg
original_images/male/hispanic/pexels-moose-photos-1036643.jpg,25159,.jpg
original_images/male/hispanic/pexels-mustafa-husnii-381843.jpg,44707,.jpg
original_images/male/hispanic/pexels-ron¿║-ferreira-2304113.jpg,36607,.jpg
original_images/male/hispanic/pexels-zaetaflow-sec-3205230.jpg,37767,.jpg
original_images/male/hispanic/portrait-2244177_1280.jpg,16202,.jpg
original_images/male/hispanic/posing-996232_1920.jpg,23157,.jpg
original_images/male/hispanic/raj-rana-pgwb84pGonM-unsplash.jpg,25306,.jpg
original_images/male/hispanic/refugee-1226610_1920.jpg,31781,.jpg
original_images/male/hispanic/ricardo-aguilera-FZ08deIUo7U-unsplash.jpg,22749,.jpg
original_images/male/hispanic/riccardo-pitzalis-TpeBIIM0UIY-unsplash.jpg,22943,.jpg
original_images/male/hispanic/ronny-sison-3vzaG52ZCJY-unsplash.jpg,33097,.jpg
original_images/male/hispanic/ronny-sison-U9G_SPVlGd0-unsplash.jpg,48364,.jpg
original_images/male/hispanic/salar-arif-4CWNGHc-luo-unsplash.jpg,20994,.jpg
original_images/male/hispanic/sam-rios-mKoLyYCXVnw-unsplash.jpg,23346,.jpg
original_images/male/hispanic/silviu-beniamin-tofan-NEkD-WSpkbU-unsplash.jpg,19414,.jpg
original_images/male/hispanic/suzana-sousa-IC1_YWQn6so-unsplash.jpg,30035,.jpg
original_images/male/hispanic/tania-mousinho-ZTiPsISn3ac-unsplash.jpg,27342,.jpg
original_images/male/hispanic/tanjir-ahmed-chowdhury-YMJvX8k3Kfc-unsplash.jpg,23684,.jpg
original_images/male/hispanic/taylor-vatem-AcyB19Kpg48-unsplash.jpg,23052,.jpg
original_images/male/hispanic/toa-heftiba-2O1EUSTRBrY-unsplash.jpg,29783,.jpg
original_images/male/hispanic/toa-heftiba-w1ftQyDNF3U-unsplash.jpg,31846,.jpg
original_images/male/hispanic/tom-cochereau-695YdtftW6Y-unsplash.jpg,21027,.jpg
original_images/male/hispanic/tyler-nix-PQeoQdkU9jQ-unsplash.jpg,53687,.jpg
original_images/male/hispanic/vince-fleming-1NrzZHMFztA-unsplash.jpg,31675,.jpg
original_images/male/hispanic/whereslugo-DMVD9RkZIwQ-unsplash.jpg,20307,.jpg
original_images/male/hispanic/wonderlane-WzWScssFGJU-unsplash.jpg,38939,.jpg
original_images/male/hispanic/yogendra-singh-owqFcZRWzTw-unsplash.jpg,34955,.jpg
original_images/male/hispanic/z-3695551_1920.jpg,17884,.jpg
original_images/male/hispanic/ziphaus-Fkb4-bLAE4o-unsplash.jpg,26628,.jpg
original_images/male/hispanic/zulmaury-saavedra-Z9GKfYmWOAM-unsplash.jpg,31214,.jpg
original_images/male/indian/10.jpg,66642,.jpg
original_images/male/indian/115.jpg,66525,.jpg
original_images/male/indian/116.jpg,85762,.jpg
original_images/male/indian/128.jpg,4563093,.jpg
original_images/male/indian/abhimanyu-patel-o2g-PaaeD_U-unsplash.jpg,31178,.jpg
original_images/male/indian/alex-avalos-Mfoj3mxvYl8-unsplash.jpg,14282,.jpg
original_images/male/indian/ali-kazal-Su_3F-rsTFE-unsplash.jpg,23836,.jpg
original_images/male/indian/ali-yahya-22S6KHZoE8Q-unsplash.jpg,30995,.jpg
original_images/male/indian/amir-ahmadpour-UtaI5TkADPw-unsplash.jpg,20204,.jpg
original_images/male/indian/amir-mohammad-jafari-tKEti7E86Kc-unsplash.jpg,28448,.jpg
original_images/male/indian/amir-soltani-9RcccOHau2M-unsplash.jpg,40684,.jpg
original_images/male/indian/ankush-minda-uPIDtOdCINY-unsplash.jpg,14877,.jpg
original_images/male/indian/aryan-ghauri-dRatGbY1k8Y-unsplash.jpg,25554,.jpg
original_images/male/indian/ashkan-forouzani-L9YcNysgL94-unsplash.jpg,28246,.jpg
original_images/male/indian/ashkan-forouzani-Y8QiDJMEUGc-unsplash.jpg,22442,.jpg
original_images/male/indian/ashkan-forouzani-YlAp3Y7VUmA-unsplash.jpg,22251,.jpg
original_images/male/indian/ashkan-forouzani-b8dhPVAxWfE-unsplash.jpg,29115,.jpg
original_images/male/indian/ashkan-forouzani-lxQw4HiwKBY-unsplash.jpg,30576,.jpg
original_images/male/indian/ashkan-forouzani-rHuReQyQ72c-unsplash.jpg,32336,.jpg
original_images/male/indian/athul-krishna-kmrgLHTOo8s-unsplash.jpg,22631,.jpg
original_images/male/indian/boy-1119239_1920.jpg,51053,.jpg
original_images/male/indian/boy-5838699_1920.jpg,31292,.jpg
original_images/male/indian/children-82272_1920.jpg,24660,.jpg
original_images/male/indian/chirag-dulyan-qOd6UZdvMC4-unsplash.jpg,13948,.jpg
original_images/male/indian/couple-engagement-pictures-2136097_1920.jpg,25770,.jpg
original_images/male/indian/deepak-mahajan-8ig-SzHpqDw-unsplash.jpg,30622,.jpg
original_images/male/indian/diego-sanchez-ABNwyVyvCbo-unsplash.jpg,22670,.jpg
original_images/male/indian/dollar-gill-X0iNZ0UZIrI-unsplash.jpg,19930,.jpg
original_images/male/indian/dollar-gill-nGWo2KbJERc-unsplash.jpg,29465,.jpg
original_images/male/indian/ecommerce-3412872_1920.jpg,17994,.jpg
original_images/male/indian/emiliano-vittoriosi-XtmpHM7uKCs-unsplash.jpg,21581,.jpg
original_images/male/indian/eric-joseph-GMCsqQHOW0A-unsplash.jpg,26366,.jpg
original_images/male/indian/evan-dvorkin-FLhnC9S_UE8-unsplash.jpg,22187,.jpg
original_images/male/indian/farhan-shaikh-9TYryqt3wLk-unsplash.jpg,25276,.jpg
original_images/male/indian/gaurav-khoda-HYQMk4fFI-s-unsplash.jpg,18249,.jpg
original_images/male/indian/guy3.jpg,154274,.jpg
original_images/male/indian/guy7.jpg,79931,.jpg
original_images/male/indian/hadi-yazdi-aznaveh-TmRQRgugEsQ-unsplash.jpg,15566,.jpg
original_images/male/indian/handsome-1805532_1920.jpg,19601,.jpg
original_images/male/indian/handsome-1886567_1920.jpg,15119,.jpg
original_images/male/indian/happiness-4067230_1920.jpg,19086,.jpg
original_images/male/indian/harps-joseph-tAvpDE7fXgY-unsplash.jpg,19619,.jpg
original_images/male/indian/head-shots-1544781_1920.jpg,18448,.jpg
original_images/male/indian/hichem-dahmani-8VitrkP2-mw-unsplash.jpg,27051,.jpg
original_images/male/indian/himanshu-dewangan-brk2ZfYTOp8-unsplash.jpg,20633,.jpg
original_images/male/indian/hossein-rezaei--paUf05gaUs-unsplash.jpg,24716,.jpg
original_images/male/indian/ilaya-raja-uX0yUOEYFFU-unsplash.jpg,24220,.jpg
original_images/male/indian/imansyah-muhamad-putera-Ob19pmoYWkI-unsplash.jpg,23783,.jpg
original_images/male/indian/india-1129954_1920.jpg,23242,.jpg
original_images/male/indian/india-4870636_1920.jpg,17895,.jpg
original_images/male/indian/indian-3459541_1920.jpg,18028,.jpg
original_images/male/indian/indian-5882625_1920.jpg,33318,.jpg
original_images/male/indian/indian-boy-2982850_1920.jpg,29417,.jpg
original_images/male/indian/jaikishan-patel-DSyyWrVjBNA-unsplash.jpg,27404,.jpg
original_images/male/indian/jaikishan-patel-G1r9ySGtdWQ-unsplash.jpg,23518,.jpg
original_images/male/indian/jeffrey-grospe-epomvImeev4-unsplash.jpg,14860,.jpg
original_images/male/indian/jennifer-marquez-kg9cClY_fuc-unsplash.jpg,15369,.jpg
original_images/male/indian/jordyn-montague-nV7GRL8ooJg-unsplash.jpg,25255,.jpg
original_images/male/indian/juanma-velasquez-JrNsKhB5aRQ-unsplash.jpg,11428,.jpg
original_images/male/indian/jyotirmoy-gupta-nBe68MZSIYY-unsplash.jpg,27996,.jpg
original_images/male/indian/kamran-ch-7pES3XC7l7Q-unsplash.jpg,23237,.jpg
original_images/male/indian/kazi-mizan-PDDfWeh44m8-unsplash.jpg,3034703,.jpg
original_images/male/indian/kazi-mizan-S3FoV56-Wbk-unsplash.jpg,13134,.jpg
original_images/male/indian/kazi-mizan-bfReptWpKEg-unsplash.jpg,21944,.jpg
original_images/male/indian/keenan-constance-292Pth2Y5QM-unsplash.jpg,25097,.jpg
original_images/male/indian/kids-2408614_1920.jpg,26734,.jpg
original_images/male/indian/lijo-easo-1JEg1c--_dM-unsplash.jpg,25759,.jpg
original_images/male/indian/male-5198715_1920.jpg,31058,.jpg
original_images/male/indian/male-model-1221915_1920.jpg,33405,.jpg
original_images/male/indian/man-2367954_1920.jpg,24452,.jpg
original_images/male/indian/man-2933801_1920.jpg,16787,.jpg
original_images/male/indian/man-3346780_1920.jpg,15467,.jpg
original_images/male/indian/man-3733308_1920.jpg,17692,.jpg
original_images/male/indian/man-5465729_1920.jpg,28762,.jpg
original_images/male/indian/man-5465741_1920.jpg,32913,.jpg
original_images/male/indian/man-5940355_1920.jpg,29477,.jpg
original_images/male/indian/man-921004_1920.jpg,57027,.jpg
original_images/male/indian/md-duran-3pe-sQM8-28-unsplash.jpg,27999,.jpg
original_images/male/indian/md-duran-RhIXw1Ua-NI-unsplash.jpg,15424,.jpg
original_images/male/indian/md-duran-msnDjv5cC_U-unsplash.jpg,22544,.jpg
original_images/male/indian/md-rakib-SW_pFXUOjTQ-unsplash.jpg,11981,.jpg
original_images/male/indian/mitchell-luo-Mp8ZXtgR_Lg-unsplash.jpg,19512,.jpg
original_images/male/indian/mitchell-luo-mVSlJeuqtL0-unsplash.jpg,23793,.jpg
original_images/male/indian/model-633771_1920.jpg,20556,.jpg
original_images/male/indian/muhammad-abdullah-hAnMkbSsDMs-unsplash.jpg,30040,.jpg
original_images/male/indian/muhammad-ali-2LTkVBl6ViM-unsplash.jpg,31033,.jpg
original_images/male/indian/muhammad-murtaza-ghani-65fj5U5HQek-unsplash.jpg,23140,.jpg
original_images/male/indian/muhammad-murtaza-ghani-Qt6x9oQ3H08-unsplash.jpg,23699,.jpg
original_images/male/indian/muhammad-murtaza-ghani-ShxuPMbO1lM-unsplash.jpg,23770,.jpg
original_images/male/indian/muhammad-murtaza-ghani-Z5zPPTDQtHU-unsplash.jpg,30439,.jpg
original_images/male/indian/muhammad-murtaza-ghani-iDN_Q0zSvY8-unsplash.jpg,26311,.jpg
original_images/male/indian/muhammad-murtaza-ghani-nUjfEYmJYl0-unsplash.jpg,32611,.jpg
original_images/male/indian/naga-sajjanapu-zXds99Aem5E-unsplash.jpg,25919,.jpg
original_images/male/indian/nehal-patel-aho7nVdauuc-unsplash.jpg,25145,.jpg
original_images/male/indian/nith-in-w1N1WmLDyHU-unsplash.jpg,20323,.jpg
original_images/male/indian/noorulabdeen-ahmad-nDrV5Wq2lxU-unsplash.jpg,28141,.jpg
original_images/male/indian/one-5889887_1920.jpg,23095,.jpg
original_images/male/indian/pedram-normohamadian-daguyNdZFCY-unsplash.jpg,29422,.jpg
original_images/male/indian/people-2456350_1920.jpg,26746,.jpg
original_images/male/indian/people-3231960_1920.jpg,25833,.jpg
original_images/male/indian/people-3358068_1920.jpg,18135,.jpg
original_images/male/indian/pexels-ali-madad-sakhirani-997512.jpg,19948,.jpg
original_images/male/indian/pexels-anna-tarazevich-5119607.jpg,24413,.jpg
original_images/male/indian/pexels-askar-abayev-5638731.jpg,32408,.jpg
original_images/male/indian/pexels-atul-choudhary-2753381.jpg,37628,.jpg
original_images/male/indian/pexels-daniel-xavier-1212984.jpg,30754,.jpg
original_images/male/indian/pexels-dhemer-gonçalves-3036415.jpg,37325,.jpg
original_images/male/indian/pexels-fauxels-3184408.jpg,24272,.jpg
original_images/male/indian/pexels-ibadat-singh-2955247.jpg,28887,.jpg
original_images/male/indian/pexels-john-stephenson-5308640.jpg,28177,.jpg
original_images/male/indian/pexels-ketut-subiyanto-4307733.jpg,29819,.jpg
original_images/male/indian/pexels-nishant-aneja-2561432.jpg,68398,.jpg
original_images/male/indian/pexels-prince-photos-1537517.jpg,30263,.jpg
original_images/male/indian/pexels-rahul-shah-888956.jpg,32124,.jpg
original_images/male/indian/pexels-sora-shimazaki-5935750.jpg,25542,.jpg
original_images/male/indian/pexels-suleman-mukhtar-452557.jpg,32442,.jpg
original_images/male/indian/pexels-the-baljinder-4089881.jpg,27414,.jpg
original_images/male/indian/pexels-yogendra-singh-3748221.jpg,41874,.jpg
original_images/male/indian/pexels-yogendra-singh-5499219.jpg,31261,.jpg
original_images/male/indian/pexels-zain-ali-905470.jpg,34114,.jpg
original_images/male/indian/portrait-1469500_1920.jpg,17723,.jpg
original_images/male/indian/portrait-2181213_1280.jpg,23056,.jpg
original_images/male/indian/portrait-2529905_1920.jpg,34974,.jpg
original_images/male/indian/portrait-2552312_1920.jpg,22367,.jpg
original_images/male/indian/portrait-2612525_1920.jpg,36014,.jpg
original_images/male/indian/portrait-419946_1920.jpg,25047,.jpg
original_images/male/indian/pratik-gupta-PeG9dqAbyjE-unsplash.jpg,22531,.jpg
original_images/male/indian/puvvukonvict-photography-0M_Aej4dRWU-unsplash.jpg,30459,.jpg
original_images/male/indian/puvvukonvict-photography-AtpSEe3.jpg,29173,.jpg
original_images/male/indian/rahabi-khan-eNafqf_0ZWQ-unsplash.jpg,16833,.jpg
original_images/male/indian/rahadiansyah-3RQEJUpu-Dc-unsplash.jpg,20939,.jpg
original_images/male/indian/rohan-g-T9ckn3XHHnA-unsplash.jpg,22514,.jpg
original_images/male/indian/safal-karki-_p93Zag8tgE-unsplash.jpg,26424,.jpg
original_images/male/indian/salman-ahmad-JBxAQ_Blorw-unsplash.jpg,22871,.jpg
original_images/male/indian/samir-basnet-qRmHuCrJkYY-unsplash.jpg,29136,.jpg
original_images/male/indian/sammy-chandio-EvdFPEFqoxk-unsplash.jpg,13702,.jpg
original_images/male/indian/sazzad-aryan-rjm8go9rL8Y-unsplash.jpg,13797,.jpg
original_images/male/indian/sexy-1469502_1920.jpg,18082,.jpg
original_images/male/indian/shivam-singh-2_X6NMP-E_U-unsplash.jpg,35221,.jpg
original_images/male/indian/shivam-singh-DOmEd6CYP5M-unsplash(1).jpg,34393,.jpg
original_images/male/indian/shivam-singh-DOmEd6CYP5M-unsplash.jpg,34393,.jpg
original_images/male/indian/shudipto-sarker-9qpe5gZDc7E-unsplash.jpg,24148,.jpg
original_images/male/indian/shudipto-sarker-IoFK2MP2aJ0-unsplash.jpg,18322,.jpg
original_images/male/indian/suranjan-koirala-95-3iy_pj2I-unsplash.jpg,42440,.jpg
original_images/male/indian/swapnil-dwivedi-N2IJ31xZ_ks-unsplash.jpg,26908,.jpg
original_images/male/indian/theodore-goutas-aeq3jJj0sUw-unsplash.jpg,31648,.jpg
original_images/male/indian/usman-yousaf-xYzEQptq7XU-unsplash.jpg,30986,.jpg
original_images/male/indian/vishal-shiro-5935497_1920.jpg,44780,.jpg
original_images/male/indian/white-1513923_1920.jpg,14985,.jpg
original_images/male/indian/yogendra-singh-DFyFd76t1NY-unsplash.jpg,21086,.jpg
original_images/male/indian/young-1761404_1920.jpg,29294,.jpg
original_images/male/mideastern/118.jpg,67958,.jpg
original_images/male/mideastern/123.jpg,51055,.jpg
original_images/male/mideastern/129.jpg,71199,.jpg
original_images/male/mideastern/adrian-dascal-1QOsJGbNIgk-unsplash.jpg,26074,.jpg
original_images/male/mideastern/ahmadreza-najafi-D5r5jhOaNNE-unsplash.jpg,26719,.jpg
original_images/male/mideastern/aleksandar-popovski-Jy4ELSGPHTc-unsplash.jpg,28010,.jpg
original_images/male/mideastern/alireza-esmaeeli-Twu-xDzDqGg-unsplash.jpg,19617,.jpg
original_images/male/mideastern/alireza-moh-WHaTWy-nCkw-unsplash.jpg,19977,.jpg
original_images/male/mideastern/allef-vinicius-37l3ap7rouo-unsplash.jpg,40954,.jpg
original_images/male/mideastern/ameer-basheer-ABuzWPku1Ug-unsplash.jpg,37051,.jpg
original_images/male/mideastern/amine-bashir-inTUOzVxdOA-unsplash.jpg,23819,.jpg
original_images/male/mideastern/amir-mohammad-hp-MDylgrNv6-M-unsplash.jpg,21061,.jpg
original_images/male/mideastern/amr-taha-EbWk-8X2LSI-unsplash.jpg,13939,.jpg
original_images/male/mideastern/arabs-618749_1920.jpg,59685,.jpg
original_images/male/mideastern/artist-3852896_1920.jpg,36282,.jpg
original_images/male/mideastern/ashkan-forouzani-HF-pfqi3Cxk-unsplash(1).jpg,25699,.jpg
original_images/male/mideastern/ashkan-forouzani-HF-pfqi3Cxk-unsplash.jpg,25699,.jpg
original_images/male/mideastern/ashkan-forouzani-IZROIf9IO3I-unsplash.jpg,39206,.jpg
original_images/male/mideastern/ashkan-forouzani-Qqchjk9bk9U-unsplash.jpg,31450,.jpg
original_images/male/mideastern/ashkan-forouzani-YzsFkMBMhoQ-unsplash.jpg,38895,.jpg
original_images/male/mideastern/ashkan-forouzani-bS1z7PKjDEc-unsplash.jpg,38073,.jpg
original_images/male/mideastern/ashkan-forouzani-dz0C0Zv5QvM-unsplash(1).jpg,30892,.jpg
original_images/male/mideastern/ashkan-forouzani-dz0C0Zv5QvM-unsplash.jpg,30892,.jpg
original_images/male/mideastern/ashkan-forouzani-g0H0eazR5-M-unsplash(1).jpg,18544,.jpg
original_images/male/mideastern/ashkan-forouzani-g0H0eazR5-M-unsplash.jpg,18544,.jpg
original_images/male/mideastern/ashkan-forouzani-gvjqEmux8SU-unsplash.jpg,22993,.jpg
original_images/male/mideastern/ashkan-forouzani-jXnCPQ5JTVo-unsplash.jpg,19959,.jpg
original_images/male/mideastern/ashkan-forouzani-rSUGzRIa-8M-unsplash.jpg,26827,.jpg
original_images/male/mideastern/ashwini-chaudhary-fvm4bFVK7qM-unsplash.jpg,20620,.jpg
original_images/male/mideastern/baby-5925923_1920.jpg,24899,.jpg
original_images/male/mideastern/beard-1866984_1920.jpg,24824,.jpg
original_images/male/mideastern/bhavya-shah-jfzd8vXlDDY-unsplash.jpg,15227,.jpg
original_images/male/mideastern/biceps-2746490_1920.jpg,25432,.jpg
original_images/male/mideastern/boy-2407597_1920.jpg,28399,.jpg
original_images/male/mideastern/businessman-805769_1920.jpg,25904,.jpg
original_images/male/mideastern/chris-blonk-l1U_iSgNRGY-unsplash.jpg,19666,.jpg
original_images/male/mideastern/damir-yakupov-rsx0Bj6s770-unsplash.jpg,23331,.jpg
original_images/male/mideastern/dev-asangbam-amYKxUUet60-unsplash.jpg,30436,.jpg
original_images/male/mideastern/docusign-ujkG7mTs7IM-unsplash.jpg,26228,.jpg
original_images/male/mideastern/dollar-gill-KxCErTse64c-unsplash.jpg,19407,.jpg
original_images/male/mideastern/dollar-gill-Ofcqtn296M0-unsplash.jpg,14564,.jpg
original_images/male/mideastern/emir-saldierna-oGcAzDcAXWU-unsplash.jpg,16262,.jpg
original_images/male/mideastern/engin-akyurt-VwqQ-eJnz8o-unsplash.jpg,25337,.jpg
original_images/male/mideastern/face-3737238_1920.jpg,35358,.jpg
original_images/male/mideastern/fares-hamouche-3mv2czJrEiw-unsplash.jpg,36658,.jpg
original_images/male/mideastern/fashion-5608514_1920.jpg,41540,.jpg
original_images/male/mideastern/fayiz-musthafa-yGqsr6EVrGw-unsplash.jpg,25665,.jpg
original_images/male/mideastern/gita-krishnamurti-6B4KC-eWJDs-unsplash.jpg,27002,.jpg
original_images/male/mideastern/guillaume-issaly-cKuMOZ1-EKQ-unsplash.jpg,14909,.jpg
original_images/male/mideastern/gursimrat-ganda-ICZWButbZx4-unsplash.jpg,36479,.jpg
original_images/male/mideastern/handsome-1290126_1920.jpg,31313,.jpg
original_images/male/mideastern/hannah-cook-dqa2LjshmWY-unsplash.jpg,24248,.jpg
original_images/male/mideastern/henri-pham-Ml4tr2WO7JE-unsplash.jpg,25934,.jpg
original_images/male/mideastern/igor-rodrigues-FjFiPGWeWKI-unsplash.jpg,30084,.jpg
original_images/male/mideastern/irene-strong-nTX1KAnjHWI-unsplash.jpg,24723,.jpg
original_images/male/mideastern/itay-verchik-6ZKGBzrDd3I-unsplash.jpg,21216,.jpg
original_images/male/mideastern/james-barr-iboQqkO7AEw-unsplash.jpg,26432,.jpg
original_images/male/mideastern/james-barr-jYrFcbztIHA-unsplash.jpg,14069,.jpg
original_images/male/mideastern/james-barr-oRsSeYqJUgY-unsplash.jpg,18998,.jpg
original_images/male/mideastern/jassir-jonis-OHVBfnxiokY-unsplash.jpg,19952,.jpg
original_images/male/mideastern/jesus-eca-wU4hzVf122M-unsplash.jpg,15658,.jpg
original_images/male/mideastern/joel-muniz-juKjPjVBza8-unsplash.jpg,12990,.jpg
original_images/male/mideastern/jose-g-ortega-castro-cPGbyVIfIYU-unsplash.jpg,27653,.jpg
original_images/male/mideastern/joshua-purnell-kz6qS9mWbAo-unsplash.jpg,28437,.jpg
original_images/male/mideastern/kamal-alkhatib-i4ls_N9o968-unsplash.jpg,33421,.jpg
original_images/male/mideastern/kamil-mehmood-E_9onZVXwcQ-unsplash.jpg,24448,.jpg
original_images/male/mideastern/kate_mes7-YIyERGGmTfE-unsplash.jpg,13188,.jpg
original_images/male/mideastern/katie-moum-yXfdoI66AtQ-unsplash.jpg,35053,.jpg
original_images/male/mideastern/kouki-walim-71ZedHD4P7Y-unsplash.jpg,24776,.jpg
original_images/male/mideastern/lexscope-gRWdcPHz7uA-unsplash.jpg,32829,.jpg
original_images/male/mideastern/luca-anasta-JMNXb6KBJwI-unsplash.jpg,33496,.jpg
original_images/male/mideastern/lumensoft-technologies-JGGaefIIc6Y-unsplash.jpg,27535,.jpg
original_images/male/mideastern/male-4443092_1920.jpg,14830,.jpg
original_images/male/mideastern/male-4616459_1920.jpg,14819,.jpg
original_images/male/mideastern/male-5869656_1920.jpg,16551,.jpg
original_images/male/mideastern/male-5869769_1920.jpg,18163,.jpg
original_images/male/mideastern/male-5869776_1920.jpg,36113,.jpg
original_images/male/mideastern/man-1129953_1920.jpg,49177,.jpg
original_images/male/mideastern/man-1688347_1920.jpg,30694,.jpg
original_images/male/mideastern/man-1885147_1920.jpg,21977,.jpg
original_images/male/mideastern/man-2785071_1920.jpg,49875,.jpg
original_images/male/mideastern/man-2969985_1920.jpg,30723,.jpg
original_images/male/mideastern/man-3057370_1920.jpg,24225,.jpg
original_images/male/mideastern/man-3485138_1920.jpg,23488,.jpg
original_images/male/mideastern/man-355612_1920.jpg,36824,.jpg
original_images/male/mideastern/man-4752273_1920.jpg,15113,.jpg
original_images/male/mideastern/man-5613125_1920.jpg,47678,.jpg
original_images/male/mideastern/man-5923039_1920.jpg,31027,.jpg
original_images/male/mideastern/matthijs-van-dis-zdhgC39sT9w-unsplash.jpg,39001,.jpg
original_images/male/mideastern/mauro-paillex-moDxmttUP00-unsplash.jpg,19841,.jpg
original_images/male/mideastern/mehrdad-dadaei--aY-mUygMD0-unsplash(1).jpg,22762,.jpg
original_images/male/mideastern/mehrdad-dadaei--aY-mUygMD0-unsplash.jpg,22762,.jpg
original_images/male/mideastern/men-1171087_1920.jpg,22714,.jpg
original_images/male/mideastern/metin-ozer-2jLCmcuwAc8-unsplash.jpg,11798,.jpg
original_images/male/mideastern/meysam-jarahkar-SaQf2X_qZSU-unsplash.jpg,20520,.jpg
original_images/male/mideastern/mhrezaa-iOrq0FnSQTE-unsplash.jpg,33394,.jpg
original_images/male/mideastern/milad-shams-89UvLA2zWJI-unsplash.jpg,21876,.jpg
original_images/male/mideastern/milad-shams-CdObhuoQ7Q0-unsplash.jpg,12286,.jpg
original_images/male/mideastern/mile-modic-Sv9xCQ7RBCs-unsplash.jpg,47281,.jpg
original_images/male/mideastern/moein-rahmani-A3802JoFGqg-unsplash.jpg,28641,.jpg
original_images/male/mideastern/mohammad-metri-r8J8AfoHPz4-unsplash.jpg,13010,.jpg
original_images/male/mideastern/monica-dahiya-caPZQg42c54-unsplash.jpg,46772,.jpg
original_images/male/mideastern/moroccan-1270331_1920.jpg,37250,.jpg
original_images/male/mideastern/muhammad-faiz-zulkeflee-BuxUWCobuGA-unsplash.jpg,15009,.jpg
original_images/male/mideastern/mustache-5040636_1920.jpg,25711,.jpg
original_images/male/mideastern/naim-ahmed-8BcVHmAHtlw-unsplash.jpg,23962,.jpg
original_images/male/mideastern/nasro-azaizia-1NP6_EsAYl8-unsplash.jpg,46661,.jpg
original_images/male/mideastern/nonsap-visuals-kMJp7620W6U-unsplash.jpg,33991,.jpg
original_images/male/mideastern/nowah-bartscher-Gpm_PGnNAug-unsplash.jpg,26906,.jpg
original_images/male/mideastern/omar-ram-slwxJCmwHPY-unsplash.jpg,22243,.jpg
original_images/male/mideastern/paola-aguilar-LkQHGSVzfsk-unsplash.jpg,49319,.jpg
original_images/male/mideastern/people-3309614_1920.jpg,16011,.jpg
original_images/male/mideastern/pexels-ayaka-kato-2860892.jpg,27081,.jpg
original_images/male/mideastern/pexels-emre-keshavarz-3518392.jpg,35014,.jpg
original_images/male/mideastern/pexels-hebert-santos-5485599.jpg,29946,.jpg
original_images/male/mideastern/pexels-himesh-mehta-2880285.jpg,35850,.jpg
original_images/male/mideastern/pexels-hussein-altameemi-1678821.jpg,27440,.jpg
original_images/male/mideastern/pexels-ibadat-singh-2586823.jpg,26950,.jpg
original_images/male/mideastern/pexels-lina-kivaka-3395282.jpg,28772,.jpg
original_images/male/mideastern/pexels-marcelo-chagas-3583894.jpg,28587,.jpg
original_images/male/mideastern/pexels-pixabay-35539.jpg,39030,.jpg
original_images/male/mideastern/pexels-yazan-khalifeh-1000225.jpg,23435,.jpg
original_images/male/mideastern/portrait-2529904_1920.jpg,22031,.jpg
original_images/male/mideastern/portrait-3052641_1920.jpg,67871,.jpg
original_images/male/mideastern/portrait-4980389_1920.jpg,24566,.jpg
original_images/male/mideastern/portrait-5945929_1920.jpg,28642,.jpg
original_images/male/mideastern/reza-biazar-eSjmZW97cH8-unsplash.jpg,18927,.jpg
original_images/male/mideastern/riccardo-fissore-QMfP5xza0vU-unsplash.jpg,28954,.jpg
original_images/male/mideastern/ruslan-ihnatenko-2Bb2auSD1hY-unsplash.jpg,23815,.jpg
original_images/male/mideastern/sadhu-1166066_1920.jpg,72181,.jpg
original_images/male/mideastern/sahil-moosa-JWUYb-5OSYU-unsplash.jpg,22383,.jpg
original_images/male/mideastern/sammy-chandio-xmbL3d1gE5Q-unsplash.jpg,16723,.jpg
original_images/male/mideastern/sandeep-swarnkar-Dj5hm0S257U-unsplash.jpg,23354,.jpg
original_images/male/mideastern/seth-doyle-wys9Jty8wNQ-unsplash.jpg,43170,.jpg
original_images/male/mideastern/sexy-3049894_1920.jpg,33523,.jpg
original_images/male/mideastern/shivam-singh-2_X6NMP-E_U-unsplash.jpg,23694,.jpg
original_images/male/mideastern/shoaeb-hameed-kEfO2edX4Gg-unsplash.jpg,40992,.jpg
original_images/male/mideastern/sina-rezakhani-jIPRAqxE6P8-unsplash.jpg,25742,.jpg
original_images/male/mideastern/sumeet-singh-XPUxjOq8yFA-unsplash.jpg,25308,.jpg
original_images/male/mideastern/t-r-a-v-e-l-e-r-g-e-e-k-p5oh6YkMTb0-unsplash.jpg,23428,.jpg
original_images/male/mideastern/tanjir-ahmed-chowdhury-d-7p5mKk9ys-unsplash.jpg,32663,.jpg
original_images/male/mideastern/thobe-805762_1920.jpg,22190,.jpg
original_images/male/mideastern/tim-mossholder-zIBn97bCJoI-unsplash(1).jpg,29133,.jpg
original_images/male/mideastern/tradition-60791_1920.jpg,27161,.jpg
original_images/male/mideastern/vaishnav-chogale-rJuA7hz1M7Q-unsplash.jpg,16792,.jpg
original_images/male/mideastern/wilfred-sequeira-tXNjCm4bN8Y-unsplash.jpg,33186,.jpg
original_images/male/mideastern/young-4041629_1920.jpg,23049,.jpg
original_images/male/mideastern/zabih-khan-SQWDVRdjp2E-unsplash.jpg,20380,.jpg
original_images/male/mideastern/zachi-denicola-RytIjfk0tFY-unsplash.jpg,29802,.jpg
pytorch_mebeauty_dataset.py,3799,.py
pytorch_predict.py,1442,.py
pytorch_train_val.py,5705,.py
scores/date_scores_all.xlsx,580506,.xlsx
scores/date_scores_all_2022.xlsx,395204,.xlsx
scores/generic_scores_all.xlsx,668220,.xlsx
scores/generic_scores_all_2022.xlsx,483180,.xlsx
scores/private_date/asian_female_17.xlsx,29567,.xlsx
scores/private_date/asian_female_19.xlsx,10942,.xlsx
scores/private_date/asian_female_22.xlsx,14629,.xlsx
scores/private_date/asian_female_25.xlsx,10854,.xlsx
scores/private_date/asian_male_20.xlsx,21092,.xlsx
scores/private_date/asian_male_27.xlsx,19162,.xlsx
scores/private_date/black_female_22.xlsx,29984,.xlsx
scores/private_date/black_female_26.xlsx,30399,.xlsx
scores/private_date/black_male_37.xlsx,26318,.xlsx
scores/private_date/caucasian_female_25.xlsx,30076,.xlsx
scores/private_date/caucasian_female_27.xlsx,14704,.xlsx
scores/private_date/caucasian_female_28.xlsx,10544,.xlsx
scores/private_date/caucasian_female_29.xlsx,26581,.xlsx
scores/private_date/caucasian_female_31.xlsx,18308,.xlsx
scores/private_date/caucasian_female_32.xlsx,30405,.xlsx
scores/private_date/caucasian_female_34.xlsx,30254,.xlsx
scores/private_date/caucasian_male_37.xlsx,36042,.xlsx
scores/private_date/caucasian_male_39.xlsx,35027,.xlsx
scores/private_date/caucasian_male_49.xlsx,14538,.xlsx
scores/private_date/hispanic_female_24.xlsx,30435,.xlsx
scores/private_date/hispanic_male_29.xlsx,19109,.xlsx
scores/private_date/mideast_male_20.xlsx,7320,.xlsx
scores/private_date/mideast_male_22.xlsx,9160,.xlsx
scores/private_date/private_date_female.xlsx,68685,.xlsx
scores/private_date/private_date_male.xlsx,65313,.xlsx
scores/private_generic/asian_female_18.xlsx,43293,.xlsx
scores/private_generic/asian_female_48.xlsx,44382,.xlsx
scores/private_generic/caucasian_female_25.xlsx,48594,.xlsx
scores/private_generic/caucasian_female_34.xlsx,49577,.xlsx
scores/private_generic/caucasian_female_34_2..xlsx,14591,.xlsx
scores/private_generic/caucasian_female_41.xlsx,47707,.xlsx
scores/private_generic/caucasian_male_17.xlsx,25543,.xlsx
scores/private_generic/caucasian_male_37.xlsx,44036,.xlsx
scores/private_generic/caucasian_male_39.xlsx,44659,.xlsx
scores/private_generic/hispanic_male_23.xlsx,44590,.xlsx
scores/private_generic_all.xlsx,95993,.xlsx
scores/public_date/public_date_all12_1.xlsx,218154,.xlsx
scores/public_date/public_date_all1_1.xlsx,104900,.xlsx
scores/public_date/public_date_all1_2.xlsx,59629,.xlsx
scores/public_date/public_date_all2_1.xlsx,107686,.xlsx
scores/public_date/public_date_all2_2.xlsx,61593,.xlsx
scores/public_date/public_date_all52_1.xlsx,104868,.xlsx
scores/public_date/public_date_all52_2.xlsx,85515,.xlsx
scores/public_date/public_date_all53_1.xlsx,125988,.xlsx
scores/public_date/public_date_all53_2.xlsx,103672,.xlsx
scores/public_date/public_date_all5_1.xlsx,212535,.xlsx
scores/public_date/public_date_all5_2.xlsx,170098,.xlsx
scores/public_date/public_date_all_12_2.xlsx,217230,.xlsx
scores/public_date/public_date_all_12_3.xlsx,63751,.xlsx
scores/public_date/public_date_all_last.xlsx,47937,.xlsx
scores/public_date/public_date_all_verylast.xlsx,25232,.xlsx
scores/public_date_all.xlsx,459793,.xlsx
scores/public_generic/public_generic_all11_1.xlsx,87368,.xlsx
scores/public_generic/public_generic_all11_2.xlsx,84979,.xlsx
scores/public_generic/public_generic_all11_3.xlsx,13061,.xlsx
scores/public_generic/public_generic_all1_1.xlsx,217349,.xlsx
scores/public_generic/public_generic_all1_2.xlsx,174163,.xlsx
scores/public_generic/public_generic_all_11_1.xlsx,87168,.xlsx
scores/public_generic/public_generic_all_11_2.xlsx,84793,.xlsx
scores/public_generic/public_generic_all_11_3.xlsx,13035,.xlsx
scores/public_generic/public_generic_all_12_1.xlsx,219669,.xlsx
scores/public_generic/public_generic_all_12_2.xlsx,225639,.xlsx
scores/public_generic/public_generic_all_12_3.xlsx,78185,.xlsx
scores/public_generic/public_generic_all_last.xlsx,47503,.xlsx
scores/public_generic/public_generic_all_verylast.xlsx,25184,.xlsx
scores/public_generic/public_generic_male_images1.xlsx,161502,.xlsx
scores/public_generic/public_generic_male_images2.xlsx,168679,.xlsx
scores/public_generic/public_generic_male_images3.xlsx,81294,.xlsx
scores/public_generic/public_generic_male_images4.xlsx,148215,.xlsx
scores/public_generic_all.xlsx,443792,.xlsx
scores/test.txt,39730,.txt
scores/test_2022.txt,56251,.txt
scores/test_crop.csv,62289,.csv
scores/test_universal_scores.csv,45300,.csv
scores/train.txt,141946,.txt
scores/train_2022.txt,187216,.txt
scores/train_crop.csv,144931,.csv
scores/train_universal_scores.csv,105905,.csv
scores/val.txt,32887,.txt
scores/val_2022.txt,23921,.txt
under_developement_second_version_pytorch.ipynb,20414,.ipynb
