image,inferred_platform,inferred_photo_id,inferred_source_url,confidence
female/asian/13.jpg,unknown,,,unknown
female/asian/20.jpg,unknown,,,unknown
female/asian/21.jpg,unknown,,,unknown
female/asian/23.jpg,unknown,,,unknown
female/asian/30.jpg,pixabay,4819726,https://pixabay.com/photos/asian-girl-4819726_1920/,inferred-via-duplicate
female/asian/36.jpg,unsplash,2nqji_XO20w,https://unsplash.com/photos/2nqji_XO20w,inferred-via-duplicate
female/asian/42.jpg,unknown,,,unknown
female/asian/51.jpg,pixabay,3622823,https://pixabay.com/photos/portrait-3622823_1920/,inferred-via-duplicate
female/asian/57.jpg,unknown,,,unknown
female/asian/6.jpg,unknown,,,unknown
female/asian/7.jpg,unknown,,,unknown
female/asian/afif-kusuma-y-mT2OATY6k-unsplash.jpg,unsplash,y-mT2OATY6k,https://unsplash.com/photos/y-mT2OATY6k,inferred
female/asian/agung-pratamah-Xdm08vqsFrs-unsplash.jpg,unsplash,Xdm08vqsFrs,https://unsplash.com/photos/Xdm08vqsFrs,inferred
female/asian/ahmad-qime-in2aoHwX5bA-unsplash.jpg,unsplash,in2aoHwX5bA,https://unsplash.com/photos/in2aoHwX5bA,inferred
female/asian/aiony-haust-Nsze2HlxoZo-unsplash.jpg,unsplash,Nsze2HlxoZo,https://unsplash.com/photos/Nsze2HlxoZo,inferred
female/asian/aiony-haust-orYdcTza06E-unsplash.jpg,unsplash,orYdcTza06E,https://unsplash.com/photos/orYdcTza06E,inferred
female/asian/alex-sorto-kNstJF4l5cA-unsplash.jpg,unsplash,kNstJF4l5cA,https://unsplash.com/photos/kNstJF4l5cA,inferred
female/asian/alex-sorto-suymY_8bk4Y-unsplash.jpg,unsplash,suymY_8bk4Y,https://unsplash.com/photos/suymY_8bk4Y,inferred
female/asian/alexandra-lammerink-MVao99Qwew0-unsplash.jpg,unsplash,MVao99Qwew0,https://unsplash.com/photos/MVao99Qwew0,inferred
female/asian/alexandra-lammerink-nG5ZS2wlnrQ-unsplash.jpg,unsplash,nG5ZS2wlnrQ,https://unsplash.com/photos/nG5ZS2wlnrQ,inferred
female/asian/altanbagana-jargal-o79BpJ-tgew-unsplash.jpg,unsplash,o79BpJ-tgew,https://unsplash.com/photos/o79BpJ-tgew,inferred
female/asian/amoon-ra-p1JglmknQr0-unsplash.jpg,unsplash,p1JglmknQr0,https://unsplash.com/photos/p1JglmknQr0,inferred
female/asian/andres-hernandez-KVjiBiBvT-c-unsplash.jpg,unsplash,KVjiBiBvT-c,https://unsplash.com/photos/KVjiBiBvT-c,inferred
female/asian/annie-lin-876188_1920.jpg,pixabay,876188,https://pixabay.com/photos/annie-lin-876188_1920/,inferred
female/asian/anthony-tran-3Xkms-gMvZg-unsplash.jpg,unsplash,3Xkms-gMvZg,https://unsplash.com/photos/3Xkms-gMvZg,inferred
female/asian/anthony-tran-6s3L8El33QE-unsplash.jpg,unsplash,6s3L8El33QE,https://unsplash.com/photos/6s3L8El33QE,inferred
female/asian/anthony-tran-RG9Z5CtnlUQ-unsplash.jpg,unsplash,RG9Z5CtnlUQ,https://unsplash.com/photos/RG9Z5CtnlUQ,inferred
female/asian/anthony-tran-_G0OrcPOpJw-unsplash.jpg,unsplash,_G0OrcPOpJw,https://unsplash.com/photos/_G0OrcPOpJw,inferred
female/asian/ao-dai-2730822_1920.jpg,pixabay,2730822,https://pixabay.com/photos/ao-dai-2730822_1920/,inferred
female/asian/aodai-4603493_1920.jpg,pixabay,4603493,https://pixabay.com/photos/aodai-4603493_1920/,inferred
female/asian/asian-2111681_1920.jpg,pixabay,2111681,https://pixabay.com/photos/asian-2111681_1920/,inferred
female/asian/asian-2209044_1920.jpg,pixabay,2209044,https://pixabay.com/photos/asian-2209044_1920/,inferred
female/asian/asian-2302727_1920.jpg,pixabay,2302727,https://pixabay.com/photos/asian-2302727_1920/,inferred
female/asian/asian-3752815_1920.jpg,pixabay,3752815,https://pixabay.com/photos/asian-3752815_1920/,inferred
female/asian/asian-3885641_1920.jpg,pixabay,3885641,https://pixabay.com/photos/asian-3885641_1920/,inferred
female/asian/asian-3932158_1920.jpg,pixabay,3932158,https://pixabay.com/photos/asian-3932158_1920/,inferred
female/asian/asian-girl-3113208_1920.jpg,pixabay,3113208,https://pixabay.com/photos/asian-girl-3113208_1920/,inferred
female/asian/asian-girl-4819726_1920.jpg,pixabay,4819726,https://pixabay.com/photos/asian-girl-4819726_1920/,inferred
female/asian/austin-wade-ex6qfO4TPMY-unsplash.jpg,unsplash,ex6qfO4TPMY,https://unsplash.com/photos/ex6qfO4TPMY,inferred
female/asian/azamat-kinzhitayev-yyf5DCBtm4E-unsplash.jpg,unsplash,yyf5DCBtm4E,https://unsplash.com/photos/yyf5DCBtm4E,inferred
female/asian/bbh-singapore-4-v5HrV1940-unsplash.jpg,unsplash,4-v5HrV1940,https://unsplash.com/photos/4-v5HrV1940,inferred
female/asian/bin-thi-u-xOBpdqH2Uao-unsplash.jpg,unsplash,xOBpdqH2Uao,https://unsplash.com/photos/xOBpdqH2Uao,inferred
female/asian/blake-cheek-3dT98ifg9J4-unsplash.jpg,unsplash,3dT98ifg9J4,https://unsplash.com/photos/3dT98ifg9J4,inferred
female/asian/bui-thanh-tam-D6meliiyaWs-unsplash.jpg,unsplash,D6meliiyaWs,https://unsplash.com/photos/D6meliiyaWs,inferred
female/asian/character-2454694_1920.jpg,pixabay,2454694,https://pixabay.com/photos/character-2454694_1920/,inferred
female/asian/chinh-le-duc-TV1QYUtTxJ8-unsplash.jpg,unsplash,TV1QYUtTxJ8,https://unsplash.com/photos/TV1QYUtTxJ8,inferred
female/asian/christian-senan-N0vZpzFrU0w-unsplash.jpg,unsplash,N0vZpzFrU0w,https://unsplash.com/photos/N0vZpzFrU0w,inferred
female/asian/conner-ching-nzu-xTOEBlM-unsplash.jpg,unsplash,nzu-xTOEBlM,https://unsplash.com/photos/nzu-xTOEBlM,inferred
female/asian/cozies-tone-k4PSfwVsHIY-unsplash.jpg,unsplash,k4PSfwVsHIY,https://unsplash.com/photos/k4PSfwVsHIY,inferred
female/asian/cris-trung-LRLxSTpq2Ds-unsplash.jpg,unsplash,LRLxSTpq2Ds,https://unsplash.com/photos/LRLxSTpq2Ds,inferred
female/asian/d4_1.jpg,unknown,,,unknown
female/asian/d9.jpg,unknown,,,unknown
female/asian/dani-bayuni-FhuHS2959uI-unsplash.jpg,unsplash,FhuHS2959uI,https://unsplash.com/photos/FhuHS2959uI,inferred
female/asian/daniel-rigdon-dXmXKPP2L4E-unsplash.jpg,unsplash,dXmXKPP2L4E,https://unsplash.com/photos/dXmXKPP2L4E,inferred
female/asian/dev-asangbam-R4CHODMJTzA-unsplash.jpg,unsplash,R4CHODMJTzA,https://unsplash.com/photos/R4CHODMJTzA,inferred
female/asian/diao-darius-K3k7X7OA394-unsplash.jpg,unsplash,K3k7X7OA394,https://unsplash.com/photos/K3k7X7OA394,inferred
female/asian/documentary-2695341_1920.jpg,pixabay,2695341,https://pixabay.com/photos/documentary-2695341_1920/,inferred
female/asian/dr-1621296_1920.jpg,pixabay,1621296,https://pixabay.com/photos/dr-1621296_1920/,inferred
female/asian/du-wei-5rrrG8IZ8Dc-unsplash.jpg,unsplash,5rrrG8IZ8Dc,https://unsplash.com/photos/5rrrG8IZ8Dc,inferred
female/asian/europeana-m9LowiQVMLA-unsplash.jpg,unsplash,m9LowiQVMLA,https://unsplash.com/photos/m9LowiQVMLA,inferred
female/asian/face-1146038_1920.jpg,pixabay,1146038,https://pixabay.com/photos/face-1146038_1920/,inferred
female/asian/face-977177_1920.jpg,pixabay,977177,https://pixabay.com/photos/face-977177_1920/,inferred
female/asian/faizfajer-VzmoR9Meu3w-unsplash.jpg,unsplash,VzmoR9Meu3w,https://unsplash.com/photos/VzmoR9Meu3w,inferred
female/asian/fashion-4257899_1920.jpg,pixabay,4257899,https://pixabay.com/photos/fashion-4257899_1920/,inferred
female/asian/fashion-4257904_1920.jpg,pixabay,4257904,https://pixabay.com/photos/fashion-4257904_1920/,inferred
female/asian/female-3976486_1920.jpg,pixabay,3976486,https://pixabay.com/photos/female-3976486_1920/,inferred
female/asian/frederick-ferdianto-Dunxame8wxg-unsplash.jpg,unsplash,Dunxame8wxg,https://unsplash.com/photos/Dunxame8wxg,inferred
female/asian/gema-saputera-MWuZfECSg0U-unsplash.jpg,unsplash,MWuZfECSg0U,https://unsplash.com/photos/MWuZfECSg0U,inferred
female/asian/gemma-chua-tran-QaiIaCkGCtI-unsplash.jpg,unsplash,QaiIaCkGCtI,https://unsplash.com/photos/QaiIaCkGCtI,inferred
female/asian/gemma-chua-tran-Sgqo6Cohf9M-unsplash.jpg,unsplash,Sgqo6Cohf9M,https://unsplash.com/photos/Sgqo6Cohf9M,inferred
female/asian/girl-1718116_1920.jpg,pixabay,1718116,https://pixabay.com/photos/girl-1718116_1920/,inferred
female/asian/girl-1721429_1920.jpg,pixabay,1721429,https://pixabay.com/photos/girl-1721429_1920/,inferred
female/asian/girl-1733337_1920.jpg,pixabay,1733337,https://pixabay.com/photos/girl-1733337_1920/,inferred
female/asian/girl-1733349_1920.jpg,pixabay,1733349,https://pixabay.com/photos/girl-1733349_1920/,inferred
female/asian/girl-1741925_1920.jpg,pixabay,1741925,https://pixabay.com/photos/girl-1741925_1920/,inferred
female/asian/girl-1741941_1920.jpg,pixabay,1741941,https://pixabay.com/photos/girl-1741941_1920/,inferred
female/asian/girl-184596_1920.jpg,pixabay,184596,https://pixabay.com/photos/girl-184596_1920/,inferred
female/asian/girl-1848949_1920.jpg,pixabay,1848949,https://pixabay.com/photos/girl-1848949_1920/,inferred
female/asian/girl-2704116_1920.jpg,pixabay,2704116,https://pixabay.com/photos/girl-2704116_1920/,inferred
female/asian/girl-2894898_1920.jpg,pixabay,2894898,https://pixabay.com/photos/girl-2894898_1920/,inferred
female/asian/girl-3738843_1920.jpg,pixabay,3738843,https://pixabay.com/photos/girl-3738843_1920/,inferred
female/asian/girl-4036509_1920.jpg,pixabay,4036509,https://pixabay.com/photos/girl-4036509_1920/,inferred
female/asian/girl-4618070_1920.jpg,pixabay,4618070,https://pixabay.com/photos/girl-4618070_1920/,inferred
female/asian/girl-4622990_1920.jpg,pixabay,4622990,https://pixabay.com/photos/girl-4622990_1920/,inferred
female/asian/girl-526707_1920.jpg,pixabay,526707,https://pixabay.com/photos/girl-526707_1920/,inferred
female/asian/girl-5846478_1920.jpg,pixabay,5846478,https://pixabay.com/photos/girl-5846478_1920/,inferred
female/asian/girl-5933162_1920.jpg,pixabay,5933162,https://pixabay.com/photos/girl-5933162_1920/,inferred
female/asian/girl-5934632_1920.jpg,pixabay,5934632,https://pixabay.com/photos/girl-5934632_1920/,inferred
female/asian/girl-5934674_1920.jpg,pixabay,5934674,https://pixabay.com/photos/girl-5934674_1920/,inferred
female/asian/h-f-e-co-2ayXMZmiRWk-unsplash.jpg,unsplash,2ayXMZmiRWk,https://unsplash.com/photos/2ayXMZmiRWk,inferred
female/asian/hannah-xu-A3B7VHK71Ks-unsplash.jpg,unsplash,A3B7VHK71Ks,https://unsplash.com/photos/A3B7VHK71Ks,inferred
female/asian/hello-5919349_1920.jpg,pixabay,5919349,https://pixabay.com/photos/hello-5919349_1920/,inferred
female/asian/hhh13-gMC5TecfnD4-unsplash.jpg,unsplash,gMC5TecfnD4,https://unsplash.com/photos/gMC5TecfnD4,inferred
female/asian/hijab-5090230_1920.jpg,pixabay,5090230,https://pixabay.com/photos/hijab-5090230_1920/,inferred
female/asian/huseyin-topcu-szDEzZPyfcQ-unsplash.jpg,unsplash,szDEzZPyfcQ,https://unsplash.com/photos/szDEzZPyfcQ,inferred
female/asian/huu-chung-dang-lP02hkcp7H0-unsplash.jpg,unsplash,lP02hkcp7H0,https://unsplash.com/photos/lP02hkcp7H0,inferred
female/asian/ipad-1721428_1920.jpg,pixabay,1721428,https://pixabay.com/photos/ipad-1721428_1920/,inferred
female/asian/irene-strong-gKJ2FFsCOD0-unsplash.jpg,unsplash,gKJ2FFsCOD0,https://unsplash.com/photos/gKJ2FFsCOD0,inferred
female/asian/isco-wcJOYUVOwDc-unsplash.jpg,unsplash,wcJOYUVOwDc,https://unsplash.com/photos/wcJOYUVOwDc,inferred
female/asian/jaizer-capangpangan-04SoDoueyF8-unsplash.jpg,unsplash,04SoDoueyF8,https://unsplash.com/photos/04SoDoueyF8,inferred
female/asian/japan-1432871_1920.jpg,pixabay,1432871,https://pixabay.com/photos/japan-1432871_1920/,inferred
female/asian/jasmin-chew-WUVozkQFLz0-unsplash.jpg,unsplash,WUVozkQFLz0,https://unsplash.com/photos/WUVozkQFLz0,inferred
female/asian/jernej-graj-GY5gWDimEyg-unsplash.jpg,unsplash,GY5gWDimEyg,https://unsplash.com/photos/GY5gWDimEyg,inferred
female/asian/jernej-graj-muXeYVQaPyA-unsplash.jpg,unsplash,muXeYVQaPyA,https://unsplash.com/photos/muXeYVQaPyA,inferred
female/asian/jeswin-thomas-rnjwbDDQUHk-unsplash.jpg,unsplash,rnjwbDDQUHk,https://unsplash.com/photos/rnjwbDDQUHk,inferred
female/asian/jim-flores-dE6c9RZoyL8-unsplash.jpg,unsplash,dE6c9RZoyL8,https://unsplash.com/photos/dE6c9RZoyL8,inferred
female/asian/jim-flores-ebidnEfTCtk-unsplash.jpg,unsplash,ebidnEfTCtk,https://unsplash.com/photos/ebidnEfTCtk,inferred
female/asian/jimmy-chang-VplzfrQvCm4-unsplash.jpg,unsplash,VplzfrQvCm4,https://unsplash.com/photos/VplzfrQvCm4,inferred
female/asian/joel-mott-LaK153ghdig-unsplash.jpg,unsplash,LaK153ghdig,https://unsplash.com/photos/LaK153ghdig,inferred
female/asian/joel-mott-Z8MesVFSYac-unsplash.jpg,unsplash,Z8MesVFSYac,https://unsplash.com/photos/Z8MesVFSYac,inferred
female/asian/joeyy-lee-pCcPFfJ-LzM-unsplash.jpg,unsplash,pCcPFfJ-LzM,https://unsplash.com/photos/pCcPFfJ-LzM,inferred
female/asian/john-mark-ramos-SGINHNM-vhk-unsplash.jpg,unsplash,SGINHNM-vhk,https://unsplash.com/photos/SGINHNM-vhk,inferred
female/asian/kseniia-ilinykh-BHmKkfpwuuc-unsplash.jpg,unsplash,BHmKkfpwuuc,https://unsplash.com/photos/BHmKkfpwuuc,inferred
female/asian/le-minh-phuong-jGZITdFhmts-unsplash.jpg,unsplash,jGZITdFhmts,https://unsplash.com/photos/jGZITdFhmts,inferred
female/asian/leo-rivas-2iqKxsN659U-unsplash.jpg,unsplash,2iqKxsN659U,https://unsplash.com/photos/2iqKxsN659U,inferred
female/asian/mahendra-febrianto-KtCBIpLGu1E-unsplash.jpg,unsplash,KtCBIpLGu1E,https://unsplash.com/photos/KtCBIpLGu1E,inferred
female/asian/manny-moreno-g9mefExQHfM-unsplash.jpg,unsplash,g9mefExQHfM,https://unsplash.com/photos/g9mefExQHfM,inferred
female/asian/mathias-huysmans-U4JDjYmjn1g-unsplash.jpg,unsplash,U4JDjYmjn1g,https://unsplash.com/photos/U4JDjYmjn1g,inferred
female/asian/mathias-huysmans-kWLwiYznS3M-unsplash.jpg,unsplash,kWLwiYznS3M,https://unsplash.com/photos/kWLwiYznS3M,inferred
female/asian/model-1822567_1920.jpg,pixabay,1822567,https://pixabay.com/photos/model-1822567_1920/,inferred
female/asian/mongolia-4538999_1920.jpg,pixabay,4538999,https://pixabay.com/photos/mongolia-4538999_1920/,inferred
female/asian/muhammad-ruqiyaddin-0BFQaFG9iR0-unsplash.jpg,unsplash,0BFQaFG9iR0,https://unsplash.com/photos/0BFQaFG9iR0,inferred
female/asian/muslim-417317_1920.jpg,pixabay,417317,https://pixabay.com/photos/muslim-417317_1920/,inferred
female/asian/nathan-anderson-2nqji_XO20w-unsplash.jpg,unsplash,2nqji_XO20w,https://unsplash.com/photos/2nqji_XO20w,inferred
female/asian/nima-sarram-3VOI8o6Ftio-unsplash.jpg,unsplash,3VOI8o6Ftio,https://unsplash.com/photos/3VOI8o6Ftio,inferred
female/asian/old-2474161_1920.jpg,pixabay,2474161,https://pixabay.com/photos/old-2474161_1920/,inferred
female/asian/outdoors-3341719_1920.jpg,pixabay,3341719,https://pixabay.com/photos/outdoors-3341719_1920/,inferred
female/asian/people-3332333_1920.jpg,pixabay,3332333,https://pixabay.com/photos/people-3332333_1920/,inferred
female/asian/pexels-amir-hamzah-photo-2705292.jpg,pexels,2705292,https://www.pexels.com/photo/2705292/,inferred
female/asian/pexels-anna-shvets-4672555.jpg,pexels,4672555,https://www.pexels.com/photo/4672555/,inferred
female/asian/pexels-carol-wd-3454302.jpg,pexels,3454302,https://www.pexels.com/photo/3454302/,inferred
female/asian/pexels-cottonbro-3419647.jpg,pexels,3419647,https://www.pexels.com/photo/3419647/,inferred
female/asian/pexels-cottonbro-3419693.jpg,pexels,3419693,https://www.pexels.com/photo/3419693/,inferred
female/asian/pexels-duy-dinh-3614523.jpg,pexels,3614523,https://www.pexels.com/photo/3614523/,inferred
female/asian/pexels-happy-pixels-3170437.jpg,pexels,3170437,https://www.pexels.com/photo/3170437/,inferred
female/asian/pexels-hải-nguyễn-3616937.jpg,pexels,3616937,https://www.pexels.com/photo/3616937/,inferred
female/asian/pexels-ike-louie-natividad-2709388.jpg,pexels,2709388,https://www.pexels.com/photo/2709388/,inferred
female/asian/pexels-ketut-subiyanto-4350057.jpg,pexels,4350057,https://www.pexels.com/photo/4350057/,inferred
female/asian/pexels-ketut-subiyanto-4350178.jpg,pexels,4350178,https://www.pexels.com/photo/4350178/,inferred
female/asian/pexels-maria-orlova-4906257.jpg,pexels,4906257,https://www.pexels.com/photo/4906257/,inferred
female/asian/pexels-maria-orlova-4946391.jpg,pexels,4946391,https://www.pexels.com/photo/4946391/,inferred
female/asian/pexels-meijii-2014864.jpg,pexels,2014864,https://www.pexels.com/photo/2014864/,inferred
female/asian/pexels-mental-health-america-(mha)-5531323.jpg,pexels,5531323,https://www.pexels.com/photo/5531323/,inferred
female/asian/pexels-mikhail-nilov-6612835.jpg,pexels,6612835,https://www.pexels.com/photo/6612835/,inferred
female/asian/pexels-min-an-1070751.jpg,pexels,1070751,https://www.pexels.com/photo/1070751/,inferred
female/asian/pexels-min-an-1586654.jpg,pexels,1586654,https://www.pexels.com/photo/1586654/,inferred
female/asian/pexels-min-an-1589369.jpg,pexels,1589369,https://www.pexels.com/photo/1589369/,inferred
female/asian/pexels-min-an-732425.jpg,pexels,732425,https://www.pexels.com/photo/732425/,inferred
female/asian/pexels-nguyễn-lâm-886477.jpg,pexels,886477,https://www.pexels.com/photo/886477/,inferred
female/asian/pexels-raka-miftah-3522693.jpg,pexels,3522693,https://www.pexels.com/photo/3522693/,inferred
female/asian/pexels-raydar-341970.jpg,pexels,341970,https://www.pexels.com/photo/341970/,inferred
female/asian/pexels-rodnae-productions-4920897.jpg,pexels,4920897,https://www.pexels.com/photo/4920897/,inferred
female/asian/pexels-shahi-zidan-2692577.jpg,pexels,2692577,https://www.pexels.com/photo/2692577/,inferred
female/asian/pexels-sora-shimazaki-5938295.jpg,pexels,5938295,https://www.pexels.com/photo/5938295/,inferred
female/asian/pexels-sora-shimazaki-5938437.jpg,pexels,5938437,https://www.pexels.com/photo/5938437/,inferred
female/asian/pexels-thunyarat-klaiklang-1814538.jpg,pexels,1814538,https://www.pexels.com/photo/1814538/,inferred
female/asian/pexels-tima-miroshnichenko-6614828.jpg,pexels,6614828,https://www.pexels.com/photo/6614828/,inferred
female/asian/pexels-tuấn-kiệt-jr-1391499.jpg,pexels,1391499,https://www.pexels.com/photo/1391499/,inferred
female/asian/pexels-zen-chung-5538615.jpg,pexels,5538615,https://www.pexels.com/photo/5538615/,inferred
female/asian/philippe-leone-ffrGEGb4Y58-unsplash.jpg,unsplash,ffrGEGb4Y58,https://unsplash.com/photos/ffrGEGb4Y58,inferred
female/asian/portrait-3058726_1920.jpg,pixabay,3058726,https://pixabay.com/photos/portrait-3058726_1920/,inferred
female/asian/portrait-3622823_1920.jpg,pixabay,3622823,https://pixabay.com/photos/portrait-3622823_1920/,inferred
female/asian/portrait-4202918_1920.jpg,pixabay,4202918,https://pixabay.com/photos/portrait-4202918_1920/,inferred
female/asian/portrait-750780_1920.jpg,pixabay,750780,https://pixabay.com/photos/portrait-750780_1920/,inferred
female/asian/pregnancy-2594275_1920.jpg,pixabay,2594275,https://pixabay.com/photos/pregnancy-2594275_1920/,inferred
female/asian/rainier-ridao-L1STkrnnBHw-unsplash.jpg,unsplash,L1STkrnnBHw,https://unsplash.com/photos/L1STkrnnBHw,inferred
female/asian/raychan-sw30Y2Ek5t0-unsplash.jpg,unsplash,sw30Y2Ek5t0,https://unsplash.com/photos/sw30Y2Ek5t0,inferred
female/asian/samuel-berner-xtpz9sSRUDw-unsplash.jpg,unsplash,xtpz9sSRUDw,https://unsplash.com/photos/xtpz9sSRUDw,inferred
female/asian/sankhadeep-barman-aHTbdSquNCY-unsplash.jpg,unsplash,aHTbdSquNCY,https://unsplash.com/photos/aHTbdSquNCY,inferred
female/asian/selfie-4127339_1920.jpg,pixabay,4127339,https://pixabay.com/photos/selfie-4127339_1920/,inferred
female/asian/simon-marsault-jUyP2PcuBls-unsplash.jpg,unsplash,jUyP2PcuBls,https://unsplash.com/photos/jUyP2PcuBls,inferred
female/asian/suhendro-purnomo--ApMYrUyi0o-unsplash.jpg,unsplash,-ApMYrUyi0o,https://unsplash.com/photos/-ApMYrUyi0o,inferred
female/asian/suhendro-purnomo-4E3noTlLm1c-unsplash.jpg,unsplash,4E3noTlLm1c,https://unsplash.com/photos/4E3noTlLm1c,inferred
female/asian/tabitha-turner-e5ckVRrQj_8-unsplash.jpg,unsplash,e5ckVRrQj_8,https://unsplash.com/photos/e5ckVRrQj_8,inferred
female/asian/thanh-duc-phan-i5R8hbZFDdc-unsplash.jpg,unsplash,i5R8hbZFDdc,https://unsplash.com/photos/i5R8hbZFDdc,inferred
female/asian/toa-heftiba-aQ0YRudYjm0-unsplash.jpg,unsplash,aQ0YRudYjm0,https://unsplash.com/photos/aQ0YRudYjm0,inferred
female/asian/tong-nguyen-van-ERIZwv4V5pA-unsplash.jpg,unsplash,ERIZwv4V5pA,https://unsplash.com/photos/ERIZwv4V5pA,inferred
female/asian/tong-nguyen-van-wXnaknPMpK0-unsplash.jpg,unsplash,wXnaknPMpK0,https://unsplash.com/photos/wXnaknPMpK0,inferred
female/asian/vietnamese-4646223_1920.jpg,pixabay,4646223,https://pixabay.com/photos/vietnamese-4646223_1920/,inferred
female/asian/vin-stratton-LkDICOYBYAg-unsplash.jpg,unsplash,LkDICOYBYAg,https://unsplash.com/photos/LkDICOYBYAg,inferred
female/asian/vino-li-yuJYUYpnFlo-unsplash.jpg,unsplash,yuJYUYpnFlo,https://unsplash.com/photos/yuJYUYpnFlo,inferred
female/asian/visualsofdana-KD1xdIkw3Z8-unsplash.jpg,unsplash,KD1xdIkw3Z8,https://unsplash.com/photos/KD1xdIkw3Z8,inferred
female/asian/watercolor-1214824_1920.jpg,pixabay,1214824,https://pixabay.com/photos/watercolor-1214824_1920/,inferred
female/asian/woman-2294787_1920.jpg,pixabay,2294787,https://pixabay.com/photos/woman-2294787_1920/,inferred
female/asian/woman-2690362_1920.jpg,pixabay,2690362,https://pixabay.com/photos/woman-2690362_1920/,inferred
female/asian/woman-3178537_1920.jpg,pixabay,3178537,https://pixabay.com/photos/woman-3178537_1920/,inferred
female/asian/woman-3951558_1920.jpg,pixabay,3951558,https://pixabay.com/photos/woman-3951558_1920/,inferred
female/asian/woman-4804268_1920.jpg,pixabay,4804268,https://pixabay.com/photos/woman-4804268_1920/,inferred
female/asian/woman-5573135_1920.jpg,pixabay,5573135,https://pixabay.com/photos/woman-5573135_1920/,inferred
female/asian/woman-5775938_1920.jpg,pixabay,5775938,https://pixabay.com/photos/woman-5775938_1920/,inferred
female/asian/woman-984426_1920.jpg,pixabay,984426,https://pixabay.com/photos/woman-984426_1920/,inferred
female/asian/women-1507748_1920.jpg,pixabay,1507748,https://pixabay.com/photos/women-1507748_1920/,inferred
female/asian/women-4445664_1920.jpg,pixabay,4445664,https://pixabay.com/photos/women-4445664_1920/,inferred
female/asian/women-5930352_1920.jpg,pixabay,5930352,https://pixabay.com/photos/women-5930352_1920/,inferred
female/asian/xu-duo-kSyOJGwlGm0-unsplash.jpg,unsplash,kSyOJGwlGm0,https://unsplash.com/photos/kSyOJGwlGm0,inferred
female/asian/xu-duo-w2p_6UBRSTY-unsplash.jpg,unsplash,w2p_6UBRSTY,https://unsplash.com/photos/w2p_6UBRSTY,inferred
female/asian/yannes-kiefer-VZfSq4TQTHY-unsplash.jpg,unsplash,VZfSq4TQTHY,https://unsplash.com/photos/VZfSq4TQTHY,inferred
female/asian/yeo-khee-uZCY6vjHGmE-unsplash.jpg,unsplash,uZCY6vjHGmE,https://unsplash.com/photos/uZCY6vjHGmE,inferred
female/asian/young-women-1281280_1920.jpg,pixabay,1281280,https://pixabay.com/photos/young-women-1281280_1920/,inferred
female/black/1.jpg,unknown,,,unknown
female/black/15.jpg,unknown,,,unknown
female/black/27.jpg,pexels,2434049,https://www.pexels.com/photo/2434049/,inferred-via-duplicate
female/black/31.jpg,pixabay,868521,https://pixabay.com/photos/woman-868521_1920/,inferred-via-duplicate
female/black/34.jpg,pexels,3321515,https://www.pexels.com/photo/3321515/,inferred-via-duplicate
female/black/39.jpg,unsplash,1Fx-iiR8R_4,https://unsplash.com/photos/1Fx-iiR8R_4,inferred-via-duplicate
female/black/52.jpg,unsplash,tgVm0tkbf1U,https://unsplash.com/photos/tgVm0tkbf1U,inferred-via-duplicate
female/black/61.jpg,unknown,,,unknown
female/black/african-2197414_1920.jpg,pixabay,2197414,https://pixabay.com/photos/african-2197414_1920/,inferred
female/black/african-2942355_1920.jpg,pixabay,2942355,https://pixabay.com/photos/african-2942355_1920/,inferred
female/black/african-american-1180847_1920.jpg,pixabay,1180847,https://pixabay.com/photos/african-american-1180847_1920/,inferred
female/black/amevi-wisdom-wiUl_NyafcY-unsplash.jpg,unsplash,wiUl_NyafcY,https://unsplash.com/photos/wiUl_NyafcY,inferred
female/black/amin-rk-stz6pJV6UKw-unsplash.jpg,unsplash,stz6pJV6UKw,https://unsplash.com/photos/stz6pJV6UKw,inferred
female/black/ashley-byrd-AyOC81h1CGw-unsplash.jpg,unsplash,AyOC81h1CGw,https://unsplash.com/photos/AyOC81h1CGw,inferred
female/black/attractive-1869761_1920.jpg,pixabay,1869761,https://pixabay.com/photos/attractive-1869761_1920/,inferred
female/black/beautiful-3257190_1920.jpg,pixabay,3257190,https://pixabay.com/photos/beautiful-3257190_1920/,inferred
female/black/brenna-huff-0bayIkan-Ao-unsplash.jpg,unsplash,0bayIkan-Ao,https://unsplash.com/photos/0bayIkan-Ao,inferred
female/black/cassandra-hamer-OyTCN8T9aGo-unsplash.jpg,unsplash,OyTCN8T9aGo,https://unsplash.com/photos/OyTCN8T9aGo,inferred
female/black/cassandra-hamer-t2obqqft_xM-unsplash.jpg,unsplash,t2obqqft_xM,https://unsplash.com/photos/t2obqqft_xM,inferred
female/black/cheerleader-863890_1920.jpg,pixabay,863890,https://pixabay.com/photos/cheerleader-863890_1920/,inferred
female/black/chelsea-ferenando-LmYENEcVmqM-unsplash.jpg,unsplash,LmYENEcVmqM,https://unsplash.com/photos/LmYENEcVmqM,inferred
female/black/christina-wocintechchat-com-Zpzf7TLj_gA-unsplash.jpg,unsplash,Zpzf7TLj_gA,https://unsplash.com/photos/Zpzf7TLj_gA,inferred
female/black/christina-wocintechchat-com-_5_CBVCLBsY-unsplash.jpg,unsplash,_5_CBVCLBsY,https://unsplash.com/photos/_5_CBVCLBsY,inferred
female/black/clarke-sanders-HOQpBGL95Z8-unsplash.jpg,unsplash,HOQpBGL95Z8,https://unsplash.com/photos/HOQpBGL95Z8,inferred
female/black/clarke-sanders-e_W1qouapG8-unsplash.jpg,unsplash,e_W1qouapG8,https://unsplash.com/photos/e_W1qouapG8,inferred
female/black/clem-onojeghuo-FbTOrJ2G8KI-unsplash.jpg,unsplash,FbTOrJ2G8KI,https://unsplash.com/photos/FbTOrJ2G8KI,inferred
female/black/cleyton-ewerton-sFdbI7P47XE-unsplash.jpg,unsplash,sFdbI7P47XE,https://unsplash.com/photos/sFdbI7P47XE,inferred
female/black/cute-4721888_1920.jpg,pixabay,4721888,https://pixabay.com/photos/cute-4721888_1920/,inferred
female/black/dario-didon-Zqx1BVQBGII-unsplash.jpg,unsplash,Zqx1BVQBGII,https://unsplash.com/photos/Zqx1BVQBGII,inferred
female/black/david-todd-mccarty-e17ti0-AYoA-unsplash.jpg,unsplash,e17ti0-AYoA,https://unsplash.com/photos/e17ti0-AYoA,inferred
female/black/demorris-byrd-7Xqi7VLqfpA-unsplash.jpg,unsplash,7Xqi7VLqfpA,https://unsplash.com/photos/7Xqi7VLqfpA,inferred
female/black/ebony-1643426_1920.jpg,pixabay,1643426,https://pixabay.com/photos/ebony-1643426_1920/,inferred
female/black/emma-valerio-Hz_hQrk9hQ8-unsplash.jpg,unsplash,Hz_hQrk9hQ8,https://unsplash.com/photos/Hz_hQrk9hQ8,inferred
female/black/emmanuel-zua-iKNvqz1evXI-unsplash.jpg,unsplash,iKNvqz1evXI,https://unsplash.com/photos/iKNvqz1evXI,inferred
female/black/engin-akyurt-Obi2AUzEZyU-unsplash.jpg,unsplash,Obi2AUzEZyU,https://unsplash.com/photos/Obi2AUzEZyU,inferred
female/black/engin-akyurt-lyh6c9MLdBY-unsplash.jpg,unsplash,lyh6c9MLdBY,https://unsplash.com/photos/lyh6c9MLdBY,inferred
female/black/ernan-solozabal-kfQWyxttMeQ-unsplash.jpg,unsplash,kfQWyxttMeQ,https://unsplash.com/photos/kfQWyxttMeQ,inferred
female/black/etty-fidele-AzVexpHvuKY-unsplash.jpg,unsplash,AzVexpHvuKY,https://unsplash.com/photos/AzVexpHvuKY,inferred
female/black/etty-fidele-TWR--mm6s5o-unsplash.jpg,unsplash,TWR--mm6s5o,https://unsplash.com/photos/TWR--mm6s5o,inferred
female/black/eye-for-ebony-BKxipJKe3G0-unsplash.jpg,unsplash,BKxipJKe3G0,https://unsplash.com/photos/BKxipJKe3G0,inferred
female/black/eye-for-ebony-Z7ZmNovyF_M-unsplash.jpg,unsplash,Z7ZmNovyF_M,https://unsplash.com/photos/Z7ZmNovyF_M,inferred
female/black/female-4899174_1920.jpg,pixabay,4899174,https://pixabay.com/photos/female-4899174_1920/,inferred
female/black/female-4899179_1920.jpg,pixabay,4899179,https://pixabay.com/photos/female-4899179_1920/,inferred
female/black/force-majeure-a5-_X8IktJg-unsplash.jpg,unsplash,a5-_X8IktJg,https://unsplash.com/photos/a5-_X8IktJg,inferred
female/black/gabriel-silverio-HibLL8rsiwc-unsplash.jpg,unsplash,HibLL8rsiwc,https://unsplash.com/photos/HibLL8rsiwc,inferred
female/black/gabrielle-henderson-hZpmaacR8gE-unsplash.jpg,unsplash,hZpmaacR8gE,https://unsplash.com/photos/hZpmaacR8gE,inferred
female/black/gift-habeshaw-kZ6KJLSKGDQ-unsplash.jpg,unsplash,kZ6KJLSKGDQ,https://unsplash.com/photos/kZ6KJLSKGDQ,inferred
female/black/girl-1245835_1920.jpg,pixabay,1245835,https://pixabay.com/photos/girl-1245835_1920/,inferred
female/black/girl-1868930_1920.jpg,pixabay,1868930,https://pixabay.com/photos/girl-1868930_1920/,inferred
female/black/girl-1912901_1920.jpg,pixabay,1912901,https://pixabay.com/photos/girl-1912901_1920/,inferred
female/black/girl-444688_1920.jpg,pixabay,444688,https://pixabay.com/photos/girl-444688_1920/,inferred
female/black/gustavo-lanes-ZaL84ooeZpk-unsplash.jpg,unsplash,ZaL84ooeZpk,https://unsplash.com/photos/ZaL84ooeZpk,inferred
female/black/head-shoot-1542339_1920.jpg,pixabay,1542339,https://pixabay.com/photos/head-shoot-1542339_1920/,inferred
female/black/jackson-david-Iex31-cnO-o-unsplash.jpg,unsplash,Iex31-cnO-o,https://unsplash.com/photos/Iex31-cnO-o,inferred
female/black/jd-mason-4eRATsC7zTY-unsplash.jpg,unsplash,4eRATsC7zTY,https://unsplash.com/photos/4eRATsC7zTY,inferred
female/black/jefferson-nnadiekwe-etYRmDQMcQQ-unsplash.jpg,unsplash,etYRmDQMcQQ,https://unsplash.com/photos/etYRmDQMcQQ,inferred
female/black/jessica-felicio-8vgkMCSq4EU-unsplash.jpg,unsplash,8vgkMCSq4EU,https://unsplash.com/photos/8vgkMCSq4EU,inferred
female/black/jessica-felicio-F16KPYxfm6s-unsplash.jpg,unsplash,F16KPYxfm6s,https://unsplash.com/photos/F16KPYxfm6s,inferred
female/black/jessica-felicio-YEbFUPYfUlo-unsplash.jpg,unsplash,YEbFUPYfUlo,https://unsplash.com/photos/YEbFUPYfUlo,inferred
female/black/jessica-felicio-_cvwXhGqG-o-unsplash.jpg,unsplash,_cvwXhGqG-o,https://unsplash.com/photos/_cvwXhGqG-o,inferred
female/black/john-torcasio-tgVm0tkbf1U-unsplash.jpg,unsplash,tgVm0tkbf1U,https://unsplash.com/photos/tgVm0tkbf1U,inferred
female/black/jovaughn-stephens-3ajz-2RgEi8-unsplash.jpg,unsplash,3ajz-2RgEi8,https://unsplash.com/photos/3ajz-2RgEi8,inferred
female/black/juno-jo-nwdPxI1h4NQ-unsplash.jpg,unsplash,nwdPxI1h4NQ,https://unsplash.com/photos/nwdPxI1h4NQ,inferred
female/black/kal-visuals-fEbgg7USu3E-unsplash.jpg,unsplash,fEbgg7USu3E,https://unsplash.com/photos/fEbgg7USu3E,inferred
female/black/kelly-fournier-rPykmpWcL5s-unsplash.jpg,unsplash,rPykmpWcL5s,https://unsplash.com/photos/rPykmpWcL5s,inferred
female/black/kelly-sikkema-q2hBflsr71o-unsplash.jpg,unsplash,q2hBflsr71o,https://unsplash.com/photos/q2hBflsr71o,inferred
female/black/leighann-blackwood-nRVMVZvy6mo-unsplash.jpg,unsplash,nRVMVZvy6mo,https://unsplash.com/photos/nRVMVZvy6mo,inferred
female/black/lethu-zimu-bkyKiFfV91Q-unsplash.jpg,unsplash,bkyKiFfV91Q,https://unsplash.com/photos/bkyKiFfV91Q,inferred
female/black/lucas-lenzi-2RwB3AHphb4-unsplash.jpg,unsplash,2RwB3AHphb4,https://unsplash.com/photos/2RwB3AHphb4,inferred
female/black/makeup-1442912_1920.jpg,pixabay,1442912,https://pixabay.com/photos/makeup-1442912_1920/,inferred
female/black/marcelo-rangel-E4P7SYt-hPs-unsplash.jpg,unsplash,E4P7SYt-hPs,https://unsplash.com/photos/E4P7SYt-hPs,inferred
female/black/march-for-peace-1727917_1920.jpg,pixabay,1727917,https://pixabay.com/photos/march-for-peace-1727917_1920/,inferred
female/black/matheus-ferrero-4cEVIKj7xtY-unsplash.jpg,unsplash,4cEVIKj7xtY,https://unsplash.com/photos/4cEVIKj7xtY,inferred
female/black/mehmet-turgut-kirkgoz-2rVzuyCowLI-unsplash.jpg,unsplash,2rVzuyCowLI,https://unsplash.com/photos/2rVzuyCowLI,inferred
female/black/michelle-obama-1129160_1920.jpg,pixabay,1129160,https://pixabay.com/photos/michelle-obama-1129160_1920/,inferred
female/black/model-4676037_1920.jpg,pixabay,4676037,https://pixabay.com/photos/model-4676037_1920/,inferred
female/black/models-2158971_1920.jpg,pixabay,2158971,https://pixabay.com/photos/models-2158971_1920/,inferred
female/black/national-cancer-institute-duNbFJRhaJQ-unsplash.jpg,unsplash,duNbFJRhaJQ,https://unsplash.com/photos/duNbFJRhaJQ,inferred
female/black/nick-grant-ygrOmmn1Oss-unsplash.jpg,unsplash,ygrOmmn1Oss,https://unsplash.com/photos/ygrOmmn1Oss,inferred
female/black/noah-buscher-AR7aumwKr2s-unsplash.jpg,unsplash,AR7aumwKr2s,https://unsplash.com/photos/AR7aumwKr2s,inferred
female/black/oladimeji-odunsi-aU_eOcelLhQ-unsplash.jpg,unsplash,aU_eOcelLhQ,https://unsplash.com/photos/aU_eOcelLhQ,inferred
female/black/oladimeji-odunsi-pV2Kw7Tts14-unsplash.jpg,unsplash,pV2Kw7Tts14,https://unsplash.com/photos/pV2Kw7Tts14,inferred
female/black/olivier-rule-RKqIIjqWRak-unsplash.jpg,unsplash,RKqIIjqWRak,https://unsplash.com/photos/RKqIIjqWRak,inferred
female/black/pablo-merchan-montes-ro1i0CMzBfI-unsplash.jpg,unsplash,ro1i0CMzBfI,https://unsplash.com/photos/ro1i0CMzBfI,inferred
female/black/people-2587179_1920.jpg,pixabay,2587179,https://pixabay.com/photos/people-2587179_1920/,inferred
female/black/people-3104635_1920.jpg,pixabay,3104635,https://pixabay.com/photos/people-3104635_1920/,inferred
female/black/people-3238357_1920.jpg,pixabay,3238357,https://pixabay.com/photos/people-3238357_1920/,inferred
female/black/pexels-adrienne-andersen-2552129.jpg,pexels,2552129,https://www.pexels.com/photo/2552129/,inferred
female/black/pexels-adrienne-andersen-2552130.jpg,pexels,2552130,https://www.pexels.com/photo/2552130/,inferred
female/black/pexels-adrienne-andersen-2661256.jpg,pexels,2661256,https://www.pexels.com/photo/2661256/,inferred
female/black/pexels-andrea-piacquadio-3880766.jpg,pexels,3880766,https://www.pexels.com/photo/3880766/,inferred
female/black/pexels-athena-1831792.jpg,pexels,1831792,https://www.pexels.com/photo/1831792/,inferred
female/black/pexels-avonne-stalling-3916455.jpg,pexels,3916455,https://www.pexels.com/photo/3916455/,inferred
female/black/pexels-bernard-ng-3318310.jpg,pexels,3318310,https://www.pexels.com/photo/3318310/,inferred
female/black/pexels-cottonbro-4505450.jpg,pexels,4505450,https://www.pexels.com/photo/4505450/,inferred
female/black/pexels-dalila-dalprat-1995129.jpg,pexels,1995129,https://www.pexels.com/photo/1995129/,inferred
female/black/pexels-dellon-thomas-3189024.jpg,pexels,3189024,https://www.pexels.com/photo/3189024/,inferred
female/black/pexels-ezekixl-akinnewu-950243.jpg,pexels,950243,https://www.pexels.com/photo/950243/,inferred
female/black/pexels-ike-louie-natividad-3310695.jpg,pexels,3310695,https://www.pexels.com/photo/3310695/,inferred
female/black/pexels-jermaine-ulinwa-3321515.jpg,pexels,3321515,https://www.pexels.com/photo/3321515/,inferred
female/black/pexels-jorge-fakhouri-filho-1852015.jpg,pexels,1852015,https://www.pexels.com/photo/1852015/,inferred
female/black/pexels-kaone-makoko-3785991.jpg,pexels,3785991,https://www.pexels.com/photo/3785991/,inferred
female/black/pexels-marcelo-chagas-2535859.jpg,pexels,2535859,https://www.pexels.com/photo/2535859/,inferred
female/black/pexels-marcelo-chagas-2539732.jpg,pexels,2539732,https://www.pexels.com/photo/2539732/,inferred
female/black/pexels-marcelo-dias-2448994.jpg,pexels,2448994,https://www.pexels.com/photo/2448994/,inferred
female/black/pexels-marlon-schmeiski-3839904.jpg,pexels,3839904,https://www.pexels.com/photo/3839904/,inferred
female/black/pexels-moh-mckenzie-3597035.jpg,pexels,3597035,https://www.pexels.com/photo/3597035/,inferred
female/black/pexels-muhammadtaha-ibrahim-ma'aji-3280901.jpg,pexels,3280901,https://www.pexels.com/photo/3280901/,inferred
female/black/pexels-murat-esibatir-4355346.jpg,pexels,4355346,https://www.pexels.com/photo/4355346/,inferred
female/black/pexels-mwabonje-2680369.jpg,pexels,2680369,https://www.pexels.com/photo/2680369/,inferred
female/black/pexels-nappy-1068205.jpg,pexels,1068205,https://www.pexels.com/photo/1068205/,inferred
female/black/pexels-noa-photography-4364604.jpg,pexels,4364604,https://www.pexels.com/photo/4364604/,inferred
female/black/pexels-ogo-2434049.jpg,pexels,2434049,https://www.pexels.com/photo/2434049/,inferred
female/black/pexels-rebrand-cities-1367270.jpg,pexels,1367270,https://www.pexels.com/photo/1367270/,inferred
female/black/pexels-rfstudio-3061415.jpg,pexels,3061415,https://www.pexels.com/photo/3061415/,inferred
female/black/pexels-rodnae-productions-4911184.jpg,pexels,4911184,https://www.pexels.com/photo/4911184/,inferred
female/black/pexels-rodnae-productions-4921034.jpg,pexels,4921034,https://www.pexels.com/photo/4921034/,inferred
female/black/pexels-samson-katt-5256700.jpg,pexels,5256700,https://www.pexels.com/photo/5256700/,inferred
female/black/pexels-shotpot-6337498.jpg,pexels,6337498,https://www.pexels.com/photo/6337498/,inferred
female/black/pexels-willsantt-1962844.jpg,pexels,1962844,https://www.pexels.com/photo/1962844/,inferred
female/black/pexels-zen-chung-5537979.jpg,pexels,5537979,https://www.pexels.com/photo/5537979/,inferred
female/black/pieter-benjamin-nijs-lb8gB8jnKDA-unsplash.jpg,unsplash,lb8gB8jnKDA,https://unsplash.com/photos/lb8gB8jnKDA,inferred
female/black/portrait-856125_1920.jpg,pixabay,856125,https://pixabay.com/photos/portrait-856125_1920/,inferred
female/black/prince-akachi-J1OScm_uHUQ-unsplash.jpg,unsplash,J1OScm_uHUQ,https://unsplash.com/photos/J1OScm_uHUQ,inferred
female/black/prince-akachi-LWkFHEGpleE-unsplash.jpg,unsplash,LWkFHEGpleE,https://unsplash.com/photos/LWkFHEGpleE,inferred
female/black/prince-akachi-l3IHXOdMyHQ-unsplash.jpg,unsplash,l3IHXOdMyHQ,https://unsplash.com/photos/l3IHXOdMyHQ,inferred
female/black/princess-Lo9qLgRIUIs-unsplash.jpg,unsplash,Lo9qLgRIUIs,https://unsplash.com/photos/Lo9qLgRIUIs,inferred
female/black/raphael-lovaski-3cbvEhhQspg-unsplash.jpg,unsplash,3cbvEhhQspg,https://unsplash.com/photos/3cbvEhhQspg,inferred
female/black/ricardo-esquivel-O8i3pW1leYs-unsplash.jpg,unsplash,O8i3pW1leYs,https://unsplash.com/photos/O8i3pW1leYs,inferred
female/black/ronise-da-luz-5DJ8sR-m58I-unsplash.jpg,unsplash,5DJ8sR-m58I,https://unsplash.com/photos/5DJ8sR-m58I,inferred
female/black/samuel-aboh-RGomcmMkTEA-unsplash.jpg,unsplash,RGomcmMkTEA,https://unsplash.com/photos/RGomcmMkTEA,inferred
female/black/shot-by-cerqueira-cthGStT-j_A-unsplash.jpg,unsplash,cthGStT-j_A,https://unsplash.com/photos/cthGStT-j_A,inferred
female/black/smile-2072907_1920.jpg,pixabay,2072907,https://pixabay.com/photos/smile-2072907_1920/,inferred
female/black/smile-2072908_1920.jpg,pixabay,2072908,https://pixabay.com/photos/smile-2072908_1920/,inferred
female/black/steward-masweneng-Ws4YEqBafus-unsplash.jpg,unsplash,Ws4YEqBafus,https://unsplash.com/photos/Ws4YEqBafus,inferred
female/black/suad-kamardeen-4VN2WWVWqDs-unsplash.jpg,unsplash,4VN2WWVWqDs,https://unsplash.com/photos/4VN2WWVWqDs,inferred
female/black/suad-kamardeen-khewjy5l4Zo-unsplash.jpg,unsplash,khewjy5l4Zo,https://unsplash.com/photos/khewjy5l4Zo,inferred
female/black/suad-kamardeen-pn2-F5lKM-U-unsplash.jpg,unsplash,pn2-F5lKM-U,https://unsplash.com/photos/pn2-F5lKM-U,inferred
female/black/tyrell-charles-m4NimBSfcYI-unsplash.jpg,unsplash,m4NimBSfcYI,https://unsplash.com/photos/m4NimBSfcYI,inferred
female/black/vladimir-yelizarov-1Fx-iiR8R_4-unsplash.jpg,unsplash,1Fx-iiR8R_4,https://unsplash.com/photos/1Fx-iiR8R_4,inferred
female/black/vladimir-yelizarov-lCDPfozQC08-unsplash.jpg,unsplash,lCDPfozQC08,https://unsplash.com/photos/lCDPfozQC08,inferred
female/black/vonecia-carswell-X5f2DFCjhWs-unsplash.jpg,unsplash,X5f2DFCjhWs,https://unsplash.com/photos/X5f2DFCjhWs,inferred
female/black/wadi-lissa-PnCTTH_mmYg-unsplash.jpg,unsplash,PnCTTH_mmYg,https://unsplash.com/photos/PnCTTH_mmYg,inferred
female/black/woman-1018284_1920.jpg,pixabay,1018284,https://pixabay.com/photos/woman-1018284_1920/,inferred
female/black/woman-1018291_1920.jpg,pixabay,1018291,https://pixabay.com/photos/woman-1018291_1920/,inferred
female/black/woman-3144280_1920.jpg,pixabay,3144280,https://pixabay.com/photos/woman-3144280_1920/,inferred
female/black/woman-5932291_1920.jpg,pixabay,5932291,https://pixabay.com/photos/woman-5932291_1920/,inferred
female/black/woman-5939698_1920.jpg,pixabay,5939698,https://pixabay.com/photos/woman-5939698_1920/,inferred
female/black/woman-659348_1920.jpg,pixabay,659348,https://pixabay.com/photos/woman-659348_1920/,inferred
female/black/woman-868521_1920.jpg,pixabay,868521,https://pixabay.com/photos/woman-868521_1920/,inferred
female/black/ziphaus-NizskSsegM8-unsplash.jpg,unsplash,NizskSsegM8,https://unsplash.com/photos/NizskSsegM8,inferred
female/caucasian/10_1.jpg,unknown,,,unknown
female/caucasian/11.jpg,unknown,,,unknown
female/caucasian/12.jpg,unknown,,,unknown
female/caucasian/14.jpg,unknown,,,unknown
female/caucasian/16.jpg,pixabay,3183050,https://pixabay.com/photos/girl-3183050_1920/,inferred-via-duplicate
female/caucasian/18.jpg,unknown,,,unknown
female/caucasian/19.jpg,unknown,,,unknown
female/caucasian/28.jpg,unknown,,,unknown
female/caucasian/40.jpg,unknown,,,unknown
female/caucasian/5.jpg,unknown,,,unknown
female/caucasian/55.jpg,unknown,,,unknown
female/caucasian/62.jpg,unknown,,,unknown
female/caucasian/8.jpg,unknown,,,unknown
female/caucasian/actress-1893312_1920.jpg,pixabay,1893312,https://pixabay.com/photos/actress-1893312_1920/,inferred
female/caucasian/adult-1867889_1920.jpg,pixabay,1867889,https://pixabay.com/photos/adult-1867889_1920/,inferred
female/caucasian/ahmadreza-najafi-VjxPbl_ErF8-unsplash.jpg,unsplash,VjxPbl_ErF8,https://unsplash.com/photos/VjxPbl_ErF8,inferred
female/caucasian/aircraft-976685_1920.jpg,pixabay,976685,https://pixabay.com/photos/aircraft-976685_1920/,inferred
female/caucasian/aleksandr-minakov-bY4GXQKfZrA-unsplash.jpg,unsplash,bY4GXQKfZrA,https://unsplash.com/photos/bY4GXQKfZrA,inferred
female/caucasian/alex-perez-42e14e_DSWE-unsplash.jpg,unsplash,42e14e_DSWE,https://unsplash.com/photos/42e14e_DSWE,inferred
female/caucasian/alex-sheldon-p63g4kQAt_4-unsplash.jpg,unsplash,p63g4kQAt_4,https://unsplash.com/photos/p63g4kQAt_4,inferred
female/caucasian/alexander-krivitskiy-moMIHvUEujM-unsplash.jpg,unsplash,moMIHvUEujM,https://unsplash.com/photos/moMIHvUEujM,inferred
female/caucasian/alexander-scott-lambley-i2AmfpRO0Cc-unsplash.jpg,unsplash,i2AmfpRO0Cc,https://unsplash.com/photos/i2AmfpRO0Cc,inferred
female/caucasian/alexandre-croussette-P9C8YtG4eYU-unsplash.jpg,unsplash,P9C8YtG4eYU,https://unsplash.com/photos/P9C8YtG4eYU,inferred
female/caucasian/alexis-brown-XhFROJiMDtA-unsplash.jpg,unsplash,XhFROJiMDtA,https://unsplash.com/photos/XhFROJiMDtA,inferred
female/caucasian/alexis-reyna-Ghq7sANg8Lc-unsplash.jpg,unsplash,Ghq7sANg8Lc,https://unsplash.com/photos/Ghq7sANg8Lc,inferred
female/caucasian/ali-pazani-VPYKT3ePiEM-unsplash.jpg,unsplash,VPYKT3ePiEM,https://unsplash.com/photos/VPYKT3ePiEM,inferred
female/caucasian/allef-vinicius-PoM0yxiD6L8-unsplash.jpg,unsplash,PoM0yxiD6L8,https://unsplash.com/photos/PoM0yxiD6L8,inferred
female/caucasian/allef-vinicius-RTiPK6GPBxg-unsplash.jpg,unsplash,RTiPK6GPBxg,https://unsplash.com/photos/RTiPK6GPBxg,inferred
female/caucasian/amelia-barklid-q97o6P6_lMQ-unsplash.jpg,unsplash,q97o6P6_lMQ,https://unsplash.com/photos/q97o6P6_lMQ,inferred
female/caucasian/amir-taheri-kQdhNGTVa3A-unsplash.jpg,unsplash,kQdhNGTVa3A,https://unsplash.com/photos/kQdhNGTVa3A,inferred
female/caucasian/analise-benevides-x-CinW2XVRw-unsplash.jpg,unsplash,x-CinW2XVRw,https://unsplash.com/photos/x-CinW2XVRw,inferred
female/caucasian/anastasia-vityukova-Cq6TBhIV0fw-unsplash.jpg,unsplash,Cq6TBhIV0fw,https://unsplash.com/photos/Cq6TBhIV0fw,inferred
female/caucasian/anastasiya-nekhaeva-vqGyIoD3PAc-unsplash.jpg,unsplash,vqGyIoD3PAc,https://unsplash.com/photos/vqGyIoD3PAc,inferred
female/caucasian/anastasiya-pavlova-7ip-IOC2yvA-unsplash.jpg,unsplash,7ip-IOC2yvA,https://unsplash.com/photos/7ip-IOC2yvA,inferred
female/caucasian/anastasiya-pavlova-OthOW3y_UII-unsplash.jpg,unsplash,OthOW3y_UII,https://unsplash.com/photos/OthOW3y_UII,inferred
female/caucasian/anastasiya-pavlova-tPD0S5mLkgI-unsplash.jpg,unsplash,tPD0S5mLkgI,https://unsplash.com/photos/tPD0S5mLkgI,inferred
female/caucasian/andreea-pop-ZR0Ij09RN9w-unsplash.jpg,unsplash,ZR0Ij09RN9w,https://unsplash.com/photos/ZR0Ij09RN9w,inferred
female/caucasian/andreea-pop-uR4cG4C2tsg-unsplash.jpg,unsplash,uR4cG4C2tsg,https://unsplash.com/photos/uR4cG4C2tsg,inferred
female/caucasian/andrey-svistunov-IcSCXCRgATw-unsplash.jpg,unsplash,IcSCXCRgATw,https://unsplash.com/photos/IcSCXCRgATw,inferred
female/caucasian/andrey-zvyagintsev-byfNhh81CWU-unsplash.jpg,unsplash,byfNhh81CWU,https://unsplash.com/photos/byfNhh81CWU,inferred
female/caucasian/andriyko-podilnyk-KyQxMKaPTM0-unsplash.jpg,unsplash,KyQxMKaPTM0,https://unsplash.com/photos/KyQxMKaPTM0,inferred
female/caucasian/andriyko-podilnyk-jFAG_ixCrsM-unsplash.jpg,unsplash,jFAG_ixCrsM,https://unsplash.com/photos/jFAG_ixCrsM,inferred
female/caucasian/anita-jankovic-_OMk87F-zvI-unsplash.jpg,unsplash,_OMk87F-zvI,https://unsplash.com/photos/_OMk87F-zvI,inferred
female/caucasian/ann-agterberg-WqATKbXqGZQ-unsplash.jpg,unsplash,WqATKbXqGZQ,https://unsplash.com/photos/WqATKbXqGZQ,inferred
female/caucasian/ann-danilina-zgohOdeKpnA-unsplash.jpg,unsplash,zgohOdeKpnA,https://unsplash.com/photos/zgohOdeKpnA,inferred
female/caucasian/anne-peres-plsF6obTgms-unsplash.jpg,unsplash,plsF6obTgms,https://unsplash.com/photos/plsF6obTgms,inferred
female/caucasian/annika-palmari-H0-6Y5GmyMQ-unsplash.jpg,unsplash,H0-6Y5GmyMQ,https://unsplash.com/photos/H0-6Y5GmyMQ,inferred
female/caucasian/anton-darius-NaV1BloVk0g-unsplash.jpg,unsplash,NaV1BloVk0g,https://unsplash.com/photos/NaV1BloVk0g,inferred
female/caucasian/anton-malanin-lxEqRDB9Ng8-unsplash.jpg,unsplash,lxEqRDB9Ng8,https://unsplash.com/photos/lxEqRDB9Ng8,inferred
female/caucasian/apostolos-vamvouras-egW3HtJfsrE-unsplash.jpg,unsplash,egW3HtJfsrE,https://unsplash.com/photos/egW3HtJfsrE,inferred
female/caucasian/arno-senoner-5UCPo5N2cyg-unsplash.jpg,unsplash,5UCPo5N2cyg,https://unsplash.com/photos/5UCPo5N2cyg,inferred
female/caucasian/artem-ivanchencko-M9-VgKDrhDA-unsplash.jpg,unsplash,M9-VgKDrhDA,https://unsplash.com/photos/M9-VgKDrhDA,inferred
female/caucasian/artem-kryzhanivskyi-AdRJsBCjwms-unsplash.jpg,unsplash,AdRJsBCjwms,https://unsplash.com/photos/AdRJsBCjwms,inferred
female/caucasian/aschas-O15EA5W8rmI-unsplash.jpg,unsplash,O15EA5W8rmI,https://unsplash.com/photos/O15EA5W8rmI,inferred
female/caucasian/ayo-ogunseinde-6W4F62sN_yI-unsplash.jpg,unsplash,6W4F62sN_yI,https://unsplash.com/photos/6W4F62sN_yI,inferred
female/caucasian/bailey-mahon-jfPKQraxv0w-unsplash.jpg,unsplash,jfPKQraxv0w,https://unsplash.com/photos/jfPKQraxv0w,inferred
female/caucasian/baris-selcen-6bjgSD6Wxus-unsplash.jpg,unsplash,6bjgSD6Wxus,https://unsplash.com/photos/6bjgSD6Wxus,inferred
female/caucasian/beautiful-1844724_1920.jpg,pixabay,1844724,https://pixabay.com/photos/beautiful-1844724_1920/,inferred
female/caucasian/beautiful-1867092_1920.jpg,pixabay,1867092,https://pixabay.com/photos/beautiful-1867092_1920/,inferred
female/caucasian/beautiful-1867431_1920.jpg,pixabay,1867431,https://pixabay.com/photos/beautiful-1867431_1920/,inferred
female/caucasian/beautiful-2114449_1920.jpg,pixabay,2114449,https://pixabay.com/photos/beautiful-2114449_1920/,inferred
female/caucasian/beautiful-2819394_1920.jpg,pixabay,2819394,https://pixabay.com/photos/beautiful-2819394_1920/,inferred
female/caucasian/beautiful-model-4597225_1920.jpg,pixabay,4597225,https://pixabay.com/photos/beautiful-model-4597225_1920/,inferred
female/caucasian/beautiful-young-woman-635271_1920.jpg,pixabay,635271,https://pixabay.com/photos/beautiful-young-woman-635271_1920/,inferred
female/caucasian/beauty-1132617_1920.jpg,pixabay,1132617,https://pixabay.com/photos/beauty-1132617_1920/,inferred
female/caucasian/bella-4368194_1920.jpg,pixabay,4368194,https://pixabay.com/photos/bella-4368194_1920/,inferred
female/caucasian/ben-den-engelsen-AGTxr6b9xJU-unsplash.jpg,unsplash,AGTxr6b9xJU,https://unsplash.com/photos/AGTxr6b9xJU,inferred
female/caucasian/bikini-885382_1920.jpg,pixabay,885382,https://pixabay.com/photos/bikini-885382_1920/,inferred
female/caucasian/bindi-2416039_1920.jpg,pixabay,2416039,https://pixabay.com/photos/bindi-2416039_1920/,inferred
female/caucasian/black-dress-2985654_1920.jpg,pixabay,2985654,https://pixabay.com/photos/black-dress-2985654_1920/,inferred
female/caucasian/blake-barlow-7Ge4b_kcPLQ-unsplash.jpg,unsplash,7Ge4b_kcPLQ,https://unsplash.com/photos/7Ge4b_kcPLQ,inferred
female/caucasian/blake-barlow-L9NrqmDPT-g-unsplash.jpg,unsplash,L9NrqmDPT-g,https://unsplash.com/photos/L9NrqmDPT-g,inferred
female/caucasian/blond-3952534_1920.jpg,pixabay,3952534,https://pixabay.com/photos/blond-3952534_1920/,inferred
female/caucasian/blonde-2885907_1920.jpg,pixabay,2885907,https://pixabay.com/photos/blonde-2885907_1920/,inferred
female/caucasian/bradley-dunn-Hy879rKHhbc-unsplash.jpg,unsplash,Hy879rKHhbc,https://unsplash.com/photos/Hy879rKHhbc,inferred
female/caucasian/brett-carey-dPJ5H1qdBfQ-unsplash.jpg,unsplash,dPJ5H1qdBfQ,https://unsplash.com/photos/dPJ5H1qdBfQ,inferred
female/caucasian/brock-wegner-Ip5PiEDGK3s-unsplash.jpg,unsplash,Ip5PiEDGK3s,https://unsplash.com/photos/Ip5PiEDGK3s,inferred
female/caucasian/brooke-cagle-BwhJOU0sgdY-unsplash.jpg,unsplash,BwhJOU0sgdY,https://unsplash.com/photos/BwhJOU0sgdY,inferred
female/caucasian/brooke-cagle-QZRAaYfmvA8-unsplash.jpg,unsplash,QZRAaYfmvA8,https://unsplash.com/photos/QZRAaYfmvA8,inferred
female/caucasian/brooke-cagle-iQ-CjxFHNQk-unsplash.jpg,unsplash,iQ-CjxFHNQk,https://unsplash.com/photos/iQ-CjxFHNQk,inferred
female/caucasian/bruce-dixon--lYtsl62gyU-unsplash.jpg,unsplash,-lYtsl62gyU,https://unsplash.com/photos/-lYtsl62gyU,inferred
female/caucasian/brunette-3627300_1920.jpg,pixabay,3627300,https://pixabay.com/photos/brunette-3627300_1920/,inferred
female/caucasian/bruno-bucar-juC6zUwJTHE-unsplash.jpg,unsplash,juC6zUwJTHE,https://unsplash.com/photos/juC6zUwJTHE,inferred
female/caucasian/business-3188067_1920.jpg,pixabay,3188067,https://pixabay.com/photos/business-3188067_1920/,inferred
female/caucasian/business-3456505_1920.jpg,pixabay,3456505,https://pixabay.com/photos/business-3456505_1920/,inferred
female/caucasian/business-3560916_1920.jpg,pixabay,3560916,https://pixabay.com/photos/business-3560916_1920/,inferred
female/caucasian/business-woman-2756210_1920.jpg,pixabay,2756210,https://pixabay.com/photos/business-woman-2756210_1920/,inferred
female/caucasian/caique-silva-3ujVzg9i2EI-unsplash.jpg,unsplash,3ujVzg9i2EI,https://unsplash.com/photos/3ujVzg9i2EI,inferred
female/caucasian/callie-morgan-JlymtjqG2aU-unsplash.jpg,unsplash,JlymtjqG2aU,https://unsplash.com/photos/JlymtjqG2aU,inferred
female/caucasian/camila-quintero-franco-8NDuYUjSMiY-unsplash.jpg,unsplash,8NDuYUjSMiY,https://unsplash.com/photos/8NDuYUjSMiY,inferred
female/caucasian/carlos-augusto-qmsP-aRLWsc-unsplash.jpg,unsplash,qmsP-aRLWsc,https://unsplash.com/photos/qmsP-aRLWsc,inferred
female/caucasian/carlos-lindner-1fBp3p-1CyY-unsplash.jpg,unsplash,1fBp3p-1CyY,https://unsplash.com/photos/1fBp3p-1CyY,inferred
female/caucasian/carlos-lindner-8X6_ppAuhnI-unsplash.jpg,unsplash,8X6_ppAuhnI,https://unsplash.com/photos/8X6_ppAuhnI,inferred
female/caucasian/carlos-lindner-DkSkgaPie8s-unsplash.jpg,unsplash,DkSkgaPie8s,https://unsplash.com/photos/DkSkgaPie8s,inferred
female/caucasian/carlos-lindner-zvZ-HASOA74-unsplash.jpg,unsplash,zvZ-HASOA74,https://unsplash.com/photos/zvZ-HASOA74,inferred
female/caucasian/caroline-hernandez-c82O-ojHu9E-unsplash.jpg,unsplash,c82O-ojHu9E,https://unsplash.com/photos/c82O-ojHu9E,inferred
female/caucasian/caroline-hernandez-s7cX3UfuFAA-unsplash.jpg,unsplash,s7cX3UfuFAA,https://unsplash.com/photos/s7cX3UfuFAA,inferred
female/caucasian/charisse-kenion-AZRVxIyCLxY-unsplash.jpg,unsplash,AZRVxIyCLxY,https://unsplash.com/photos/AZRVxIyCLxY,inferred
female/caucasian/charlie-garcia-xJ_lOztx-VE-unsplash.jpg,unsplash,xJ_lOztx-VE,https://unsplash.com/photos/xJ_lOztx-VE,inferred
female/caucasian/child-3031836_1920.jpg,pixabay,3031836,https://pixabay.com/photos/child-3031836_1920/,inferred
female/caucasian/christiana-rivers-DvpKGEH2zco-unsplash.jpg,unsplash,DvpKGEH2zco,https://unsplash.com/photos/DvpKGEH2zco,inferred
female/caucasian/christiana-rivers-O_XIvDy0pcs-unsplash.jpg,unsplash,O_XIvDy0pcs,https://unsplash.com/photos/O_XIvDy0pcs,inferred
female/caucasian/christina-wocintechchat-com-0Zx1bDv5BNY-unsplash.jpg,unsplash,0Zx1bDv5BNY,https://unsplash.com/photos/0Zx1bDv5BNY,inferred
female/caucasian/clayton-cardinalli-ZqmmwcE1DQ8-unsplash.jpg,unsplash,ZqmmwcE1DQ8,https://unsplash.com/photos/ZqmmwcE1DQ8,inferred
female/caucasian/coffee-4783442_1920.jpg,pixabay,4783442,https://pixabay.com/photos/coffee-4783442_1920/,inferred
female/caucasian/cold-1284029_1920.jpg,pixabay,1284029,https://pixabay.com/photos/cold-1284029_1920/,inferred
female/caucasian/cole-plichta-7la6TtuqYOI-unsplash.jpg,unsplash,7la6TtuqYOI,https://unsplash.com/photos/7la6TtuqYOI,inferred
female/caucasian/connor-wilkins-eW6JCH_fbck-unsplash.jpg,unsplash,eW6JCH_fbck,https://unsplash.com/photos/eW6JCH_fbck,inferred
female/caucasian/corinne-kutz-jfIgh0ijkqM-unsplash.jpg,unsplash,jfIgh0ijkqM,https://unsplash.com/photos/jfIgh0ijkqM,inferred
female/caucasian/court-cook-TSZo17r3m0s-unsplash.jpg,unsplash,TSZo17r3m0s,https://unsplash.com/photos/TSZo17r3m0s,inferred
female/caucasian/creating-a-brand-WxAOdbDpMiU-uns.jpg,unknown,,,unknown
female/caucasian/cristian-newman-l9I93gZKTG4-unsplash.jpg,unsplash,l9I93gZKTG4,https://unsplash.com/photos/l9I93gZKTG4,inferred
female/caucasian/d015.jpg,unknown,,,unknown
female/caucasian/d02.jpg,unknown,,,unknown
female/caucasian/d15.jpg,unknown,,,unknown
female/caucasian/dan-ROJFuWCsfmA-unsplash.jpg,unsplash,ROJFuWCsfmA,https://unsplash.com/photos/ROJFuWCsfmA,inferred
female/caucasian/dane-wetton-0AqoGTLmIjQ-unsplash.jpg,unsplash,0AqoGTLmIjQ,https://unsplash.com/photos/0AqoGTLmIjQ,inferred
female/caucasian/daniel-corneschi-BK3edUeZHls-unsplash.jpg,unsplash,BK3edUeZHls,https://unsplash.com/photos/BK3edUeZHls,inferred
female/caucasian/daniel-corneschi-e4lszwLJ_As-unsplash.jpg,unsplash,e4lszwLJ_As,https://unsplash.com/photos/e4lszwLJ_As,inferred
female/caucasian/daniel-spase-s4bml9X2lVs-unsplash.jpg,unsplash,s4bml9X2lVs,https://unsplash.com/photos/s4bml9X2lVs,inferred
female/caucasian/daniil-kuzelev-AkGd_YB6Q2c-unsplash.jpg,unsplash,AkGd_YB6Q2c,https://unsplash.com/photos/AkGd_YB6Q2c,inferred
female/caucasian/david-todd-mccarty-EIeLcpn-9bM-unsplash.jpg,unsplash,EIeLcpn-9bM,https://unsplash.com/photos/EIeLcpn-9bM,inferred
female/caucasian/denis-agati-3dL0mzyUS6M-unsplash.jpg,unsplash,3dL0mzyUS6M,https://unsplash.com/photos/3dL0mzyUS6M,inferred
female/caucasian/derick-daily--1_NYuwIQxU-unsplash.jpg,unsplash,-1_NYuwIQxU,https://unsplash.com/photos/-1_NYuwIQxU,inferred
female/caucasian/dominic-blignaut-Wwir9Xis204-unsplash.jpg,unsplash,Wwir9Xis204,https://unsplash.com/photos/Wwir9Xis204,inferred
female/caucasian/edward-cisneros-_H6wpor9mjs-unsplash.jpg,unsplash,_H6wpor9mjs,https://unsplash.com/photos/_H6wpor9mjs,inferred
female/caucasian/egor-barmin-i-JkONlmR_o-unsplash.jpg,unsplash,i-JkONlmR_o,https://unsplash.com/photos/i-JkONlmR_o,inferred
female/caucasian/egor-barmin-tFF1gAwC6iE-unsplash.jpg,unsplash,tFF1gAwC6iE,https://unsplash.com/photos/tFF1gAwC6iE,inferred
female/caucasian/elderly-1557141_1920.jpg,pixabay,1557141,https://pixabay.com/photos/elderly-1557141_1920/,inferred
female/caucasian/eleanor-Xd3J56n0d2Q-unsplash.jpg,unsplash,Xd3J56n0d2Q,https://unsplash.com/photos/Xd3J56n0d2Q,inferred
female/caucasian/elijah-m-henderson-r9lTXKNtq7I-unsplash.jpg,unsplash,r9lTXKNtq7I,https://unsplash.com/photos/r9lTXKNtq7I,inferred
female/caucasian/emmanuel-bior-N06QdiZgK_E-unsplash.jpg,unsplash,N06QdiZgK_E,https://unsplash.com/photos/N06QdiZgK_E,inferred
female/caucasian/engin-akyurt-gXBlAoQF61Q-unsplash.jpg,unsplash,gXBlAoQF61Q,https://unsplash.com/photos/gXBlAoQF61Q,inferred
female/caucasian/ethan-haddox-NTjSR3zYpsY-unsplash.jpg,unsplash,NTjSR3zYpsY,https://unsplash.com/photos/NTjSR3zYpsY,inferred
female/caucasian/eva-wilcock-hHFijaQdfTw-unsplash.jpg,unsplash,hHFijaQdfTw,https://unsplash.com/photos/hHFijaQdfTw,inferred
female/caucasian/f1.jpg,unknown,,,unknown
female/caucasian/f12.jpg,unknown,,,unknown
female/caucasian/f3.png,unknown,,,unknown
female/caucasian/f6.jpg,unknown,,,unknown
female/caucasian/f8.jpg,unknown,,,unknown
female/caucasian/fabio-alves-PE1IpWTeKfQ-unsplash.jpg,unsplash,PE1IpWTeKfQ,https://unsplash.com/photos/PE1IpWTeKfQ,inferred
female/caucasian/fantasy-3452327_1920.jpg,pixabay,3452327,https://pixabay.com/photos/fantasy-3452327_1920/,inferred
female/caucasian/fashion-1284308_1920.jpg,pixabay,1284308,https://pixabay.com/photos/fashion-1284308_1920/,inferred
female/caucasian/fashion-1846490_1920.jpg,pixabay,1846490,https://pixabay.com/photos/fashion-1846490_1920/,inferred
female/caucasian/fashion-238553_1920.jpg,pixabay,238553,https://pixabay.com/photos/fashion-238553_1920/,inferred
female/caucasian/fashion-2690306_1920.jpg,pixabay,2690306,https://pixabay.com/photos/fashion-2690306_1920/,inferred
female/caucasian/fashion-3059143_1920.jpg,pixabay,3059143,https://pixabay.com/photos/fashion-3059143_1920/,inferred
female/caucasian/fashion-3080644_1920.jpg,pixabay,3080644,https://pixabay.com/photos/fashion-3080644_1920/,inferred
female/caucasian/female-2674500_1920.jpg,pixabay,2674500,https://pixabay.com/photos/female-2674500_1920/,inferred
female/caucasian/female-2836137_1920.jpg,pixabay,2836137,https://pixabay.com/photos/female-2836137_1920/,inferred
female/caucasian/fezbot2000-L0RvwcsiSFw-unsplash.jpg,unsplash,L0RvwcsiSFw,https://unsplash.com/photos/L0RvwcsiSFw,inferred
female/caucasian/fezbot2000-V4CU3OBsrEk-unsplash.jpg,unsplash,V4CU3OBsrEk,https://unsplash.com/photos/V4CU3OBsrEk,inferred
female/caucasian/fezbot2000-h_OTf7uvXuM-unsplash.jpg,unsplash,h_OTf7uvXuM,https://unsplash.com/photos/h_OTf7uvXuM,inferred
female/caucasian/fezbot2000-nahUo1GhcrA-unsplash.jpg,unsplash,nahUo1GhcrA,https://unsplash.com/photos/nahUo1GhcrA,inferred
female/caucasian/fran-hogan-0vyvnOH-LVQ-unsplash.jpg,unsplash,0vyvnOH-LVQ,https://unsplash.com/photos/0vyvnOH-LVQ,inferred
female/caucasian/francesca-zama-GVIesWuFdI8-unsplash.jpg,unsplash,GVIesWuFdI8,https://unsplash.com/photos/GVIesWuFdI8,inferred
female/caucasian/freckles-2411973_1920.jpg,pixabay,2411973,https://pixabay.com/photos/freckles-2411973_1920/,inferred
female/caucasian/freestocks-9UVmlIb0wJU-unsplash.jpg,unsplash,9UVmlIb0wJU,https://unsplash.com/photos/9UVmlIb0wJU,inferred
female/caucasian/french-4525967_1920.jpg,pixabay,4525967,https://pixabay.com/photos/french-4525967_1920/,inferred
female/caucasian/gabriel-porras-u_tdzVxTTr8-unsplash.jpg,unsplash,u_tdzVxTTr8,https://unsplash.com/photos/u_tdzVxTTr8,inferred
female/caucasian/gabriel-silverio-K_b41GaWC5Y-unsplash.jpg,unsplash,K_b41GaWC5Y,https://unsplash.com/photos/K_b41GaWC5Y,inferred
female/caucasian/gabriel-silverio-u3WmDyKGsrY-unsplash.jpg,unsplash,u3WmDyKGsrY,https://unsplash.com/photos/u3WmDyKGsrY,inferred
female/caucasian/garin-chadwick-dVnnPd2xgf4-unsplash.jpg,unsplash,dVnnPd2xgf4,https://unsplash.com/photos/dVnnPd2xgf4,inferred
female/caucasian/gary-edmonstone-LmdWNvd7C7U-unsplash.jpg,unsplash,LmdWNvd7C7U,https://unsplash.com/photos/LmdWNvd7C7U,inferred
female/caucasian/gemma-chua-tran-UIZYDvmQg6U-unsplash.jpg,unsplash,UIZYDvmQg6U,https://unsplash.com/photos/UIZYDvmQg6U,inferred
female/caucasian/gemma-chua-tran-u1eZM06-MPw-unsplash.jpg,unsplash,u1eZM06-MPw,https://unsplash.com/photos/u1eZM06-MPw,inferred
female/caucasian/genessa-panainte-g3OqMfRfo_8-unsplash.jpg,unsplash,g3OqMfRfo_8,https://unsplash.com/photos/g3OqMfRfo_8,inferred
female/caucasian/girl-1018414_1920.jpg,pixabay,1018414,https://pixabay.com/photos/girl-1018414_1920/,inferred
female/caucasian/girl-1049372_1920.jpg,pixabay,1049372,https://pixabay.com/photos/girl-1049372_1920/,inferred
female/caucasian/girl-1125322_1920.jpg,pixabay,1125322,https://pixabay.com/photos/girl-1125322_1920/,inferred
female/caucasian/girl-1209193_1920.jpg,pixabay,1209193,https://pixabay.com/photos/girl-1209193_1920/,inferred
female/caucasian/girl-1234487_1920.jpg,pixabay,1234487,https://pixabay.com/photos/girl-1234487_1920/,inferred
female/caucasian/girl-13480.jpg,unknown,,,unknown
female/caucasian/girl-139353_1920.jpg,pixabay,139353,https://pixabay.com/photos/girl-139353_1920/,inferred
female/caucasian/girl-1471048_1920.jpg,pixabay,1471048,https://pixabay.com/photos/girl-1471048_1920/,inferred
female/caucasian/girl-1482002_1920.jpg,pixabay,1482002,https://pixabay.com/photos/girl-1482002_1920/,inferred
female/caucasian/girl-1763686_1920.jpg,pixabay,1763686,https://pixabay.com/photos/girl-1763686_1920/,inferred
female/caucasian/girl-1773894_1920.jpg,pixabay,1773894,https://pixabay.com/photos/girl-1773894_1920/,inferred
female/caucasian/girl-1848910_1920.jpg,pixabay,1848910,https://pixabay.com/photos/girl-1848910_1920/,inferred
female/caucasian/girl-1888161_1920.jpg,pixabay,1888161,https://pixabay.com/photos/girl-1888161_1920/,inferred
female/caucasian/girl-204327_1920.jpg,pixabay,204327,https://pixabay.com/photos/girl-204327_1920/,inferred
female/caucasian/girl-2120196_1920.jpg,pixabay,2120196,https://pixabay.com/photos/girl-2120196_1920/,inferred
female/caucasian/girl-2209147_1920.jpg,pixabay,2209147,https://pixabay.com/photos/girl-2209147_1920/,inferred
female/caucasian/girl-2334888_1920.jpg,pixabay,2334888,https://pixabay.com/photos/girl-2334888_1920/,inferred
female/caucasian/girl-2359121_1920.jpg,pixabay,2359121,https://pixabay.com/photos/girl-2359121_1920/,inferred
female/caucasian/girl-2363819_1920.jpg,pixabay,2363819,https://pixabay.com/photos/girl-2363819_1920/,inferred
female/caucasian/girl-237871_1920.jpg,pixabay,237871,https://pixabay.com/photos/girl-237871_1920/,inferred
female/caucasian/girl-2406963_1920.jpg,pixabay,2406963,https://pixabay.com/photos/girl-2406963_1920/,inferred
female/caucasian/girl-2522405_1920.jpg,pixabay,2522405,https://pixabay.com/photos/girl-2522405_1920/,inferred
female/caucasian/girl-2663559_1920.jpg,pixabay,2663559,https://pixabay.com/photos/girl-2663559_1920/,inferred
female/caucasian/girl-2772177_1920.jpg,pixabay,2772177,https://pixabay.com/photos/girl-2772177_1920/,inferred
female/caucasian/girl-2961959_1920.jpg,pixabay,2961959,https://pixabay.com/photos/girl-2961959_1920/,inferred
female/caucasian/girl-3023831_1920.jpg,pixabay,3023831,https://pixabay.com/photos/girl-3023831_1920/,inferred
female/caucasian/girl-3183050_1920.jpg,pixabay,3183050,https://pixabay.com/photos/girl-3183050_1920/,inferred
female/caucasian/girl-3277529_1920.jpg,pixabay,3277529,https://pixabay.com/photos/girl-3277529_1920/,inferred
female/caucasian/girl-3447599_1920.jpg,pixabay,3447599,https://pixabay.com/photos/girl-3447599_1920/,inferred
female/caucasian/girl-3576679_1920.jpg,pixabay,3576679,https://pixabay.com/photos/girl-3576679_1920/,inferred
female/caucasian/girl-3718537_1920.jpg,pixabay,3718537,https://pixabay.com/photos/girl-3718537_1920/,inferred
female/caucasian/girl-3848191_1920.jpg,pixabay,3848191,https://pixabay.com/photos/girl-3848191_1920/,inferred
female/caucasian/girl-3874872_1920.jpg,pixabay,3874872,https://pixabay.com/photos/girl-3874872_1920/,inferred
female/caucasian/girl-3901714_1920.jpg,pixabay,3901714,https://pixabay.com/photos/girl-3901714_1920/,inferred
female/caucasian/girl-3956612_1920.jpg,pixabay,3956612,https://pixabay.com/photos/girl-3956612_1920/,inferred
female/caucasian/girl-4015898_1920.jpg,pixabay,4015898,https://pixabay.com/photos/girl-4015898_1920/,inferred
female/caucasian/girl-4185856_1920.jpg,pixabay,4185856,https://pixabay.com/photos/girl-4185856_1920/,inferred
female/caucasian/girl-4212523_1920.jpg,pixabay,4212523,https://pixabay.com/photos/girl-4212523_1920/,inferred
female/caucasian/girl-4283996_1920.jpg,pixabay,4283996,https://pixabay.com/photos/girl-4283996_1920/,inferred
female/caucasian/girl-4283998_1920.jpg,pixabay,4283998,https://pixabay.com/photos/girl-4283998_1920/,inferred
female/caucasian/girl-4448689_1920.jpg,pixabay,4448689,https://pixabay.com/photos/girl-4448689_1920/,inferred
female/caucasian/girl-4570763_1920.jpg,pixabay,4570763,https://pixabay.com/photos/girl-4570763_1920/,inferred
female/caucasian/girl-4930782_1920.jpg,pixabay,4930782,https://pixabay.com/photos/girl-4930782_1920/,inferred
female/caucasian/girl-499408_1920.jpg,pixabay,499408,https://pixabay.com/photos/girl-499408_1920/,inferred
female/caucasian/girl-5365495_1920.jpg,pixabay,5365495,https://pixabay.com/photos/girl-5365495_1920/,inferred
female/caucasian/girl-641673_1920.jpg,pixabay,641673,https://pixabay.com/photos/girl-641673_1920/,inferred
female/caucasian/girl-657753_1920.jpg,pixabay,657753,https://pixabay.com/photos/girl-657753_1920/,inferred
female/caucasian/girl-669823_1920.jpg,pixabay,669823,https://pixabay.com/photos/girl-669823_1920/,inferred
female/caucasian/girl-736752_1920.jpg,pixabay,736752,https://pixabay.com/photos/girl-736752_1920/,inferred
female/caucasian/girl-788813_1920.jpg,pixabay,788813,https://pixabay.com/photos/girl-788813_1920/,inferred
female/caucasian/girl-797078_1920.jpg,pixabay,797078,https://pixabay.com/photos/girl-797078_1920/,inferred
female/caucasian/girl-804059_1920.jpg,pixabay,804059,https://pixabay.com/photos/girl-804059_1920/,inferred
female/caucasian/girl-868785_1920.jpg,pixabay,868785,https://pixabay.com/photos/girl-868785_1920/,inferred
female/caucasian/girl-919048_1920.jpg,pixabay,919048,https://pixabay.com/photos/girl-919048_1920/,inferred
female/caucasian/gleb-lukomets-kKX-iJP8sX8-unsplash.jpg,unsplash,kKX-iJP8sX8,https://unsplash.com/photos/kKX-iJP8sX8,inferred
female/caucasian/gothic-1770548_1920.jpg,pixabay,1770548,https://pixabay.com/photos/gothic-1770548_1920/,inferred
female/caucasian/grandmother-5903707_1920.jpg,pixabay,5903707,https://pixabay.com/photos/grandmother-5903707_1920/,inferred
female/caucasian/granny-1280445_1920.jpg,pixabay,1280445,https://pixabay.com/photos/granny-1280445_1920/,inferred
female/caucasian/grimace-1012862_1920.jpg,pixabay,1012862,https://pixabay.com/photos/grimace-1012862_1920/,inferred
female/caucasian/guillaume-bleyer-PPnwwUeUbYk-unsplash.jpg,unsplash,PPnwwUeUbYk,https://unsplash.com/photos/PPnwwUeUbYk,inferred
female/caucasian/hadis-safari-zawAr1FKOMw-unsplash.jpg,unsplash,zawAr1FKOMw,https://unsplash.com/photos/zawAr1FKOMw,inferred
female/caucasian/hairdresser-4564268_1920.jpg,pixabay,4564268,https://pixabay.com/photos/hairdresser-4564268_1920/,inferred
female/caucasian/hamburg-1399966_1920.jpg,pixabay,1399966,https://pixabay.com/photos/hamburg-1399966_1920/,inferred
female/caucasian/hassan-khan-EGVccebWodM-unsplash.jpg,unsplash,EGVccebWodM,https://unsplash.com/photos/EGVccebWodM,inferred
female/caucasian/helena-lopes-LSdo2qHFI8k-unsplash.jpg,unsplash,LSdo2qHFI8k,https://unsplash.com/photos/LSdo2qHFI8k,inferred
female/caucasian/hesam-jr-TAGFNCnw7f4-unsplash.jpg,unsplash,TAGFNCnw7f4,https://unsplash.com/photos/TAGFNCnw7f4,inferred
female/caucasian/hichem-dahmani-EhcwOfAn-mA-unsplash.jpg,unsplash,EhcwOfAn-mA,https://unsplash.com/photos/EhcwOfAn-mA,inferred
female/caucasian/hiva-sharifi-YUK4px6sjdc-unsplash.jpg,unsplash,YUK4px6sjdc,https://unsplash.com/photos/YUK4px6sjdc,inferred
female/caucasian/human-3183056_1920.jpg,pixabay,3183056,https://pixabay.com/photos/human-3183056_1920/,inferred
female/caucasian/ilya-mirnyy-FrkBU4xWB9g-unsplash.jpg,unsplash,FrkBU4xWB9g,https://unsplash.com/photos/FrkBU4xWB9g,inferred
female/caucasian/ionut-comanici-RDcEWH5hSDE-unsplash.jpg,unsplash,RDcEWH5hSDE,https://unsplash.com/photos/RDcEWH5hSDE,inferred
female/caucasian/irina-iriser-T9_NHo5d0pc-unsplash.jpg,unsplash,T9_NHo5d0pc,https://unsplash.com/photos/T9_NHo5d0pc,inferred
female/caucasian/isi-parente-0FjPiX4szEk-unsplash.jpg,unsplash,0FjPiX4szEk,https://unsplash.com/photos/0FjPiX4szEk,inferred
female/caucasian/janko-ferlic-70NsMQvAYHE-unsplash.jpg,unsplash,70NsMQvAYHE,https://unsplash.com/photos/70NsMQvAYHE,inferred
female/caucasian/jasmine-b-qaSPhHr_Iug-unsplash.jpg,unsplash,qaSPhHr_Iug,https://unsplash.com/photos/qaSPhHr_Iug,inferred
female/caucasian/jassir-jonis-1weJoLwqGlI-unsplash.jpg,unsplash,1weJoLwqGlI,https://unsplash.com/photos/1weJoLwqGlI,inferred
female/caucasian/jassir-jonis-yFoZ6B6KGN8-unsplash.jpg,unsplash,yFoZ6B6KGN8,https://unsplash.com/photos/yFoZ6B6KGN8,inferred
female/caucasian/jayson-hinrichsen-uOZd-i3n0UI-unsplash.jpg,unsplash,uOZd-i3n0UI,https://unsplash.com/photos/uOZd-i3n0UI,inferred
female/caucasian/jeffery-erhunse-Z9lbmEjyYjU-unsplash.jpg,unsplash,Z9lbmEjyYjU,https://unsplash.com/photos/Z9lbmEjyYjU,inferred
female/caucasian/jeffery-erhunse-wSOzt6GMBac-unsplash.jpg,unsplash,wSOzt6GMBac,https://unsplash.com/photos/wSOzt6GMBac,inferred
female/caucasian/jen-theodore-7A4TvZEW8zY-unsplash.jpg,unsplash,7A4TvZEW8zY,https://unsplash.com/photos/7A4TvZEW8zY,inferred
female/caucasian/jen-theodore-Gr2XxjGaeeo-unsplash.jpg,unsplash,Gr2XxjGaeeo,https://unsplash.com/photos/Gr2XxjGaeeo,inferred
female/caucasian/jen-theodore-i6iVOXfZM0s-unsplash.jpg,unsplash,i6iVOXfZM0s,https://unsplash.com/photos/i6iVOXfZM0s,inferred
female/caucasian/jen-theodore-o-9p4xo432I-unsplash.jpg,unsplash,o-9p4xo432I,https://unsplash.com/photos/o-9p4xo432I,inferred
female/caucasian/jennifer-marquez--shIc419kMU-unsplash.jpg,unsplash,-shIc419kMU,https://unsplash.com/photos/-shIc419kMU,inferred
female/caucasian/jj-jordan-t9tNNBEPwV0-unsplash.jpg,unsplash,t9tNNBEPwV0,https://unsplash.com/photos/t9tNNBEPwV0,inferred
female/caucasian/joanna-nix-walkup-xjBjRNn5TKg-unsplash.jpg,unsplash,xjBjRNn5TKg,https://unsplash.com/photos/xjBjRNn5TKg,inferred
female/caucasian/joao-paulo-de-souza-oliveira-x-FNmzxyQ94-unsplash.jpg,unsplash,x-FNmzxyQ94,https://unsplash.com/photos/x-FNmzxyQ94,inferred
female/caucasian/jon-ly-ADBOC3UP4eQ-unsplash.jpg,unsplash,ADBOC3UP4eQ,https://unsplash.com/photos/ADBOC3UP4eQ,inferred
female/caucasian/jonathan-cooper-b-A6K_2cpWY-unsplash.jpg,unsplash,b-A6K_2cpWY,https://unsplash.com/photos/b-A6K_2cpWY,inferred
female/caucasian/jonnelle-yankovich-c7TBD3PvoaQ-unsplash.jpg,unsplash,c7TBD3PvoaQ,https://unsplash.com/photos/c7TBD3PvoaQ,inferred
female/caucasian/jorge-cesar-2Qyd-R4z57E-unsplash.jpg,unsplash,2Qyd-R4z57E,https://unsplash.com/photos/2Qyd-R4z57E,inferred
female/caucasian/jose-pedro-ortiz-uwaVLojaY7w-unsplash.jpg,unsplash,uwaVLojaY7w,https://unsplash.com/photos/uwaVLojaY7w,inferred
female/caucasian/joseph-kellner-TFR1yggdvq8-unsplash.jpg,unsplash,TFR1yggdvq8,https://unsplash.com/photos/TFR1yggdvq8,inferred
female/caucasian/joseph-kellner-o6clLOJd4WY-unsplash.jpg,unsplash,o6clLOJd4WY,https://unsplash.com/photos/o6clLOJd4WY,inferred
female/caucasian/joshua-rawson-harris-7jrNEAdxwUE-unsplash.jpg,unsplash,7jrNEAdxwUE,https://unsplash.com/photos/7jrNEAdxwUE,inferred
female/caucasian/joy-4196371_1920.jpg,pixabay,4196371,https://pixabay.com/photos/joy-4196371_1920/,inferred
female/caucasian/juan-rojas-I3MF44-GrKs-unsplash.jpg,unsplash,I3MF44-GrKs,https://unsplash.com/photos/I3MF44-GrKs,inferred
female/caucasian/jude-infantini-HKQKt4f8sAU-unsplash.jpg,unsplash,HKQKt4f8sAU,https://unsplash.com/photos/HKQKt4f8sAU,inferred
female/caucasian/julia-kadel-Eqj3c1nynP4-unsplash.jpg,unsplash,Eqj3c1nynP4,https://unsplash.com/photos/Eqj3c1nynP4,inferred
female/caucasian/julie-romaniuk-A2UMJQkXKJM-unsplash.jpg,unsplash,A2UMJQkXKJM,https://unsplash.com/photos/A2UMJQkXKJM,inferred
female/caucasian/juno-jo-eIxDn1OVJT8-unsplash.jpg,unsplash,eIxDn1OVJT8,https://unsplash.com/photos/eIxDn1OVJT8,inferred
female/caucasian/kareya-saleh-tLKOj6cNwe0-unsplash.jpg,unsplash,tLKOj6cNwe0,https://unsplash.com/photos/tLKOj6cNwe0,inferred
female/caucasian/karoline-soares-BBOnm6XLdQo-unsplash.jpg,unsplash,BBOnm6XLdQo,https://unsplash.com/photos/BBOnm6XLdQo,inferred
female/caucasian/karsten-winegeart-7dmtZSxMDi0-unsplash.jpg,unsplash,7dmtZSxMDi0,https://unsplash.com/photos/7dmtZSxMDi0,inferred
female/caucasian/karsten-winegeart-U-jSHnClgNU-unsplash(1).jpg,unsplash,U-jSHnClgNU,https://unsplash.com/photos/U-jSHnClgNU,inferred
female/caucasian/karsten-winegeart-hS8kY12h3is-unsplash.jpg,unsplash,hS8kY12h3is,https://unsplash.com/photos/hS8kY12h3is,inferred
female/caucasian/karsten-winegeart-s2MjR3xoJkE-unsplash.jpg,unsplash,s2MjR3xoJkE,https://unsplash.com/photos/s2MjR3xoJkE,inferred
female/caucasian/kate-hliznitsova-tD0wyPbnsLA-unsplash.jpg,unsplash,tD0wyPbnsLA,https://unsplash.com/photos/tD0wyPbnsLA,inferred
female/caucasian/kate_mes7-LauVwE7sFrI-unsplash.jpg,unsplash,LauVwE7sFrI,https://unsplash.com/photos/LauVwE7sFrI,inferred
female/caucasian/kayla-maurais-LLMLMR_Dwkg-unsplash.jpg,unsplash,LLMLMR_Dwkg,https://unsplash.com/photos/LLMLMR_Dwkg,inferred
female/caucasian/kermen-tutkunova-zjYvn9yqJl4-unsplash.jpg,unsplash,zjYvn9yqJl4,https://unsplash.com/photos/zjYvn9yqJl4,inferred
female/caucasian/khashayar-kouchpeydeh-z0PhHU7cy4Q-unsplash.jpg,unsplash,z0PhHU7cy4Q,https://unsplash.com/photos/z0PhHU7cy4Q,inferred
female/caucasian/kim-jones-EcldzGBAB0A-unsplash.jpg,unsplash,EcldzGBAB0A,https://unsplash.com/photos/EcldzGBAB0A,inferred
female/caucasian/kisses-1039533_1920.jpg,pixabay,1039533,https://pixabay.com/photos/kisses-1039533_1920/,inferred
female/caucasian/klenova_tati-IvwxEUHpQ5Y-unsplash.jpg,unsplash,IvwxEUHpQ5Y,https://unsplash.com/photos/IvwxEUHpQ5Y,inferred
female/caucasian/kristen-steed-qvFyDfhNHJI-unsplash.jpg,unsplash,qvFyDfhNHJI,https://unsplash.com/photos/qvFyDfhNHJI,inferred
female/caucasian/kuma-kum-GKbPbR0ZAT4-unsplash.jpg,unsplash,GKbPbR0ZAT4,https://unsplash.com/photos/GKbPbR0ZAT4,inferred
female/caucasian/lacie-slezak-Wn3oVkIn1HU-unsplash.jpg,unsplash,Wn3oVkIn1HU,https://unsplash.com/photos/Wn3oVkIn1HU,inferred
female/caucasian/laura-chouette-nkWnc-W_GP8-unsplash.jpg,unsplash,nkWnc-W_GP8,https://unsplash.com/photos/nkWnc-W_GP8,inferred
female/caucasian/laura-chouette-qaRaOPQbZhI-unsplash.jpg,unsplash,qaRaOPQbZhI,https://unsplash.com/photos/qaRaOPQbZhI,inferred
female/caucasian/laura-dewilde-dhCxlHodZvM-unsplash.jpg,unsplash,dhCxlHodZvM,https://unsplash.com/photos/dhCxlHodZvM,inferred
female/caucasian/levi-clancy-WE0gt7t4o2k-unsplash.jpg,unsplash,WE0gt7t4o2k,https://unsplash.com/photos/WE0gt7t4o2k,inferred
female/caucasian/levi-stute-tvrn0E09L2c-unsplash.jpg,unsplash,tvrn0E09L2c,https://unsplash.com/photos/tvrn0E09L2c,inferred
female/caucasian/levin-anton-08Fqp6sWQ-E-unsplash.jpg,unsplash,08Fqp6sWQ-E,https://unsplash.com/photos/08Fqp6sWQ-E,inferred
female/caucasian/logan-weaver-GLE_xlFgXTI-unsplash.jpg,unsplash,GLE_xlFgXTI,https://unsplash.com/photos/GLE_xlFgXTI,inferred
female/caucasian/logan-weaver-Isle-8YpbIQ-unsplash.jpg,unsplash,Isle-8YpbIQ,https://unsplash.com/photos/Isle-8YpbIQ,inferred
female/caucasian/logan-weaver-QoZRUI6LdKw-unsplash.jpg,unsplash,QoZRUI6LdKw,https://unsplash.com/photos/QoZRUI6LdKw,inferred
female/caucasian/logan-weaver-X1wFriUtQIE-unsplash.jpg,unsplash,X1wFriUtQIE,https://unsplash.com/photos/X1wFriUtQIE,inferred
female/caucasian/logan-weaver-l0t4qHtj3fs-unsplash.jpg,unsplash,l0t4qHtj3fs,https://unsplash.com/photos/l0t4qHtj3fs,inferred
female/caucasian/lotte-meijer-oyy71fLMZCY-unsplash.jpg,unsplash,oyy71fLMZCY,https://unsplash.com/photos/oyy71fLMZCY,inferred
female/caucasian/love-2666674_1920.jpg,pixabay,2666674,https://pixabay.com/photos/love-2666674_1920/,inferred
female/caucasian/lovely-3338911_1920.jpg,pixabay,3338911,https://pixabay.com/photos/lovely-3338911_1920/,inferred
female/caucasian/lovely-3368231_1920.jpg,pixabay,3368231,https://pixabay.com/photos/lovely-3368231_1920/,inferred
female/caucasian/luiza-braun-VdxeNFB4ymA-unsplash.jpg,unsplash,VdxeNFB4ymA,https://unsplash.com/photos/VdxeNFB4ymA,inferred
female/caucasian/luiza-braun-YfDfwP3gSo0-unsplash.jpg,unsplash,YfDfwP3gSo0,https://unsplash.com/photos/YfDfwP3gSo0,inferred
female/caucasian/luke-braswell-8s5brjtO4_M-unsplash.jpg,unsplash,8s5brjtO4_M,https://unsplash.com/photos/8s5brjtO4_M,inferred
female/caucasian/madison-hedgecock-qlBA-4odDbw-unsplash.jpg,unsplash,qlBA-4odDbw,https://unsplash.com/photos/qlBA-4odDbw,inferred
female/caucasian/manny-moreno-2HTX85gxynM-unsplash.jpg,unsplash,2HTX85gxynM,https://unsplash.com/photos/2HTX85gxynM,inferred
female/caucasian/manny-moreno-IMecW34PSu8-unsplash.jpg,unsplash,IMecW34PSu8,https://unsplash.com/photos/IMecW34PSu8,inferred
female/caucasian/manny-moreno-Ri_Al1VqjsU-unsplash.jpg,unsplash,Ri_Al1VqjsU,https://unsplash.com/photos/Ri_Al1VqjsU,inferred
female/caucasian/manny-moreno-jeAW5LRuNts-unsplash.jpg,unsplash,jeAW5LRuNts,https://unsplash.com/photos/jeAW5LRuNts,inferred
female/caucasian/marcel-strauss-4W0-5NOr6dg-unsplash.jpg,unsplash,4W0-5NOr6dg,https://unsplash.com/photos/4W0-5NOr6dg,inferred
female/caucasian/mari-lezhava-Xm9-vA_bhm0-unsplash.jpg,unsplash,Xm9-vA_bhm0,https://unsplash.com/photos/Xm9-vA_bhm0,inferred
female/caucasian/maria-lysenko-6ZbrDe3IjMg-unsplash.jpg,unsplash,6ZbrDe3IjMg,https://unsplash.com/photos/6ZbrDe3IjMg,inferred
female/caucasian/marisa-harris-b95_M23cIXA-unsplash.jpg,unsplash,b95_M23cIXA,https://unsplash.com/photos/b95_M23cIXA,inferred
female/caucasian/marivi-pazos-cvpk5Y4ZWUs-unsplash.jpg,unsplash,cvpk5Y4ZWUs,https://unsplash.com/photos/cvpk5Y4ZWUs,inferred
female/caucasian/mark-decile-UxJh17PRILY-unsplash.jpg,unsplash,UxJh17PRILY,https://unsplash.com/photos/UxJh17PRILY,inferred
female/caucasian/mark-decile-Vcc8VFc3uCo-unsplash.jpg,unsplash,Vcc8VFc3uCo,https://unsplash.com/photos/Vcc8VFc3uCo,inferred
female/caucasian/mark-decile-W0fOHWkpxUQ-unsplash.jpg,unsplash,W0fOHWkpxUQ,https://unsplash.com/photos/W0fOHWkpxUQ,inferred
female/caucasian/marketing-online-1427786_1920.jpg,pixabay,1427786,https://pixabay.com/photos/marketing-online-1427786_1920/,inferred
female/caucasian/martin-guido-aYfyllIz-Xk-unsplash.jpg,unsplash,aYfyllIz-Xk,https://unsplash.com/photos/aYfyllIz-Xk,inferred
female/caucasian/matheus-ferrero-LIaLQ2SIQuk-unsplash.jpg,unsplash,LIaLQ2SIQuk,https://unsplash.com/photos/LIaLQ2SIQuk,inferred
female/caucasian/matteo-vistocco-pXctJ0xEhBs-unsplash.jpg,unsplash,pXctJ0xEhBs,https://unsplash.com/photos/pXctJ0xEhBs,inferred
female/caucasian/mature-857525_1920.jpg,pixabay,857525,https://pixabay.com/photos/mature-857525_1920/,inferred
female/caucasian/max-muselmann-3e0dM8wZJK0-unsplash.jpg,unsplash,3e0dM8wZJK0,https://unsplash.com/photos/3e0dM8wZJK0,inferred
female/caucasian/megan-bagshaw-VqblHgABSVA-unsplash.jpg,unsplash,VqblHgABSVA,https://unsplash.com/photos/VqblHgABSVA,inferred
female/caucasian/meital-anlen-GJ5EBEVJI_0-unsplash.jpg,unsplash,GJ5EBEVJI_0,https://unsplash.com/photos/GJ5EBEVJI_0,inferred
female/caucasian/metin-ozer-iSmTwuKTNDo-unsplash.jpg,unsplash,iSmTwuKTNDo,https://unsplash.com/photos/iSmTwuKTNDo,inferred
female/caucasian/michael-burciaga-nPLOGnW9MWY-unsplash.jpg,unsplash,nPLOGnW9MWY,https://unsplash.com/photos/nPLOGnW9MWY,inferred
female/caucasian/michael-dam-mEZ3PoFGs_k-unsplash.jpg,unsplash,mEZ3PoFGs_k,https://unsplash.com/photos/mEZ3PoFGs_k,inferred
female/caucasian/michael-mims-fWWiaDox0BU-unsplash.jpg,unsplash,fWWiaDox0BU,https://unsplash.com/photos/fWWiaDox0BU,inferred
female/caucasian/michele-seghieri-Y2SGPFU57Uc-unsplash.jpg,unsplash,Y2SGPFU57Uc,https://unsplash.com/photos/Y2SGPFU57Uc,inferred
female/caucasian/michele-seghieri-eOC_7rRnSBg-unsplash.jpg,unsplash,eOC_7rRnSBg,https://unsplash.com/photos/eOC_7rRnSBg,inferred
female/caucasian/mike-austin-JfpclLudxlE-unsplash.jpg,unsplash,JfpclLudxlE,https://unsplash.com/photos/JfpclLudxlE,inferred
female/caucasian/mike-austin-jgSAuqMmJUE-unsplash.jpg,unsplash,jgSAuqMmJUE,https://unsplash.com/photos/jgSAuqMmJUE,inferred
female/caucasian/mike-austin-oRVnmlBD4Vo-unsplash.jpg,unsplash,oRVnmlBD4Vo,https://unsplash.com/photos/oRVnmlBD4Vo,inferred
female/caucasian/mike-austin-t24Wz_EFerc-unsplash.jpg,unsplash,t24Wz_EFerc,https://unsplash.com/photos/t24Wz_EFerc,inferred
female/caucasian/model-1260144_1920.jpg,pixabay,1260144,https://pixabay.com/photos/model-1260144_1920/,inferred
female/caucasian/model-1976191_1920.jpg,pixabay,1976191,https://pixabay.com/photos/model-1976191_1920/,inferred
female/caucasian/model-2614569_1920.jpg,pixabay,2614569,https://pixabay.com/photos/model-2614569_1920/,inferred
female/caucasian/model-2670279_1920.jpg,pixabay,2670279,https://pixabay.com/photos/model-2670279_1920/,inferred
female/caucasian/model-299694_1920.jpg,pixabay,299694,https://pixabay.com/photos/model-299694_1920/,inferred
female/caucasian/model-3665593_1920.jpg,pixabay,3665593,https://pixabay.com/photos/model-3665593_1920/,inferred
female/caucasian/model-429733_1920.jpg,pixabay,429733,https://pixabay.com/photos/model-429733_1920/,inferred
female/caucasian/model-4605248_1920.jpg,pixabay,4605248,https://pixabay.com/photos/model-4605248_1920/,inferred
female/caucasian/model-483918_1920.jpg,pixabay,483918,https://pixabay.com/photos/model-483918_1920/,inferred
female/caucasian/model-881425_1920.jpg,pixabay,881425,https://pixabay.com/photos/model-881425_1920/,inferred
female/caucasian/mohammed-hassan-YyvV9rF39lk-unsplash.jpg,unsplash,YyvV9rF39lk,https://unsplash.com/photos/YyvV9rF39lk,inferred
female/caucasian/mohammed-hassan-xC2YIBmTROU-unsplash.jpg,unsplash,xC2YIBmTROU,https://unsplash.com/photos/xC2YIBmTROU,inferred
female/caucasian/museums-victoria-WZz1u5R5uT4-unsplash.jpg,unsplash,WZz1u5R5uT4,https://unsplash.com/photos/WZz1u5R5uT4,inferred
female/caucasian/nadya-glo-fp6VYFSzM-Y-unsplash.jpg,unsplash,fp6VYFSzM-Y,https://unsplash.com/photos/fp6VYFSzM-Y,inferred
female/caucasian/naeim-jafari-6Xai7XxOgBc-unsplash.jpg,unsplash,6Xai7XxOgBc,https://unsplash.com/photos/6Xai7XxOgBc,inferred
female/caucasian/naeim-jafari-mW3145wbwlw-unsplash.jpg,unsplash,mW3145wbwlw,https://unsplash.com/photos/mW3145wbwlw,inferred
female/caucasian/nathan-van-de-graaf-yomqHFm15N8-unsplash.jpg,unsplash,yomqHFm15N8,https://unsplash.com/photos/yomqHFm15N8,inferred
female/caucasian/nature-3360202_1920.jpg,pixabay,3360202,https://pixabay.com/photos/nature-3360202_1920/,inferred
female/caucasian/new-years-eve-4597232_1920.jpg,pixabay,4597232,https://pixabay.com/photos/new-years-eve-4597232_1920/,inferred
female/caucasian/nick-arnot-AuCrXk0pLWo-unsplash.jpg,unsplash,AuCrXk0pLWo,https://unsplash.com/photos/AuCrXk0pLWo,inferred
female/caucasian/nikita-shirokov-v2RUpFTS3mo-unsplash.jpg,unsplash,v2RUpFTS3mo,https://unsplash.com/photos/v2RUpFTS3mo,inferred
female/caucasian/noah-buscher-AUM5vcnuYd4-unsplash.jpg,unsplash,AUM5vcnuYd4,https://unsplash.com/photos/AUM5vcnuYd4,inferred
female/caucasian/old-woman-4189578_1920.jpg,pixabay,4189578,https://pixabay.com/photos/old-woman-4189578_1920/,inferred
female/caucasian/omid-armin-VS4Bg3tWWcI-unsplash.jpg,unsplash,VS4Bg3tWWcI,https://unsplash.com/photos/VS4Bg3tWWcI,inferred
female/caucasian/oz-seyrek-cwh8976pscU-unsplash.jpg,unsplash,cwh8976pscU,https://unsplash.com/photos/cwh8976pscU,inferred
female/caucasian/patrik-velich-OSasjoYvdNc-unsplash.jpg,unsplash,OSasjoYvdNc,https://unsplash.com/photos/OSasjoYvdNc,inferred
female/caucasian/patrik-velich-RtVGS4vGkgM-unsplash.jpg,unsplash,RtVGS4vGkgM,https://unsplash.com/photos/RtVGS4vGkgM,inferred
female/caucasian/patrik-velich-fqRwG7ijHwA-unsplash.jpg,unsplash,fqRwG7ijHwA,https://unsplash.com/photos/fqRwG7ijHwA,inferred
female/caucasian/people-3004190_1920.jpg,pixabay,3004190,https://pixabay.com/photos/people-3004190_1920/,inferred
female/caucasian/people-3057299_1920.jpg,pixabay,3057299,https://pixabay.com/photos/people-3057299_1920/,inferred
female/caucasian/people-3310084_1920.jpg,pixabay,3310084,https://pixabay.com/photos/people-3310084_1920/,inferred
female/caucasian/people-4919068_1920.jpg,pixabay,4919068,https://pixabay.com/photos/people-4919068_1920/,inferred
female/caucasian/people-5060268_1920.jpg,pixabay,5060268,https://pixabay.com/photos/people-5060268_1920/,inferred
female/caucasian/person-5896670_1920.jpg,pixabay,5896670,https://pixabay.com/photos/person-5896670_1920/,inferred
female/caucasian/person-man-1205800_1920.jpg,pixabay,1205800,https://pixabay.com/photos/person-man-1205800_1920/,inferred
female/caucasian/pexels-aadil-2598024.jpg,pexels,2598024,https://www.pexels.com/photo/2598024/,inferred
female/caucasian/pexels-ali-pazani-2787341.jpg,pexels,2787341,https://www.pexels.com/photo/2787341/,inferred
female/caucasian/pexels-ali-pazani-2811089.jpg,pexels,2811089,https://www.pexels.com/photo/2811089/,inferred
female/caucasian/pexels-ali-pazani-2878375.jpg,pexels,2878375,https://www.pexels.com/photo/2878375/,inferred
female/caucasian/pexels-alina-schelkanova-4495746.jpg,pexels,4495746,https://www.pexels.com/photo/4495746/,inferred
female/caucasian/pexels-andrea-piacquadio-3768877.jpg,pexels,3768877,https://www.pexels.com/photo/3768877/,inferred
female/caucasian/pexels-andrea-piacquadio-3769986.jpg,pexels,3769986,https://www.pexels.com/photo/3769986/,inferred
female/caucasian/pexels-anna-shvets-4971982.jpg,pexels,4971982,https://www.pexels.com/photo/4971982/,inferred
female/caucasian/pexels-gabby-k-5303015.jpg,pexels,5303015,https://www.pexels.com/photo/5303015/,inferred
female/caucasian/pexels-keli-santos-1853268.jpg,pexels,1853268,https://www.pexels.com/photo/1853268/,inferred
female/caucasian/pexels-mbardo-5293989.jpg,pexels,5293989,https://www.pexels.com/photo/5293989/,inferred
female/caucasian/pexels-megan-markham-2448531.jpg,pexels,2448531,https://www.pexels.com/photo/2448531/,inferred
female/caucasian/pexels-miggy-rivera-3209390.jpg,pexels,3209390,https://www.pexels.com/photo/3209390/,inferred
female/caucasian/pexels-nycolle-suabya-4759196.jpg,pexels,4759196,https://www.pexels.com/photo/4759196/,inferred
female/caucasian/pexels-petra-bauman-1565538.jpg,pexels,1565538,https://www.pexels.com/photo/1565538/,inferred
female/caucasian/pexels-pixabay-247322.jpg,pexels,247322,https://www.pexels.com/photo/247322/,inferred
female/caucasian/pexels-pixabay-40901.jpg,pexels,40901,https://www.pexels.com/photo/40901/,inferred
female/caucasian/pexels-rafael-barros-2130795.jpg,pexels,2130795,https://www.pexels.com/photo/2130795/,inferred
female/caucasian/pexels-saeed-khosravi-5450630.jpg,pexels,5450630,https://www.pexels.com/photo/5450630/,inferred
female/caucasian/pexels-skyler-ewing-4680619.jpg,pexels,4680619,https://www.pexels.com/photo/4680619/,inferred
female/caucasian/pexels-skyler-ewing-4680663.jpg,pexels,4680663,https://www.pexels.com/photo/4680663/,inferred
female/caucasian/pexels-skyler-ewing-4680778.jpg,pexels,4680778,https://www.pexels.com/photo/4680778/,inferred
female/caucasian/pexels-steven-arenas-620074.jpg,pexels,620074,https://www.pexels.com/photo/620074/,inferred
female/caucasian/pexels-tomaz-barcellos-1987301.jpg,pexels,1987301,https://www.pexels.com/photo/1987301/,inferred
female/caucasian/portrait-1092787_1920.jpg,pixabay,1092787,https://pixabay.com/photos/portrait-1092787_1920/,inferred
female/caucasian/portrait-1579025_1920.jpg,pixabay,1579025,https://pixabay.com/photos/portrait-1579025_1920/,inferred
female/caucasian/portrait-1833929_1920.jpg,pixabay,1833929,https://pixabay.com/photos/portrait-1833929_1920/,inferred
female/caucasian/portrait-1944614_1920.jpg,pixabay,1944614,https://pixabay.com/photos/portrait-1944614_1920/,inferred
female/caucasian/portrait-2690308_1920.jpg,pixabay,2690308,https://pixabay.com/photos/portrait-2690308_1920/,inferred
female/caucasian/portrait-3083402_1920.jpg,pixabay,3083402,https://pixabay.com/photos/portrait-3083402_1920/,inferred
female/caucasian/portrait-3190849_1920.jpg,pixabay,3190849,https://pixabay.com/photos/portrait-3190849_1920/,inferred
female/caucasian/portrait-3216220_1920.jpg,pixabay,3216220,https://pixabay.com/photos/portrait-3216220_1920/,inferred
female/caucasian/portrait-3289372_1920.jpg,pixabay,3289372,https://pixabay.com/photos/portrait-3289372_1920/,inferred
female/caucasian/portrait-3292287_1920.jpg,pixabay,3292287,https://pixabay.com/photos/portrait-3292287_1920/,inferred
female/caucasian/portrait-3315767_1920.jpg,pixabay,3315767,https://pixabay.com/photos/portrait-3315767_1920/,inferred
female/caucasian/portrait-3364406_1920.jpg,pixabay,3364406,https://pixabay.com/photos/portrait-3364406_1920/,inferred
female/caucasian/portrait-3600667_1920.jpg,pixabay,3600667,https://pixabay.com/photos/portrait-3600667_1920/,inferred
female/caucasian/portrait-4373381_1920.jpg,pixabay,4373381,https://pixabay.com/photos/portrait-4373381_1920/,inferred
female/caucasian/portrait-4808905_1920.jpg,pixabay,4808905,https://pixabay.com/photos/portrait-4808905_1920/,inferred
female/caucasian/portrait-487067_1920.jpg,pixabay,487067,https://pixabay.com/photos/portrait-487067_1920/,inferred
female/caucasian/portrait-597173_1920.jpg,pixabay,597173,https://pixabay.com/photos/portrait-597173_1920/,inferred
female/caucasian/portrait-67485_1920.jpg,pixabay,67485,https://pixabay.com/photos/portrait-67485_1920/,inferred
female/caucasian/portrait-886039_1920.jpg,pixabay,886039,https://pixabay.com/photos/portrait-886039_1920/,inferred
female/caucasian/portrait-of-a-girl-4604219_1920.jpg,pixabay,4604219,https://pixabay.com/photos/portrait-of-a-girl-4604219_1920/,inferred
female/caucasian/pretty-2111498_1920.jpg,pixabay,2111498,https://pixabay.com/photos/pretty-2111498_1920/,inferred
female/caucasian/pretty-girl-2039216_1920.jpg,pixabay,2039216,https://pixabay.com/photos/pretty-girl-2039216_1920/,inferred
female/caucasian/purchase-3090838_1920.jpg,pixabay,3090838,https://pixabay.com/photos/purchase-3090838_1920/,inferred
female/caucasian/quinten-de-graaf-5G3bb016MnU-unsplash.jpg,unsplash,5G3bb016MnU,https://unsplash.com/photos/5G3bb016MnU,inferred
female/caucasian/quinten-de-graaf-Ox1jePviTRQ-unsplash.jpg,unsplash,Ox1jePviTRQ,https://unsplash.com/photos/Ox1jePviTRQ,inferred
female/caucasian/rad-pozniakov-J-fH2bKQQIA-unsplash.jpg,unsplash,J-fH2bKQQIA,https://unsplash.com/photos/J-fH2bKQQIA,inferred
female/caucasian/raj-rana-15Vb4B_ma_s-unsplash.jpg,unsplash,15Vb4B_ma_s,https://unsplash.com/photos/15Vb4B_ma_s,inferred
female/caucasian/ratiu-bia-7fzINre0NQE-unsplash.jpg,unsplash,7fzINre0NQE,https://unsplash.com/photos/7fzINre0NQE,inferred
female/caucasian/red-dress-5071171_1920.jpg,pixabay,5071171,https://pixabay.com/photos/red-dress-5071171_1920/,inferred
female/caucasian/redhead-1903320_1920.jpg,pixabay,1903320,https://pixabay.com/photos/redhead-1903320_1920/,inferred
female/caucasian/redhead-1996288_1920.jpg,pixabay,1996288,https://pixabay.com/photos/redhead-1996288_1920/,inferred
female/caucasian/redheads-4606477_1920.jpg,pixabay,4606477,https://pixabay.com/photos/redheads-4606477_1920/,inferred
female/caucasian/remy_loz-K3YvfgwLHBs-unsplash.jpg,unsplash,K3YvfgwLHBs,https://unsplash.com/photos/K3YvfgwLHBs,inferred
female/caucasian/rene-porter-_PzZxrEswRY-unsplash.jpg,unsplash,_PzZxrEswRY,https://unsplash.com/photos/_PzZxrEswRY,inferred
female/caucasian/riccardo-fissore-UxY52P2KaN8-unsplash.jpg,unsplash,UxY52P2KaN8,https://unsplash.com/photos/UxY52P2KaN8,inferred
female/caucasian/ronaldo-oliveira-TOQlWdx_5Zc-unsplash.jpg,unsplash,TOQlWdx_5Zc,https://unsplash.com/photos/TOQlWdx_5Zc,inferred
female/caucasian/rw-studios-GaPevteWAIU-unsplash.jpg,unsplash,GaPevteWAIU,https://unsplash.com/photos/GaPevteWAIU,inferred
female/caucasian/sara-cervera-ZqU-9gWBfV8-unsplash.jpg,unsplash,ZqU-9gWBfV8,https://unsplash.com/photos/ZqU-9gWBfV8,inferred
female/caucasian/sean-stratton-cANdHDaUAuw-unsplash.jpg,unsplash,cANdHDaUAuw,https://unsplash.com/photos/cANdHDaUAuw,inferred
female/caucasian/sebastian-pociecha-9AdKSLh2320-unsplash.jpg,unsplash,9AdKSLh2320,https://unsplash.com/photos/9AdKSLh2320,inferred
female/caucasian/sergey-sokolov-CbfFN5zE_sY-unsplash.jpg,unsplash,CbfFN5zE_sY,https://unsplash.com/photos/CbfFN5zE_sY,inferred
female/caucasian/sergio-souza-nTgauPjp-uA-unsplash.jpg,unsplash,nTgauPjp-uA,https://unsplash.com/photos/nTgauPjp-uA,inferred
female/caucasian/sharon-mccutcheon-EpsQ8oVcDj4-unsplash.jpg,unsplash,EpsQ8oVcDj4,https://unsplash.com/photos/EpsQ8oVcDj4,inferred
female/caucasian/shayan-rti-TGjXfMuC7DI-unsplash.jpg,unsplash,TGjXfMuC7DI,https://unsplash.com/photos/TGjXfMuC7DI,inferred
female/caucasian/shayan-rti-w3ZQzOxUh7I-unsplash.jpg,unsplash,w3ZQzOxUh7I,https://unsplash.com/photos/w3ZQzOxUh7I,inferred
female/caucasian/sheri-hooley-SyuTPtihxrE-unsplash.jpg,unsplash,SyuTPtihxrE,https://unsplash.com/photos/SyuTPtihxrE,inferred
female/caucasian/sheri-hooley-YkJFWW4TMhk-unsplash.jpg,unsplash,YkJFWW4TMhk,https://unsplash.com/photos/YkJFWW4TMhk,inferred
female/caucasian/sheri-hooley-gQbE06VKL4M-unsplash.jpg,unsplash,gQbE06VKL4M,https://unsplash.com/photos/gQbE06VKL4M,inferred
female/caucasian/sheri-hooley-gcyPLFzmcSA-unsplash.jpg,unsplash,gcyPLFzmcSA,https://unsplash.com/photos/gcyPLFzmcSA,inferred
female/caucasian/shilja-74758_1920.jpg,pixabay,74758,https://pixabay.com/photos/shilja-74758_1920/,inferred
female/caucasian/sincerely-media-6ne7_M6R7gQ-unsplash.jpg,unsplash,6ne7_M6R7gQ,https://unsplash.com/photos/6ne7_M6R7gQ,inferred
female/caucasian/sincerely-media-PN9wP2yZ9c8-unsplash.jpg,unsplash,PN9wP2yZ9c8,https://unsplash.com/photos/PN9wP2yZ9c8,inferred
female/caucasian/sincerely-media-T-q2QLhRFnY-unsplash.jpg,unsplash,T-q2QLhRFnY,https://unsplash.com/photos/T-q2QLhRFnY,inferred
female/caucasian/sincerely-media-_IdTrwVwdWI-unsplash.jpg,unsplash,_IdTrwVwdWI,https://unsplash.com/photos/_IdTrwVwdWI,inferred
female/caucasian/sinitta-leunen-b4GXxJEn1Hc-unsplash.jpg,unsplash,b4GXxJEn1Hc,https://unsplash.com/photos/b4GXxJEn1Hc,inferred
female/caucasian/sirio-Ty4f_NOFO60-unsplash.jpg,unsplash,Ty4f_NOFO60,https://unsplash.com/photos/Ty4f_NOFO60,inferred
female/caucasian/sofia--LNdco1UgNY-unsplash.jpg,unsplash,-LNdco1UgNY,https://unsplash.com/photos/-LNdco1UgNY,inferred
female/caucasian/sofia-kuniakina-GeAqNAWZ1d0-unsplash.jpg,unsplash,GeAqNAWZ1d0,https://unsplash.com/photos/GeAqNAWZ1d0,inferred
female/caucasian/softball-1440812_1920.jpg,pixabay,1440812,https://pixabay.com/photos/softball-1440812_1920/,inferred
female/caucasian/soroush-karimi-Zwa7DtcYUb0-unsplash.jpg,unsplash,Zwa7DtcYUb0,https://unsplash.com/photos/Zwa7DtcYUb0,inferred
female/caucasian/steady-hand-co-sdSnS1WF7C8-unsplash.jpg,unsplash,sdSnS1WF7C8,https://unsplash.com/photos/sdSnS1WF7C8,inferred
female/caucasian/steven-aguilar-GTld8AoIfbE-unsplash.jpg,unsplash,GTld8AoIfbE,https://unsplash.com/photos/GTld8AoIfbE,inferred
female/caucasian/studio-portrait-487065_1920.jpg,pixabay,487065,https://pixabay.com/photos/studio-portrait-487065_1920/,inferred
female/caucasian/svyatoslav-romanov-BrEAp01_m5w-unsplash.jpg,unsplash,BrEAp01_m5w,https://unsplash.com/photos/BrEAp01_m5w,inferred
female/caucasian/tamara-bellis-JTtWu85K9So-unsplash.jpg,unsplash,JTtWu85K9So,https://unsplash.com/photos/JTtWu85K9So,inferred
female/caucasian/tamas-tuzes-katai-nUP9GAg218U-unsplash.jpg,unsplash,nUP9GAg218U,https://unsplash.com/photos/nUP9GAg218U,inferred
female/caucasian/tanya-trofymchuk-gCKYhaa4b2E-unsplash.jpg,unsplash,gCKYhaa4b2E,https://unsplash.com/photos/gCKYhaa4b2E,inferred
female/caucasian/taylor-deas-melesh-0WTtJ0bhJcw-unsplash.jpg,unsplash,0WTtJ0bhJcw,https://unsplash.com/photos/0WTtJ0bhJcw,inferred
female/caucasian/taylor-deas-melesh-byRGjjO-Ync-unsplash.jpg,unsplash,byRGjjO-Ync,https://unsplash.com/photos/byRGjjO-Ync,inferred
female/caucasian/teacher-1280966_1920.jpg,pixabay,1280966,https://pixabay.com/photos/teacher-1280966_1920/,inferred
female/caucasian/teen-2678447_1920.jpg,pixabay,2678447,https://pixabay.com/photos/teen-2678447_1920/,inferred
female/caucasian/teen-4361981_1920.jpg,pixabay,4361981,https://pixabay.com/photos/teen-4361981_1920/,inferred
female/caucasian/teen-5096251_1920.jpg,pixabay,5096251,https://pixabay.com/photos/teen-5096251_1920/,inferred
female/caucasian/teenager-4985908_1920.jpg,pixabay,4985908,https://pixabay.com/photos/teenager-4985908_1920/,inferred
female/caucasian/teenager-775053_1920.jpg,pixabay,775053,https://pixabay.com/photos/teenager-775053_1920/,inferred
female/caucasian/tengyart-fc0KjyjkNo4-unsplash.jpg,unsplash,fc0KjyjkNo4,https://unsplash.com/photos/fc0KjyjkNo4,inferred
female/caucasian/theo-rql-a4pyoiTdSqI-unsplash(2).jpg,unsplash,a4pyoiTdSqI,https://unsplash.com/photos/a4pyoiTdSqI,inferred
female/caucasian/theo-rql-a4pyoiTdSqI-unsplash.jpg,unsplash,a4pyoiTdSqI,https://unsplash.com/photos/a4pyoiTdSqI,inferred
female/caucasian/thinking-1887363_1920.jpg,pixabay,1887363,https://pixabay.com/photos/thinking-1887363_1920/,inferred
female/caucasian/thoughtful-583373_1920.jpg,pixabay,583373,https://pixabay.com/photos/thoughtful-583373_1920/,inferred
female/caucasian/timothy-dykes-90uVYog2FKE-unsplash.jpg,unsplash,90uVYog2FKE,https://unsplash.com/photos/90uVYog2FKE,inferred
female/caucasian/timothy-dykes-kPEF5QvdqCI-unsplash.jpg,unsplash,kPEF5QvdqCI,https://unsplash.com/photos/kPEF5QvdqCI,inferred
female/caucasian/timur-romanov-u-fY6-iUJPg-unsplash.jpg,unsplash,u-fY6-iUJPg,https://unsplash.com/photos/u-fY6-iUJPg,inferred
female/caucasian/toa-heftiba-U7NLqKoMmiQ-unsplash.jpg,unsplash,U7NLqKoMmiQ,https://unsplash.com/photos/U7NLqKoMmiQ,inferred
female/caucasian/todd-kent-k8NwmlJr508-unsplash.jpg,unsplash,k8NwmlJr508,https://unsplash.com/photos/k8NwmlJr508,inferred
female/caucasian/valdemars-magone-8ACtYtJ5G-E-unsplash(1).jpg,unsplash,8ACtYtJ5G-E,https://unsplash.com/photos/8ACtYtJ5G-E,inferred
female/caucasian/valentin-lacoste-ggAPxrb4Deg-unsplash.jpg,unsplash,ggAPxrb4Deg,https://unsplash.com/photos/ggAPxrb4Deg,inferred
female/caucasian/valerie-elash-9IL_stSpvOU-unsplash.jpg,unsplash,9IL_stSpvOU,https://unsplash.com/photos/9IL_stSpvOU,inferred
female/caucasian/valerie-elash-JQDflNNnrEE-unsplash.jpg,unsplash,JQDflNNnrEE,https://unsplash.com/photos/JQDflNNnrEE,inferred
female/caucasian/valerie-elash-Z5g_6TLS6Ho-unsplash.jpg,unsplash,Z5g_6TLS6Ho,https://unsplash.com/photos/Z5g_6TLS6Ho,inferred
female/caucasian/victoria-volkova-5tQj1sy6ozE-unsplash.jpg,unsplash,5tQj1sy6ozE,https://unsplash.com/photos/5tQj1sy6ozE,inferred
female/caucasian/vince-fleming-ktx5O_H4DKc-unsplash.jpg,unsplash,ktx5O_H4DKc,https://unsplash.com/photos/ktx5O_H4DKc,inferred
female/caucasian/vintage-635274_1920.jpg,pixabay,635274,https://pixabay.com/photos/vintage-635274_1920/,inferred
female/caucasian/vlad-baranov-PoZcPg18Qm0-unsplash.jpg,unsplash,PoZcPg18Qm0,https://unsplash.com/photos/PoZcPg18Qm0,inferred
female/caucasian/vladislav-nikonov-XyoRtTE5P9U-unsplash.jpg,unsplash,XyoRtTE5P9U,https://unsplash.com/photos/XyoRtTE5P9U,inferred
female/caucasian/volleyball-player-1624970_1920.jpg,pixabay,1624970,https://pixabay.com/photos/volleyball-player-1624970_1920/,inferred
female/caucasian/white-cat-with-blonde-4655233_1920.jpg,pixabay,4655233,https://pixabay.com/photos/white-cat-with-blonde-4655233_1920/,inferred
female/caucasian/winter-1520232_1920.jpg,pixabay,1520232,https://pixabay.com/photos/winter-1520232_1920/,inferred
female/caucasian/woman-1000538_1920.jpg,pixabay,1000538,https://pixabay.com/photos/woman-1000538_1920/,inferred
female/caucasian/woman-1054683_1280.jpg,pixabay,1054683,https://pixabay.com/photos/woman-1054683_1280/,inferred
female/caucasian/woman-1140032_1920.jpg,pixabay,1140032,https://pixabay.com/photos/woman-1140032_1920/,inferred
female/caucasian/woman-1140923_1920.jpg,pixabay,1140923,https://pixabay.com/photos/woman-1140923_1920/,inferred
female/caucasian/woman-1246224_1920.jpg,pixabay,1246224,https://pixabay.com/photos/woman-1246224_1920/,inferred
female/caucasian/woman-1373041_1280.jpg,pixabay,1373041,https://pixabay.com/photos/woman-1373041_1280/,inferred
female/caucasian/woman-1393311_1920.jpg,pixabay,1393311,https://pixabay.com/photos/woman-1393311_1920/,inferred
female/caucasian/woman-1447084_1920.jpg,pixabay,1447084,https://pixabay.com/photos/woman-1447084_1920/,inferred
female/caucasian/woman-1598944_1920.jpg,pixabay,1598944,https://pixabay.com/photos/woman-1598944_1920/,inferred
female/caucasian/woman-1615242_1920.jpg,pixabay,1615242,https://pixabay.com/photos/woman-1615242_1920/,inferred
female/caucasian/woman-2112292_1920.jpg,pixabay,2112292,https://pixabay.com/photos/woman-2112292_1920/,inferred
female/caucasian/woman-2127806_1920.jpg,pixabay,2127806,https://pixabay.com/photos/woman-2127806_1920/,inferred
female/caucasian/woman-2138461_1920.jpg,pixabay,2138461,https://pixabay.com/photos/woman-2138461_1920/,inferred
female/caucasian/woman-2293390_1920.jpg,pixabay,2293390,https://pixabay.com/photos/woman-2293390_1920/,inferred
female/caucasian/woman-2635404_1920.jpg,pixabay,2635404,https://pixabay.com/photos/woman-2635404_1920/,inferred
female/caucasian/woman-3034836_1920.jpg,pixabay,3034836,https://pixabay.com/photos/woman-3034836_1920/,inferred
female/caucasian/woman-3055841_1920.jpg,pixabay,3055841,https://pixabay.com/photos/woman-3055841_1920/,inferred
female/caucasian/woman-3073289_1920.jpg,pixabay,3073289,https://pixabay.com/photos/woman-3073289_1920/,inferred
female/caucasian/woman-3096734_1920.jpg,pixabay,3096734,https://pixabay.com/photos/woman-3096734_1920/,inferred
female/caucasian/woman-3123557_1920.jpg,pixabay,3123557,https://pixabay.com/photos/woman-3123557_1920/,inferred
female/caucasian/woman-3136667_1920.jpg,pixabay,3136667,https://pixabay.com/photos/woman-3136667_1920/,inferred
female/caucasian/woman-3187336_1920.jpg,pixabay,3187336,https://pixabay.com/photos/woman-3187336_1920/,inferred
female/caucasian/woman-3240094_1920.jpg,pixabay,3240094,https://pixabay.com/photos/woman-3240094_1920/,inferred
female/caucasian/woman-3658390_1920.jpg,pixabay,3658390,https://pixabay.com/photos/woman-3658390_1920/,inferred
female/caucasian/woman-3668495_1920.jpg,pixabay,3668495,https://pixabay.com/photos/woman-3668495_1920/,inferred
female/caucasian/woman-3714620_1920.jpg,pixabay,3714620,https://pixabay.com/photos/woman-3714620_1920/,inferred
female/caucasian/woman-3718859_1920.jpg,pixabay,3718859,https://pixabay.com/photos/woman-3718859_1920/,inferred
female/caucasian/woman-3990680_1920.jpg,pixabay,3990680,https://pixabay.com/photos/woman-3990680_1920/,inferred
female/caucasian/woman-4130601_1920.jpg,pixabay,4130601,https://pixabay.com/photos/woman-4130601_1920/,inferred
female/caucasian/woman-4134319_1920.jpg,pixabay,4134319,https://pixabay.com/photos/woman-4134319_1920/,inferred
female/caucasian/woman-435852_1920.jpg,pixabay,435852,https://pixabay.com/photos/woman-435852_1920/,inferred
female/caucasian/woman-467708_1920.jpg,pixabay,467708,https://pixabay.com/photos/woman-467708_1920/,inferred
female/caucasian/woman-4791398_1920.jpg,pixabay,4791398,https://pixabay.com/photos/woman-4791398_1920/,inferred
female/caucasian/woman-526329_1920.jpg,pixabay,526329,https://pixabay.com/photos/woman-526329_1920/,inferred
female/caucasian/woman-5381567_1920.jpg,pixabay,5381567,https://pixabay.com/photos/woman-5381567_1920/,inferred
female/caucasian/woman-5480503_1920.jpg,pixabay,5480503,https://pixabay.com/photos/woman-5480503_1920/,inferred
female/caucasian/woman-5919218_1920.jpg,pixabay,5919218,https://pixabay.com/photos/woman-5919218_1920/,inferred
female/caucasian/woman-659352_1920.jpg,pixabay,659352,https://pixabay.com/photos/woman-659352_1920/,inferred
female/caucasian/woman-69712_1280.jpg,pixabay,69712,https://pixabay.com/photos/woman-69712_1280/,inferred
female/caucasian/woman-751236_1920.jpg,pixabay,751236,https://pixabay.com/photos/woman-751236_1920/,inferred
female/caucasian/woman-828953_1920.jpg,pixabay,828953,https://pixabay.com/photos/woman-828953_1920/,inferred
female/caucasian/woman-885845_1920.jpg,pixabay,885845,https://pixabay.com/photos/woman-885845_1920/,inferred
female/caucasian/woman-918583_1920.jpg,pixabay,918583,https://pixabay.com/photos/woman-918583_1920/,inferred
female/caucasian/woman-918776_1920.jpg,pixabay,918776,https://pixabay.com/photos/woman-918776_1920/,inferred
female/caucasian/women-1209678_1920.jpg,pixabay,1209678,https://pixabay.com/photos/women-1209678_1920/,inferred
female/caucasian/women-4184796_1920.jpg,pixabay,4184796,https://pixabay.com/photos/women-4184796_1920/,inferred
female/caucasian/women-4851678_1920.jpg,pixabay,4851678,https://pixabay.com/photos/women-4851678_1920/,inferred
female/caucasian/yorkie-1393913_1920.jpg,pixabay,1393913,https://pixabay.com/photos/yorkie-1393913_1920/,inferred
female/caucasian/young-1544115_1920.jpg,pixabay,1544115,https://pixabay.com/photos/young-1544115_1920/,inferred
female/caucasian/young-572341_1920.jpg,pixabay,572341,https://pixabay.com/photos/young-572341_1920/,inferred
female/caucasian/young-610543_1920.jpg,pixabay,610543,https://pixabay.com/photos/young-610543_1920/,inferred
female/caucasian/young-girl-2143037_1280.jpg,pixabay,2143037,https://pixabay.com/photos/young-girl-2143037_1280/,inferred
female/caucasian/young-girl-2763395_1920.jpg,pixabay,2763395,https://pixabay.com/photos/young-girl-2763395_1920/,inferred
female/caucasian/young-girl-510441_1920.jpg,pixabay,510441,https://pixabay.com/photos/young-girl-510441_1920/,inferred
female/caucasian/young-woman-3477557_1920.jpg,pixabay,3477557,https://pixabay.com/photos/young-woman-3477557_1920/,inferred
female/caucasian/yours-UecWQkR6M4s-unsplash.jpg,unsplash,UecWQkR6M4s,https://unsplash.com/photos/UecWQkR6M4s,inferred
female/hispanic/2.jpg,unknown,,,unknown
female/hispanic/22.jpg,unknown,,,unknown
female/hispanic/25.jpg,unknown,,,unknown
female/hispanic/26.jpg,pexels,4593319,https://www.pexels.com/photo/4593319/,inferred-via-duplicate
female/hispanic/4.jpg,unknown,,,unknown
female/hispanic/58.jpg,unknown,,,unknown
female/hispanic/9.jpg,unknown,,,unknown
female/hispanic/adult-1867720_1920.jpg,pixabay,1867720,https://pixabay.com/photos/adult-1867720_1920/,inferred
female/hispanic/alex-avalos-M1dTxJm6Lbo-unsplash.jpg,unsplash,M1dTxJm6Lbo,https://unsplash.com/photos/M1dTxJm6Lbo,inferred
female/hispanic/alex-blajan-iRsktlI-hls-unsplash.jpg,unsplash,iRsktlI-hls,https://unsplash.com/photos/iRsktlI-hls,inferred
female/hispanic/ali-pazani-s9PJ3mD5KvY-unsplash.jpg,unsplash,s9PJ3mD5KvY,https://unsplash.com/photos/s9PJ3mD5KvY,inferred
female/hispanic/allef-vinicius-C_1jjFJioWg-unsplash.jpg,unsplash,C_1jjFJioWg,https://unsplash.com/photos/C_1jjFJioWg,inferred
female/hispanic/allef-vinicius-PA0vICn6DwE-unsplash.jpg,unsplash,PA0vICn6DwE,https://unsplash.com/photos/PA0vICn6DwE,inferred
female/hispanic/allef-vinicius-Q9L-n57IqLw-unsplash.jpg,unsplash,Q9L-n57IqLw,https://unsplash.com/photos/Q9L-n57IqLw,inferred
female/hispanic/amir-taheri-tJDKalQxTxo-unsplash.jpg,unsplash,tJDKalQxTxo,https://unsplash.com/photos/tJDKalQxTxo,inferred
female/hispanic/anastasiya-pavlova-v6XumrQC1NA-unsplash.jpg,unsplash,v6XumrQC1NA,https://unsplash.com/photos/v6XumrQC1NA,inferred
female/hispanic/andres-hernandez-KRwFmEBlgJo-unsplash.jpg,unsplash,KRwFmEBlgJo,https://unsplash.com/photos/KRwFmEBlgJo,inferred
female/hispanic/arid-1868523_1920.jpg,pixabay,1868523,https://pixabay.com/photos/arid-1868523_1920/,inferred
female/hispanic/ayo-ogunseinde-THIs-cpyebg-unsplash.jpg,unsplash,THIs-cpyebg,https://unsplash.com/photos/THIs-cpyebg,inferred
female/hispanic/beautiful-1274056_1920.jpg,pixabay,1274056,https://pixabay.com/photos/beautiful-1274056_1920/,inferred
female/hispanic/beautiful-1274361_1920.jpg,pixabay,1274361,https://pixabay.com/photos/beautiful-1274361_1920/,inferred
female/hispanic/beautiful-1845148_1920.jpg,pixabay,1845148,https://pixabay.com/photos/beautiful-1845148_1920/,inferred
female/hispanic/beautiful-1869534_1920.jpg,pixabay,1869534,https://pixabay.com/photos/beautiful-1869534_1920/,inferred
female/hispanic/beautiful-1887355_1920.jpg,pixabay,1887355,https://pixabay.com/photos/beautiful-1887355_1920/,inferred
female/hispanic/beautiful-19075_1920.jpg,pixabay,19075,https://pixabay.com/photos/beautiful-19075_1920/,inferred
female/hispanic/ben-o-bro-ly748H13ts0-unsplash.jpg,unsplash,ly748H13ts0,https://unsplash.com/photos/ly748H13ts0,inferred
female/hispanic/blake-carpenter-qWiJBa6soE0-unsplash.jpg,unsplash,qWiJBa6soE0,https://unsplash.com/photos/qWiJBa6soE0,inferred
female/hispanic/bruno-dias-D22Tgx6TP5M-unsplash.jpg,unsplash,D22Tgx6TP5M,https://unsplash.com/photos/D22Tgx6TP5M,inferred
female/hispanic/christian-ferrer-aK5Dt6L6_hQ-unsplash.jpg,unsplash,aK5Dt6L6_hQ,https://unsplash.com/photos/aK5Dt6L6_hQ,inferred
female/hispanic/christina-wocintechchat-com-SJvDxw0azqw-unsplash.jpg,unsplash,SJvDxw0azqw,https://unsplash.com/photos/SJvDxw0azqw,inferred
female/hispanic/confused-2681507_1920.jpg,pixabay,2681507,https://pixabay.com/photos/confused-2681507_1920/,inferred
female/hispanic/conner-ching-b9833srFlac-unsplash.jpg,unsplash,b9833srFlac,https://unsplash.com/photos/b9833srFlac,inferred
female/hispanic/couple-5227606_1920.jpg,pixabay,5227606,https://pixabay.com/photos/couple-5227606_1920/,inferred
female/hispanic/david-suarez-d81WD5Q87E0-unsplash.jpg,unsplash,d81WD5Q87E0,https://unsplash.com/photos/d81WD5Q87E0,inferred
female/hispanic/dollar-gill-qBhFwtGQGag-unsplash.jpg,unsplash,qBhFwtGQGag,https://unsplash.com/photos/qBhFwtGQGag,inferred
female/hispanic/dorothy-puscas-kMgtp2f7yKs-unsplash.jpg,unsplash,kMgtp2f7yKs,https://unsplash.com/photos/kMgtp2f7yKs,inferred
female/hispanic/egyptian-girl-4194413_1920.jpg,pixabay,4194413,https://pixabay.com/photos/egyptian-girl-4194413_1920/,inferred
female/hispanic/engin-akyurt-N7YaZf7szz0-unsplash.jpg,unsplash,N7YaZf7szz0,https://unsplash.com/photos/N7YaZf7szz0,inferred
female/hispanic/ernest-brillo-U2TP4-H8ly4-unsplash.jpg,unsplash,U2TP4-H8ly4,https://unsplash.com/photos/U2TP4-H8ly4,inferred
female/hispanic/farhad-eidi-yfefPhTFWU8-unsplash.jpg,unsplash,yfefPhTFWU8,https://unsplash.com/photos/yfefPhTFWU8,inferred
female/hispanic/fashion-1107721_1920.jpg,pixabay,1107721,https://pixabay.com/photos/fashion-1107721_1920/,inferred
female/hispanic/febri-sym-HKuhUKNWFtY-unsplash.jpg,unsplash,HKuhUKNWFtY,https://unsplash.com/photos/HKuhUKNWFtY,inferred
female/hispanic/francesca-zama-1fhl_kmbfAE-unsplash.jpg,unsplash,1fhl_kmbfAE,https://unsplash.com/photos/1fhl_kmbfAE,inferred
female/hispanic/gama-films-h_9KkS8c9Sw-unsplash.jpg,unsplash,h_9KkS8c9Sw,https://unsplash.com/photos/h_9KkS8c9Sw,inferred
female/hispanic/giano-currie-5-9YOsmf8IQ-unsplash.jpg,unsplash,5-9YOsmf8IQ,https://unsplash.com/photos/5-9YOsmf8IQ,inferred
female/hispanic/girl-1258630_1920.jpg,pixabay,1258630,https://pixabay.com/photos/girl-1258630_1920/,inferred
female/hispanic/girl-2410042_1920.jpg,pixabay,2410042,https://pixabay.com/photos/girl-2410042_1920/,inferred
female/hispanic/girl-2922427_1920.jpg,pixabay,2922427,https://pixabay.com/photos/girl-2922427_1920/,inferred
female/hispanic/girl-3839501_1920.jpg,pixabay,3839501,https://pixabay.com/photos/girl-3839501_1920/,inferred
female/hispanic/girl-390568_1920.jpg,pixabay,390568,https://pixabay.com/photos/girl-390568_1920/,inferred
female/hispanic/girl-4610430_1920.jpg,pixabay,4610430,https://pixabay.com/photos/girl-4610430_1920/,inferred
female/hispanic/girl-4818720_1920.jpg,pixabay,4818720,https://pixabay.com/photos/girl-4818720_1920/,inferred
female/hispanic/girl-608827_1920.jpg,pixabay,608827,https://pixabay.com/photos/girl-608827_1920/,inferred
female/hispanic/girl-676185_1920.jpg,pixabay,676185,https://pixabay.com/photos/girl-676185_1920/,inferred
female/hispanic/girl-883006_1920.jpg,pixabay,883006,https://pixabay.com/photos/girl-883006_1920/,inferred
female/hispanic/hian-oliveira-n_L_ppO4QtY-unsplash.jpg,unsplash,n_L_ppO4QtY,https://unsplash.com/photos/n_L_ppO4QtY,inferred
female/hispanic/huseyin-topcu-pE5dKSGH6G8-unsplash(1).jpg,unsplash,pE5dKSGH6G8,https://unsplash.com/photos/pE5dKSGH6G8,inferred
female/hispanic/hussein-sorkheveis-ACIknRqDnBQ-unsplash.jpg,unsplash,ACIknRqDnBQ,https://unsplash.com/photos/ACIknRqDnBQ,inferred
female/hispanic/irene-strong-MgvAATOwJBc-unsplash.jpg,unsplash,MgvAATOwJBc,https://unsplash.com/photos/MgvAATOwJBc,inferred
female/hispanic/islander-images-kwHBTNUQIqs-unsplash.jpg,unsplash,kwHBTNUQIqs,https://unsplash.com/photos/kwHBTNUQIqs,inferred
female/hispanic/jacob-mejicanos-gcYA1p1_b28-unsplash.jpg,unsplash,gcYA1p1_b28,https://unsplash.com/photos/gcYA1p1_b28,inferred
female/hispanic/joanna-nix-walkup-u7_TR3LGqhU-unsplash.jpg,unsplash,u7_TR3LGqhU,https://unsplash.com/photos/u7_TR3LGqhU,inferred
female/hispanic/joao-paulo-de-souza-oliveira-ZHKKg9lnCSk-unsplash.jpg,unsplash,ZHKKg9lnCSk,https://unsplash.com/photos/ZHKKg9lnCSk,inferred
female/hispanic/joe-milne-MuDYCc7EE_o-unsplash.jpg,unsplash,MuDYCc7EE_o,https://unsplash.com/photos/MuDYCc7EE_o,inferred
female/hispanic/joelvalve-7JEZ6laI4qM-unsplash.jpg,unsplash,7JEZ6laI4qM,https://unsplash.com/photos/7JEZ6laI4qM,inferred
female/hispanic/jonathan-borba-UdhvRvpaBP0-unsplash.jpg,unsplash,UdhvRvpaBP0,https://unsplash.com/photos/UdhvRvpaBP0,inferred
female/hispanic/jose-g-ortega-castro-qs_TbXSztSg-unsplash.jpg,unsplash,qs_TbXSztSg,https://unsplash.com/photos/qs_TbXSztSg,inferred
female/hispanic/joseph-perez-pSa5RttmLHs-unsplash.jpg,unsplash,pSa5RttmLHs,https://unsplash.com/photos/pSa5RttmLHs,inferred
female/hispanic/juan-encalada-vIM0htb0gJs-unsplash.jpg,unsplash,vIM0htb0gJs,https://unsplash.com/photos/vIM0htb0gJs,inferred
female/hispanic/julian-florez-l5rmMuK8070-unsplash.jpg,unsplash,l5rmMuK8070,https://unsplash.com/photos/l5rmMuK8070,inferred
female/hispanic/keenan-constance-XSCvo0loB-Q-unsplash.jpg,unsplash,XSCvo0loB-Q,https://unsplash.com/photos/XSCvo0loB-Q,inferred
female/hispanic/khaled-ghareeb-bcQh4nVETaY-unsplash.jpg,unsplash,bcQh4nVETaY,https://unsplash.com/photos/bcQh4nVETaY,inferred
female/hispanic/kim-carpenter-IHIgnhLvz5Q-unsplash.jpg,unsplash,IHIgnhLvz5Q,https://unsplash.com/photos/IHIgnhLvz5Q,inferred
female/hispanic/kunj-parekh-VfC7Pm5BxuI-unsplash.jpg,unsplash,VfC7Pm5BxuI,https://unsplash.com/photos/VfC7Pm5BxuI,inferred
female/hispanic/luiza-braun-_R3H5FaoBq4-unsplash.jpg,unsplash,_R3H5FaoBq4,https://unsplash.com/photos/_R3H5FaoBq4,inferred
female/hispanic/madison-hedgecock-tacwAxr3PvU-unsplash.jpg,unsplash,tacwAxr3PvU,https://unsplash.com/photos/tacwAxr3PvU,inferred
female/hispanic/marisol-casben-PbwKSCq9aVo-unsplash.jpg,unsplash,PbwKSCq9aVo,https://unsplash.com/photos/PbwKSCq9aVo,inferred
female/hispanic/mark-decile-UU1d9HCtgaE-unsplash.jpg,unsplash,UU1d9HCtgaE,https://unsplash.com/photos/UU1d9HCtgaE,inferred
female/hispanic/mark-decile-hAw-uxfLXD4-unsplash.jpg,unsplash,hAw-uxfLXD4,https://unsplash.com/photos/hAw-uxfLXD4,inferred
female/hispanic/martin-lopez-mQVryuQEG_Y-unsplash.jpg,unsplash,mQVryuQEG_Y,https://unsplash.com/photos/mQVryuQEG_Y,inferred
female/hispanic/mateus-campos-felipe-AMSLWjFhivg-unsplash.jpg,unsplash,AMSLWjFhivg,https://unsplash.com/photos/AMSLWjFhivg,inferred
female/hispanic/mateus-campos-felipe-Fsgzm8N0hIY-unsplash.jpg,unsplash,Fsgzm8N0hIY,https://unsplash.com/photos/Fsgzm8N0hIY,inferred
female/hispanic/mateus-campos-felipe-JoM_lC1WAnE-unsplash.jpg,unsplash,JoM_lC1WAnE,https://unsplash.com/photos/JoM_lC1WAnE,inferred
female/hispanic/mateus-campos-felipe-ZxdJFgSGQBA-unsplash.jpg,unsplash,ZxdJFgSGQBA,https://unsplash.com/photos/ZxdJFgSGQBA,inferred
female/hispanic/mateus-campos-felipe-csdVYOLOqls-unsplash.jpg,unsplash,csdVYOLOqls,https://unsplash.com/photos/csdVYOLOqls,inferred
female/hispanic/mateus-campos-felipe-dQvUjiVaXCg-unsplash.jpg,unsplash,dQvUjiVaXCg,https://unsplash.com/photos/dQvUjiVaXCg,inferred
female/hispanic/mateus-campos-felipe-zd8px974bC8-unsplash.jpg,unsplash,zd8px974bC8,https://unsplash.com/photos/zd8px974bC8,inferred
female/hispanic/matteo-minoglio-jjveuyKSv0g-unsplash.jpg,unsplash,jjveuyKSv0g,https://unsplash.com/photos/jjveuyKSv0g,inferred
female/hispanic/matteo-minoglio-ywl3J10ZmBI-unsplash.jpg,unsplash,ywl3J10ZmBI,https://unsplash.com/photos/ywl3J10ZmBI,inferred
female/hispanic/matthew-reyes-Zh9KXMPIcVk-unsplash.jpg,unsplash,Zh9KXMPIcVk,https://unsplash.com/photos/Zh9KXMPIcVk,inferred
female/hispanic/mohammed-hassan-MOR6bWWuy-A-unsplash.jpg,unsplash,MOR6bWWuy-A,https://unsplash.com/photos/MOR6bWWuy-A,inferred
female/hispanic/obi-onyeador-02QKRJiv-JI-unsplash.jpg,unsplash,02QKRJiv-JI,https://unsplash.com/photos/02QKRJiv-JI,inferred
female/hispanic/obi-onyeador-7ckRPDhlgOk-unsplash.jpg,unsplash,7ckRPDhlgOk,https://unsplash.com/photos/7ckRPDhlgOk,inferred
female/hispanic/omar-lopez-0-uzdU3gUYw-unsplash.jpg,unsplash,0-uzdU3gUYw,https://unsplash.com/photos/0-uzdU3gUYw,inferred
female/hispanic/omar-lopez-8dYeSX5x4HY-unsplash.jpg,unsplash,8dYeSX5x4HY,https://unsplash.com/photos/8dYeSX5x4HY,inferred
female/hispanic/omar-lopez-auEe5lKHZCw-unsplash.jpg,unsplash,auEe5lKHZCw,https://unsplash.com/photos/auEe5lKHZCw,inferred
female/hispanic/omar-lopez-nomivMNW07o-unsplash.jpg,unsplash,nomivMNW07o,https://unsplash.com/photos/nomivMNW07o,inferred
female/hispanic/omid-armin-xOjzehJ49Hk-unsplash.jpg,unsplash,xOjzehJ49Hk,https://unsplash.com/photos/xOjzehJ49Hk,inferred
female/hispanic/patrick-gillespie-8j0CTWsImzo-unsplash.jpg,unsplash,8j0CTWsImzo,https://unsplash.com/photos/8j0CTWsImzo,inferred
female/hispanic/pexels-alex-green-5699868.jpg,pexels,5699868,https://www.pexels.com/photo/5699868/,inferred
female/hispanic/pexels-bran-sodre-2446105.jpg,pexels,2446105,https://www.pexels.com/photo/2446105/,inferred
female/hispanic/pexels-dalila-dalprat-1853049.jpg,pexels,1853049,https://www.pexels.com/photo/1853049/,inferred
female/hispanic/pexels-daniel-xavier-1239288.jpg,pexels,1239288,https://www.pexels.com/photo/1239288/,inferred
female/hispanic/pexels-du-photographer-1843667.jpg,pexels,1843667,https://www.pexels.com/photo/1843667/,inferred
female/hispanic/pexels-ingrid-santana-2100063.jpg,pexels,2100063,https://www.pexels.com/photo/2100063/,inferred
female/hispanic/pexels-ingrid-santana-2253707.jpg,pexels,2253707,https://www.pexels.com/photo/2253707/,inferred
female/hispanic/pexels-lehandross-2383118.jpg,pexels,2383118,https://www.pexels.com/photo/2383118/,inferred
female/hispanic/pexels-lola-russian-1855582.jpg,pexels,1855582,https://www.pexels.com/photo/1855582/,inferred
female/hispanic/pexels-nicole-michalou-5778909.jpg,pexels,5778909,https://www.pexels.com/photo/5778909/,inferred
female/hispanic/pexels-talal-hakim-4593319.jpg,pexels,4593319,https://www.pexels.com/photo/4593319/,inferred
female/hispanic/pexels-tha¿¬s-silva-3135649.jpg,pexels,3135649,https://www.pexels.com/photo/3135649/,inferred
female/hispanic/pexels-thiago-machado-1853035.jpg,pexels,1853035,https://www.pexels.com/photo/1853035/,inferred
female/hispanic/portrait-4137472_1920.jpg,pixabay,4137472,https://pixabay.com/photos/portrait-4137472_1920/,inferred
female/hispanic/portrait-4717916_1920.jpg,pixabay,4717916,https://pixabay.com/photos/portrait-4717916_1920/,inferred
female/hispanic/pretty-2682798_1920.jpg,pixabay,2682798,https://pixabay.com/photos/pretty-2682798_1920/,inferred
female/hispanic/priscilla-whendy-GLH_XaAvVQM-unsplash.jpg,unsplash,GLH_XaAvVQM,https://unsplash.com/photos/GLH_XaAvVQM,inferred
female/hispanic/raamin-ka-4lQmQ_DBbNc-unsplash.jpg,unsplash,4lQmQ_DBbNc,https://unsplash.com/photos/4lQmQ_DBbNc,inferred
female/hispanic/raamin-ka-8J56bYMT3-Q-unsplash.jpg,unsplash,8J56bYMT3-Q,https://unsplash.com/photos/8J56bYMT3-Q,inferred
female/hispanic/raamin-ka-kYtN89E5ce4-unsplash.jpg,unsplash,kYtN89E5ce4,https://unsplash.com/photos/kYtN89E5ce4,inferred
female/hispanic/raamin-ka-m8_JWQYF6GE-unsplash.jpg,unsplash,m8_JWQYF6GE,https://unsplash.com/photos/m8_JWQYF6GE,inferred
female/hispanic/raamin-ka-ucfVRXL2PrY-unsplash.jpg,unsplash,ucfVRXL2PrY,https://unsplash.com/photos/ucfVRXL2PrY,inferred
female/hispanic/raamin-ka-v8dc2XkhIfM-unsplash.jpg,unsplash,v8dc2XkhIfM,https://unsplash.com/photos/v8dc2XkhIfM,inferred
female/hispanic/raamin-ka-wUKtCWijJTQ-unsplash.jpg,unsplash,wUKtCWijJTQ,https://unsplash.com/photos/wUKtCWijJTQ,inferred
female/hispanic/raamin-ka-zfWcUc48WXk-unsplash.jpg,unsplash,zfWcUc48WXk,https://unsplash.com/photos/zfWcUc48WXk,inferred
female/hispanic/rafaella-mendes-diniz-AoL-mVxprmk-unsplash.jpg,unsplash,AoL-mVxprmk,https://unsplash.com/photos/AoL-mVxprmk,inferred
female/hispanic/red-4886345_1920.jpg,pixabay,4886345,https://pixabay.com/photos/red-4886345_1920/,inferred
female/hispanic/reza-gholami-bgf_I27qcmM-unsplash.jpg,unsplash,bgf_I27qcmM,https://unsplash.com/photos/bgf_I27qcmM,inferred
female/hispanic/sabrina-may-iuJClDf7S-M-unsplash.jpg,unsplash,iuJClDf7S-M,https://unsplash.com/photos/iuJClDf7S-M,inferred
female/hispanic/samantha-green-0D1Fm1Fkblo-unsplash.jpg,unsplash,0D1Fm1Fkblo,https://unsplash.com/photos/0D1Fm1Fkblo,inferred
female/hispanic/sergio-souza-P-PKKQvASEE-unsplash.jpg,unsplash,P-PKKQvASEE,https://unsplash.com/photos/P-PKKQvASEE,inferred
female/hispanic/shahin-khalaji-NdGrKgLVbIA-unsplash.jpg,unsplash,NdGrKgLVbIA,https://unsplash.com/photos/NdGrKgLVbIA,inferred
female/hispanic/shawn-olivier-boivin-blanchard-FBIGTYhErFw-unsplash.jpg,unsplash,FBIGTYhErFw,https://unsplash.com/photos/FBIGTYhErFw,inferred
female/hispanic/siavosh-hosseini-XIDBMAAHGpQ-unsplash.jpg,unsplash,XIDBMAAHGpQ,https://unsplash.com/photos/XIDBMAAHGpQ,inferred
female/hispanic/simon-marsault-2901RQjU0ZQ-unsplash.jpg,unsplash,2901RQjU0ZQ,https://unsplash.com/photos/2901RQjU0ZQ,inferred
female/hispanic/steven-aguilar-9kmy3mYHo6Y-unsplash.jpg,unsplash,9kmy3mYHo6Y,https://unsplash.com/photos/9kmy3mYHo6Y,inferred
female/hispanic/summer-carnival-4408804_1920.jpg,pixabay,4408804,https://pixabay.com/photos/summer-carnival-4408804_1920/,inferred
female/hispanic/tabitha-turner-NlN-dY9Fk3A-unsplash.jpg,unsplash,NlN-dY9Fk3A,https://unsplash.com/photos/NlN-dY9Fk3A,inferred
female/hispanic/tyler-nix-CsR_n6i__L0-unsplash.jpg,unsplash,CsR_n6i__L0,https://unsplash.com/photos/CsR_n6i__L0,inferred
female/hispanic/vinicius-amnx-amano-4mK2KVuYrDs-unsplash.jpg,unsplash,4mK2KVuYrDs,https://unsplash.com/photos/4mK2KVuYrDs,inferred
female/hispanic/vinicius-wiesehofer-UOavP_Z38lE-unsplash.jpg,unsplash,UOavP_Z38lE,https://unsplash.com/photos/UOavP_Z38lE,inferred
female/hispanic/willspirit-sbln--hNSeRvzgP8-unsplash.jpg,unsplash,-hNSeRvzgP8,https://unsplash.com/photos/-hNSeRvzgP8,inferred
female/hispanic/woman-2773007_1920.jpg,pixabay,2773007,https://pixabay.com/photos/woman-2773007_1920/,inferred
female/hispanic/woman-3191152_1920.jpg,pixabay,3191152,https://pixabay.com/photos/woman-3191152_1920/,inferred
female/hispanic/woman-4552028_1920.jpg,pixabay,4552028,https://pixabay.com/photos/woman-4552028_1920/,inferred
female/hispanic/woman-5225288_1920.jpg,pixabay,5225288,https://pixabay.com/photos/woman-5225288_1920/,inferred
female/hispanic/woman-5870296_1920.jpg,pixabay,5870296,https://pixabay.com/photos/woman-5870296_1920/,inferred
female/hispanic/woman-984247_1920.jpg,pixabay,984247,https://pixabay.com/photos/woman-984247_1920/,inferred
female/hispanic/women-4043627_1920.jpg,pixabay,4043627,https://pixabay.com/photos/women-4043627_1920/,inferred
female/hispanic/zulmaury-saavedra--Keh6vLM7w0-unsplash.jpg,unsplash,-Keh6vLM7w0,https://unsplash.com/photos/-Keh6vLM7w0,inferred
female/indian/32.jpg,pixabay,3105856,https://pixabay.com/photos/woman-3105856_1920/,inferred-via-duplicate
female/indian/33.jpg,unknown,,,unknown
female/indian/35.jpg,pexels,1253364,https://www.pexels.com/photo/1253364/,inferred-via-duplicate
female/indian/37.jpg,pexels,4307688,https://www.pexels.com/photo/4307688/,inferred-via-duplicate
female/indian/38.jpg,pixabay,5576751,https://pixabay.com/photos/woman-5576751_1920/,inferred-via-duplicate
female/indian/54.jpg,unknown,,,unknown
female/indian/59.jpg,unknown,,,unknown
female/indian/60.jpg,unknown,,,unknown
female/indian/aayush-gop-rawat-VPwSJhu5uhs-unsplash.jpg,unsplash,VPwSJhu5uhs,https://unsplash.com/photos/VPwSJhu5uhs,inferred
female/indian/actress-1736962_1920.jpg,pixabay,1736962,https://pixabay.com/photos/actress-1736962_1920/,inferred
female/indian/aditi-rao-hydari-1748439_1920.jpg,pixabay,1748439,https://pixabay.com/photos/aditi-rao-hydari-1748439_1920/,inferred
female/indian/agnieszka-kowalczyk-W0d-rh52NgE-unsplash.jpg,unsplash,W0d-rh52NgE,https://unsplash.com/photos/W0d-rh52NgE,inferred
female/indian/anelale-najera--p_HZ1et98U-unsplash.jpg,unsplash,-p_HZ1et98U,https://unsplash.com/photos/-p_HZ1et98U,inferred
female/indian/anh-nguyen-z6PZ7ZH9MMQ-unsplash.jpg,unsplash,z6PZ7ZH9MMQ,https://unsplash.com/photos/z6PZ7ZH9MMQ,inferred
female/indian/anshika-panchal-CX7WFaWeFhw-unsplash.jpg,unsplash,CX7WFaWeFhw,https://unsplash.com/photos/CX7WFaWeFhw,inferred
female/indian/anusha-reddy--zP_lFB6vCk-unsplash.jpg,unsplash,-zP_lFB6vCk,https://unsplash.com/photos/-zP_lFB6vCk,inferred
female/indian/arindam-deb-1cdWV-VMjSk-unsplash.jpg,unsplash,1cdWV-VMjSk,https://unsplash.com/photos/1cdWV-VMjSk,inferred
female/indian/arvin-keynes-IPETsB4dcCs-unsplash.jpg,unsplash,IPETsB4dcCs,https://unsplash.com/photos/IPETsB4dcCs,inferred
female/indian/asit-khanda-Oq_cWa7a67Y-unsplash.jpg,unsplash,Oq_cWa7a67Y,https://unsplash.com/photos/Oq_cWa7a67Y,inferred
female/indian/awab-husameldin-YOytR4BXEqM-unsplash.jpg,unsplash,YOytR4BXEqM,https://unsplash.com/photos/YOytR4BXEqM,inferred
female/indian/beautiful-2271357_1920.jpg,pixabay,2271357,https://pixabay.com/photos/beautiful-2271357_1920/,inferred
female/indian/beautiful-indian-woman-4773817_1920.jpg,pixabay,4773817,https://pixabay.com/photos/beautiful-indian-woman-4773817_1920/,inferred
female/indian/beauty-4175607_1920.jpg,pixabay,4175607,https://pixabay.com/photos/beauty-4175607_1920/,inferred
female/indian/bride-5170727_1920.jpg,pixabay,5170727,https://pixabay.com/photos/bride-5170727_1920/,inferred
female/indian/bride-5170730_1920.jpg,pixabay,5170730,https://pixabay.com/photos/bride-5170730_1920/,inferred
female/indian/bulbul-ahmed-s4Uv58E4PXc-unsplash.jpg,unsplash,s4Uv58E4PXc,https://unsplash.com/photos/s4Uv58E4PXc,inferred
female/indian/caroline-hernandez-vGacDiUiD7I-unsplash.jpg,unsplash,vGacDiUiD7I,https://unsplash.com/photos/vGacDiUiD7I,inferred
female/indian/charles-postiaux-J9vlgGgytC0-unsplash.jpg,unsplash,J9vlgGgytC0,https://unsplash.com/photos/J9vlgGgytC0,inferred
female/indian/child-3199624_1920.jpg,pixabay,3199624,https://pixabay.com/photos/child-3199624_1920/,inferred
female/indian/christina-wocintechchat-com-1Kf3jFemsPk-unsplash.jpg,unsplash,1Kf3jFemsPk,https://unsplash.com/photos/1Kf3jFemsPk,inferred
female/indian/christina-wocintechchat-com-z5SOVx-y3F4-unsplash.jpg,unsplash,z5SOVx-y3F4,https://unsplash.com/photos/z5SOVx-y3F4,inferred
female/indian/clinton-naik-k-YuHdAtTP0-unsplash.jpg,unsplash,k-YuHdAtTP0,https://unsplash.com/photos/k-YuHdAtTP0,inferred
female/indian/couple-4686423_1920.jpg,pixabay,4686423,https://pixabay.com/photos/couple-4686423_1920/,inferred
female/indian/d14.jpg,unknown,,,unknown
female/indian/deepika-padukone-2779557_1920.jpg,pixabay,2779557,https://pixabay.com/photos/deepika-padukone-2779557_1920/,inferred
female/indian/dollar-gill-Ciujwy5epq4-unsplash.jpg,unsplash,Ciujwy5epq4,https://unsplash.com/photos/Ciujwy5epq4,inferred
female/indian/dollar-gill-wcd5bS3x9mE-unsplash.jpg,unsplash,wcd5bS3x9mE,https://unsplash.com/photos/wcd5bS3x9mE,inferred
female/indian/dollar-gill-zWZvu5ZXbrM-unsplash.jpg,unsplash,zWZvu5ZXbrM,https://unsplash.com/photos/zWZvu5ZXbrM,inferred
female/indian/erick-marroquin-xlNSZ9aImbw-unsplash.jpg,unsplash,xlNSZ9aImbw,https://unsplash.com/photos/xlNSZ9aImbw,inferred
female/indian/ethan-johnson-n815BbX98ds-unsplash.jpg,unsplash,n815BbX98ds,https://unsplash.com/photos/n815BbX98ds,inferred
female/indian/eyes-5938203_1920.jpg,pixabay,5938203,https://pixabay.com/photos/eyes-5938203_1920/,inferred
female/indian/f14.jpg,unknown,,,unknown
female/indian/face-5677905_1920.jpg,pixabay,5677905,https://pixabay.com/photos/face-5677905_1920/,inferred
female/indian/female-1544783_1920.jpg,pixabay,1544783,https://pixabay.com/photos/female-1544783_1920/,inferred
female/indian/gift-habeshaw-XvqeCMXHwzQ-unsplash.jpg,unsplash,XvqeCMXHwzQ,https://unsplash.com/photos/XvqeCMXHwzQ,inferred
female/indian/girl-4656172_1920.jpg,pixabay,4656172,https://pixabay.com/photos/girl-4656172_1920/,inferred
female/indian/girl-517524_1920.jpg,pixabay,517524,https://pixabay.com/photos/girl-517524_1920/,inferred
female/indian/girl-526716_1920.jpg,pixabay,526716,https://pixabay.com/photos/girl-526716_1920/,inferred
female/indian/girl-5471992_1920.jpg,pixabay,5471992,https://pixabay.com/photos/girl-5471992_1920/,inferred
female/indian/girl-5898963_1920.jpg,pixabay,5898963,https://pixabay.com/photos/girl-5898963_1920/,inferred
female/indian/gleb-lukomets-R9tTeq4rV5U-unsplash.jpg,unsplash,R9tTeq4rV5U,https://unsplash.com/photos/R9tTeq4rV5U,inferred
female/indian/happy-4895044_1920.jpg,pixabay,4895044,https://pixabay.com/photos/happy-4895044_1920/,inferred
female/indian/huu-chung-dang-lP02hkcp7H0-unsplash.jpg,unsplash,lP02hkcp7H0,https://unsplash.com/photos/lP02hkcp7H0,inferred
female/indian/india-4869731_1920.jpg,pixabay,4869731,https://pixabay.com/photos/india-4869731_1920/,inferred
female/indian/indian-4190972_1920.jpg,pixabay,4190972,https://pixabay.com/photos/indian-4190972_1920/,inferred
female/indian/indian-4755313_1920.jpg,pixabay,4755313,https://pixabay.com/photos/indian-4755313_1920/,inferred
female/indian/indian-4755323_1920.jpg,pixabay,4755323,https://pixabay.com/photos/indian-4755323_1920/,inferred
female/indian/indian-5033667_1920.jpg,pixabay,5033667,https://pixabay.com/photos/indian-5033667_1920/,inferred
female/indian/indian-5033680_1920.jpg,pixabay,5033680,https://pixabay.com/photos/indian-5033680_1920/,inferred
female/indian/indian-5033682_1920.jpg,pixabay,5033682,https://pixabay.com/photos/indian-5033682_1920/,inferred
female/indian/indian-5449593_1920.jpg,pixabay,5449593,https://pixabay.com/photos/indian-5449593_1920/,inferred
female/indian/indian-girl-4985302_1920.jpg,pixabay,4985302,https://pixabay.com/photos/indian-girl-4985302_1920/,inferred
female/indian/indian-woman-5092871_1920.jpg,pixabay,5092871,https://pixabay.com/photos/indian-woman-5092871_1920/,inferred
female/indian/indian-woman-5450102_1920.jpg,pixabay,5450102,https://pixabay.com/photos/indian-woman-5450102_1920/,inferred
female/indian/jennifer-marquez-9oLwI18NFfY-unsplash.jpg,unsplash,9oLwI18NFfY,https://unsplash.com/photos/9oLwI18NFfY,inferred
female/indian/jewellery-4255833_1920.jpg,pixabay,4255833,https://pixabay.com/photos/jewellery-4255833_1920/,inferred
female/indian/joshua-purnell-jiBvOb7A860-unsplash.jpg,unsplash,jiBvOb7A860,https://unsplash.com/photos/jiBvOb7A860,inferred
female/indian/juanma-velasquez-la7uU1hQ_nM-unsplash.jpg,unsplash,la7uU1hQ_nM,https://unsplash.com/photos/la7uU1hQ_nM,inferred
female/indian/julian-florez-LWaFYrn4SfY-unsplash.jpg,unsplash,LWaFYrn4SfY,https://unsplash.com/photos/LWaFYrn4SfY,inferred
female/indian/juniar-baresi-1g-BQ3wkgWI-unsplash.jpg,unsplash,1g-BQ3wkgWI,https://unsplash.com/photos/1g-BQ3wkgWI,inferred
female/indian/jyotirmoy-gupta-AXBsyZVjPLQ-unsplash.jpg,unsplash,AXBsyZVjPLQ,https://unsplash.com/photos/AXBsyZVjPLQ,inferred
female/indian/jyotirmoy-gupta-fbUvVn1_ViQ-unsplash.jpg,unsplash,fbUvVn1_ViQ,https://unsplash.com/photos/fbUvVn1_ViQ,inferred
female/indian/kunal-goswami-YHSohAq-PuI-unsplash.jpg,unsplash,YHSohAq-PuI,https://unsplash.com/photos/YHSohAq-PuI,inferred
female/indian/latina-4573900_1920.jpg,pixabay,4573900,https://pixabay.com/photos/latina-4573900_1920/,inferred
female/indian/loren-joseph-11eY-tkB9VU-unsplash.jpg,unsplash,11eY-tkB9VU,https://unsplash.com/photos/11eY-tkB9VU,inferred
female/indian/loren-joseph-jhu22nvxxCw-unsplash.jpg,unsplash,jhu22nvxxCw,https://unsplash.com/photos/jhu22nvxxCw,inferred
female/indian/make-up-artist-3987573_1920.jpg,pixabay,3987573,https://pixabay.com/photos/make-up-artist-3987573_1920/,inferred
female/indian/model-3008722_1920.jpg,pixabay,3008722,https://pixabay.com/photos/model-3008722_1920/,inferred
female/indian/model-4255841_1920.jpg,pixabay,4255841,https://pixabay.com/photos/model-4255841_1920/,inferred
female/indian/model-4668350_1920.jpg,pixabay,4668350,https://pixabay.com/photos/model-4668350_1920/,inferred
female/indian/model-5576784_1920.jpg,pixabay,5576784,https://pixabay.com/photos/model-5576784_1920/,inferred
female/indian/model-5576796_1920.jpg,pixabay,5576796,https://pixabay.com/photos/model-5576796_1920/,inferred
female/indian/natasha-kasim-BqD0Id4qemc-unsplash.jpg,unsplash,BqD0Id4qemc,https://unsplash.com/photos/BqD0Id4qemc,inferred
female/indian/nature-3110567_1920.jpg,pixabay,3110567,https://pixabay.com/photos/nature-3110567_1920/,inferred
female/indian/pexels-arif-khan-4595532.jpg,pexels,4595532,https://www.pexels.com/photo/4595532/,inferred
female/indian/pexels-arvind-shakya-796557.jpg,pexels,796557,https://www.pexels.com/photo/796557/,inferred
female/indian/pexels-azraq-al-rezoan-5151189.jpg,pexels,5151189,https://www.pexels.com/photo/5151189/,inferred
female/indian/pexels-azraq-al-rezoan-5641188.jpg,pexels,5641188,https://www.pexels.com/photo/5641188/,inferred
female/indian/pexels-bran-sodre-1856538.jpg,pexels,1856538,https://www.pexels.com/photo/1856538/,inferred
female/indian/pexels-darshan-peeal-2784078.jpg,pexels,2784078,https://www.pexels.com/photo/2784078/,inferred
female/indian/pexels-devil-imran-6414067.jpg,pexels,6414067,https://www.pexels.com/photo/6414067/,inferred
female/indian/pexels-himesh-mehta-3059930.jpg,pexels,3059930,https://www.pexels.com/photo/3059930/,inferred
female/indian/pexels-jc-romero-3236737.jpg,pexels,3236737,https://www.pexels.com/photo/3236737/,inferred
female/indian/pexels-kaushal-moradiya-2781201.jpg,pexels,2781201,https://www.pexels.com/photo/2781201/,inferred
female/indian/pexels-ketut-subiyanto-4307688.jpg,pexels,4307688,https://www.pexels.com/photo/4307688/,inferred
female/indian/pexels-ketut-subiyanto-4584579.jpg,pexels,4584579,https://www.pexels.com/photo/4584579/,inferred
female/indian/pexels-kevin-kabore-4966995.jpg,pexels,4966995,https://www.pexels.com/photo/4966995/,inferred
female/indian/pexels-mabel-lee-2739792.jpg,pexels,2739792,https://www.pexels.com/photo/2739792/,inferred
female/indian/pexels-manjeet-singh-yadav-1162983.jpg,pexels,1162983,https://www.pexels.com/photo/1162983/,inferred
female/indian/pexels-mentatdgt-1167134.jpg,pexels,1167134,https://www.pexels.com/photo/1167134/,inferred
female/indian/pexels-mentatdgt-1306557.jpg,pexels,1306557,https://www.pexels.com/photo/1306557/,inferred
female/indian/pexels-mentatdgt-2558680.jpg,pexels,2558680,https://www.pexels.com/photo/2558680/,inferred
female/indian/pexels-miguel-arcanjo-saddi-1213768.jpg,pexels,1213768,https://www.pexels.com/photo/1213768/,inferred
female/indian/pexels-nandhu-kumar-2703082.jpg,pexels,2703082,https://www.pexels.com/photo/2703082/,inferred
female/indian/pexels-rafi-ahmed-haven-1253364.jpg,pexels,1253364,https://www.pexels.com/photo/1253364/,inferred
female/indian/pexels-rahul-pandit-3894370.jpg,pexels,3894370,https://www.pexels.com/photo/3894370/,inferred
female/indian/pexels-rahul-pandit-5382522.jpg,pexels,5382522,https://www.pexels.com/photo/5382522/,inferred
female/indian/pexels-shubham-sharma-2912695.jpg,pexels,2912695,https://www.pexels.com/photo/2912695/,inferred
female/indian/pexels-skg-photography-2270078.jpg,pexels,2270078,https://www.pexels.com/photo/2270078/,inferred
female/indian/pexels-tima-miroshnichenko-5988665.jpg,pexels,5988665,https://www.pexels.com/photo/5988665/,inferred
female/indian/pexels-trung-nguyen-2435583.jpg,pexels,2435583,https://www.pexels.com/photo/2435583/,inferred
female/indian/portrait-4428523_1920.jpg,pixabay,4428523,https://pixabay.com/photos/portrait-4428523_1920/,inferred
female/indian/portrait-4773342_1920.jpg,pixabay,4773342,https://pixabay.com/photos/portrait-4773342_1920/,inferred
female/indian/portrait-5604743_1920.jpg,pixabay,5604743,https://pixabay.com/photos/portrait-5604743_1920/,inferred
female/indian/pradeep-ranjan-qMrXRcDP5Vw-unsplash.jpg,unsplash,qMrXRcDP5Vw,https://unsplash.com/photos/qMrXRcDP5Vw,inferred
female/indian/prom-1476761_1920.jpg,pixabay,1476761,https://pixabay.com/photos/prom-1476761_1920/,inferred
female/indian/sarah-cervantes-79GLX12EY98-unsplash.jpg,unsplash,79GLX12EY98,https://unsplash.com/photos/79GLX12EY98,inferred
female/indian/sayan-ghosh-sVDp3cxrDR4-unsplash.jpg,unsplash,sVDp3cxrDR4,https://unsplash.com/photos/sVDp3cxrDR4,inferred
female/indian/sergio-souza-jzXgkWDL2YM-unsplash.jpg,unsplash,jzXgkWDL2YM,https://unsplash.com/photos/jzXgkWDL2YM,inferred
female/indian/shifaaz-shamoon-MqLy-G-dBi8-unsp.jpg,unknown,,,unknown
female/indian/shotlist-7sPYFUKOK_8-unsplash.jpg,unsplash,7sPYFUKOK_8,https://unsplash.com/photos/7sPYFUKOK_8,inferred
female/indian/shy-girl-5942197_1920.jpg,pixabay,5942197,https://pixabay.com/photos/shy-girl-5942197_1920/,inferred
female/indian/soham-banerjee-22DWv_qBMZo-unsplash.jpg,unsplash,22DWv_qBMZo,https://unsplash.com/photos/22DWv_qBMZo,inferred
female/indian/swarnavo-chakrabarti-1s-7JQTdXY4-unsplash.jpg,unsplash,1s-7JQTdXY4,https://unsplash.com/photos/1s-7JQTdXY4,inferred
female/indian/sylvester-dsouza-LAprsXXH-Nc-unsplash.jpg,unsplash,LAprsXXH-Nc,https://unsplash.com/photos/LAprsXXH-Nc,inferred
female/indian/teenager-1612462_1920.jpg,pixabay,1612462,https://pixabay.com/photos/teenager-1612462_1920/,inferred
female/indian/teenager-475189_1920.jpg,pixabay,475189,https://pixabay.com/photos/teenager-475189_1920/,inferred
female/indian/thanks-1209247_1920.jpg,pixabay,1209247,https://pixabay.com/photos/thanks-1209247_1920/,inferred
female/indian/ursula-spaulding-_B_UiKIAo20-unsplash.jpg,unsplash,_B_UiKIAo20,https://unsplash.com/photos/_B_UiKIAo20,inferred
female/indian/vaibhav-nagare-oM20muBHP_4-unsplash.jpg,unsplash,oM20muBHP_4,https://unsplash.com/photos/oM20muBHP_4,inferred
female/indian/weeding-4207311_1920.jpg,pixabay,4207311,https://pixabay.com/photos/weeding-4207311_1920/,inferred
female/indian/woman-3105856_1920.jpg,pixabay,3105856,https://pixabay.com/photos/woman-3105856_1920/,inferred
female/indian/woman-3146093_1920.jpg,pixabay,3146093,https://pixabay.com/photos/woman-3146093_1920/,inferred
female/indian/woman-4456917_1920.jpg,pixabay,4456917,https://pixabay.com/photos/woman-4456917_1920/,inferred
female/indian/woman-4686064_1920.jpg,pixabay,4686064,https://pixabay.com/photos/woman-4686064_1920/,inferred
female/indian/woman-4686065_1920.jpg,pixabay,4686065,https://pixabay.com/photos/woman-4686065_1920/,inferred
female/indian/woman-5267153_1920.jpg,pixabay,5267153,https://pixabay.com/photos/woman-5267153_1920/,inferred
female/indian/woman-5576751_1920.jpg,pixabay,5576751,https://pixabay.com/photos/woman-5576751_1920/,inferred
female/indian/woman-5604742_1920.jpg,pixabay,5604742,https://pixabay.com/photos/woman-5604742_1920/,inferred
female/indian/woman-5910803_1920.jpg,pixabay,5910803,https://pixabay.com/photos/woman-5910803_1920/,inferred
female/indian/woman-5922147_1920.jpg,pixabay,5922147,https://pixabay.com/photos/woman-5922147_1920/,inferred
female/indian/woman-5922149_1920.jpg,pixabay,5922149,https://pixabay.com/photos/woman-5922149_1920/,inferred
female/indian/woman-761642_1920.jpg,pixabay,761642,https://pixabay.com/photos/woman-761642_1920/,inferred
female/indian/woman-smiling-1057659_1920.jpg,pixabay,1057659,https://pixabay.com/photos/woman-smiling-1057659_1920/,inferred
female/indian/women-4419736_1920.jpg,pixabay,4419736,https://pixabay.com/photos/women-4419736_1920/,inferred
female/indian/yogendra-singh-2W1bkp_Mie4-unsplash.jpg,unsplash,2W1bkp_Mie4,https://unsplash.com/photos/2W1bkp_Mie4,inferred
female/indian/yogendra-singh-Sx00bDu24_k-unsplash.jpg,unsplash,Sx00bDu24_k,https://unsplash.com/photos/Sx00bDu24_k,inferred
female/indian/young-1822685_1920.jpg,pixabay,1822685,https://pixabay.com/photos/young-1822685_1920/,inferred
female/indian/youth-3983781_1920.jpg,pixabay,3983781,https://pixabay.com/photos/youth-3983781_1920/,inferred
female/indian/zahra-amiri-QuL60_NbW_0-unsplash.jpg,unsplash,QuL60_NbW_0,https://unsplash.com/photos/QuL60_NbW_0,inferred
female/indian/zhang-kaiyv-voWjZ-NIrqo-unsplash.jpg,unsplash,voWjZ-NIrqo,https://unsplash.com/photos/voWjZ-NIrqo,inferred
female/mideastern/17.jpg,unknown,,,unknown
female/mideastern/24.jpg,unknown,,,unknown
female/mideastern/29.jpg,unsplash,QsqKwK09TUI,https://unsplash.com/photos/QsqKwK09TUI,inferred-via-duplicate
female/mideastern/3.jpg,unknown,,,unknown
female/mideastern/41.jpg,unknown,,,unknown
female/mideastern/50.jpg,unknown,,,unknown
female/mideastern/53.jpg,unknown,,,unknown
female/mideastern/56.jpg,pexels,764529,https://www.pexels.com/photo/764529/,inferred-via-duplicate
female/mideastern/abi-lewis-5f8i3ckEswk-unsplash.jpg,unsplash,5f8i3ckEswk,https://unsplash.com/photos/5f8i3ckEswk,inferred
female/mideastern/alan-santana-0HEgM6UpGPY-unsplash.jpg,unsplash,0HEgM6UpGPY,https://unsplash.com/photos/0HEgM6UpGPY,inferred
female/mideastern/alex-michaelsen-twXWoTWOUeQ-unsplash.jpg,unsplash,twXWoTWOUeQ,https://unsplash.com/photos/twXWoTWOUeQ,inferred
female/mideastern/alexandru-zdrobau-BGz8vO3pK8k-unsplash.jpg,unsplash,BGz8vO3pK8k,https://unsplash.com/photos/BGz8vO3pK8k,inferred
female/mideastern/ali-pazani-4GSOe3Dl314-unsplash.jpg,unsplash,4GSOe3Dl314,https://unsplash.com/photos/4GSOe3Dl314,inferred
female/mideastern/alireza-esmaeeli-JfR_6qzips8-unsplash.jpg,unsplash,JfR_6qzips8,https://unsplash.com/photos/JfR_6qzips8,inferred
female/mideastern/allef-vinicius-BqNEe_ZAtxg-unsplash.jpg,unsplash,BqNEe_ZAtxg,https://unsplash.com/photos/BqNEe_ZAtxg,inferred
female/mideastern/allef-vinicius-yOp7FXdn3cM-unsplash.jpg,unsplash,yOp7FXdn3cM,https://unsplash.com/photos/yOp7FXdn3cM,inferred
female/mideastern/ana-itonishvili-12KpxzD4iis-unsplash.jpg,unsplash,12KpxzD4iis,https://unsplash.com/photos/12KpxzD4iis,inferred
female/mideastern/ana-itonishvili-obVDLsGF-QI-unsplash.jpg,unsplash,obVDLsGF-QI,https://unsplash.com/photos/obVDLsGF-QI,inferred
female/mideastern/ana-itonishvili-qToBjrHjuYo-unsplash.jpg,unsplash,qToBjrHjuYo,https://unsplash.com/photos/qToBjrHjuYo,inferred
female/mideastern/ana-itonishvili-tsqu8UcbL3w-unsplash.jpg,unsplash,tsqu8UcbL3w,https://unsplash.com/photos/tsqu8UcbL3w,inferred
female/mideastern/anastasia-leonova-J52-_tGlXfU-unsplash.jpg,unsplash,J52-_tGlXfU,https://unsplash.com/photos/J52-_tGlXfU,inferred
female/mideastern/aranprime-hwzLBk3079Q-unsplash.jpg,unsplash,hwzLBk3079Q,https://unsplash.com/photos/hwzLBk3079Q,inferred
female/mideastern/ashkan-forouzani-SNYaOnl22u8-unsplash.jpg,unsplash,SNYaOnl22u8,https://unsplash.com/photos/SNYaOnl22u8,inferred
female/mideastern/bardia-hashemirad-3P7jxpEgkC4-unsplash.jpg,unsplash,3P7jxpEgkC4,https://unsplash.com/photos/3P7jxpEgkC4,inferred
female/mideastern/barry-fitzsimmons-FdPjKwHWqPo-unsplash.jpg,unsplash,FdPjKwHWqPo,https://unsplash.com/photos/FdPjKwHWqPo,inferred
female/mideastern/cafe-4730085_1920.jpg,pixabay,4730085,https://pixabay.com/photos/cafe-4730085_1920/,inferred
female/mideastern/carlos-lindner-cMGFhR6YCZM-unsplash.jpg,unsplash,cMGFhR6YCZM,https://unsplash.com/photos/cMGFhR6YCZM,inferred
female/mideastern/cristian-newman-f49XhYbpiA0-unsplash.jpg,unsplash,f49XhYbpiA0,https://unsplash.com/photos/f49XhYbpiA0,inferred
female/mideastern/d10.jpg,unknown,,,unknown
female/mideastern/d2.jpg,unknown,,,unknown
female/mideastern/daniel-tong-Vaznn9k5GqQ-unsplash.jpg,unsplash,Vaznn9k5GqQ,https://unsplash.com/photos/Vaznn9k5GqQ,inferred
female/mideastern/daniil-lobachev-XAo09LtQiAQ-unsplash.jpg,unsplash,XAo09LtQiAQ,https://unsplash.com/photos/XAo09LtQiAQ,inferred
female/mideastern/davidcohen-U6VDR7S3afY-unsplash.jpg,unsplash,U6VDR7S3afY,https://unsplash.com/photos/U6VDR7S3afY,inferred
female/mideastern/derek-perez-I-MGoMKFWpE-unsplash.jpg,unsplash,I-MGoMKFWpE,https://unsplash.com/photos/I-MGoMKFWpE,inferred
female/mideastern/dev-asangbam-AJOka3Plw6g-unsplash.jpg,unsplash,AJOka3Plw6g,https://unsplash.com/photos/AJOka3Plw6g,inferred
female/mideastern/dimitri-bong-2M45kvvIC-4-unsplash.jpg,unsplash,2M45kvvIC-4,https://unsplash.com/photos/2M45kvvIC-4,inferred
female/mideastern/face-2432004_1920.jpg,pixabay,2432004,https://pixabay.com/photos/face-2432004_1920/,inferred
female/mideastern/ghaly-wedinly-K07jvi25Qxg-unsplash.jpg,unsplash,K07jvi25Qxg,https://unsplash.com/photos/K07jvi25Qxg,inferred
female/mideastern/girl-1360874_1920.jpg,pixabay,1360874,https://pixabay.com/photos/girl-1360874_1920/,inferred
female/mideastern/girl-1364014_1920.jpg,pixabay,1364014,https://pixabay.com/photos/girl-1364014_1920/,inferred
female/mideastern/girl-1518158_1920.jpg,pixabay,1518158,https://pixabay.com/photos/girl-1518158_1920/,inferred
female/mideastern/girl-2651718_1920.jpg,pixabay,2651718,https://pixabay.com/photos/girl-2651718_1920/,inferred
female/mideastern/girl-3551364_1920.jpg,pixabay,3551364,https://pixabay.com/photos/girl-3551364_1920/,inferred
female/mideastern/gursimrat-ganda-KrCDlVjrMsQ-unsplash.jpg,unsplash,KrCDlVjrMsQ,https://unsplash.com/photos/KrCDlVjrMsQ,inferred
female/mideastern/gustavo-lanes-neFlyoPfCRM-unsplash.jpg,unsplash,neFlyoPfCRM,https://unsplash.com/photos/neFlyoPfCRM,inferred
female/mideastern/hamid-tajik-QXbJ3yhMNK4-unsplash.jpg,unsplash,QXbJ3yhMNK4,https://unsplash.com/photos/QXbJ3yhMNK4,inferred
female/mideastern/hamid-tajik-uvnApE6gmnM-unsplash.jpg,unsplash,uvnApE6gmnM,https://unsplash.com/photos/uvnApE6gmnM,inferred
female/mideastern/hamza-nouasria-1H52tHTJPiI-unsplash.jpg,unsplash,1H52tHTJPiI,https://unsplash.com/photos/1H52tHTJPiI,inferred
female/mideastern/hijab-5009607_1920.jpg,pixabay,5009607,https://pixabay.com/photos/hijab-5009607_1920/,inferred
female/mideastern/hisu-lee-NayZJyAK8vg-unsplash.jpg,unsplash,NayZJyAK8vg,https://unsplash.com/photos/NayZJyAK8vg,inferred
female/mideastern/houcine-ncib-2Qg42qfZpRo-unsplash.jpg,unsplash,2Qg42qfZpRo,https://unsplash.com/photos/2Qg42qfZpRo,inferred
female/mideastern/houcine-ncib-JInbeCEqTbs-unsplash.jpg,unsplash,JInbeCEqTbs,https://unsplash.com/photos/JInbeCEqTbs,inferred
female/mideastern/humphrey-muleba-38dk7QXDBzs-unsplash.jpg,unsplash,38dk7QXDBzs,https://unsplash.com/photos/38dk7QXDBzs,inferred
female/mideastern/imad-clicks-2_qmEnz7bQ4-unsplash.jpg,unsplash,2_qmEnz7bQ4,https://unsplash.com/photos/2_qmEnz7bQ4,inferred
female/mideastern/jakob-owens-HjL1JGnuh3o-unsplash.jpg,unsplash,HjL1JGnuh3o,https://unsplash.com/photos/HjL1JGnuh3o,inferred
female/mideastern/jamill-del-rosario-jn3w2ouoPv4-unsplash.jpg,unsplash,jn3w2ouoPv4,https://unsplash.com/photos/jn3w2ouoPv4,inferred
female/mideastern/jan-kopriva-VKHv4GLr5O0-unsplash.jpg,unsplash,VKHv4GLr5O0,https://unsplash.com/photos/VKHv4GLr5O0,inferred
female/mideastern/jeffrey-wegrzyn-It0_SCr3AF4-unsplash.jpg,unsplash,It0_SCr3AF4,https://unsplash.com/photos/It0_SCr3AF4,inferred
female/mideastern/joao-paulo-de-souza-oliveira-7-CSeYLI-KM-unsplash.jpg,unsplash,7-CSeYLI-KM,https://unsplash.com/photos/7-CSeYLI-KM,inferred
female/mideastern/joao-paulo-de-souza-oliveira-PK5HVHRWYa8-unsplash.jpg,unsplash,PK5HVHRWYa8,https://unsplash.com/photos/PK5HVHRWYa8,inferred
female/mideastern/jonathan-borba-5rQG1mib90I-unspl.jpg,unknown,,,unknown
female/mideastern/jonathan-borba-5rQG1mib90I-unsplash.jpg,unsplash,5rQG1mib90I,https://unsplash.com/photos/5rQG1mib90I,inferred
female/mideastern/jordan-dca_s9Wy8c0-unsplash.jpg,unsplash,dca_s9Wy8c0,https://unsplash.com/photos/dca_s9Wy8c0,inferred
female/mideastern/joshua-rawson-harris-eMDcPM6bqVc-unsplash.jpg,unsplash,eMDcPM6bqVc,https://unsplash.com/photos/eMDcPM6bqVc,inferred
female/mideastern/julian-florez-l5rmMuK8070-unsplash.jpg,unsplash,l5rmMuK8070,https://unsplash.com/photos/l5rmMuK8070,inferred
female/mideastern/july-brenda-gonzales-callapaza-DEseREQoXPQ-unsplash.jpg,unsplash,DEseREQoXPQ,https://unsplash.com/photos/DEseREQoXPQ,inferred
female/mideastern/jyotirmoy-gupta-fpBNEz7N14s-unsplash.jpg,unsplash,fpBNEz7N14s,https://unsplash.com/photos/fpBNEz7N14s,inferred
female/mideastern/kal-visuals-b1Hg7QI-zcc-unsplash.jpg,unsplash,b1Hg7QI-zcc,https://unsplash.com/photos/b1Hg7QI-zcc,inferred
female/mideastern/kamal-alkhatib-IETO_Z0BrsE-unsplash (1).jpg,unsplash,IETO_Z0BrsE,https://unsplash.com/photos/IETO_Z0BrsE,inferred
female/mideastern/kamal-alkhatib-ZG531DsOagU-unsplash.jpg,unsplash,ZG531DsOagU,https://unsplash.com/photos/ZG531DsOagU,inferred
female/mideastern/karthik-pillai-jF9aTJ_T_Tw-unsplash.jpg,unsplash,jF9aTJ_T_Tw,https://unsplash.com/photos/jF9aTJ_T_Tw,inferred
female/mideastern/khaled-ghareeb-xZSEvSlHRv8-unsplash.jpg,unsplash,xZSEvSlHRv8,https://unsplash.com/photos/xZSEvSlHRv8,inferred
female/mideastern/kirill-balobanov-Ef3AOkt6hHg-unsplash.jpg,unsplash,Ef3AOkt6hHg,https://unsplash.com/photos/Ef3AOkt6hHg,inferred
female/mideastern/kirill-balobanov-sRPbVu7FOsw-unsplash.jpg,unsplash,sRPbVu7FOsw,https://unsplash.com/photos/sRPbVu7FOsw,inferred
female/mideastern/kunal-goswami-YHSohAq-PuI-unsplash.jpg,unsplash,YHSohAq-PuI,https://unsplash.com/photos/YHSohAq-PuI,inferred
female/mideastern/latin-4793762_1920.jpg,pixabay,4793762,https://pixabay.com/photos/latin-4793762_1920/,inferred
female/mideastern/little-2192347_1920.jpg,pixabay,2192347,https://pixabay.com/photos/little-2192347_1920/,inferred
female/mideastern/little-girl-5912824_1920.jpg,pixabay,5912824,https://pixabay.com/photos/little-girl-5912824_1920/,inferred
female/mideastern/luiza-braun-f11edIs0_ZU-unsplash.jpg,unsplash,f11edIs0_ZU,https://unsplash.com/photos/f11edIs0_ZU,inferred
female/mideastern/luke-braswell-oYFv-_JKsVk-unsplash.jpg,unsplash,oYFv-_JKsVk,https://unsplash.com/photos/oYFv-_JKsVk,inferred
female/mideastern/mia-cambriello-dQgKjETjqDg-unsplash.jpg,unsplash,dQgKjETjqDg,https://unsplash.com/photos/dQgKjETjqDg,inferred
female/mideastern/michele-seghieri-vsS70e-zC34-unsplash.jpg,unsplash,vsS70e-zC34,https://unsplash.com/photos/vsS70e-zC34,inferred
female/mideastern/model-4606802_1920.jpg,pixabay,4606802,https://pixabay.com/photos/model-4606802_1920/,inferred
female/mideastern/model-5029025_1920.jpg,pixabay,5029025,https://pixabay.com/photos/model-5029025_1920/,inferred
female/mideastern/model-5046435_1920.jpg,pixabay,5046435,https://pixabay.com/photos/model-5046435_1920/,inferred
female/mideastern/mohammad-khaksarmadani-4FDsNcCR8iQ-unsplash.jpg,unsplash,4FDsNcCR8iQ,https://unsplash.com/photos/4FDsNcCR8iQ,inferred
female/mideastern/mosoianu-bogdan-eY1_nQs9aNI-unsplash.jpg,unsplash,eY1_nQs9aNI,https://unsplash.com/photos/eY1_nQs9aNI,inferred
female/mideastern/mukul-kumar-OYFdvoK6z6Y-unsplash.jpg,unsplash,OYFdvoK6z6Y,https://unsplash.com/photos/OYFdvoK6z6Y,inferred
female/mideastern/muslim-5016604_1920.jpg,pixabay,5016604,https://pixabay.com/photos/muslim-5016604_1920/,inferred
female/mideastern/muslim-5016606_1920.jpg,pixabay,5016606,https://pixabay.com/photos/muslim-5016606_1920/,inferred
female/mideastern/nathan-bingle-Rmdja7-az8M-unsplash.jpg,unsplash,Rmdja7-az8M,https://unsplash.com/photos/Rmdja7-az8M,inferred
female/mideastern/omid-armin-2HUKJuFRemE-unsplash.jpg,unsplash,2HUKJuFRemE,https://unsplash.com/photos/2HUKJuFRemE,inferred
female/mideastern/oscar-nord-1UJNl0Ffhw8-unsplash.jpg,unsplash,1UJNl0Ffhw8,https://unsplash.com/photos/1UJNl0Ffhw8,inferred
female/mideastern/ospan-ali-ue9wiyU842k-unsplash.jpg,unsplash,ue9wiyU842k,https://unsplash.com/photos/ue9wiyU842k,inferred
female/mideastern/pexels-andrea-piacquadio-3762807.jpg,pexels,3762807,https://www.pexels.com/photo/3762807/,inferred
female/mideastern/pexels-anna-tarazevich-5119587.jpg,pexels,5119587,https://www.pexels.com/photo/5119587/,inferred
female/mideastern/pexels-anubhaw-anand-3263992.jpg,pexels,3263992,https://www.pexels.com/photo/3263992/,inferred
female/mideastern/pexels-arsham-haghani-3536991.jpg,pexels,3536991,https://www.pexels.com/photo/3536991/,inferred
female/mideastern/pexels-artem-podrez-5125221.jpg,pexels,5125221,https://www.pexels.com/photo/5125221/,inferred
female/mideastern/pexels-bharat-kumar-2055033.jpg,pexels,2055033,https://www.pexels.com/photo/2055033/,inferred
female/mideastern/pexels-bran-sodre-1852345.jpg,pexels,1852345,https://www.pexels.com/photo/1852345/,inferred
female/mideastern/pexels-engin-akyurt-3168993.jpg,pexels,3168993,https://www.pexels.com/photo/3168993/,inferred
female/mideastern/pexels-fauzan-ahmad-muzakky-2698444.jpg,pexels,2698444,https://www.pexels.com/photo/2698444/,inferred
female/mideastern/pexels-fotografierende-1793059.jpg,pexels,1793059,https://www.pexels.com/photo/1793059/,inferred
female/mideastern/pexels-italo-melo-1786258.jpg,pexels,1786258,https://www.pexels.com/photo/1786258/,inferred
female/mideastern/pexels-lucas-macario-1891709.jpg,pexels,1891709,https://www.pexels.com/photo/1891709/,inferred
female/mideastern/pexels-marlon-alves-3935356.jpg,pexels,3935356,https://www.pexels.com/photo/3935356/,inferred
female/mideastern/pexels-matheus-henrin-2071150.jpg,pexels,2071150,https://www.pexels.com/photo/2071150/,inferred
female/mideastern/pexels-mohamed-abdelgaffar-1684304.jpg,pexels,1684304,https://www.pexels.com/photo/1684304/,inferred
female/mideastern/pexels-mohamed-abdelgaffar-1698731.jpg,pexels,1698731,https://www.pexels.com/photo/1698731/,inferred
female/mideastern/pexels-mohamed-abdelgaffar-764529.jpg,pexels,764529,https://www.pexels.com/photo/764529/,inferred
female/mideastern/pexels-pixabay-35551.jpg,pexels,35551,https://www.pexels.com/photo/35551/,inferred
female/mideastern/pexels-ricael-sousa-1837158.jpg,pexels,1837158,https://www.pexels.com/photo/1837158/,inferred
female/mideastern/pexels-rodnae-productions-4911079.jpg,pexels,4911079,https://www.pexels.com/photo/4911079/,inferred
female/mideastern/pexels-samad-ismayilov-735552.jpg,pexels,735552,https://www.pexels.com/photo/735552/,inferred
female/mideastern/pexels-samad-ismayilov-786858.jpg,pexels,786858,https://www.pexels.com/photo/786858/,inferred
female/mideastern/pexels-the-lazy-artist-gallery-1149840.jpg,pexels,1149840,https://www.pexels.com/photo/1149840/,inferred
female/mideastern/pexels-toni-ph-2040376.jpg,pexels,2040376,https://www.pexels.com/photo/2040376/,inferred
female/mideastern/pexels-wesley-rocha-3797438.jpg,pexels,3797438,https://www.pexels.com/photo/3797438/,inferred
female/mideastern/photography-4403690_1920.jpg,pixabay,4403690,https://pixabay.com/photos/photography-4403690_1920/,inferred
female/mideastern/portrait-2650253_1920.jpg,pixabay,2650253,https://pixabay.com/photos/portrait-2650253_1920/,inferred
female/mideastern/portrait-5554731_1920.jpg,pixabay,5554731,https://pixabay.com/photos/portrait-5554731_1920/,inferred
female/mideastern/pratik-gupta--LXaJgKwxzs-unsplash.jpg,unsplash,-LXaJgKwxzs,https://unsplash.com/photos/-LXaJgKwxzs,inferred
female/mideastern/qasim-sadiq-A4FN0SPut6w-unsplash.jpg,unsplash,A4FN0SPut6w,https://unsplash.com/photos/A4FN0SPut6w,inferred
female/mideastern/raamin-ka-4eOyl_iUQB8-unsplash.jpg,unsplash,4eOyl_iUQB8,https://unsplash.com/photos/4eOyl_iUQB8,inferred
female/mideastern/raamin-ka-4lQmQ_DBbNc-unsplash.jpg,unsplash,4lQmQ_DBbNc,https://unsplash.com/photos/4lQmQ_DBbNc,inferred
female/mideastern/raamin-ka-FfZRzlmFsvY-unsplash.jpg,unsplash,FfZRzlmFsvY,https://unsplash.com/photos/FfZRzlmFsvY,inferred
female/mideastern/raamin-ka-hdra4gfbznU-unsplash.jpg,unsplash,hdra4gfbznU,https://unsplash.com/photos/hdra4gfbznU,inferred
female/mideastern/ronny-sison-7eDUHk7Jb_o-unsplash.jpg,unsplash,7eDUHk7Jb_o,https://unsplash.com/photos/7eDUHk7Jb_o,inferred
female/mideastern/s-jDpjN4U5mxE-unsplash - ╕▒▒╛.jpg,unsplash,jDpjN4U5mxE,https://unsplash.com/photos/jDpjN4U5mxE,inferred-via-duplicate
female/mideastern/s-jDpjN4U5mxE-unsplash.jpg,unsplash,jDpjN4U5mxE,https://unsplash.com/photos/jDpjN4U5mxE,inferred
female/mideastern/sandeep-swarnkar-o2Bl6Y9hPos-unsplash.jpg,unsplash,o2Bl6Y9hPos,https://unsplash.com/photos/o2Bl6Y9hPos,inferred
female/mideastern/sayan-ghosh-ZRVmiVKFMDs-unsplash.jpg,unsplash,ZRVmiVKFMDs,https://unsplash.com/photos/ZRVmiVKFMDs,inferred
female/mideastern/shahin-khalaji-Fwp2mRiD7N4-unsplash.jpg,unsplash,Fwp2mRiD7N4,https://unsplash.com/photos/Fwp2mRiD7N4,inferred
female/mideastern/shalom-de-leon-QsqKwK09TUI-unsplash.jpg,unsplash,QsqKwK09TUI,https://unsplash.com/photos/QsqKwK09TUI,inferred
female/mideastern/siddharth-salve-66R_Ji_rKd4-unsplash.jpg,unsplash,66R_Ji_rKd4,https://unsplash.com/photos/66R_Ji_rKd4,inferred
female/mideastern/smile-2504329_1920.jpg,pixabay,2504329,https://pixabay.com/photos/smile-2504329_1920/,inferred
female/mideastern/sour-moha-Uxo2j3rJq5Y-unsplash.jpg,unsplash,Uxo2j3rJq5Y,https://unsplash.com/photos/Uxo2j3rJq5Y,inferred
female/mideastern/the-creative-exchange-UhpAf0ySwuk-unsplash - ╕▒▒╛.jpg,unsplash,UhpAf0ySwuk,https://unsplash.com/photos/UhpAf0ySwuk,inferred-via-duplicate
female/mideastern/the-creative-exchange-UhpAf0ySwuk-unsplash.jpg,unsplash,UhpAf0ySwuk,https://unsplash.com/photos/UhpAf0ySwuk,inferred
female/mideastern/the-model-shows-makeup-4600504_1920.jpg,pixabay,4600504,https://pixabay.com/photos/the-model-shows-makeup-4600504_1920/,inferred
female/mideastern/tyler-nix-aSIw_EnF71g-unsplash.jpg,unsplash,aSIw_EnF71g,https://unsplash.com/photos/aSIw_EnF71g,inferred
female/mideastern/wall-3449760_1920.jpg,pixabay,3449760,https://pixabay.com/photos/wall-3449760_1920/,inferred
female/mideastern/warrior-1240995_1920.jpg,pixabay,1240995,https://pixabay.com/photos/warrior-1240995_1920/,inferred
female/mideastern/wesley-tingey-oeEqKb7gTrk-unsplash.jpg,unsplash,oeEqKb7gTrk,https://unsplash.com/photos/oeEqKb7gTrk,inferred
female/mideastern/woman-1284347_1920.jpg,pixabay,1284347,https://pixabay.com/photos/woman-1284347_1920/,inferred
female/mideastern/woman-1462682_1920.jpg,pixabay,1462682,https://pixabay.com/photos/woman-1462682_1920/,inferred
female/mideastern/woman-1584341_1280.jpg,pixabay,1584341,https://pixabay.com/photos/woman-1584341_1280/,inferred
female/mideastern/woman-2465429_1920.jpg,pixabay,2465429,https://pixabay.com/photos/woman-2465429_1920/,inferred
female/mideastern/woman-2542252_1920.jpg,pixabay,2542252,https://pixabay.com/photos/woman-2542252_1920/,inferred
female/mideastern/woman-3182019_1920.jpg,pixabay,3182019,https://pixabay.com/photos/woman-3182019_1920/,inferred
female/mideastern/woman-3950652_1920.jpg,pixabay,3950652,https://pixabay.com/photos/woman-3950652_1920/,inferred
female/mideastern/yogendra-singh-AlpBsZF_uXM-unsplash.jpg,unsplash,AlpBsZF_uXM,https://unsplash.com/photos/AlpBsZF_uXM,inferred
male/asian/125.jpg,unknown,,,unknown
male/asian/134.jpg,unknown,,,unknown
male/asian/137.jpg,unknown,,,unknown
male/asian/141.jpg,unknown,,,unknown
male/asian/alexandre-debieve-xbeKrAgzGhQ-unsplash.jpg,unsplash,xbeKrAgzGhQ,https://unsplash.com/photos/xbeKrAgzGhQ,inferred
male/asian/ali-yahya-155huuQwGvA-unsplash.jpg,unsplash,155huuQwGvA,https://unsplash.com/photos/155huuQwGvA,inferred
male/asian/angelo-abear-XDevBdyfMD8-unsplash.jpg,unsplash,XDevBdyfMD8,https://unsplash.com/photos/XDevBdyfMD8,inferred
male/asian/aryo-lahap-ZVc4Zg4TY8s-unsplash.jpg,unsplash,ZVc4Zg4TY8s,https://unsplash.com/photos/ZVc4Zg4TY8s,inferred
male/asian/aserusainhuu-veaARmpXY88-unsplash.jpg,unsplash,veaARmpXY88,https://unsplash.com/photos/veaARmpXY88,inferred
male/asian/ash-edmonds-AxtUIbOIPBE-unsplash.jpg,unsplash,AxtUIbOIPBE,https://unsplash.com/photos/AxtUIbOIPBE,inferred
male/asian/bibek-thakuri-J_9xThkkGEM-unsplash.jpg,unsplash,J_9xThkkGEM,https://unsplash.com/photos/J_9xThkkGEM,inferred
male/asian/billow-926-7j50lTjDc9o-unsplash.jpg,unsplash,7j50lTjDc9o,https://unsplash.com/photos/7j50lTjDc9o,inferred
male/asian/boy-4393262_1920.jpg,pixabay,4393262,https://pixabay.com/photos/boy-4393262_1920/,inferred
male/asian/boy-4445663_1920.jpg,pixabay,4445663,https://pixabay.com/photos/boy-4445663_1920/,inferred
male/asian/boy-4746524_1920.jpg,pixabay,4746524,https://pixabay.com/photos/boy-4746524_1920/,inferred
male/asian/boy-4754320_1920.jpg,pixabay,4754320,https://pixabay.com/photos/boy-4754320_1920/,inferred
male/asian/brendan-hollis-00pYNLXfhFI-unsplash.jpg,unsplash,00pYNLXfhFI,https://unsplash.com/photos/00pYNLXfhFI,inferred
male/asian/bride-5867605_1920.jpg,pixabay,5867605,https://pixabay.com/photos/bride-5867605_1920/,inferred
male/asian/bridgette-chen-unyQ2AkhKgM-unsplash.jpg,unsplash,unyQ2AkhKgM,https://unsplash.com/photos/unyQ2AkhKgM,inferred
male/asian/businessman-1247947_1920.jpg,pixabay,1247947,https://pixabay.com/photos/businessman-1247947_1920/,inferred
male/asian/campus-2787759_1920.jpg,pixabay,2787759,https://pixabay.com/photos/campus-2787759_1920/,inferred
male/asian/capturing-the-human-heart-i9uIhSlOWYc-unsplash.jpg,unsplash,i9uIhSlOWYc,https://unsplash.com/photos/i9uIhSlOWYc,inferred
male/asian/career-451281_1920.jpg,pixabay,451281,https://pixabay.com/photos/career-451281_1920/,inferred
male/asian/chander-mohan-9zaQ3PjrvxA-unsplash.jpg,unsplash,9zaQ3PjrvxA,https://unsplash.com/photos/9zaQ3PjrvxA,inferred
male/asian/chelms-varthoumlien-yok4LRlBEEI-unsplash.jpg,unsplash,yok4LRlBEEI,https://unsplash.com/photos/yok4LRlBEEI,inferred
male/asian/chris-hardy-SS0PaWpkm8w-unsplash.jpg,unsplash,SS0PaWpkm8w,https://unsplash.com/photos/SS0PaWpkm8w,inferred
male/asian/christian-senan-BN2VEGCf140-unsplash.jpg,unsplash,BN2VEGCf140,https://unsplash.com/photos/BN2VEGCf140,inferred
male/asian/christian-senan-KW4JsQp8zGU-unsplash.jpg,unsplash,KW4JsQp8zGU,https://unsplash.com/photos/KW4JsQp8zGU,inferred
male/asian/commercial-3264998_1920.jpg,pixabay,3264998,https://pixabay.com/photos/commercial-3264998_1920/,inferred
male/asian/credit-card-1599787_1920.jpg,pixabay,1599787,https://pixabay.com/photos/credit-card-1599787_1920/,inferred
male/asian/dale-alejandro-QbCiAUrFjag-unsplash.jpg,unsplash,QbCiAUrFjag,https://unsplash.com/photos/QbCiAUrFjag,inferred
male/asian/dale-alejandro-RYrMPoxzaZ0-unsplash.jpg,unsplash,RYrMPoxzaZ0,https://unsplash.com/photos/RYrMPoxzaZ0,inferred
male/asian/darshan-patel-QJEVpydulGs-unsplash.jpg,unsplash,QJEVpydulGs,https://unsplash.com/photos/QJEVpydulGs,inferred
male/asian/dev-asangbam-Ox_mKPMBpTw-unsplash.jpg,unsplash,Ox_mKPMBpTw,https://unsplash.com/photos/Ox_mKPMBpTw,inferred
male/asian/dhimas-arya-ROuU8ayA8_w-unsplash.jpg,unsplash,ROuU8ayA8_w,https://unsplash.com/photos/ROuU8ayA8_w,inferred
male/asian/doil-oh-v15GcVql4CM-unsplash.jpg,unsplash,v15GcVql4CM,https://unsplash.com/photos/v15GcVql4CM,inferred
male/asian/dominic-blignaut-VZgm7GtN-cU-unsplash.jpg,unsplash,VZgm7GtN-cU,https://unsplash.com/photos/VZgm7GtN-cU,inferred
male/asian/emir-taner-bTe1h3b8Ncc-unsplash.jpg,unsplash,bTe1h3b8Ncc,https://unsplash.com/photos/bTe1h3b8Ncc,inferred
male/asian/face-1223346_1920.jpg,pixabay,1223346,https://pixabay.com/photos/face-1223346_1920/,inferred
male/asian/face-1391628_1920.jpg,pixabay,1391628,https://pixabay.com/photos/face-1391628_1920/,inferred
male/asian/fahmi-anwar-dBtBDtiM780-unsplash.jpg,unsplash,dBtBDtiM780,https://unsplash.com/photos/dBtBDtiM780,inferred
male/asian/farhan-shaikh-iylgKUdIljc-unsplash.jpg,unsplash,iylgKUdIljc,https://unsplash.com/photos/iylgKUdIljc,inferred
male/asian/fikran-jabbart-dZ6SQ0d-IVc-unsplash.jpg,unsplash,dZ6SQ0d-IVc,https://unsplash.com/photos/dZ6SQ0d-IVc,inferred
male/asian/filipe-almeida-mnEWC72eWDM-unsplash.jpg,unsplash,mnEWC72eWDM,https://unsplash.com/photos/mnEWC72eWDM,inferred
male/asian/g_2.jpg,unknown,,,unknown
male/asian/gabriel-tovar-E6gYWTFDsQI-unsplash.jpg,unsplash,E6gYWTFDsQI,https://unsplash.com/photos/E6gYWTFDsQI,inferred
male/asian/gabriel-tovar-RDf0qh6VvQ0-unsplash.jpg,unsplash,RDf0qh6VvQ0,https://unsplash.com/photos/RDf0qh6VvQ0,inferred
male/asian/gabriel-tovar-xF6HoP2oy74-unsplash.jpg,unsplash,xF6HoP2oy74,https://unsplash.com/photos/xF6HoP2oy74,inferred
male/asian/george-rinon-rJSfWc6qSI8-unsplash.jpg,unsplash,rJSfWc6qSI8,https://unsplash.com/photos/rJSfWc6qSI8,inferred
male/asian/groom-1731035_1920.jpg,pixabay,1731035,https://pixabay.com/photos/groom-1731035_1920/,inferred
male/asian/guy1.jpg,unknown,,,unknown
male/asian/guy13.jpg,pixabay,1391628,https://pixabay.com/photos/face-1391628_1920/,inferred-via-duplicate
male/asian/guy4.jpg,unsplash,iFgRcqHznqg,https://unsplash.com/photos/iFgRcqHznqg,inferred-via-duplicate
male/asian/ha-nguy-n-CelYET8aK68-unsplash.jpg,unsplash,CelYET8aK68,https://unsplash.com/photos/CelYET8aK68,inferred
male/asian/ha-nguy-n-OFSQ6bHjFjs-unsplash.jpg,unsplash,OFSQ6bHjFjs,https://unsplash.com/photos/OFSQ6bHjFjs,inferred
male/asian/handsome-guy-5891610_1920.jpg,pixabay,5891610,https://pixabay.com/photos/handsome-guy-5891610_1920/,inferred
male/asian/herbal-medicine-1182254_1920.jpg,pixabay,1182254,https://pixabay.com/photos/herbal-medicine-1182254_1920/,inferred
male/asian/human-2538246_1920.jpg,pixabay,2538246,https://pixabay.com/photos/human-2538246_1920/,inferred
male/asian/huy-le-XibZiVSku68-unsplash.jpg,unsplash,XibZiVSku68,https://unsplash.com/photos/XibZiVSku68,inferred
male/asian/ibuki-tsubo-xQOy5w4waCk-unsplash.jpg,unsplash,xQOy5w4waCk,https://unsplash.com/photos/xQOy5w4waCk,inferred
male/asian/igor-figueredo-WZhygX_blqg-unsplash.jpg,unsplash,WZhygX_blqg,https://unsplash.com/photos/WZhygX_blqg,inferred
male/asian/imansyah-muhamad-putera-KchIV_GDy6U-unsplash.jpg,unsplash,KchIV_GDy6U,https://unsplash.com/photos/KchIV_GDy6U,inferred
male/asian/imansyah-muhamad-putera-n4KewLKFOZw-unsplash.jpg,unsplash,n4KewLKFOZw,https://unsplash.com/photos/n4KewLKFOZw,inferred
male/asian/ivan-c-fajardo-qDfKLhq3q5I-unsplash.jpg,unsplash,qDfKLhq3q5I,https://unsplash.com/photos/qDfKLhq3q5I,inferred
male/asian/jassir-jonis-dS6a-NAqbII-unsplash.jpg,unsplash,dS6a-NAqbII,https://unsplash.com/photos/dS6a-NAqbII,inferred
male/asian/jeff-tumale-C_JB2G5mSYQ-unsplash.jpg,unsplash,C_JB2G5mSYQ,https://unsplash.com/photos/C_JB2G5mSYQ,inferred
male/asian/jiangxulei1990-U3G3ed8-BT4-unsplash.jpg,unsplash,U3G3ed8-BT4,https://unsplash.com/photos/U3G3ed8-BT4,inferred
male/asian/joseph-gonzalez-iFgRcqHznqg-unsplash.jpg,unsplash,iFgRcqHznqg,https://unsplash.com/photos/iFgRcqHznqg,inferred
male/asian/juan-encalada-WC7KIHo13Fc-unsplash.jpg,unsplash,WC7KIHo13Fc,https://unsplash.com/photos/WC7KIHo13Fc,inferred
male/asian/kahar-erbol-ifl-af6d_0c-unsplash.jpg,unsplash,ifl-af6d_0c,https://unsplash.com/photos/ifl-af6d_0c,inferred
male/asian/kaylyn-mok-VoO6z6Ffx0I-unsplash.jpg,unsplash,VoO6z6Ffx0I,https://unsplash.com/photos/VoO6z6Ffx0I,inferred
male/asian/landovan-4aSkbR8Kdwk-unsplash.jpg,unsplash,4aSkbR8Kdwk,https://unsplash.com/photos/4aSkbR8Kdwk,inferred
male/asian/lars-zhang-Emvn9asFvPw-unsplash.jpg,unsplash,Emvn9asFvPw,https://unsplash.com/photos/Emvn9asFvPw,inferred
male/asian/lars-zhang-jVmrOAO4hZ0-unsplash.jpg,unsplash,jVmrOAO4hZ0,https://unsplash.com/photos/jVmrOAO4hZ0,inferred
male/asian/leo-sagala-ImCWS7xydLY-unsplash.jpg,unsplash,ImCWS7xydLY,https://unsplash.com/photos/ImCWS7xydLY,inferred
male/asian/lex-faure-u4yvBG2wU30-unsplash.jpg,unsplash,u4yvBG2wU30,https://unsplash.com/photos/u4yvBG2wU30,inferred
male/asian/liam-martens-W3ANdzEvdZE-unsplash.jpg,unsplash,W3ANdzEvdZE,https://unsplash.com/photos/W3ANdzEvdZE,inferred
male/asian/long-truong-kVNadxWFsGM-unsplash.jpg,unsplash,kVNadxWFsGM,https://unsplash.com/photos/kVNadxWFsGM,inferred
male/asian/man-2702805_1920.jpg,pixabay,2702805,https://pixabay.com/photos/man-2702805_1920/,inferred
male/asian/man-537136_1920.jpg,pixabay,537136,https://pixabay.com/photos/man-537136_1920/,inferred
male/asian/mark-decile-6K_081J_d5A-unsplash.jpg,unsplash,6K_081J_d5A,https://unsplash.com/photos/6K_081J_d5A,inferred
male/asian/marsha-dhita-uHIN59WI_zc-unsplash.jpg,unsplash,uHIN59WI_zc,https://unsplash.com/photos/uHIN59WI_zc,inferred
male/asian/mason-wilkes-TMgQMXoglsM-unsplash.jpg,unsplash,TMgQMXoglsM,https://unsplash.com/photos/TMgQMXoglsM,inferred
male/asian/mathieu-neuilly-BTBAoU_taRU-unsplash.jpg,unsplash,BTBAoU_taRU,https://unsplash.com/photos/BTBAoU_taRU,inferred
male/asian/md-duran-CY6HTDht5FI-unsplash.jpg,unsplash,CY6HTDht5FI,https://unsplash.com/photos/CY6HTDht5FI,inferred
male/asian/model-2911332_1920.jpg,pixabay,2911332,https://pixabay.com/photos/model-2911332_1920/,inferred
male/asian/model-2911363_1920.jpg,pixabay,2911363,https://pixabay.com/photos/model-2911363_1920/,inferred
male/asian/monk-186094_1920.jpg,pixabay,186094,https://pixabay.com/photos/monk-186094_1920/,inferred
male/asian/nathan-dumlao-woZEuvPV3to-unsplash.jpg,unsplash,woZEuvPV3to,https://unsplash.com/photos/woZEuvPV3to,inferred
male/asian/national-cancer-institute-kooSjlL8LnQ-unsplash.jpg,unsplash,kooSjlL8LnQ,https://unsplash.com/photos/kooSjlL8LnQ,inferred
male/asian/niklas-veenhuis-wMlBf99Uyss-unsplash.jpg,unsplash,wMlBf99Uyss,https://unsplash.com/photos/wMlBf99Uyss,inferred
male/asian/old-man-971889_1920.jpg,pixabay,971889,https://pixabay.com/photos/old-man-971889_1920/,inferred
male/asian/parents-2305916_1920.jpg,pixabay,2305916,https://pixabay.com/photos/parents-2305916_1920/,inferred
male/asian/people-1731137_1920.jpg,pixabay,1731137,https://pixabay.com/photos/people-1731137_1920/,inferred
male/asian/pexels-andrea-piacquadio-3761521.jpg,pexels,3761521,https://www.pexels.com/photo/3761521/,inferred
male/asian/pexels-ba-phi-1182128.jpg,pexels,1182128,https://www.pexels.com/photo/1182128/,inferred
male/asian/pexels-ba-phi-1339536.jpg,pexels,1339536,https://www.pexels.com/photo/1339536/,inferred
male/asian/pexels-ba-phi-1752126.jpg,pexels,1752126,https://www.pexels.com/photo/1752126/,inferred
male/asian/pexels-chevanon-photography-2421934.jpg,pexels,2421934,https://www.pexels.com/photo/2421934/,inferred
male/asian/pexels-cottonbro-5319510.jpg,pexels,5319510,https://www.pexels.com/photo/5319510/,inferred
male/asian/pexels-cottonbro-5529905.jpg,pexels,5529905,https://www.pexels.com/photo/5529905/,inferred
male/asian/pexels-cottonbro-5532846.jpg,pexels,5532846,https://www.pexels.com/photo/5532846/,inferred
male/asian/pexels-david-yu-3136182.jpg,pexels,3136182,https://www.pexels.com/photo/3136182/,inferred
male/asian/pexels-dellon-thomas-3674248.jpg,pexels,3674248,https://www.pexels.com/photo/3674248/,inferred
male/asian/pexels-gabby-k-5384445.jpg,pexels,5384445,https://www.pexels.com/photo/5384445/,inferred
male/asian/pexels-gatot-adri-2693621.jpg,pexels,2693621,https://www.pexels.com/photo/2693621/,inferred
male/asian/pexels-gaurav-ranjitkar-4095473.jpg,pexels,4095473,https://www.pexels.com/photo/4095473/,inferred
male/asian/pexels-griffin-wooldridge-3970083.jpg,pexels,3970083,https://www.pexels.com/photo/3970083/,inferred
male/asian/pexels-gustav-lundborg-2007119.jpg,pexels,2007119,https://www.pexels.com/photo/2007119/,inferred
male/asian/pexels-hoang-gia-huy-6465256.jpg,pexels,6465256,https://www.pexels.com/photo/6465256/,inferred
male/asian/pexels-jameson-mallari-atenta-2872703.jpg,pexels,2872703,https://www.pexels.com/photo/2872703/,inferred
male/asian/pexels-jameson-mallari-atenta-3008355.jpg,pexels,3008355,https://www.pexels.com/photo/3008355/,inferred
male/asian/pexels-jermaine-ulinwa-3289153.jpg,pexels,3289153,https://www.pexels.com/photo/3289153/,inferred
male/asian/pexels-joen-nguyen-2599510.jpg,pexels,2599510,https://www.pexels.com/photo/2599510/,inferred
male/asian/pexels-juan-n-gomez-2589650.jpg,pexels,2589650,https://www.pexels.com/photo/2589650/,inferred
male/asian/pexels-kaniseeyapose-2751061.jpg,pexels,2751061,https://www.pexels.com/photo/2751061/,inferred
male/asian/pexels-ketut-subiyanto-4473405.jpg,pexels,4473405,https://www.pexels.com/photo/4473405/,inferred
male/asian/pexels-luc-marshall-1671396.jpg,pexels,1671396,https://www.pexels.com/photo/1671396/,inferred
male/asian/pexels-luthfi-ramaditya-1747178.jpg,pexels,1747178,https://www.pexels.com/photo/1747178/,inferred
male/asian/pexels-min-an-1153351.jpg,pexels,1153351,https://www.pexels.com/photo/1153351/,inferred
male/asian/pexels-min-an-1157461.jpg,pexels,1157461,https://www.pexels.com/photo/1157461/,inferred
male/asian/pexels-min-an-751204.jpg,pexels,751204,https://www.pexels.com/photo/751204/,inferred
male/asian/pexels-min-an-752802.jpg,pexels,752802,https://www.pexels.com/photo/752802/,inferred
male/asian/pexels-min-an-898768.jpg,pexels,898768,https://www.pexels.com/photo/898768/,inferred
male/asian/pexels-min-an-991217.jpg,pexels,991217,https://www.pexels.com/photo/991217/,inferred
male/asian/pexels-padli-pradana-3751857.jpg,pexels,3751857,https://www.pexels.com/photo/3751857/,inferred
male/asian/pexels-raul-reynoso-1578531.jpg,pexels,1578531,https://www.pexels.com/photo/1578531/,inferred
male/asian/pexels-satyabrata-das-6605720.jpg,pexels,6605720,https://www.pexels.com/photo/6605720/,inferred
male/asian/pexels-saul-joseph-2846602.jpg,pexels,2846602,https://www.pexels.com/photo/2846602/,inferred
male/asian/pexels-sigit-hidayat-1767557.jpg,pexels,1767557,https://www.pexels.com/photo/1767557/,inferred
male/asian/pexels-streetwindy-4055355.jpg,pexels,4055355,https://www.pexels.com/photo/4055355/,inferred
male/asian/pexels-sultan-raimosan-6125903.jpg,pexels,6125903,https://www.pexels.com/photo/6125903/,inferred
male/asian/pexels-zorro-zombie-1261998.jpg,pexels,1261998,https://www.pexels.com/photo/1261998/,inferred
male/asian/portrait-3756873_1920.jpg,pixabay,3756873,https://pixabay.com/photos/portrait-3756873_1920/,inferred
male/asian/raphiell-alfaridzy-ME-7JcPzt80-unsplash.jpg,unsplash,ME-7JcPzt80,https://unsplash.com/photos/ME-7JcPzt80,inferred
male/asian/raphiell-alfaridzy-jagYILIMvxw-unsplash.jpg,unsplash,jagYILIMvxw,https://unsplash.com/photos/jagYILIMvxw,inferred
male/asian/sane-sodbayar-KhrbDMmnF8I-unsplash.jpg,unsplash,KhrbDMmnF8I,https://unsplash.com/photos/KhrbDMmnF8I,inferred
male/asian/sane-sodbayar-Pew-AwCKoZU-unsplash.jpg,unsplash,Pew-AwCKoZU,https://unsplash.com/photos/Pew-AwCKoZU,inferred
male/asian/sarad-shrestha-i1okjBPfPlY-unsplash.jpg,unsplash,i1okjBPfPlY,https://unsplash.com/photos/i1okjBPfPlY,inferred
male/asian/simon-marsault-ZNaL-IDTbZc-unsplash.jpg,unsplash,ZNaL-IDTbZc,https://unsplash.com/photos/ZNaL-IDTbZc,inferred
male/asian/sport-1815798_1920.jpg,pixabay,1815798,https://pixabay.com/photos/sport-1815798_1920/,inferred
male/asian/stand-alone-1686740_1920.jpg,pixabay,1686740,https://pixabay.com/photos/stand-alone-1686740_1920/,inferred
male/asian/staring-3547110_1920.jpg,pixabay,3547110,https://pixabay.com/photos/staring-3547110_1920/,inferred
male/asian/stephanie-nakagawa-ADSKIn0ScDg-unsplash.jpg,unsplash,ADSKIn0ScDg,https://unsplash.com/photos/ADSKIn0ScDg,inferred
male/asian/sung-wang-g4DgCF90EM4-unsplash.jpg,unsplash,g4DgCF90EM4,https://unsplash.com/photos/g4DgCF90EM4,inferred
male/asian/tanjir-ahmed-chowdhury-rXyJjeDdWVk-unsplash.jpg,unsplash,rXyJjeDdWVk,https://unsplash.com/photos/rXyJjeDdWVk,inferred
male/asian/teeth-977208_1920.jpg,pixabay,977208,https://pixabay.com/photos/teeth-977208_1920/,inferred
male/asian/thabang-madnsela-nwYas4Usbac-unsplash.jpg,unsplash,nwYas4Usbac,https://unsplash.com/photos/nwYas4Usbac,inferred
male/asian/the-landscape-3245475_1920.jpg,pixabay,3245475,https://pixabay.com/photos/the-landscape-3245475_1920/,inferred
male/asian/tran-thanh-uOyRSCT0O10-unsplash.jpg,unsplash,uOyRSCT0O10,https://unsplash.com/photos/uOyRSCT0O10,inferred
male/asian/wells-chan-SDZvNIBjkx0-unsplash.jpg,unsplash,SDZvNIBjkx0,https://unsplash.com/photos/SDZvNIBjkx0,inferred
male/asian/xu-duo-gobC9sSIXc4-unsplash.jpg,unsplash,gobC9sSIXc4,https://unsplash.com/photos/gobC9sSIXc4,inferred
male/asian/yang-deng-C4bZ_42MAYA-unsplash.jpg,unsplash,C4bZ_42MAYA,https://unsplash.com/photos/C4bZ_42MAYA,inferred
male/black/114.jpg,unknown,,,unknown
male/black/124.jpg,unknown,,,unknown
male/black/african-american-1436661_1920.jpg,pixabay,1436661,https://pixabay.com/photos/african-american-1436661_1920/,inferred
male/black/african-american-2751286_1920.jpg,pixabay,2751286,https://pixabay.com/photos/african-american-2751286_1920/,inferred
male/black/alekon-pictures-iaoYtl50cVk-unsplash.jpg,unsplash,iaoYtl50cVk,https://unsplash.com/photos/iaoYtl50cVk,inferred
male/black/alekzan-powell-5t5krHi1LQ8-unsplash.jpg,unsplash,5t5krHi1LQ8,https://unsplash.com/photos/5t5krHi1LQ8,inferred
male/black/alex-robinson-AGr13YPOPqw-unsplash.jpg,unsplash,AGr13YPOPqw,https://unsplash.com/photos/AGr13YPOPqw,inferred
male/black/alex-ware-Paf7eZ_DD9A-unsplash.jpg,unsplash,Paf7eZ_DD9A,https://unsplash.com/photos/Paf7eZ_DD9A,inferred
male/black/alieza-rizvie-RhYNbSQlxSY-unsplash.jpg,unsplash,RhYNbSQlxSY,https://unsplash.com/photos/RhYNbSQlxSY,inferred
male/black/angry-boy-3740043_1920.jpg,pixabay,3740043,https://pixabay.com/photos/angry-boy-3740043_1920/,inferred
male/black/annie-spratt-QdK6aujOLYs-unsplash.jpg,unsplash,QdK6aujOLYs,https://unsplash.com/photos/QdK6aujOLYs,inferred
male/black/awab-husameldin-4CxTSNe_8Qk-unsplash.jpg,unsplash,4CxTSNe_8Qk,https://unsplash.com/photos/4CxTSNe_8Qk,inferred
male/black/beard-1834429_1920.jpg,pixabay,1834429,https://pixabay.com/photos/beard-1834429_1920/,inferred
male/black/belinda-fewings-ci0IbJuBsfg-unsplash.jpg,unsplash,ci0IbJuBsfg,https://unsplash.com/photos/ci0IbJuBsfg,inferred
male/black/black-man-4699505_1920.jpg,pixabay,4699505,https://pixabay.com/photos/black-man-4699505_1920/,inferred
male/black/black-professional-4334648_1920.jpg,pixabay,4334648,https://pixabay.com/photos/black-professional-4334648_1920/,inferred
male/black/brian-lundquist-3_WZlLre0rY-unsplash.jpg,unsplash,3_WZlLre0rY,https://unsplash.com/photos/3_WZlLre0rY,inferred
male/black/brian-lundquist-8KRgRFWUwws-unsplash.jpg,unsplash,8KRgRFWUwws,https://unsplash.com/photos/8KRgRFWUwws,inferred
male/black/brian-lundquist-bf6ZtR545rU-unsplash.jpg,unsplash,bf6ZtR545rU,https://unsplash.com/photos/bf6ZtR545rU,inferred
male/black/brian-lundquist-oqfSpGiS42w-unsplash.jpg,unsplash,oqfSpGiS42w,https://unsplash.com/photos/oqfSpGiS42w,inferred
male/black/britain-eriksen-Qz_xqGsshWU-unsplash.jpg,unsplash,Qz_xqGsshWU,https://unsplash.com/photos/Qz_xqGsshWU,inferred
male/black/brock-wegner-obKMefpXRE4-unsplash.jpg,unsplash,obKMefpXRE4,https://unsplash.com/photos/obKMefpXRE4,inferred
male/black/charisse-kenion-Na2b9JIVsIU-unsplash.jpg,unsplash,Na2b9JIVsIU,https://unsplash.com/photos/Na2b9JIVsIU,inferred
male/black/charles-etoroma-95UF6LXe-Lo-unsplash.jpg,unsplash,95UF6LXe-Lo,https://unsplash.com/photos/95UF6LXe-Lo,inferred
male/black/christian-lunde-v-dd__G7g7k-unsplash.jpg,unsplash,v-dd__G7g7k,https://unsplash.com/photos/v-dd__G7g7k,inferred
male/black/clem-onojeghuo-1qyw0De2XC8-unsplash.jpg,unsplash,1qyw0De2XC8,https://unsplash.com/photos/1qyw0De2XC8,inferred
male/black/clem-onojeghuo-9y8HtS6Voi0-unsplash.jpg,unsplash,9y8HtS6Voi0,https://unsplash.com/photos/9y8HtS6Voi0,inferred
male/black/clem-onojeghuo-f1_w7Wrnabg-unsplash.jpg,unsplash,f1_w7Wrnabg,https://unsplash.com/photos/f1_w7Wrnabg,inferred
male/black/close-up-1868524_1920.jpg,pixabay,1868524,https://pixabay.com/photos/close-up-1868524_1920/,inferred
male/black/curtis-powell-3mMvCsW6ZYs-unsplash.jpg,unsplash,3mMvCsW6ZYs,https://unsplash.com/photos/3mMvCsW6ZYs,inferred
male/black/danny-protas-FK_07CcGRwY-unsplash.jpg,unsplash,FK_07CcGRwY,https://unsplash.com/photos/FK_07CcGRwY,inferred
male/black/david-rotimi-6hGIMs-TOYU-unsplash.jpg,unsplash,6hGIMs-TOYU,https://unsplash.com/photos/6hGIMs-TOYU,inferred
male/black/david-todd-mccarty-NXlQ2PnzMGg-unsplash.jpg,unsplash,NXlQ2PnzMGg,https://unsplash.com/photos/NXlQ2PnzMGg,inferred
male/black/demorris-byrd-ORLHeCxK3xA-unsplash.jpg,unsplash,ORLHeCxK3xA,https://unsplash.com/photos/ORLHeCxK3xA,inferred
male/black/divine-effiong-_e8yPP3C9n0-unsplash.jpg,unsplash,_e8yPP3C9n0,https://unsplash.com/photos/_e8yPP3C9n0,inferred
male/black/dominique-jordan-JSRmthCownc-unsplash.jpg,unsplash,JSRmthCownc,https://unsplash.com/photos/JSRmthCownc,inferred
male/black/dominique-jordan-cYgNxkwCEoI-unsplash.jpg,unsplash,cYgNxkwCEoI,https://unsplash.com/photos/cYgNxkwCEoI,inferred
male/black/dorrell-tibbs-GntSiIMHyVM-unsplash.jpg,unsplash,GntSiIMHyVM,https://unsplash.com/photos/GntSiIMHyVM,inferred
male/black/dorrell-tibbs-gisFZKWpKQ4-unsplash.jpg,unsplash,gisFZKWpKQ4,https://unsplash.com/photos/gisFZKWpKQ4,inferred
male/black/ebuka-nwaju-erV_cqnFrOM-unsplash.jpg,unsplash,erV_cqnFrOM,https://unsplash.com/photos/erV_cqnFrOM,inferred
male/black/elizeu-dias-2EGNqazbAMk-unsplash.jpg,unsplash,2EGNqazbAMk,https://unsplash.com/photos/2EGNqazbAMk,inferred
male/black/esteban-castle-FULkoZ989E4-unsplash.jpg,unsplash,FULkoZ989E4,https://unsplash.com/photos/FULkoZ989E4,inferred
male/black/filipp-romanovskij-H4q-AEA02rY-unsplash.jpg,unsplash,H4q-AEA02rY,https://unsplash.com/photos/H4q-AEA02rY,inferred
male/black/fitness-465202_1920.jpg,pixabay,465202,https://pixabay.com/photos/fitness-465202_1920/,inferred
male/black/gift-habeshaw-KBv5dEN3QtY-unsplash(1).jpg,unsplash,KBv5dEN3QtY,https://unsplash.com/photos/KBv5dEN3QtY,inferred
male/black/gift-habeshaw-KBv5dEN3QtY-unsplash(2).jpg,unsplash,KBv5dEN3QtY,https://unsplash.com/photos/KBv5dEN3QtY,inferred
male/black/guy-615808_1920.jpg,pixabay,615808,https://pixabay.com/photos/guy-615808_1920/,inferred
male/black/guy11.jpg,pixabay,465202,https://pixabay.com/photos/fitness-465202_1920/,inferred-via-duplicate
male/black/guy6.jpg,pixabay,1436661,https://pixabay.com/photos/african-american-1436661_1920/,inferred-via-duplicate
male/black/humphrey-muleba-72QxUqXuXz8-unsplash.jpg,unsplash,72QxUqXuXz8,https://unsplash.com/photos/72QxUqXuXz8,inferred
male/black/hunter-newton-7eTWaJ4Ex8I-unsplash.jpg,unsplash,7eTWaJ4Ex8I,https://unsplash.com/photos/7eTWaJ4Ex8I,inferred
male/black/jassir-jonis-QWa0TIUW638-unsplash.jpg,unsplash,QWa0TIUW638,https://unsplash.com/photos/QWa0TIUW638,inferred
male/black/jay-mullings-DXlXiFDNPRs-unsplash.jpg,unsplash,DXlXiFDNPRs,https://unsplash.com/photos/DXlXiFDNPRs,inferred
male/black/joshua-rodriguez-3H4PToAVncA-unsplash.jpg,unsplash,3H4PToAVncA,https://unsplash.com/photos/3H4PToAVncA,inferred
male/black/julian-myles-Izg_qfON0ao-unsplash.jpg,unsplash,Izg_qfON0ao,https://unsplash.com/photos/Izg_qfON0ao,inferred
male/black/kareem-hayes-R1t3IQhYTqE-unsplash.jpg,unsplash,R1t3IQhYTqE,https://unsplash.com/photos/R1t3IQhYTqE,inferred
male/black/karsten-winegeart-JfN0kpooAyw-unsplash.jpg,unsplash,JfN0kpooAyw,https://unsplash.com/photos/JfN0kpooAyw,inferred
male/black/karsten-winegeart-p5dIUQFbme4-unsplash.jpg,unsplash,p5dIUQFbme4,https://unsplash.com/photos/p5dIUQFbme4,inferred
male/black/karsten-winegeart-uvMNz3ZS8J0-unsplash.jpg,unsplash,uvMNz3ZS8J0,https://unsplash.com/photos/uvMNz3ZS8J0,inferred
male/black/keitravis-squire-0YgjYyptKlU-unsplash.jpg,unsplash,0YgjYyptKlU,https://unsplash.com/photos/0YgjYyptKlU,inferred
male/black/khloe-arledge-nGkC7RhVzGU-unsplash.jpg,unsplash,nGkC7RhVzGU,https://unsplash.com/photos/nGkC7RhVzGU,inferred
male/black/lari-avn-oZPHLlcyGb8-unsplash.jpg,unsplash,oZPHLlcyGb8,https://unsplash.com/photos/oZPHLlcyGb8,inferred
male/black/larry-crayton-Jt0fZKDmNFM-unsplash.jpg,unsplash,Jt0fZKDmNFM,https://unsplash.com/photos/Jt0fZKDmNFM,inferred
male/black/leilani-angel-K84vnnzxmTQ-unsplash.jpg,unsplash,K84vnnzxmTQ,https://unsplash.com/photos/K84vnnzxmTQ,inferred
male/black/look-4780865_1920.jpg,pixabay,4780865,https://pixabay.com/photos/look-4780865_1920/,inferred
male/black/luke-2373974_1920.jpg,pixabay,2373974,https://pixabay.com/photos/luke-2373974_1920/,inferred
male/black/maatla-seetelo-RdjeaWx3n70-unsplash.jpg,unsplash,RdjeaWx3n70,https://unsplash.com/photos/RdjeaWx3n70,inferred
male/black/male-1905388_1920.jpg,pixabay,1905388,https://pixabay.com/photos/male-1905388_1920/,inferred
male/black/male-4948673_1920.jpg,pixabay,4948673,https://pixabay.com/photos/male-4948673_1920/,inferred
male/black/man-2590836_1920.jpg,pixabay,2590836,https://pixabay.com/photos/man-2590836_1920/,inferred
male/black/man-2607437_1920.jpg,pixabay,2607437,https://pixabay.com/photos/man-2607437_1920/,inferred
male/black/man-4345079_1920.jpg,pixabay,4345079,https://pixabay.com/photos/man-4345079_1920/,inferred
male/black/man-4539035_1920.jpg,pixabay,4539035,https://pixabay.com/photos/man-4539035_1920/,inferred
male/black/man-4568762_1920.jpg,pixabay,4568762,https://pixabay.com/photos/man-4568762_1920/,inferred
male/black/man-5937492_1920.jpg,pixabay,5937492,https://pixabay.com/photos/man-5937492_1920/,inferred
male/black/man-984217_1920.jpg,pixabay,984217,https://pixabay.com/photos/man-984217_1920/,inferred
male/black/manny-moreno-ajhtGO4Cs7g-unsplash.jpg,unsplash,ajhtGO4Cs7g,https://unsplash.com/photos/ajhtGO4Cs7g,inferred
male/black/marie-michele-bouchard-bEZQWH49daU-unsplash.jpg,unsplash,bEZQWH49daU,https://unsplash.com/photos/bEZQWH49daU,inferred
male/black/mbusowethu-radebe-CS2uCrpNzJY-unsplash.jpg,unsplash,CS2uCrpNzJY,https://unsplash.com/photos/CS2uCrpNzJY,inferred
male/black/melodie-descoubes-o6siGr9lrwM-unsplash.jpg,unsplash,o6siGr9lrwM,https://unsplash.com/photos/o6siGr9lrwM,inferred
male/black/mohammad-faruque-SpIKPT8zeAs-unsplash.jpg,unsplash,SpIKPT8zeAs,https://unsplash.com/photos/SpIKPT8zeAs,inferred
male/black/morgan-vander-hart-GVB-E8mr4Xk-unsplash.jpg,unsplash,GVB-E8mr4Xk,https://unsplash.com/photos/GVB-E8mr4Xk,inferred
male/black/mubarak-show-Ve7xjKImd28-unsplash.jpg,unsplash,Ve7xjKImd28,https://unsplash.com/photos/Ve7xjKImd28,inferred
male/black/nico-marks-mFcc5b_t74Q-unsplash.jpg,unsplash,mFcc5b_t74Q,https://unsplash.com/photos/mFcc5b_t74Q,inferred
male/black/oladimeji-odunsi-g8bZKBcGnaU-unsplash.jpg,unsplash,g8bZKBcGnaU,https://unsplash.com/photos/g8bZKBcGnaU,inferred
male/black/osheen-turnbull-sU0IT6W8KaU-unsplash.jpg,unsplash,sU0IT6W8KaU,https://unsplash.com/photos/sU0IT6W8KaU,inferred
male/black/payton-tuttle-n_RdRxH_7h4-unspla.jpg,unknown,,,unknown
male/black/people-3247352_1920.jpg,pixabay,3247352,https://pixabay.com/photos/people-3247352_1920/,inferred
male/black/person-801789_1920.jpg,pixabay,801789,https://pixabay.com/photos/person-801789_1920/,inferred
male/black/pexels-alex-green-5699771.jpg,pexels,5699771,https://www.pexels.com/photo/5699771/,inferred
male/black/pexels-areous-ahmad-2122949.jpg,pexels,2122949,https://www.pexels.com/photo/2122949/,inferred
male/black/pexels-bestbe-models-2282520.jpg,pexels,2282520,https://www.pexels.com/photo/2282520/,inferred
male/black/pexels-blac-bear-3805873.jpg,pexels,3805873,https://www.pexels.com/photo/3805873/,inferred
male/black/pexels-c-technical-6612112.jpg,pexels,6612112,https://www.pexels.com/photo/6612112/,inferred
male/black/pexels-cottonbro-6616672.jpg,pexels,6616672,https://www.pexels.com/photo/6616672/,inferred
male/black/pexels-cottonbro-6616674.jpg,pexels,6616674,https://www.pexels.com/photo/6616674/,inferred
male/black/pexels-cottonbro-6626360.jpg,pexels,6626360,https://www.pexels.com/photo/6626360/,inferred
male/black/pexels-cottonbro-6626903.jpg,pexels,6626903,https://www.pexels.com/photo/6626903/,inferred
male/black/pexels-dellon-thomas-1405963.jpg,pexels,1405963,https://www.pexels.com/photo/1405963/,inferred
male/black/pexels-dellon-thomas-2474307.jpg,pexels,2474307,https://www.pexels.com/photo/2474307/,inferred
male/black/pexels-george-ikwegbu-2379429.jpg,pexels,2379429,https://www.pexels.com/photo/2379429/,inferred
male/black/pexels-jan-valle-4061161.jpg,pexels,4061161,https://www.pexels.com/photo/4061161/,inferred
male/black/pexels-kampus-production-5940858.jpg,pexels,5940858,https://www.pexels.com/photo/5940858/,inferred
male/black/pexels-katerina-holmes-5905497.jpg,pexels,5905497,https://www.pexels.com/photo/5905497/,inferred
male/black/pexels-kenex-media-sa-6573686.jpg,pexels,6573686,https://www.pexels.com/photo/6573686/,inferred
male/black/pexels-kyle-woods-4022812.jpg,pexels,4022812,https://www.pexels.com/photo/4022812/,inferred
male/black/pexels-luiz-fernando-3021593.jpg,pexels,3021593,https://www.pexels.com/photo/3021593/,inferred
male/black/pexels-macharia-edson-2914149.jpg,pexels,2914149,https://www.pexels.com/photo/2914149/,inferred
male/black/pexels-marcelo-chagas-2121531.jpg,pexels,2121531,https://www.pexels.com/photo/2121531/,inferred
male/black/pexels-marcelo-chagas-2291012.jpg,pexels,2291012,https://www.pexels.com/photo/2291012/,inferred
male/black/pexels-moh-mckenzie-3597035.jpg,pexels,3597035,https://www.pexels.com/photo/3597035/,inferred
male/black/pexels-mwabonje-2096476.jpg,pexels,2096476,https://www.pexels.com/photo/2096476/,inferred
male/black/pexels-nappy-935969.jpg,pexels,935969,https://www.pexels.com/photo/935969/,inferred
male/black/pexels-nappy-936117.jpg,pexels,936117,https://www.pexels.com/photo/936117/,inferred
male/black/pexels-nappy-936119.jpg,pexels,936119,https://www.pexels.com/photo/936119/,inferred
male/black/pexels-natasha-lois-4689910.jpg,pexels,4689910,https://www.pexels.com/photo/4689910/,inferred
male/black/pexels-nesto-1676213.jpg,pexels,1676213,https://www.pexels.com/photo/1676213/,inferred
male/black/pexels-oladimeji-ajegbile-2650090.jpg,pexels,2650090,https://www.pexels.com/photo/2650090/,inferred
male/black/pexels-ono-kosuki-5648108.jpg,pexels,5648108,https://www.pexels.com/photo/5648108/,inferred
male/black/pexels-rafael-freire-5714735.jpg,pexels,5714735,https://www.pexels.com/photo/5714735/,inferred
male/black/pexels-rodney-gainous-jr-2719416.jpg,pexels,2719416,https://www.pexels.com/photo/2719416/,inferred
male/black/pexels-ryutaro-tsukata-6249088.jpg,pexels,6249088,https://www.pexels.com/photo/6249088/,inferred
male/black/pexels-spencer-selover-428333.jpg,pexels,428333,https://www.pexels.com/photo/428333/,inferred
male/black/pexels-teddy-joseph-2955375.jpg,pexels,2955375,https://www.pexels.com/photo/2955375/,inferred
male/black/pexels-tom-leishman-5255326.jpg,pexels,5255326,https://www.pexels.com/photo/5255326/,inferred
male/black/pexels-zack-jarosz-2024901.jpg,pexels,2024901,https://www.pexels.com/photo/2024901/,inferred
male/black/philip-martin-5aGUyCW_PJw-unsplash.jpg,unsplash,5aGUyCW_PJw,https://unsplash.com/photos/5aGUyCW_PJw,inferred
male/black/portrait-3275985_1920.jpg,pixabay,3275985,https://pixabay.com/photos/portrait-3275985_1920/,inferred
male/black/prince-akachi-4Yv84VgQkRM-unsplash.jpg,unsplash,4Yv84VgQkRM,https://unsplash.com/photos/4Yv84VgQkRM,inferred
male/black/prince-akachi-s6tVlDVKz38-unsplash.jpg,unsplash,s6tVlDVKz38,https://unsplash.com/photos/s6tVlDVKz38,inferred
male/black/raphael-nast-x1od0bnYmIw-unsplash.jpg,unsplash,x1od0bnYmIw,https://unsplash.com/photos/x1od0bnYmIw,inferred
male/black/rui-silvestre-hAMJpesMeDE-unsplash.jpg,unsplash,hAMJpesMeDE,https://unsplash.com/photos/hAMJpesMeDE,inferred
male/black/samuel-aboh-NGVBWmvmSHI-unsplash.jpg,unsplash,NGVBWmvmSHI,https://unsplash.com/photos/NGVBWmvmSHI,inferred
male/black/seni-oremodu-A7UFsx5NZMY-unsplash.jpg,unsplash,A7UFsx5NZMY,https://unsplash.com/photos/A7UFsx5NZMY,inferred
male/black/sexy-man-3414909_1920.jpg,pixabay,3414909,https://pixabay.com/photos/sexy-man-3414909_1920/,inferred
male/black/smiling-businessman-4455090_1920.jpg,pixabay,4455090,https://pixabay.com/photos/smiling-businessman-4455090_1920/,inferred
male/black/steven-jones-JSXZnudXhXk-unsplash.jpg,unsplash,JSXZnudXhXk,https://unsplash.com/photos/JSXZnudXhXk,inferred
male/black/steward-masweneng-IvaGYGAX3jI-unsplash.jpg,unsplash,IvaGYGAX3jI,https://unsplash.com/photos/IvaGYGAX3jI,inferred
male/black/streegar-bORAYzcoJ8A-unsplash.jpg,unsplash,bORAYzcoJ8A,https://unsplash.com/photos/bORAYzcoJ8A,inferred
male/black/sudanese-2895751_1920.jpg,pixabay,2895751,https://pixabay.com/photos/sudanese-2895751_1920/,inferred
male/black/tanaka-pendeke-iHfBBeiAVCE-unsplash.jpg,unsplash,iHfBBeiAVCE,https://unsplash.com/photos/iHfBBeiAVCE,inferred
male/black/taylor-wright-XLqe-qr2OK8-unsplash.jpg,unsplash,XLqe-qr2OK8,https://unsplash.com/photos/XLqe-qr2OK8,inferred
male/black/temitope-olukayode-bNl3lzD0LpU-unsplash.jpg,unsplash,bNl3lzD0LpU,https://unsplash.com/photos/bNl3lzD0LpU,inferred
male/black/timothy-barlin-2BJwlRZaR5M-unsplash.jpg,unsplash,2BJwlRZaR5M,https://unsplash.com/photos/2BJwlRZaR5M,inferred
male/black/tobi-oshinnaike-Z7MKNGFnbOw-unsplash.jpg,unsplash,Z7MKNGFnbOw,https://unsplash.com/photos/Z7MKNGFnbOw,inferred
male/black/tobias-nii-kwatei-quartey-RVa0FzYg9WE-unsplash.jpg,unsplash,RVa0FzYg9WE,https://unsplash.com/photos/RVa0FzYg9WE,inferred
male/black/wilfried-vowoto-QlRYZr7CNxg-unsplash.jpg,unsplash,QlRYZr7CNxg,https://unsplash.com/photos/QlRYZr7CNxg,inferred
male/black/young-man-3366016_1920.jpg,pixabay,3366016,https://pixabay.com/photos/young-man-3366016_1920/,inferred
male/black/zach-vessels-5ia9JBnlLp0-unsplash(1).jpg,unsplash,5ia9JBnlLp0,https://unsplash.com/photos/5ia9JBnlLp0,inferred
male/black/zach-vessels-s6JfKHyLKDw-unsplash.jpg,unsplash,s6JfKHyLKDw,https://unsplash.com/photos/s6JfKHyLKDw,inferred
male/caucasian/0.png,unknown,,,unknown
male/caucasian/111.jpg,unknown,,,unknown
male/caucasian/113.jpg,unknown,,,unknown
male/caucasian/117.jpg,unknown,,,unknown
male/caucasian/119.jpg,unknown,,,unknown
male/caucasian/120.jpg,unknown,,,unknown
male/caucasian/122.jpg,unknown,,,unknown
male/caucasian/126.jpg,unknown,,,unknown
male/caucasian/127.jpg,unknown,,,unknown
male/caucasian/130.jpg,unknown,,,unknown
male/caucasian/133.jpg,unknown,,,unknown
male/caucasian/136.jpg,unknown,,,unknown
male/caucasian/138.jpg,pixabay,3566903,https://pixabay.com/photos/boy-3566903_1920/,inferred-via-duplicate
male/caucasian/140.jpg,unknown,,,unknown
male/caucasian/142.jpg,unknown,,,unknown
male/caucasian/143.jpg,unknown,,,unknown
male/caucasian/aiony-haust-ybd0faxFuHE-unsplash.jpg,unsplash,ybd0faxFuHE,https://unsplash.com/photos/ybd0faxFuHE,inferred
male/caucasian/aldo-delara-3_Si7AS2iA4-unsplash.jpg,unsplash,3_Si7AS2iA4,https://unsplash.com/photos/3_Si7AS2iA4,inferred
male/caucasian/alex-brisbey-1tVmD_KJZxo-unsplash.jpg,unsplash,1tVmD_KJZxo,https://unsplash.com/photos/1tVmD_KJZxo,inferred
male/caucasian/alex-sheldon-j1WRSUj5QI0-unsplash.jpg,unsplash,j1WRSUj5QI0,https://unsplash.com/photos/j1WRSUj5QI0,inferred
male/caucasian/alex_rainer-O4f4caX_H3g-unsplash.jpg,unsplash,O4f4caX_H3g,https://unsplash.com/photos/O4f4caX_H3g,inferred
male/caucasian/alexander-jawfox-BdfMdaTWGLU-unsplash.jpg,unsplash,BdfMdaTWGLU,https://unsplash.com/photos/BdfMdaTWGLU,inferred
male/caucasian/alfred-kenneally-JwzpdmSYIDc-unsplash.jpg,unsplash,JwzpdmSYIDc,https://unsplash.com/photos/JwzpdmSYIDc,inferred
male/caucasian/ali-morshedlou-WMD64tMfc4k-unsplash.jpg,unsplash,WMD64tMfc4k,https://unsplash.com/photos/WMD64tMfc4k,inferred
male/caucasian/alyssa-graham-Rg0ul-v4d0A-unsplash.jpg,unsplash,Rg0ul-v4d0A,https://unsplash.com/photos/Rg0ul-v4d0A,inferred
male/caucasian/anastasia-vityukova-0jSd5XW58Ak-unsplash.jpg,unsplash,0jSd5XW58Ak,https://unsplash.com/photos/0jSd5XW58Ak,inferred
male/caucasian/andre-sebastian-C2Nf5iPOnz0-unsplash.jpg,unsplash,C2Nf5iPOnz0,https://unsplash.com/photos/C2Nf5iPOnz0,inferred
male/caucasian/andreea-pop-bTVliFTsdHI-unsplash.jpg,unsplash,bTVliFTsdHI,https://unsplash.com/photos/bTVliFTsdHI,inferred
male/caucasian/andrew-lancaster--rRZ_vlrawE-unsplash.jpg,unsplash,-rRZ_vlrawE,https://unsplash.com/photos/-rRZ_vlrawE,inferred
male/caucasian/andriyko-podilnyk-S8ufy2IyFnM-unsplash.jpg,unsplash,S8ufy2IyFnM,https://unsplash.com/photos/S8ufy2IyFnM,inferred
male/caucasian/angelika-agibalova-06Bl5S7tySM-unsplash.jpg,unsplash,06Bl5S7tySM,https://unsplash.com/photos/06Bl5S7tySM,inferred
male/caucasian/angelo-abear-l1AXPSU_W9M-unsplash.jpg,unsplash,l1AXPSU_W9M,https://unsplash.com/photos/l1AXPSU_W9M,inferred
male/caucasian/application-1934972_1920.jpg,pixabay,1934972,https://pixabay.com/photos/application-1934972_1920/,inferred
male/caucasian/artemy-pyankov-rshCkwcpZXw-unsplash.jpg,unsplash,rshCkwcpZXw,https://unsplash.com/photos/rshCkwcpZXw,inferred
male/caucasian/ashkan-forouzani-ldkvWj0lrqk-unsplash.jpg,unsplash,ldkvWj0lrqk,https://unsplash.com/photos/ldkvWj0lrqk,inferred
male/caucasian/augustin-de-montesquiou-neVX_NUKeLQ-unsplash.jpg,unsplash,neVX_NUKeLQ,https://unsplash.com/photos/neVX_NUKeLQ,inferred
male/caucasian/austin-distel-7bMdiIqz_J4-unsplash.jpg,unsplash,7bMdiIqz_J4,https://unsplash.com/photos/7bMdiIqz_J4,inferred
male/caucasian/austin-human-Ec7cHN7ofi0-unsplash.jpg,unsplash,Ec7cHN7ofi0,https://unsplash.com/photos/Ec7cHN7ofi0,inferred
male/caucasian/austin-wade-X6Uj51n5CE8-unsplash.jpg,unsplash,X6Uj51n5CE8,https://unsplash.com/photos/X6Uj51n5CE8,inferred
male/caucasian/bannon-morrissy-RxiAV5LC-ww-unsplash.jpg,unsplash,RxiAV5LC-ww,https://unsplash.com/photos/RxiAV5LC-ww,inferred
male/caucasian/bantersnaps-mtsb-bCvrBY-unsplash.jpg,unsplash,mtsb-bCvrBY,https://unsplash.com/photos/mtsb-bCvrBY,inferred
male/caucasian/beard-1845166_1920.jpg,pixabay,1845166,https://pixabay.com/photos/beard-1845166_1920/,inferred
male/caucasian/beard-4136705_1920.jpg,pixabay,4136705,https://pixabay.com/photos/beard-4136705_1920/,inferred
male/caucasian/beard-4205158_1920.jpg,pixabay,4205158,https://pixabay.com/photos/beard-4205158_1920/,inferred
male/caucasian/beautiful-3027662_1920.jpg,pixabay,3027662,https://pixabay.com/photos/beautiful-3027662_1920/,inferred
male/caucasian/benjamin-klaver-9oZc8FXHVAQ-unsplash.jpg,unsplash,9oZc8FXHVAQ,https://unsplash.com/photos/9oZc8FXHVAQ,inferred
male/caucasian/big-dodzy-MxXdQOvU6ic-unsplash.jpg,unsplash,MxXdQOvU6ic,https://unsplash.com/photos/MxXdQOvU6ic,inferred
male/caucasian/black-2178681_1920.jpg,pixabay,2178681,https://pixabay.com/photos/black-2178681_1920/,inferred
male/caucasian/black-and-white-4387130_1920.jpg,pixabay,4387130,https://pixabay.com/photos/black-and-white-4387130_1920/,inferred
male/caucasian/boy-1185446_1920.jpg,pixabay,1185446,https://pixabay.com/photos/boy-1185446_1920/,inferred
male/caucasian/boy-2145113_1920.jpg,pixabay,2145113,https://pixabay.com/photos/boy-2145113_1920/,inferred
male/caucasian/boy-2301660_1920.jpg,pixabay,2301660,https://pixabay.com/photos/boy-2301660_1920/,inferred
male/caucasian/boy-2420289_1920.jpg,pixabay,2420289,https://pixabay.com/photos/boy-2420289_1920/,inferred
male/caucasian/boy-2691494_1920.jpg,pixabay,2691494,https://pixabay.com/photos/boy-2691494_1920/,inferred
male/caucasian/boy-2736655_1920.jpg,pixabay,2736655,https://pixabay.com/photos/boy-2736655_1920/,inferred
male/caucasian/boy-3008920_1920.jpg,pixabay,3008920,https://pixabay.com/photos/boy-3008920_1920/,inferred
male/caucasian/boy-3028416_1920.jpg,pixabay,3028416,https://pixabay.com/photos/boy-3028416_1920/,inferred
male/caucasian/boy-3562120_1920.jpg,pixabay,3562120,https://pixabay.com/photos/boy-3562120_1920/,inferred
male/caucasian/boy-3566903_1920.jpg,pixabay,3566903,https://pixabay.com/photos/boy-3566903_1920/,inferred
male/caucasian/boy-508524_1920.jpg,pixabay,508524,https://pixabay.com/photos/boy-508524_1920/,inferred
male/caucasian/brazil-1368806_1920.jpg,pixabay,1368806,https://pixabay.com/photos/brazil-1368806_1920/,inferred
male/caucasian/brendan-hollis-A6Bv1AD8F5U-unsplash.jpg,unsplash,A6Bv1AD8F5U,https://unsplash.com/photos/A6Bv1AD8F5U,inferred
male/caucasian/brett-952579_1920.jpg,pixabay,952579,https://pixabay.com/photos/brett-952579_1920/,inferred
male/caucasian/brittany-bendabout-dxSOJGYFJ6Y-unsplash.jpg,unsplash,dxSOJGYFJ6Y,https://unsplash.com/photos/dxSOJGYFJ6Y,inferred
male/caucasian/bruno-bucar-BGcjf5DzK_8-unsplash.jpg,unsplash,BGcjf5DzK_8,https://unsplash.com/photos/BGcjf5DzK_8,inferred
male/caucasian/business-1323472_1920.jpg,pixabay,1323472,https://pixabay.com/photos/business-1323472_1920/,inferred
male/caucasian/cade-renfroe-V0U3m342g1Y-unsplash.jpg,unsplash,V0U3m342g1Y,https://unsplash.com/photos/V0U3m342g1Y,inferred
male/caucasian/carlos-andres-gomez-GpxY8FOpPGg-unsplash.jpg,unsplash,GpxY8FOpPGg,https://unsplash.com/photos/GpxY8FOpPGg,inferred
male/caucasian/carlos-macias-UWRTZRwPLyg-unsplash.jpg,unsplash,UWRTZRwPLyg,https://unsplash.com/photos/UWRTZRwPLyg,inferred
male/caucasian/chalo-garcia-2mWKL_I70qk-unsplash.jpg,unsplash,2mWKL_I70qk,https://unsplash.com/photos/2mWKL_I70qk,inferred
male/caucasian/charisse-kenion-bYxVLLifeIc-unsplash.jpg,unsplash,bYxVLLifeIc,https://unsplash.com/photos/bYxVLLifeIc,inferred
male/caucasian/charles-buchler-C6-GjBAOtZc-unsplash.jpg,unsplash,C6-GjBAOtZc,https://unsplash.com/photos/C6-GjBAOtZc,inferred
male/caucasian/chase-jiggliemon-wilson-tu_uBj2_oTQ-unsplash.jpg,unsplash,tu_uBj2_oTQ,https://unsplash.com/photos/tu_uBj2_oTQ,inferred
male/caucasian/christian-buehner-rzXvU-H0u6U-unsplash.jpg,unsplash,rzXvU-H0u6U,https://unsplash.com/photos/rzXvU-H0u6U,inferred
male/caucasian/christopher-campbell-hWMEo_qqz5M-unsplash.jpg,unsplash,hWMEo_qqz5M,https://unsplash.com/photos/hWMEo_qqz5M,inferred
male/caucasian/christopher-campbell-i4OHxtxiMtk-unsplash.jpg,unsplash,i4OHxtxiMtk,https://unsplash.com/photos/i4OHxtxiMtk,inferred
male/caucasian/christopher-campbell-jxWFbUqNEOM-unsplash.jpg,unsplash,jxWFbUqNEOM,https://unsplash.com/photos/jxWFbUqNEOM,inferred
male/caucasian/cleyton-ewerton-U_z1WoDoISA-unsplash.jpg,unsplash,U_z1WoDoISA,https://unsplash.com/photos/U_z1WoDoISA,inferred
male/caucasian/clint-mckoy-_J2JFRHLijI-unsplash.jpg,unsplash,_J2JFRHLijI,https://unsplash.com/photos/_J2JFRHLijI,inferred
male/caucasian/cobro-vfidsFiK-lM-unsplash.jpg,unsplash,vfidsFiK-lM,https://unsplash.com/photos/vfidsFiK-lM,inferred
male/caucasian/cody-chan-TeAj27VRKzg-unsplash.jpg,unsplash,TeAj27VRKzg,https://unsplash.com/photos/TeAj27VRKzg,inferred
male/caucasian/coney-island-4488742_1920.jpg,pixabay,4488742,https://pixabay.com/photos/coney-island-4488742_1920/,inferred
male/caucasian/conor-sexton-BBhY-e1XsT0-unsplash.jpg,unsplash,BBhY-e1XsT0,https://unsplash.com/photos/BBhY-e1XsT0,inferred
male/caucasian/couple-1719683_1920.jpg,pixabay,1719683,https://pixabay.com/photos/couple-1719683_1920/,inferred
male/caucasian/cowboy-67630_1920.jpg,pixabay,67630,https://pixabay.com/photos/cowboy-67630_1920/,inferred
male/caucasian/creating-a-brand-qF-W8_oNHzE-unsplash.jpg,unsplash,qF-W8_oNHzE,https://unsplash.com/photos/qF-W8_oNHzE,inferred
male/caucasian/creating-a-brand-xcQWU0Eff-U-unsplash.jpg,unsplash,xcQWU0Eff-U,https://unsplash.com/photos/xcQWU0Eff-U,inferred
male/caucasian/damir-spanic-I4EV0N4kpCU-unsplash.jpg,unsplash,I4EV0N4kpCU,https://unsplash.com/photos/I4EV0N4kpCU,inferred
male/caucasian/damir-spanic-rHDK3UU7HUw-unsplash.jpg,unsplash,rHDK3UU7HUw,https://unsplash.com/photos/rHDK3UU7HUw,inferred
male/caucasian/dane-wetton-vzticETKMYU-unsplash.jpg,unsplash,vzticETKMYU,https://unsplash.com/photos/vzticETKMYU,inferred
male/caucasian/dane-wetton-vzticETKMYU-unsplash1.jpg,unsplash,vzticETKMYU,https://unsplash.com/photos/vzticETKMYU,inferred-via-duplicate
male/caucasian/daniel-lincoln--zhQtP1eUdE-unsplash.jpg,unsplash,-zhQtP1eUdE,https://unsplash.com/photos/-zhQtP1eUdE,inferred
male/caucasian/daniel-logchies-N_ugHGVjIbc-unsplash.jpg,unsplash,N_ugHGVjIbc,https://unsplash.com/photos/N_ugHGVjIbc,inferred
male/caucasian/daniil-onischenko-_J2fMaieLSM-unsplash.jpg,unsplash,_J2fMaieLSM,https://unsplash.com/photos/_J2fMaieLSM,inferred
male/caucasian/derek-owens-YCbJCM249KE-unsplash.jpg,unsplash,YCbJCM249KE,https://unsplash.com/photos/YCbJCM249KE,inferred
male/caucasian/derick-mckinney-243Q39DzM3M-unsplash.jpg,unsplash,243Q39DzM3M,https://unsplash.com/photos/243Q39DzM3M,inferred
male/caucasian/derick-mckinney-bBuUjB98PPY-unsplash.jpg,unsplash,bBuUjB98PPY,https://unsplash.com/photos/bBuUjB98PPY,inferred
male/caucasian/derick-mckinney-eyFbjKWlR2g-unsplash.jpg,unsplash,eyFbjKWlR2g,https://unsplash.com/photos/eyFbjKWlR2g,inferred
male/caucasian/diego-sanchez--1cYDFE5-Lo-unsplash.jpg,unsplash,-1cYDFE5-Lo,https://unsplash.com/photos/-1cYDFE5-Lo,inferred
male/caucasian/dima-dallacqua-4c23dXiYPhc-unsplash.jpg,unsplash,4c23dXiYPhc,https://unsplash.com/photos/4c23dXiYPhc,inferred
male/caucasian/dima-dallacqua-NzBr-Vy_e8M-unsplash.jpg,unsplash,NzBr-Vy_e8M,https://unsplash.com/photos/NzBr-Vy_e8M,inferred
male/caucasian/dmitry-vechorko-E9PFbdhZmus-unsplash.jpg,unsplash,E9PFbdhZmus,https://unsplash.com/photos/E9PFbdhZmus,inferred
male/caucasian/dubai-1972702_1920.jpg,pixabay,1972702,https://pixabay.com/photos/dubai-1972702_1920/,inferred
male/caucasian/duman-photography-GvvtE31b0JI-unsplash.jpg,unsplash,GvvtE31b0JI,https://unsplash.com/photos/GvvtE31b0JI,inferred
male/caucasian/edwin-ashitendoh-Ss9zJmj4G70-unsplash.jpg,unsplash,Ss9zJmj4G70,https://unsplash.com/photos/Ss9zJmj4G70,inferred
male/caucasian/elijah-hiett-m7bRe_XS7BY-unsplash.jpg,unsplash,m7bRe_XS7BY,https://unsplash.com/photos/m7bRe_XS7BY,inferred
male/caucasian/elijah-hiett-vAVGdV1oklQ-unsplash.jpg,unsplash,vAVGdV1oklQ,https://unsplash.com/photos/vAVGdV1oklQ,inferred
male/caucasian/elizeu-dias-BiwrbstAhOI-unsplash.jpg,unsplash,BiwrbstAhOI,https://unsplash.com/photos/BiwrbstAhOI,inferred
male/caucasian/elvis-ray-tbSiO437eDY-unsplash.jpg,unsplash,tbSiO437eDY,https://unsplash.com/photos/tbSiO437eDY,inferred
male/caucasian/emiliano-vittoriosi-fIM5oAdHAxE-unsplash.jpg,unsplash,fIM5oAdHAxE,https://unsplash.com/photos/fIM5oAdHAxE,inferred
male/caucasian/emrecan-arik-apJKb2Js_Vg-unsplash.jpg,unsplash,apJKb2Js_Vg,https://unsplash.com/photos/apJKb2Js_Vg,inferred
male/caucasian/entrepreneurship-3498256_1920.jpg,pixabay,3498256,https://pixabay.com/photos/entrepreneurship-3498256_1920/,inferred
male/caucasian/eric-karim-cornelis-b3oyT44E3LE-unsplash.jpg,unsplash,b3oyT44E3LE,https://unsplash.com/photos/b3oyT44E3LE,inferred
male/caucasian/erik-mclean-06vpBIHmiYc-unsplash.jpg,unsplash,06vpBIHmiYc,https://unsplash.com/photos/06vpBIHmiYc,inferred
male/caucasian/erik-mclean-8YbkDZwLx70-unsplash.jpg,unsplash,8YbkDZwLx70,https://unsplash.com/photos/8YbkDZwLx70,inferred
male/caucasian/erik-mclean-seybbgI9-4k-unsplash.jpg,unsplash,seybbgI9-4k,https://unsplash.com/photos/seybbgI9-4k,inferred
male/caucasian/esvan-UvgK58_MU9c-unsplash(1).jpg,unsplash,UvgK58_MU9c,https://unsplash.com/photos/UvgK58_MU9c,inferred
male/caucasian/fabio-henning-m6A7X_C8Jq4-unsplash.jpg,unsplash,m6A7X_C8Jq4,https://unsplash.com/photos/m6A7X_C8Jq4,inferred
male/caucasian/fabio-henning-vnTk1yaRgzg-unsplash.jpg,unsplash,vnTk1yaRgzg,https://unsplash.com/photos/vnTk1yaRgzg,inferred
male/caucasian/fabio-lucas-LFqkME0ZlY8-unsplash.jpg,unsplash,LFqkME0ZlY8,https://unsplash.com/photos/LFqkME0ZlY8,inferred
male/caucasian/fabio-scaletta-yhKc2M6Z500-unsplash.jpg,unsplash,yhKc2M6Z500,https://unsplash.com/photos/yhKc2M6Z500,inferred
male/caucasian/face-2171923_1920.jpg,pixabay,2171923,https://pixabay.com/photos/face-2171923_1920/,inferred
male/caucasian/fashion-1866574_1920.jpg,pixabay,1866574,https://pixabay.com/photos/fashion-1866574_1920/,inferred
male/caucasian/fashion-2082066_1920.jpg,pixabay,2082066,https://pixabay.com/photos/fashion-2082066_1920/,inferred
male/caucasian/felea-emanuel-Pv5y8bab5L4-unsplash.jpg,unsplash,Pv5y8bab5L4,https://unsplash.com/photos/Pv5y8bab5L4,inferred
male/caucasian/foto-sushi-6anudmpILw4-unsplash.jpg,unsplash,6anudmpILw4,https://unsplash.com/photos/6anudmpILw4,inferred
male/caucasian/g_11.jpg,unknown,,,unknown
male/caucasian/g_14.jpg,pixabay,1242018,https://pixabay.com/photos/man-1242018_1920/,inferred-via-duplicate
male/caucasian/g_3.jpg,unknown,,,unknown
male/caucasian/g_6.jpg,pixabay,700003,https://pixabay.com/photos/person-700003_1920/,inferred-via-duplicate
male/caucasian/g_8.jpg,unknown,,,unknown
male/caucasian/gabe-pierce-cZ_RjozBNPM-unsplash.jpg,unsplash,cZ_RjozBNPM,https://unsplash.com/photos/cZ_RjozBNPM,inferred
male/caucasian/georgy-trofimov-rowvvDUAs5M-unsplash.jpg,unsplash,rowvvDUAs5M,https://unsplash.com/photos/rowvvDUAs5M,inferred
male/caucasian/gregory-buzdyk-bdbC8RlXSUU-unsplash (1).jpg,unsplash,bdbC8RlXSUU,https://unsplash.com/photos/bdbC8RlXSUU,inferred
male/caucasian/guy-1079623_1920.jpg,pixabay,1079623,https://pixabay.com/photos/guy-1079623_1920/,inferred
male/caucasian/guy-1266366_1920.jpg,pixabay,1266366,https://pixabay.com/photos/guy-1266366_1920/,inferred
male/caucasian/guy-3608788_1920.jpg,pixabay,3608788,https://pixabay.com/photos/guy-3608788_1920/,inferred
male/caucasian/guy-4392888_1920.jpg,pixabay,4392888,https://pixabay.com/photos/guy-4392888_1920/,inferred
male/caucasian/guy-4478447_1920.jpg,pixabay,4478447,https://pixabay.com/photos/guy-4478447_1920/,inferred
male/caucasian/guy-4733624_1920.jpg,pixabay,4733624,https://pixabay.com/photos/guy-4733624_1920/,inferred
male/caucasian/guy-4733626_1920.jpg,pixabay,4733626,https://pixabay.com/photos/guy-4733626_1920/,inferred
male/caucasian/guy-5929422_1920.jpg,pixabay,5929422,https://pixabay.com/photos/guy-5929422_1920/,inferred
male/caucasian/guy-690653_640.jpg,pixabay,690653,https://pixabay.com/photos/guy-690653_640/,inferred
male/caucasian/guy12.jpg,pixabay,67467,https://pixabay.com/photos/man-67467_1920/,inferred-via-duplicate
male/caucasian/guy15.jpg,pixabay,962563,https://pixabay.com/photos/man-962563_1920/,inferred-via-duplicate
male/caucasian/guy2.jpg,pixabay,3518463,https://pixabay.com/photos/portrait-3518463_1920/,inferred-via-duplicate
male/caucasian/guy5.jpg,pixabay,1272106,https://pixabay.com/photos/young-man-1272106_1920/,inferred-via-duplicate
male/caucasian/guy9.jpg,unknown,,,unknown
male/caucasian/hamid-tajik-FjT7kFSFczs-unsplash(1).jpg,unsplash,FjT7kFSFczs,https://unsplash.com/photos/FjT7kFSFczs,inferred
male/caucasian/hamid-tajik-FjT7kFSFczs-unsplash.jpg,unsplash,FjT7kFSFczs,https://unsplash.com/photos/FjT7kFSFczs,inferred
male/caucasian/handsome-4133131_1920.jpg,pixabay,4133131,https://pixabay.com/photos/handsome-4133131_1920/,inferred
male/caucasian/happy-3004355_1920.jpg,pixabay,3004355,https://pixabay.com/photos/happy-3004355_1920/,inferred
male/caucasian/harishan-kobalasingam-8PMvB4VyVXA-unsplash.jpg,unsplash,8PMvB4VyVXA,https://unsplash.com/photos/8PMvB4VyVXA,inferred
male/caucasian/harry-cunningham-EPi3TRQc5Z0-unsplash.jpg,unsplash,EPi3TRQc5Z0,https://unsplash.com/photos/EPi3TRQc5Z0,inferred
male/caucasian/hashim-hadi-XLvLGDu_5wE-unsplash.jpg,unsplash,XLvLGDu_5wE,https://unsplash.com/photos/XLvLGDu_5wE,inferred
male/caucasian/headphones-4602763_1920.jpg,pixabay,4602763,https://pixabay.com/photos/headphones-4602763_1920/,inferred
male/caucasian/hean-prinsloo-OVfgeJIghbU-unsplash.jpg,unsplash,OVfgeJIghbU,https://unsplash.com/photos/OVfgeJIghbU,inferred
male/caucasian/hipster-358479_1920.jpg,pixabay,358479,https://pixabay.com/photos/hipster-358479_1920/,inferred
male/caucasian/human-3094550_1280.jpg,pixabay,3094550,https://pixabay.com/photos/human-3094550_1280/,inferred
male/caucasian/hunter-newton-WQEe4c757Gs-unsplash.jpg,unsplash,WQEe4c757Gs,https://unsplash.com/photos/WQEe4c757Gs,inferred
male/caucasian/ian-dooley-d1UPkiFd04A-unsplash.jpg,unsplash,d1UPkiFd04A,https://unsplash.com/photos/d1UPkiFd04A,inferred
male/caucasian/igor-stepanov-5uUPrmZgEYM-unsplash.jpg,unsplash,5uUPrmZgEYM,https://unsplash.com/photos/5uUPrmZgEYM,inferred
male/caucasian/ilya-shishikhin-2blzycUKsA0-unsplash.jpg,unsplash,2blzycUKsA0,https://unsplash.com/photos/2blzycUKsA0,inferred
male/caucasian/irene-strong-Y-AQ3mBVros-unsplash.jpg,unsplash,Y-AQ3mBVros,https://unsplash.com/photos/Y-AQ3mBVros,inferred
male/caucasian/irene-strong-v2aKnjMbP_k-unsplash.jpg,unsplash,v2aKnjMbP_k,https://unsplash.com/photos/v2aKnjMbP_k,inferred
male/caucasian/isaac-reynaldo-70BSk8hT52k-unsplash.jpg,unsplash,70BSk8hT52k,https://unsplash.com/photos/70BSk8hT52k,inferred
male/caucasian/isolated-4063379_1920.jpg,pixabay,4063379,https://pixabay.com/photos/isolated-4063379_1920/,inferred
male/caucasian/jackson-david-8q-EOrlhP8I-unsplash.jpg,unsplash,8q-EOrlhP8I,https://unsplash.com/photos/8q-EOrlhP8I,inferred
male/caucasian/jairph-qygkHfHMaBI-unsplash.jpg,unsplash,qygkHfHMaBI,https://unsplash.com/photos/qygkHfHMaBI,inferred
male/caucasian/jake-davies-nOxQW5SIx9c-unsplash.jpg,unsplash,nOxQW5SIx9c,https://unsplash.com/photos/nOxQW5SIx9c,inferred
male/caucasian/jake-nebov-aFNzgYOM560-unsplash.jpg,unsplash,aFNzgYOM560,https://unsplash.com/photos/aFNzgYOM560,inferred
male/caucasian/jake-oates-9gGTLP0QL1M-unsplash.jpg,unsplash,9gGTLP0QL1M,https://unsplash.com/photos/9gGTLP0QL1M,inferred
male/caucasian/jalen-terry-QmWqxITdWbI-unsplash.jpg,unsplash,QmWqxITdWbI,https://unsplash.com/photos/QmWqxITdWbI,inferred
male/caucasian/james-barr-4t3k6JjuPi4-unsplash.jpg,unsplash,4t3k6JjuPi4,https://unsplash.com/photos/4t3k6JjuPi4,inferred
male/caucasian/james-barr-G6ACpD4bPOw-unsplash(1).jpg,unsplash,G6ACpD4bPOw,https://unsplash.com/photos/G6ACpD4bPOw,inferred
male/caucasian/james-barr-G6ACpD4bPOw-unsplash.jpg,unsplash,G6ACpD4bPOw,https://unsplash.com/photos/G6ACpD4bPOw,inferred
male/caucasian/james-barr-_U7YytlNunM-unsplash.jpg,unsplash,_U7YytlNunM,https://unsplash.com/photos/_U7YytlNunM,inferred
male/caucasian/janko-ferlic-GWFffQS5eWU-unsplash.jpg,unsplash,GWFffQS5eWU,https://unsplash.com/photos/GWFffQS5eWU,inferred
male/caucasian/jarred-ray-Nskqh3dRzSQ-unsplash.jpg,unsplash,Nskqh3dRzSQ,https://unsplash.com/photos/Nskqh3dRzSQ,inferred
male/caucasian/jassir-jonis-Hr9BKfMF6QE-unsplash.jpg,unsplash,Hr9BKfMF6QE,https://unsplash.com/photos/Hr9BKfMF6QE,inferred
male/caucasian/jd-mason-13_7xGYBb7c-unsplash.jpg,unsplash,13_7xGYBb7c,https://unsplash.com/photos/13_7xGYBb7c,inferred
male/caucasian/jens-lindner-dP6g1YJWQcA-unsplash.jpg,unsplash,dP6g1YJWQcA,https://unsplash.com/photos/dP6g1YJWQcA,inferred
male/caucasian/jeremiah-lawrence-5fD2hY1lv1U-unsplash.jpg,unsplash,5fD2hY1lv1U,https://unsplash.com/photos/5fD2hY1lv1U,inferred
male/caucasian/jeremy-bishop-ctAsm_deVVk-unsplash.jpg,unsplash,ctAsm_deVVk,https://unsplash.com/photos/ctAsm_deVVk,inferred
male/caucasian/jesman-fabio-8yd15MUkIpI-unsplash.jpg,unsplash,8yd15MUkIpI,https://unsplash.com/photos/8yd15MUkIpI,inferred
male/caucasian/jesse-schoff-ibII8H5Ad4c-unsplash.jpg,unsplash,ibII8H5Ad4c,https://unsplash.com/photos/ibII8H5Ad4c,inferred
male/caucasian/joackim-weiler-lxX0dJQHV3w-unsplash.jpg,unsplash,lxX0dJQHV3w,https://unsplash.com/photos/lxX0dJQHV3w,inferred
male/caucasian/joanna-nix-walkup-LalqRz_8QRE-unsplash.jpg,unsplash,LalqRz_8QRE,https://unsplash.com/photos/LalqRz_8QRE,inferred
male/caucasian/joanna-nix-walkup-VWAzEW0bi58-unsplash.jpg,unsplash,VWAzEW0bi58,https://unsplash.com/photos/VWAzEW0bi58,inferred
male/caucasian/joel-barwick-r0l0Es5fbbs-unsplash.jpg,unsplash,r0l0Es5fbbs,https://unsplash.com/photos/r0l0Es5fbbs,inferred
male/caucasian/john-torcasio-1coR0hGFenQ-unsplash.jpg,unsplash,1coR0hGFenQ,https://unsplash.com/photos/1coR0hGFenQ,inferred
male/caucasian/joker-5485787_1920.jpg,pixabay,5485787,https://pixabay.com/photos/joker-5485787_1920/,inferred
male/caucasian/jonathan-farber-QaAZ82Kspck-unsplash.jpg,unsplash,QaAZ82Kspck,https://unsplash.com/photos/QaAZ82Kspck,inferred
male/caucasian/joshua-reddekopp-lSD2Y9AydhY-unsplash.jpg,unsplash,lSD2Y9AydhY,https://unsplash.com/photos/lSD2Y9AydhY,inferred
male/caucasian/joycoast-wood-watches-sunglasses-xUsrdhGRMfE-unsplash.jpg,unsplash,xUsrdhGRMfE,https://unsplash.com/photos/xUsrdhGRMfE,inferred
male/caucasian/julian-wan-NHlTr-9eE4o-unsplash.jpg,unsplash,NHlTr-9eE4o,https://unsplash.com/photos/NHlTr-9eE4o,inferred
male/caucasian/julian-wan-cCvnG-937HE-unsplash.jpg,unsplash,cCvnG-937HE,https://unsplash.com/photos/cCvnG-937HE,inferred
male/caucasian/justin-chen-J7Cf1Gch49E-unsplash.jpg,unsplash,J7Cf1Gch49E,https://unsplash.com/photos/J7Cf1Gch49E,inferred
male/caucasian/karina-tess-fr5rB_Ocl7w-unsplash.jpg,unsplash,fr5rB_Ocl7w,https://unsplash.com/photos/fr5rB_Ocl7w,inferred
male/caucasian/kas-YHDWG6-EsYc-unsplash.jpg,unsplash,YHDWG6-EsYc,https://unsplash.com/photos/YHDWG6-EsYc,inferred
male/caucasian/kenzie-kraft-OIrGE60UwAY-unsplash.jpg,unsplash,OIrGE60UwAY,https://unsplash.com/photos/OIrGE60UwAY,inferred
male/caucasian/kenzie-kraft-b8vUsjhAeYQ-unsplash.jpg,unsplash,b8vUsjhAeYQ,https://unsplash.com/photos/b8vUsjhAeYQ,inferred
male/caucasian/kitera-dent-UFNv8ZGGbX0-unsplash(1).jpg,unsplash,UFNv8ZGGbX0,https://unsplash.com/photos/UFNv8ZGGbX0,inferred
male/caucasian/kon-karampelas-5Mo6u9CQLTE-unsplash.jpg,unsplash,5Mo6u9CQLTE,https://unsplash.com/photos/5Mo6u9CQLTE,inferred
male/caucasian/kyryll-ushakov-S3DMQzP6QG8-unsplash.jpg,unsplash,S3DMQzP6QG8,https://unsplash.com/photos/S3DMQzP6QG8,inferred
male/caucasian/laura-dewilde-G2iXD2Bkt7g-unsplash.jpg,unsplash,G2iXD2Bkt7g,https://unsplash.com/photos/G2iXD2Bkt7g,inferred
male/caucasian/lesly-juarez-RukI4qZGlQs-unsplash.jpg,unsplash,RukI4qZGlQs,https://unsplash.com/photos/RukI4qZGlQs,inferred
male/caucasian/lion27-xqJjNYb8qZc-unsplash.jpg,unsplash,xqJjNYb8qZc,https://unsplash.com/photos/xqJjNYb8qZc,inferred
male/caucasian/lisa-wall-K80QIp2VW0E-unsplash.jpg,unsplash,K80QIp2VW0E,https://unsplash.com/photos/K80QIp2VW0E,inferred
male/caucasian/lisa-wall-x5aOKbKhM_o-unsplash.jpg,unsplash,x5aOKbKhM_o,https://unsplash.com/photos/x5aOKbKhM_o,inferred
male/caucasian/logan-weaver--A5R9HBwjaE-unsplash.jpg,unsplash,-A5R9HBwjaE,https://unsplash.com/photos/-A5R9HBwjaE,inferred
male/caucasian/logan-weaver-7z2KFFWQ7n0-unsplash.jpg,unsplash,7z2KFFWQ7n0,https://unsplash.com/photos/7z2KFFWQ7n0,inferred
male/caucasian/logan-weaver-s_mI8h4_5JY-unsplash.jpg,unsplash,s_mI8h4_5JY,https://unsplash.com/photos/s_mI8h4_5JY,inferred
male/caucasian/lorene-farrugia-UJLAMjEjISo-unsplash.jpg,unsplash,UJLAMjEjISo,https://unsplash.com/photos/UJLAMjEjISo,inferred
male/caucasian/luca-pellegrini-pRopJ47ilxg-unsplash.jpg,unsplash,pRopJ47ilxg,https://unsplash.com/photos/pRopJ47ilxg,inferred
male/caucasian/lucas-newton-GkQaSPkp54o-unsplash.jpg,unsplash,GkQaSPkp54o,https://unsplash.com/photos/GkQaSPkp54o,inferred
male/caucasian/lucas-ruffiner-_Z48n2rZk5M-unsplash.jpg,unsplash,_Z48n2rZk5M,https://unsplash.com/photos/_Z48n2rZk5M,inferred
male/caucasian/ludovic-migneault-4uj3iZ5m084-unsplash.jpg,unsplash,4uj3iZ5m084,https://unsplash.com/photos/4uj3iZ5m084,inferred
male/caucasian/ludvig-wiese-d-MfHM-jHwc-unsplash.jpg,unsplash,d-MfHM-jHwc,https://unsplash.com/photos/d-MfHM-jHwc,inferred
male/caucasian/luis-villasmil-hh3ViD0r0Rc-unsplash.jpg,unsplash,hh3ViD0r0Rc,https://unsplash.com/photos/hh3ViD0r0Rc,inferred
male/caucasian/luiza-braun-VaXkho6CPx0-unsplash(1).jpg,unsplash,VaXkho6CPx0,https://unsplash.com/photos/VaXkho6CPx0,inferred
male/caucasian/lumber-1281323_1920.jpg,pixabay,1281323,https://pixabay.com/photos/lumber-1281323_1920/,inferred
male/caucasian/luther-bottrill-DVeTzIywKw4-unsplash.jpg,unsplash,DVeTzIywKw4,https://unsplash.com/photos/DVeTzIywKw4,inferred
male/caucasian/male-2634974_1920.jpg,pixabay,2634974,https://pixabay.com/photos/male-2634974_1920/,inferred
male/caucasian/male-3673510_1920.jpg,pixabay,3673510,https://pixabay.com/photos/male-3673510_1920/,inferred
male/caucasian/male-3847141_1920.jpg,pixabay,3847141,https://pixabay.com/photos/male-3847141_1920/,inferred
male/caucasian/male-4494498_1920.jpg,pixabay,4494498,https://pixabay.com/photos/male-4494498_1920/,inferred
male/caucasian/male-4572748_1920.jpg,pixabay,4572748,https://pixabay.com/photos/male-4572748_1920/,inferred
male/caucasian/male-467711_1920.jpg,pixabay,467711,https://pixabay.com/photos/male-467711_1920/,inferred
male/caucasian/male-4687507_1920.jpg,pixabay,4687507,https://pixabay.com/photos/male-4687507_1920/,inferred
male/caucasian/male-model-2807612_1920.jpg,pixabay,2807612,https://pixabay.com/photos/male-model-2807612_1920/,inferred
male/caucasian/man-1122364_1920.jpg,pixabay,1122364,https://pixabay.com/photos/man-1122364_1920/,inferred
male/caucasian/man-1146530_1920.jpg,pixabay,1146530,https://pixabay.com/photos/man-1146530_1920/,inferred
male/caucasian/man-1161334_1920.jpg,pixabay,1161334,https://pixabay.com/photos/man-1161334_1920/,inferred
male/caucasian/man-1209494_1920.jpg,pixabay,1209494,https://pixabay.com/photos/man-1209494_1920/,inferred
male/caucasian/man-1242018_1920.jpg,pixabay,1242018,https://pixabay.com/photos/man-1242018_1920/,inferred
male/caucasian/man-1868320_1920.jpg,pixabay,1868320,https://pixabay.com/photos/man-1868320_1920/,inferred
male/caucasian/man-2326484_1920.jpg,pixabay,2326484,https://pixabay.com/photos/man-2326484_1920/,inferred
male/caucasian/man-2590777_1920.jpg,pixabay,2590777,https://pixabay.com/photos/man-2590777_1920/,inferred
male/caucasian/man-2616244_1920.jpg,pixabay,2616244,https://pixabay.com/photos/man-2616244_1920/,inferred
male/caucasian/man-2804281_1920.jpg,pixabay,2804281,https://pixabay.com/photos/man-2804281_1920/,inferred
male/caucasian/man-2854030_1920.jpg,pixabay,2854030,https://pixabay.com/photos/man-2854030_1920/,inferred
male/caucasian/man-3122063_1920.jpg,pixabay,3122063,https://pixabay.com/photos/man-3122063_1920/,inferred
male/caucasian/man-3177583_1920.jpg,pixabay,3177583,https://pixabay.com/photos/man-3177583_1920/,inferred
male/caucasian/man-3373869_1920.jpg,pixabay,3373869,https://pixabay.com/photos/man-3373869_1920/,inferred
male/caucasian/man-3403180_1920.jpg,pixabay,3403180,https://pixabay.com/photos/man-3403180_1920/,inferred
male/caucasian/man-3437398_1920.jpg,pixabay,3437398,https://pixabay.com/photos/man-3437398_1920/,inferred
male/caucasian/man-3439283_1920.jpg,pixabay,3439283,https://pixabay.com/photos/man-3439283_1920/,inferred
male/caucasian/man-3552370_1920.jpg,pixabay,3552370,https://pixabay.com/photos/man-3552370_1920/,inferred
male/caucasian/man-3786991_1920.jpg,pixabay,3786991,https://pixabay.com/photos/man-3786991_1920/,inferred
male/caucasian/man-379677_1920.jpg,pixabay,379677,https://pixabay.com/photos/man-379677_1920/,inferred
male/caucasian/man-3803551_1920.jpg,pixabay,3803551,https://pixabay.com/photos/man-3803551_1920/,inferred
male/caucasian/man-3967820_1920.jpg,pixabay,3967820,https://pixabay.com/photos/man-3967820_1920/,inferred
male/caucasian/man-4070556_1920.jpg,pixabay,4070556,https://pixabay.com/photos/man-4070556_1920/,inferred
male/caucasian/man-4123268_1920.jpg,pixabay,4123268,https://pixabay.com/photos/man-4123268_1920/,inferred
male/caucasian/man-4220914_1920.jpg,pixabay,4220914,https://pixabay.com/photos/man-4220914_1920/,inferred
male/caucasian/man-4302299_1920.jpg,pixabay,4302299,https://pixabay.com/photos/man-4302299_1920/,inferred
male/caucasian/man-4818722_1920.jpg,pixabay,4818722,https://pixabay.com/photos/man-4818722_1920/,inferred
male/caucasian/man-4821291_1920.jpg,pixabay,4821291,https://pixabay.com/photos/man-4821291_1920/,inferred
male/caucasian/man-5917529_1920.jpg,pixabay,5917529,https://pixabay.com/photos/man-5917529_1920/,inferred
male/caucasian/man-5928801_1920.jpg,pixabay,5928801,https://pixabay.com/photos/man-5928801_1920/,inferred
male/caucasian/man-597178_1920.jpg,pixabay,597178,https://pixabay.com/photos/man-597178_1920/,inferred
male/caucasian/man-61004_1920.jpg,pixabay,61004,https://pixabay.com/photos/man-61004_1920/,inferred
male/caucasian/man-67467_1920.jpg,pixabay,67467,https://pixabay.com/photos/man-67467_1920/,inferred
male/caucasian/man-838636_1920.jpg,pixabay,838636,https://pixabay.com/photos/man-838636_1920/,inferred
male/caucasian/man-894182_1920.jpg,pixabay,894182,https://pixabay.com/photos/man-894182_1920/,inferred
male/caucasian/man-919045_1920.jpg,pixabay,919045,https://pixabay.com/photos/man-919045_1920/,inferred
male/caucasian/man-931974_1920.jpg,pixabay,931974,https://pixabay.com/photos/man-931974_1920/,inferred
male/caucasian/man-943554_1920.jpg,pixabay,943554,https://pixabay.com/photos/man-943554_1920/,inferred
male/caucasian/man-945482_1920.jpg,pixabay,945482,https://pixabay.com/photos/man-945482_1920/,inferred
male/caucasian/man-962563_1920.jpg,pixabay,962563,https://pixabay.com/photos/man-962563_1920/,inferred
male/caucasian/mariana-sandulovych-m23wyWvZw2U-unsplash.jpg,unsplash,m23wyWvZw2U,https://unsplash.com/photos/m23wyWvZw2U,inferred
male/caucasian/marie-michele-bouchard-8d-1HViXfdk-unsplash.jpg,unsplash,8d-1HViXfdk,https://unsplash.com/photos/8d-1HViXfdk,inferred
male/caucasian/marie-michele-bouchard-Jdcfl34n-AQ-unsplash.jpg,unsplash,Jdcfl34n-AQ,https://unsplash.com/photos/Jdcfl34n-AQ,inferred
male/caucasian/mark-decile-ODah33uNGvU-unsplash.jpg,unsplash,ODah33uNGvU,https://unsplash.com/photos/ODah33uNGvU,inferred
male/caucasian/mark-farias-dt60oksDTx8-unsplash.jpg,unsplash,dt60oksDTx8,https://unsplash.com/photos/dt60oksDTx8,inferred
male/caucasian/martin-magnemyr-V4B0nrIJcls-unsplash.jpg,unsplash,V4B0nrIJcls,https://unsplash.com/photos/V4B0nrIJcls,inferred
male/caucasian/mateus-pinheiro-6e0z7TFIlo0-unsplash.jpg,unsplash,6e0z7TFIlo0,https://unsplash.com/photos/6e0z7TFIlo0,inferred
male/caucasian/matheus-farias-fa314kBSJxo-unsplash.jpg,unsplash,fa314kBSJxo,https://unsplash.com/photos/fa314kBSJxo,inferred
male/caucasian/matt-sings-ixmVe2qr8TM-unsplash.jpg,unsplash,ixmVe2qr8TM,https://unsplash.com/photos/ixmVe2qr8TM,inferred
male/caucasian/matteo-minoglio-JDBR1pXomQw-unsplash.jpg,unsplash,JDBR1pXomQw,https://unsplash.com/photos/JDBR1pXomQw,inferred
male/caucasian/max-bender-1uMdzWWCAJk-unsplash.jpg,unsplash,1uMdzWWCAJk,https://unsplash.com/photos/1uMdzWWCAJk,inferred
male/caucasian/mehdi-lamaaffar-lrALtuCkYs0-unsplash.jpg,unsplash,lrALtuCkYs0,https://unsplash.com/photos/lrALtuCkYs0,inferred
male/caucasian/mehmet-turgut-kirkgoz-GHks3u7dzcc-unsplash.jpg,unsplash,GHks3u7dzcc,https://unsplash.com/photos/GHks3u7dzcc,inferred
male/caucasian/mens-3849286_1920.jpg,pixabay,3849286,https://pixabay.com/photos/mens-3849286_1920/,inferred
male/caucasian/mikhail-marchenko-nuOfp2JdBB8-unsplash.jpg,unsplash,nuOfp2JdBB8,https://unsplash.com/photos/nuOfp2JdBB8,inferred
male/caucasian/mitchell-griest-k879YX17xVQ-unsplash.jpg,unsplash,k879YX17xVQ,https://unsplash.com/photos/k879YX17xVQ,inferred
male/caucasian/model-3513812_1920.jpg,pixabay,3513812,https://pixabay.com/photos/model-3513812_1920/,inferred
male/caucasian/model-4759613_1920.jpg,pixabay,4759613,https://pixabay.com/photos/model-4759613_1920/,inferred
male/caucasian/mohamed-nohassi-Z60j5qAOW_M-unsplash.jpg,unsplash,Z60j5qAOW_M,https://unsplash.com/photos/Z60j5qAOW_M,inferred
male/caucasian/morten-pedersen-Z-bgD8pMv30-unsplash.jpg,unsplash,Z-bgD8pMv30,https://unsplash.com/photos/Z-bgD8pMv30,inferred
male/caucasian/musician-1380216_1920.jpg,pixabay,1380216,https://pixabay.com/photos/musician-1380216_1920/,inferred
male/caucasian/mysterious-4289694_1920.jpg,pixabay,4289694,https://pixabay.com/photos/mysterious-4289694_1920/,inferred
male/caucasian/nate-J5U-22o1ubw-unsplash.jpg,unsplash,J5U-22o1ubw,https://unsplash.com/photos/J5U-22o1ubw,inferred
male/caucasian/nathan-dumlao-4m2-An3yFx0-unsplash.jpg,unsplash,4m2-An3yFx0,https://unsplash.com/photos/4m2-An3yFx0,inferred
male/caucasian/nathan-dumlao-SJl7ZfClJEc-unsplash.jpg,unsplash,SJl7ZfClJEc,https://unsplash.com/photos/SJl7ZfClJEc,inferred
male/caucasian/nathan-dumlao-ger61_TX6oI-unsplash.jpg,unsplash,ger61_TX6oI,https://unsplash.com/photos/ger61_TX6oI,inferred
male/caucasian/nathan-van-de-graaf-8ngIBwU2-5U-unsplash.jpg,unsplash,8ngIBwU2-5U,https://unsplash.com/photos/8ngIBwU2-5U,inferred
male/caucasian/nathaniel-vala-cBKz-2Db6Rg-unsplash.jpg,unsplash,cBKz-2Db6Rg,https://unsplash.com/photos/cBKz-2Db6Rg,inferred
male/caucasian/neonbrand-8AGfQQl_RSM-unsplash.jpg,unsplash,8AGfQQl_RSM,https://unsplash.com/photos/8AGfQQl_RSM,inferred
male/caucasian/nick-karvounis-JyO_szjGvUw-unsplash.jpg,unsplash,JyO_szjGvUw,https://unsplash.com/photos/JyO_szjGvUw,inferred
male/caucasian/nick-linnen-BCQVNAUo_7Y-unsplash.jpg,unsplash,BCQVNAUo_7Y,https://unsplash.com/photos/BCQVNAUo_7Y,inferred
male/caucasian/nikita-fox-2ODe_T5WRzA-unsplash.jpg,unsplash,2ODe_T5WRzA,https://unsplash.com/photos/2ODe_T5WRzA,inferred
male/caucasian/niklas-veenhuis-HqWKpGBPm8I-unsplash.jpg,unsplash,HqWKpGBPm8I,https://unsplash.com/photos/HqWKpGBPm8I,inferred
male/caucasian/nikolay-vybornov-lC6f79utuKM-unsplash.jpg,unsplash,lC6f79utuKM,https://unsplash.com/photos/lC6f79utuKM,inferred
male/caucasian/noah-blaine-clark-d8OX1jeN5Ac-unsplash.jpg,unsplash,d8OX1jeN5Ac,https://unsplash.com/photos/d8OX1jeN5Ac,inferred
male/caucasian/noble-mitchell-qZr1NKjcD0E-unsplash.jpg,unsplash,qZr1NKjcD0E,https://unsplash.com/photos/qZr1NKjcD0E,inferred
male/caucasian/norbert-kundrak-Qkka6rvSToY-unsplash.jpg,unsplash,Qkka6rvSToY,https://unsplash.com/photos/Qkka6rvSToY,inferred
male/caucasian/oleg-ivanov--9ctS97imKs-unsplash.jpg,unsplash,-9ctS97imKs,https://unsplash.com/photos/-9ctS97imKs,inferred
male/caucasian/paolo-bendandi-D-8XODEIr_s-unsplash.jpg,unsplash,D-8XODEIr_s,https://unsplash.com/photos/D-8XODEIr_s,inferred
male/caucasian/patricia-prudente-__LnEJsm7ns-unsplash.jpg,unsplash,__LnEJsm7ns,https://unsplash.com/photos/__LnEJsm7ns,inferred
male/caucasian/people-1492096_1920.jpg,pixabay,1492096,https://pixabay.com/photos/people-1492096_1920/,inferred
male/caucasian/people-1690965_1920.jpg,pixabay,1690965,https://pixabay.com/photos/people-1690965_1920/,inferred
male/caucasian/people-875597_1920.jpg,pixabay,875597,https://pixabay.com/photos/people-875597_1920/,inferred
male/caucasian/person-4556344_1920.jpg,pixabay,4556344,https://pixabay.com/photos/person-4556344_1920/,inferred
male/caucasian/person-700003_1920.jpg,pixabay,700003,https://pixabay.com/photos/person-700003_1920/,inferred
male/caucasian/person-771996_1920.jpg,pixabay,771996,https://pixabay.com/photos/person-771996_1920/,inferred
male/caucasian/petr-sevcovic-e12wQLAjQi0-unsplash.jpg,unsplash,e12wQLAjQi0,https://unsplash.com/photos/e12wQLAjQi0,inferred
male/caucasian/pexels-alex-green-6625960.jpg,pexels,6625960,https://www.pexels.com/photo/6625960/,inferred
male/caucasian/pexels-andrea-piacquadio-3779455.jpg,pexels,3779455,https://www.pexels.com/photo/3779455/,inferred
male/caucasian/pexels-andrea-piacquadio-3811804.jpg,pexels,3811804,https://www.pexels.com/photo/3811804/,inferred
male/caucasian/pexels-andrea-piacquadio-3824771.jpg,pexels,3824771,https://www.pexels.com/photo/3824771/,inferred
male/caucasian/pexels-andrea-piacquadio-3831631.jpg,pexels,3831631,https://www.pexels.com/photo/3831631/,inferred
male/caucasian/pexels-anna-shvets-4971982.jpg,pexels,4971982,https://www.pexels.com/photo/4971982/,inferred
male/caucasian/pexels-caroline-ayumi-fugitani-3718045.jpg,pexels,3718045,https://www.pexels.com/photo/3718045/,inferred
male/caucasian/pexels-cottonbro-4100430.jpg,pexels,4100430,https://www.pexels.com/photo/4100430/,inferred
male/caucasian/pexels-cottonbro-4812639.jpg,pexels,4812639,https://www.pexels.com/photo/4812639/,inferred
male/caucasian/pexels-daisa-tj-3408420.jpg,pexels,3408420,https://www.pexels.com/photo/3408420/,inferred
male/caucasian/pexels-david-garrison-2128807.jpg,pexels,2128807,https://www.pexels.com/photo/2128807/,inferred
male/caucasian/pexels-david-garrison-2128815.jpg,pexels,2128815,https://www.pexels.com/photo/2128815/,inferred
male/caucasian/pexels-elle-hughes-1680175.jpg,pexels,1680175,https://www.pexels.com/photo/1680175/,inferred
male/caucasian/pexels-ethan-jones-3222422 (1).jpg,pexels,3222422,https://www.pexels.com/photo/3222422/,inferred
male/caucasian/pexels-hamid-tajik-6273203.jpg,pexels,6273203,https://www.pexels.com/photo/6273203/,inferred
male/caucasian/pexels-ira-dulger-1452127.jpg,pexels,1452127,https://www.pexels.com/photo/1452127/,inferred
male/caucasian/pexels-jaysen-scott-1858490.jpg,pexels,1858490,https://www.pexels.com/photo/1858490/,inferred
male/caucasian/pexels-jj-jordan-3149592.jpg,pexels,3149592,https://www.pexels.com/photo/3149592/,inferred
male/caucasian/pexels-julia-m-cameron-4144458.jpg,pexels,4144458,https://www.pexels.com/photo/4144458/,inferred
male/caucasian/pexels-keith-lobo-3854982.jpg,pexels,3854982,https://www.pexels.com/photo/3854982/,inferred
male/caucasian/pexels-linkedin-sales-navigator-2182970.jpg,pexels,2182970,https://www.pexels.com/photo/2182970/,inferred
male/caucasian/pexels-martin-p¿ªchy-2078265.jpg,pexels,2078265,https://www.pexels.com/photo/2078265/,inferred
male/caucasian/pexels-mart¿¬-pardo-1674318.jpg,pexels,1674318,https://www.pexels.com/photo/1674318/,inferred
male/caucasian/pexels-ralph-rabago-3290888.jpg,pexels,3290888,https://www.pexels.com/photo/3290888/,inferred
male/caucasian/pexels-rodrigo-souza-2531553.jpg,pexels,2531553,https://www.pexels.com/photo/2531553/,inferred
male/caucasian/pexels-sebastian-libuda-678785.jpg,pexels,678785,https://www.pexels.com/photo/678785/,inferred
male/caucasian/pexels-spencer-selover-775358.jpg,pexels,775358,https://www.pexels.com/photo/775358/,inferred
male/caucasian/pexels-vikas-mani-2764950.jpg,pexels,2764950,https://www.pexels.com/photo/2764950/,inferred
male/caucasian/philipp-wuthrich--oHSNY6F-xU-unsplash.jpg,unsplash,-oHSNY6F-xU,https://unsplash.com/photos/-oHSNY6F-xU,inferred
male/caucasian/piotr-wilk-LcCvM4vZEyg-unsplash.jpg,unsplash,LcCvM4vZEyg,https://unsplash.com/photos/LcCvM4vZEyg,inferred
male/caucasian/portrait-1141481_1920.jpg,pixabay,1141481,https://pixabay.com/photos/portrait-1141481_1920/,inferred
male/caucasian/portrait-1535271_1920.jpg,pixabay,1535271,https://pixabay.com/photos/portrait-1535271_1920/,inferred
male/caucasian/portrait-2501866_1920.jpg,pixabay,2501866,https://pixabay.com/photos/portrait-2501866_1920/,inferred
male/caucasian/portrait-2573013_1920.jpg,pixabay,2573013,https://pixabay.com/photos/portrait-2573013_1920/,inferred
male/caucasian/portrait-2946213_1920.jpg,pixabay,2946213,https://pixabay.com/photos/portrait-2946213_1920/,inferred
male/caucasian/portrait-3059314_1920.jpg,pixabay,3059314,https://pixabay.com/photos/portrait-3059314_1920/,inferred
male/caucasian/portrait-3334378_1280.jpg,pixabay,3334378,https://pixabay.com/photos/portrait-3334378_1280/,inferred
male/caucasian/portrait-3338642_1920.jpg,pixabay,3338642,https://pixabay.com/photos/portrait-3338642_1920/,inferred
male/caucasian/portrait-3353699_1920.jpg,pixabay,3353699,https://pixabay.com/photos/portrait-3353699_1920/,inferred
male/caucasian/portrait-3518462_1920.jpg,pixabay,3518462,https://pixabay.com/photos/portrait-3518462_1920/,inferred
male/caucasian/portrait-3518463_1920.jpg,pixabay,3518463,https://pixabay.com/photos/portrait-3518463_1920/,inferred
male/caucasian/r-d-smith-k-f3PYgAPwQ-unsplash.jpg,unsplash,k-f3PYgAPwQ,https://unsplash.com/photos/k-f3PYgAPwQ,inferred
male/caucasian/rabbi-3485884_1920.jpg,pixabay,3485884,https://pixabay.com/photos/rabbi-3485884_1920/,inferred
male/caucasian/ricky-higby-5jqNqM1Npsg-unsplash.jpg,unsplash,5jqNqM1Npsg,https://unsplash.com/photos/5jqNqM1Npsg,inferred
male/caucasian/robert-godwin-cdksyTqEXzo-unsplash.jpg,unsplash,cdksyTqEXzo,https://unsplash.com/photos/cdksyTqEXzo,inferred
male/caucasian/robert-harkness-MB_5XK9E7vM-unsplash.jpg,unsplash,MB_5XK9E7vM,https://unsplash.com/photos/MB_5XK9E7vM,inferred
male/caucasian/robert-lazar-gln1ySXJJbU-unsplash.jpg,unsplash,gln1ySXJJbU,https://unsplash.com/photos/gln1ySXJJbU,inferred
male/caucasian/roland-hechanova-3O18O0CZiZ4-unsplash.jpg,unsplash,3O18O0CZiZ4,https://unsplash.com/photos/3O18O0CZiZ4,inferred
male/caucasian/roman-holoschchuk-I2SU6dCGsnI-unsplash.jpg,unsplash,I2SU6dCGsnI,https://unsplash.com/photos/I2SU6dCGsnI,inferred
male/caucasian/roman-holoschchuk-O-98kcPe0P8-unsplash.jpg,unsplash,O-98kcPe0P8,https://unsplash.com/photos/O-98kcPe0P8,inferred
male/caucasian/ronan-kruithof-SMrz4oEO95I-unsplash.jpg,unsplash,SMrz4oEO95I,https://unsplash.com/photos/SMrz4oEO95I,inferred
male/caucasian/ronny-sison-Ajrb9WJlVzI-unsplash.jpg,unsplash,Ajrb9WJlVzI,https://unsplash.com/photos/Ajrb9WJlVzI,inferred
male/caucasian/rooftop-1261214_1920.jpg,pixabay,1261214,https://pixabay.com/photos/rooftop-1261214_1920/,inferred
male/caucasian/ryan-porter-XW1HtPgi1G4-unsplash.jpg,unsplash,XW1HtPgi1G4,https://unsplash.com/photos/XW1HtPgi1G4,inferred
male/caucasian/sara-dubler-dDE6naQBc2Q-unsplash.jpg,unsplash,dDE6naQBc2Q,https://unsplash.com/photos/dDE6naQBc2Q,inferred
male/caucasian/sayo-garcia-n-LARjYGIeg-unsplash(1).jpg,unsplash,n-LARjYGIeg,https://unsplash.com/photos/n-LARjYGIeg,inferred
male/caucasian/sayo-garcia-n-LARjYGIeg-unsplash.jpg,unsplash,n-LARjYGIeg,https://unsplash.com/photos/n-LARjYGIeg,inferred
male/caucasian/scarf-3339049_1920.jpg,pixabay,3339049,https://pixabay.com/photos/scarf-3339049_1920/,inferred
male/caucasian/scott-higdon-tD1XD54mx8w-unsplash.jpg,unsplash,tD1XD54mx8w,https://unsplash.com/photos/tD1XD54mx8w,inferred
male/caucasian/sebastian-pociecha-xLc0r-hn0Do-unsplash.jpg,unsplash,xLc0r-hn0Do,https://unsplash.com/photos/xLc0r-hn0Do,inferred
male/caucasian/selfie-4302321_1920.jpg,pixabay,4302321,https://pixabay.com/photos/selfie-4302321_1920/,inferred
male/caucasian/selfie-543366_1280.jpg,pixabay,543366,https://pixabay.com/photos/selfie-543366_1280/,inferred
male/caucasian/serhiy-hipskyy-6KPUS5tUp3Y-unsplash.jpg,unsplash,6KPUS5tUp3Y,https://unsplash.com/photos/6KPUS5tUp3Y,inferred
male/caucasian/serhiy-hipskyy-Vilt9tibcLQ-unsplash.jpg,unsplash,Vilt9tibcLQ,https://unsplash.com/photos/Vilt9tibcLQ,inferred
male/caucasian/sharon-mccutcheon-W2hSpLh5caQ-unsplash.jpg,unsplash,W2hSpLh5caQ,https://unsplash.com/photos/W2hSpLh5caQ,inferred
male/caucasian/sigmund-QjCNk0TxGfc-unsplash.jpg,unsplash,QjCNk0TxGfc,https://unsplash.com/photos/QjCNk0TxGfc,inferred
male/caucasian/sincerely-media-_iIB6g19mq4-unsplash.jpg,unsplash,_iIB6g19mq4,https://unsplash.com/photos/_iIB6g19mq4,inferred
male/caucasian/sinitta-leunen-KwHFS8vMHvA-unsplash.jpg,unsplash,KwHFS8vMHvA,https://unsplash.com/photos/KwHFS8vMHvA,inferred
male/caucasian/smile-2583221_1920.jpg,pixabay,2583221,https://pixabay.com/photos/smile-2583221_1920/,inferred
male/caucasian/smiling-888532_1920.jpg,pixabay,888532,https://pixabay.com/photos/smiling-888532_1920/,inferred
male/caucasian/smirk-4778656_1920.jpg,pixabay,4778656,https://pixabay.com/photos/smirk-4778656_1920/,inferred
male/caucasian/smitty-kVB7kYjBPJI-unsplash.jpg,unsplash,kVB7kYjBPJI,https://unsplash.com/photos/kVB7kYjBPJI,inferred
male/caucasian/steven-erixon-C1nxojDnNPo-unsplash.jpg,unsplash,C1nxojDnNPo,https://unsplash.com/photos/C1nxojDnNPo,inferred
male/caucasian/suit-3554990_1920.jpg,pixabay,3554990,https://pixabay.com/photos/suit-3554990_1920/,inferred
male/caucasian/sven-kucinic-Pjl9OrTRXFg-unsplash.jpg,unsplash,Pjl9OrTRXFg,https://unsplash.com/photos/Pjl9OrTRXFg,inferred
male/caucasian/talen-de-st-croix-XzRhdAoNMa8-unsplash.jpg,unsplash,XzRhdAoNMa8,https://unsplash.com/photos/XzRhdAoNMa8,inferred
male/caucasian/taras-chernus-8CEKQlmnf50-unsplash.jpg,unsplash,8CEKQlmnf50,https://unsplash.com/photos/8CEKQlmnf50,inferred
male/caucasian/taylor-8Vt2haq8NSQ-unsplash.jpg,unsplash,8Vt2haq8NSQ,https://unsplash.com/photos/8Vt2haq8NSQ,inferred
male/caucasian/taylor-hernandez-hZdF1lzo8fs-unsplash.jpg,unsplash,hZdF1lzo8fs,https://unsplash.com/photos/hZdF1lzo8fs,inferred
male/caucasian/taylor-nhIbH2OwB7M-unsplash.jpg,unsplash,nhIbH2OwB7M,https://unsplash.com/photos/nhIbH2OwB7M,inferred
male/caucasian/teen-722645_1920.jpg,pixabay,722645,https://pixabay.com/photos/teen-722645_1920/,inferred
male/caucasian/teen-722650_1920.jpg,pixabay,722650,https://pixabay.com/photos/teen-722650_1920/,inferred
male/caucasian/teenager-1131815_1280.jpg,pixabay,1131815,https://pixabay.com/photos/teenager-1131815_1280/,inferred
male/caucasian/teenager-398355_1920.jpg,pixabay,398355,https://pixabay.com/photos/teenager-398355_1920/,inferred
male/caucasian/thibault-debaene-Rtq9qhM3LOk-unsplash.jpg,unsplash,Rtq9qhM3LOk,https://unsplash.com/photos/Rtq9qhM3LOk,inferred
male/caucasian/thomas-verleene-zdaUF3dsfOU-unsplash.jpg,unsplash,zdaUF3dsfOU,https://unsplash.com/photos/zdaUF3dsfOU,inferred
male/caucasian/tim-tebow-foundation-Xo2OuzT5WtQ-unsplash.jpg,unsplash,Xo2OuzT5WtQ,https://unsplash.com/photos/Xo2OuzT5WtQ,inferred
male/caucasian/toa-heftiba-Gf12dq0xgHA-unsplash.jpg,unsplash,Gf12dq0xgHA,https://unsplash.com/photos/Gf12dq0xgHA,inferred
male/caucasian/toa-heftiba-chn-__w4I3M-unsplash.jpg,unsplash,chn-__w4I3M,https://unsplash.com/photos/chn-__w4I3M,inferred
male/caucasian/toa-heftiba-nvEC7ALWiPg-unsplash.jpg,unsplash,nvEC7ALWiPg,https://unsplash.com/photos/nvEC7ALWiPg,inferred
male/caucasian/toa-heftiba-ukvkvS2Wdlw-unsplash.jpg,unsplash,ukvkvS2Wdlw,https://unsplash.com/photos/ukvkvS2Wdlw,inferred
male/caucasian/tobi-oshinnaike-Z7MKNGFnbOw-unsplash.jpg,unsplash,Z7MKNGFnbOw,https://unsplash.com/photos/Z7MKNGFnbOw,inferred
male/caucasian/tomas-gal-0y7_9bRUoz0-unsplash.jpg,unsplash,0y7_9bRUoz0,https://unsplash.com/photos/0y7_9bRUoz0,inferred
male/caucasian/tomas-gal-M6T8XDSl984-unsplash.jpg,unsplash,M6T8XDSl984,https://unsplash.com/photos/M6T8XDSl984,inferred
male/caucasian/tomas-gal-hRsnfRjl40w-unsplash.jpg,unsplash,hRsnfRjl40w,https://unsplash.com/photos/hRsnfRjl40w,inferred
male/caucasian/vampire-4798680_1920.jpg,pixabay,4798680,https://pixabay.com/photos/vampire-4798680_1920/,inferred
male/caucasian/vasile-stancu-Rx-dasg6bN4-unsplash.jpg,unsplash,Rx-dasg6bN4,https://unsplash.com/photos/Rx-dasg6bN4,inferred
male/caucasian/vicky-hladynets-BUNTFZ25_hI-unsplash.jpg,unsplash,BUNTFZ25_hI,https://unsplash.com/photos/BUNTFZ25_hI,inferred
male/caucasian/vicky-hladynets-EruJpcY4i1w-unsplash.jpg,unsplash,EruJpcY4i1w,https://unsplash.com/photos/EruJpcY4i1w,inferred
male/caucasian/vicky-hladynets-NnmUHZ6tpSs-unsplash.jpg,unsplash,NnmUHZ6tpSs,https://unsplash.com/photos/NnmUHZ6tpSs,inferred
male/caucasian/vicky-hladynets-uyaTT9u6AvI-unsplash.jpg,unsplash,uyaTT9u6AvI,https://unsplash.com/photos/uyaTT9u6AvI,inferred
male/caucasian/viktor-juric--10t7s-rYzE-unsplash.jpg,unsplash,-10t7s-rYzE,https://unsplash.com/photos/-10t7s-rYzE,inferred
male/caucasian/vinicius-amnx-amano-XKoTZ1EUOJA-unsplash.jpg,unsplash,XKoTZ1EUOJA,https://unsplash.com/photos/XKoTZ1EUOJA,inferred
male/caucasian/visuals-of-theodor-GXzUcBq9QAM-unsplash.jpg,unsplash,GXzUcBq9QAM,https://unsplash.com/photos/GXzUcBq9QAM,inferred
male/caucasian/welshman-3654545_1920.jpg,pixabay,3654545,https://pixabay.com/photos/welshman-3654545_1920/,inferred
male/caucasian/wes-walker-sahep-7OPkM-unsplash.jpg,unsplash,sahep-7OPkM,https://unsplash.com/photos/sahep-7OPkM,inferred
male/caucasian/wesley-tingey-TvPCUHten1o-unsplash.jpg,unsplash,TvPCUHten1o,https://unsplash.com/photos/TvPCUHten1o,inferred
male/caucasian/where-is-pykh-_3vfugHP3Ro-unsplash.jpg,unsplash,_3vfugHP3Ro,https://unsplash.com/photos/_3vfugHP3Ro,inferred
male/caucasian/winter-1937626_1920.jpg,pixabay,1937626,https://pixabay.com/photos/winter-1937626_1920/,inferred
male/caucasian/xenia-bogarova-yyrH1RR7iy4-unsplash.jpg,unsplash,yyrH1RR7iy4,https://unsplash.com/photos/yyrH1RR7iy4,inferred
male/caucasian/yan-berthemy-0r5t7wKzem4-unsplash.jpg,unsplash,0r5t7wKzem4,https://unsplash.com/photos/0r5t7wKzem4,inferred
male/caucasian/young-2807688_1920.jpg,pixabay,2807688,https://pixabay.com/photos/young-2807688_1920/,inferred
male/caucasian/young-3966056_1920.jpg,pixabay,3966056,https://pixabay.com/photos/young-3966056_1920/,inferred
male/caucasian/young-4254330_1920.jpg,pixabay,4254330,https://pixabay.com/photos/young-4254330_1920/,inferred
male/caucasian/young-4440156_1920.jpg,pixabay,4440156,https://pixabay.com/photos/young-4440156_1920/,inferred
male/caucasian/young-4549901_1920.jpg,pixabay,4549901,https://pixabay.com/photos/young-4549901_1920/,inferred
male/caucasian/young-507297_1920.jpg,pixabay,507297,https://pixabay.com/photos/young-507297_1920/,inferred
male/caucasian/young-man-1272106_1920.jpg,pixabay,1272106,https://pixabay.com/photos/young-man-1272106_1920/,inferred
male/caucasian/young-man-1281282_1920.jpg,pixabay,1281282,https://pixabay.com/photos/young-man-1281282_1920/,inferred
male/caucasian/young-man-1990618_1920.jpg,pixabay,1990618,https://pixabay.com/photos/young-man-1990618_1920/,inferred
male/caucasian/young-man-3354511_1920.jpg,pixabay,3354511,https://pixabay.com/photos/young-man-3354511_1920/,inferred
male/caucasian/young-man-4971459_1920.jpg,pixabay,4971459,https://pixabay.com/photos/young-man-4971459_1920/,inferred
male/caucasian/youth-393656_1920.jpg,pixabay,393656,https://pixabay.com/photos/youth-393656_1920/,inferred
male/caucasian/zheka-boychenko-vPkTWyTgk8E-unsplash.jpg,unsplash,vPkTWyTgk8E,https://unsplash.com/photos/vPkTWyTgk8E,inferred
male/caucasian/zoran-borojevic-f5xiGmFwXIU-unsplash.jpg,unsplash,f5xiGmFwXIU,https://unsplash.com/photos/f5xiGmFwXIU,inferred
male/hispanic/112.jpg,unknown,,,unknown
male/hispanic/121.jpg,unknown,,,unknown
male/hispanic/132.jpg,unknown,,,unknown
male/hispanic/alex-avalos-5L4ibEMAuN0-unsplash.jpg,unsplash,5L4ibEMAuN0,https://unsplash.com/photos/5L4ibEMAuN0,inferred
male/hispanic/alex-quezada-IqiGfsnI0Rk-unsplash.jpg,unsplash,IqiGfsnI0Rk,https://unsplash.com/photos/IqiGfsnI0Rk,inferred
male/hispanic/alex-suprun-ZHvM3XIOHoE-unsplash.jpg,unsplash,ZHvM3XIOHoE,https://unsplash.com/photos/ZHvM3XIOHoE,inferred
male/hispanic/allef-vinicius-_5ZkuqGEIW0-unsplash.jpg,unsplash,_5ZkuqGEIW0,https://unsplash.com/photos/_5ZkuqGEIW0,inferred
male/hispanic/amir-esrafili-xmYL_5Hpe4U-unsplash.jpg,unsplash,xmYL_5Hpe4U,https://unsplash.com/photos/xmYL_5Hpe4U,inferred
male/hispanic/andrei-caliman-6R2Sj-8PerY-unsplash.jpg,unsplash,6R2Sj-8PerY,https://unsplash.com/photos/6R2Sj-8PerY,inferred
male/hispanic/andrei-caliman-xRkj9n5_HNo-unsplash.jpg,unsplash,xRkj9n5_HNo,https://unsplash.com/photos/xRkj9n5_HNo,inferred
male/hispanic/andres-hernandez-O5_adohk29M-unsplash.jpg,unsplash,O5_adohk29M,https://unsplash.com/photos/O5_adohk29M,inferred
male/hispanic/ante-samarzija-hOc5-fe3fzE-unsplash.jpg,unsplash,hOc5-fe3fzE,https://unsplash.com/photos/hOc5-fe3fzE,inferred
male/hispanic/antoine-da-cunha-r8AEmsxbf1A-unsplash.jpg,unsplash,r8AEmsxbf1A,https://unsplash.com/photos/r8AEmsxbf1A,inferred
male/hispanic/anton-darius-3XY7BWwGolk-unsplash.jpg,unsplash,3XY7BWwGolk,https://unsplash.com/photos/3XY7BWwGolk,inferred
male/hispanic/antreina-stone-VtZEhxeWHA8-unsplash.jpg,unsplash,VtZEhxeWHA8,https://unsplash.com/photos/VtZEhxeWHA8,inferred
male/hispanic/austrian-national-library-NiwBev0Fosk-unsplash.jpg,unsplash,NiwBev0Fosk,https://unsplash.com/photos/NiwBev0Fosk,inferred
male/hispanic/basketball-888531_1920.jpg,pixabay,888531,https://pixabay.com/photos/basketball-888531_1920/,inferred
male/hispanic/beard-5216825_1920.jpg,pixabay,5216825,https://pixabay.com/photos/beard-5216825_1920/,inferred
male/hispanic/bearded-1903465_1920.jpg,pixabay,1903465,https://pixabay.com/photos/bearded-1903465_1920/,inferred
male/hispanic/betzy-arosemena-Mx15HMZGQzY-unsplash.jpg,unsplash,Mx15HMZGQzY,https://unsplash.com/photos/Mx15HMZGQzY,inferred
male/hispanic/black-and-white-1282264_1920.jpg,pixabay,1282264,https://pixabay.com/photos/black-and-white-1282264_1920/,inferred
male/hispanic/boy-1284509_1920.jpg,pixabay,1284509,https://pixabay.com/photos/boy-1284509_1920/,inferred
male/hispanic/boy-1846704_1920.jpg,pixabay,1846704,https://pixabay.com/photos/boy-1846704_1920/,inferred
male/hispanic/boy-2699256_1920.jpg,pixabay,2699256,https://pixabay.com/photos/boy-2699256_1920/,inferred
male/hispanic/brian-lundquist-IAWN962A4aA-unsplash.jpg,unsplash,IAWN962A4aA,https://unsplash.com/photos/IAWN962A4aA,inferred
male/hispanic/carlos-arthur-m-r-mgLuffTBCWk-unsplash.jpg,unsplash,mgLuffTBCWk,https://unsplash.com/photos/mgLuffTBCWk,inferred
male/hispanic/carlos-gil-GfuvYM8LPPQ-unsplash.jpg,unsplash,GfuvYM8LPPQ,https://unsplash.com/photos/GfuvYM8LPPQ,inferred
male/hispanic/carol-magalhaes-oSPye-Bcdas-unsplash.jpg,unsplash,oSPye-Bcdas,https://unsplash.com/photos/oSPye-Bcdas,inferred
male/hispanic/chalo-garcia-PXccl_hEIww-unsplash.jpg,unsplash,PXccl_hEIww,https://unsplash.com/photos/PXccl_hEIww,inferred
male/hispanic/christian-buehner-9-ROKwX-C0Q-unsplash.jpg,unsplash,9-ROKwX-C0Q,https://unsplash.com/photos/9-ROKwX-C0Q,inferred
male/hispanic/christian-buehner-QLcxFso3gLk-unsplash.jpg,unsplash,QLcxFso3gLk,https://unsplash.com/photos/QLcxFso3gLk,inferred
male/hispanic/christian-buehner-hIbh3VlZgwU-unsplash.jpg,unsplash,hIbh3VlZgwU,https://unsplash.com/photos/hIbh3VlZgwU,inferred
male/hispanic/christian-buehner-wJkSeq7DzrI-unsplash.jpg,unsplash,wJkSeq7DzrI,https://unsplash.com/photos/wJkSeq7DzrI,inferred
male/hispanic/clarisse-meyer-B9TzBwBVUpw-unsplash.jpg,unsplash,B9TzBwBVUpw,https://unsplash.com/photos/B9TzBwBVUpw,inferred
male/hispanic/cosmin-serban-6RP0cM4-xbk-unsplash.jpg,unsplash,6RP0cM4-xbk,https://unsplash.com/photos/6RP0cM4-xbk,inferred
male/hispanic/couple-5917009_1920.png,pixabay,5917009,https://pixabay.com/photos/couple-5917009_1920/,inferred
male/hispanic/creative-christians-6EwRNsuhFo4-unsplash.jpg,unsplash,6EwRNsuhFo4,https://unsplash.com/photos/6EwRNsuhFo4,inferred
male/hispanic/daniel-alvarez-4832112_1920.jpg,pixabay,4832112,https://pixabay.com/photos/daniel-alvarez-4832112_1920/,inferred
male/hispanic/daniil-onischenko-XqX_PfrFXdQ-unsplash.jpg,unsplash,XqX_PfrFXdQ,https://unsplash.com/photos/XqX_PfrFXdQ,inferred
male/hispanic/daniil-onischenko-YtvwVAVUrLI-unsplash.jpg,unsplash,YtvwVAVUrLI,https://unsplash.com/photos/YtvwVAVUrLI,inferred
male/hispanic/darius-bashar-8Kfyz3FMjtE-unsplash.jpg,unsplash,8Kfyz3FMjtE,https://unsplash.com/photos/8Kfyz3FMjtE,inferred
male/hispanic/deniz-gocmen-I_iTEsW8Cww-unsplash.jpg,unsplash,I_iTEsW8Cww,https://unsplash.com/photos/I_iTEsW8Cww,inferred
male/hispanic/diego-sanchez-C20AJQ_yg14-unsplash.jpg,unsplash,C20AJQ_yg14,https://unsplash.com/photos/C20AJQ_yg14,inferred
male/hispanic/diego-sanchez-FnbRghTNtdE-unsplash.jpg,unsplash,FnbRghTNtdE,https://unsplash.com/photos/FnbRghTNtdE,inferred
male/hispanic/drew-hays-agGIKYs4mYs-unsplash.jpg,unsplash,agGIKYs4mYs,https://unsplash.com/photos/agGIKYs4mYs,inferred
male/hispanic/elvis-ray-sIIoJ0uGkUc-unsplash.jpg,unsplash,sIIoJ0uGkUc,https://unsplash.com/photos/sIIoJ0uGkUc,inferred
male/hispanic/erik-mclean-bTCQMLjXLZQ-unsplash.jpg,unsplash,bTCQMLjXLZQ,https://unsplash.com/photos/bTCQMLjXLZQ,inferred
male/hispanic/face-3265605_1920.jpg,pixabay,3265605,https://pixabay.com/photos/face-3265605_1920/,inferred
male/hispanic/g_1.jpg,unknown,,,unknown
male/hispanic/g_12.jpg,pixabay,3827058,https://pixabay.com/photos/model-3827058_1920/,inferred-via-duplicate
male/hispanic/g_13.jpg,unsplash,K2exjqPg3Zs,https://unsplash.com/photos/K2exjqPg3Zs,inferred-via-duplicate
male/hispanic/g_4.jpg,unknown,,,unknown
male/hispanic/g_5.jpg,unknown,,,unknown
male/hispanic/gabriella-clare-marino-G3Nj7b_UBLo-unsplash.jpg,unsplash,G3Nj7b_UBLo,https://unsplash.com/photos/G3Nj7b_UBLo,inferred
male/hispanic/gaurav-saini-lIxF9Xk6t5E-unsplash.jpg,unsplash,lIxF9Xk6t5E,https://unsplash.com/photos/lIxF9Xk6t5E,inferred
male/hispanic/georgia-mashford-UzxZBo7nP9E-unsplash.jpg,unsplash,UzxZBo7nP9E,https://unsplash.com/photos/UzxZBo7nP9E,inferred
male/hispanic/guard-1129949_1920.jpg,pixabay,1129949,https://pixabay.com/photos/guard-1129949_1920/,inferred
male/hispanic/guilherme-franca-dNSQPOcDyN8-unsplash.jpg,unsplash,dNSQPOcDyN8,https://unsplash.com/photos/dNSQPOcDyN8,inferred
male/hispanic/guy8.jpg,unknown,,,unknown
male/hispanic/hamed-taha-xPmMqkAze7g-unsplash.jpg,unsplash,xPmMqkAze7g,https://unsplash.com/photos/xPmMqkAze7g,inferred
male/hispanic/human-1993383_1920.jpg,pixabay,1993383,https://pixabay.com/photos/human-1993383_1920/,inferred
male/hispanic/hust-wilson-o0ggKYPgnzg-unsplash.jpg,unsplash,o0ggKYPgnzg,https://unsplash.com/photos/o0ggKYPgnzg,inferred
male/hispanic/isaac-quesada-uTZ9UIxUKVY-unsplash.jpg,unsplash,uTZ9UIxUKVY,https://unsplash.com/photos/uTZ9UIxUKVY,inferred
male/hispanic/ismail-taibi-yLFFEhcaYyw-unsplash.jpg,unsplash,yLFFEhcaYyw,https://unsplash.com/photos/yLFFEhcaYyw,inferred
male/hispanic/jack-finnigan-veB8-OSCyM4-unsplash.jpg,unsplash,veB8-OSCyM4,https://unsplash.com/photos/veB8-OSCyM4,inferred
male/hispanic/jaime-spaniol-0g9FHYb3IEY-unsplash.jpg,unsplash,0g9FHYb3IEY,https://unsplash.com/photos/0g9FHYb3IEY,inferred
male/hispanic/janko-ferlic-G-jo31ESuRE-unsplash.jpg,unsplash,G-jo31ESuRE,https://unsplash.com/photos/G-jo31ESuRE,inferred
male/hispanic/jasper-garratt-jJjUdYDga7o-unsplash.jpg,unsplash,jJjUdYDga7o,https://unsplash.com/photos/jJjUdYDga7o,inferred
male/hispanic/joam-lima-vxwjMDcS_6Q-unsplash.jpg,unsplash,vxwjMDcS_6Q,https://unsplash.com/photos/vxwjMDcS_6Q,inferred
male/hispanic/joao-marinho-5rpUUOuBQ5w-unsplash.jpg,unsplash,5rpUUOuBQ5w,https://unsplash.com/photos/5rpUUOuBQ5w,inferred
male/hispanic/jonas-kakaroto-KIPqvvTOC1s-unsplash.jpg,unsplash,KIPqvvTOC1s,https://unsplash.com/photos/KIPqvvTOC1s,inferred
male/hispanic/jorge-salvador-iGzHMzRZjRs-unsplash.jpg,unsplash,iGzHMzRZjRs,https://unsplash.com/photos/iGzHMzRZjRs,inferred
male/hispanic/kenzie-kraft-9QW52RyBLao-unsplash.jpg,unsplash,9QW52RyBLao,https://unsplash.com/photos/9QW52RyBLao,inferred
male/hispanic/kevin-turcios-Mn0mVsdg4EU-unsplash.jpg,unsplash,Mn0mVsdg4EU,https://unsplash.com/photos/Mn0mVsdg4EU,inferred
male/hispanic/mael-balland-uPgFSd7POhw-unsplash.jpg,unsplash,uPgFSd7POhw,https://unsplash.com/photos/uPgFSd7POhw,inferred
male/hispanic/male-4444163_1920.jpg,pixabay,4444163,https://pixabay.com/photos/male-4444163_1920/,inferred
male/hispanic/man-1209137_1920.jpg,pixabay,1209137,https://pixabay.com/photos/man-1209137_1920/,inferred
male/hispanic/man-1613566_1920.jpg,pixabay,1613566,https://pixabay.com/photos/man-1613566_1920/,inferred
male/hispanic/man-1928649_1920.jpg,pixabay,1928649,https://pixabay.com/photos/man-1928649_1920/,inferred
male/hispanic/man-2030662_1920.jpg,pixabay,2030662,https://pixabay.com/photos/man-2030662_1920/,inferred
male/hispanic/man-2087436_1920.jpg,pixabay,2087436,https://pixabay.com/photos/man-2087436_1920/,inferred
male/hispanic/man-2482464_1920.jpg,pixabay,2482464,https://pixabay.com/photos/man-2482464_1920/,inferred
male/hispanic/man-352563_1280.jpg,pixabay,352563,https://pixabay.com/photos/man-352563_1280/,inferred
male/hispanic/man-496471_1920.jpg,pixabay,496471,https://pixabay.com/photos/man-496471_1920/,inferred
male/hispanic/man-912226_1920.jpg,pixabay,912226,https://pixabay.com/photos/man-912226_1920/,inferred
male/hispanic/man-947161_1920.jpg,pixabay,947161,https://pixabay.com/photos/man-947161_1920/,inferred
male/hispanic/marcos-paulo-prado-y6yrNx1MBEg-unsplash.jpg,unsplash,y6yrNx1MBEg,https://unsplash.com/photos/y6yrNx1MBEg,inferred
male/hispanic/mark-decile-VHFnE1uz0wY-unsplash.jpg,unsplash,VHFnE1uz0wY,https://unsplash.com/photos/VHFnE1uz0wY,inferred
male/hispanic/matheus-farias-_jOsfORtjew-unsplash.jpg,unsplash,_jOsfORtjew,https://unsplash.com/photos/_jOsfORtjew,inferred
male/hispanic/max-harlynking-zaItO-b0afs-unsplash.jpg,unsplash,zaItO-b0afs,https://unsplash.com/photos/zaItO-b0afs,inferred
male/hispanic/mehrad-vosoughi-iUQmEFtfdLw-unsplash.jpg,unsplash,iUQmEFtfdLw,https://unsplash.com/photos/iUQmEFtfdLw,inferred
male/hispanic/michele-seghieri-9cRe2YMORtc-unsplash.jpg,unsplash,9cRe2YMORtc,https://unsplash.com/photos/9cRe2YMORtc,inferred
male/hispanic/mihai-stefan-0_G9UHXy39c-unsplash.jpg,unsplash,0_G9UHXy39c,https://unsplash.com/photos/0_G9UHXy39c,inferred
male/hispanic/mika-suYP9jClcSA-unsplash.jpg,unsplash,suYP9jClcSA,https://unsplash.com/photos/suYP9jClcSA,inferred
male/hispanic/misael-silvera-5CSRi249CQk-unsplash.jpg,unsplash,5CSRi249CQk,https://unsplash.com/photos/5CSRi249CQk,inferred
male/hispanic/model-3827058_1920.jpg,pixabay,3827058,https://pixabay.com/photos/model-3827058_1920/,inferred
male/hispanic/model-3994985_1920.jpg,pixabay,3994985,https://pixabay.com/photos/model-3994985_1920/,inferred
male/hispanic/model-4448780_1920.jpg,pixabay,4448780,https://pixabay.com/photos/model-4448780_1920/,inferred
male/hispanic/mojtaba-ravanbakhsh-C1FZr9CIC5U-unsplash.jpg,unsplash,C1FZr9CIC5U,https://unsplash.com/photos/C1FZr9CIC5U,inferred
male/hispanic/nathan-dumlao-iKwCVH4cyjQ-unsplash.jpg,unsplash,iKwCVH4cyjQ,https://unsplash.com/photos/iKwCVH4cyjQ,inferred
male/hispanic/national-cancer-institute-NNpo-liY5aU-unsplash.jpg,unsplash,NNpo-liY5aU,https://unsplash.com/photos/NNpo-liY5aU,inferred
male/hispanic/nature-1706767_1920.jpg,pixabay,1706767,https://pixabay.com/photos/nature-1706767_1920/,inferred
male/hispanic/olena-sergienko-FzFTy03noZ0-unsplash.jpg,unsplash,FzFTy03noZ0,https://unsplash.com/photos/FzFTy03noZ0,inferred
male/hispanic/oosman-exptal-K2exjqPg3Zs-unsplash.jpg,unsplash,K2exjqPg3Zs,https://unsplash.com/photos/K2exjqPg3Zs,inferred
male/hispanic/outdoors-3462520_1920(1).jpg,pixabay,3462520,https://pixabay.com/photos/outdoors-3462520_1920/,inferred
male/hispanic/paul-castanie-ukPQ7WBznvQ-unsplash.jpg,unsplash,ukPQ7WBznvQ,https://unsplash.com/photos/ukPQ7WBznvQ,inferred
male/hispanic/people-2202472_1920.jpg,pixabay,2202472,https://pixabay.com/photos/people-2202472_1920/,inferred
male/hispanic/people-2202474_1920.jpg,pixabay,2202474,https://pixabay.com/photos/people-2202474_1920/,inferred
male/hispanic/people-2571917_1920.jpg,pixabay,2571917,https://pixabay.com/photos/people-2571917_1920/,inferred
male/hispanic/people-2583959_1920.jpg,pixabay,2583959,https://pixabay.com/photos/people-2583959_1920/,inferred
male/hispanic/pexels-anna-tarazevich-5234265.jpg,pexels,5234265,https://www.pexels.com/photo/5234265/,inferred
male/hispanic/pexels-armin-rimoldi-5301742.jpg,pexels,5301742,https://www.pexels.com/photo/5301742/,inferred
male/hispanic/pexels-cottonbro-4255413.jpg,pexels,4255413,https://www.pexels.com/photo/4255413/,inferred
male/hispanic/pexels-fady-hany-1466844.jpg,pexels,1466844,https://www.pexels.com/photo/1466844/,inferred
male/hispanic/pexels-hamid-tajik-6207046.jpg,pexels,6207046,https://www.pexels.com/photo/6207046/,inferred
male/hispanic/pexels-italo-melo-2379004.jpg,pexels,2379004,https://www.pexels.com/photo/2379004/,inferred
male/hispanic/pexels-italo-melo-2379005.jpg,pexels,2379005,https://www.pexels.com/photo/2379005/,inferred
male/hispanic/pexels-javon-swaby-2778211.jpg,pexels,2778211,https://www.pexels.com/photo/2778211/,inferred
male/hispanic/pexels-johanser-martinez-5372767.jpg,pexels,5372767,https://www.pexels.com/photo/5372767/,inferred
male/hispanic/pexels-luan-queiros-3260952.jpg,pexels,3260952,https://www.pexels.com/photo/3260952/,inferred
male/hispanic/pexels-moose-photos-1036643.jpg,pexels,1036643,https://www.pexels.com/photo/1036643/,inferred
male/hispanic/pexels-mustafa-husnii-381843.jpg,pexels,381843,https://www.pexels.com/photo/381843/,inferred
male/hispanic/pexels-ron¿║-ferreira-2304113.jpg,pexels,2304113,https://www.pexels.com/photo/2304113/,inferred
male/hispanic/pexels-zaetaflow-sec-3205230.jpg,pexels,3205230,https://www.pexels.com/photo/3205230/,inferred
male/hispanic/portrait-2244177_1280.jpg,pixabay,2244177,https://pixabay.com/photos/portrait-2244177_1280/,inferred
male/hispanic/posing-996232_1920.jpg,pixabay,996232,https://pixabay.com/photos/posing-996232_1920/,inferred
male/hispanic/raj-rana-pgwb84pGonM-unsplash.jpg,unsplash,pgwb84pGonM,https://unsplash.com/photos/pgwb84pGonM,inferred
male/hispanic/refugee-1226610_1920.jpg,pixabay,1226610,https://pixabay.com/photos/refugee-1226610_1920/,inferred
male/hispanic/ricardo-aguilera-FZ08deIUo7U-unsplash.jpg,unsplash,FZ08deIUo7U,https://unsplash.com/photos/FZ08deIUo7U,inferred
male/hispanic/riccardo-pitzalis-TpeBIIM0UIY-unsplash.jpg,unsplash,TpeBIIM0UIY,https://unsplash.com/photos/TpeBIIM0UIY,inferred
male/hispanic/ronny-sison-3vzaG52ZCJY-unsplash.jpg,unsplash,3vzaG52ZCJY,https://unsplash.com/photos/3vzaG52ZCJY,inferred
male/hispanic/ronny-sison-U9G_SPVlGd0-unsplash.jpg,unsplash,U9G_SPVlGd0,https://unsplash.com/photos/U9G_SPVlGd0,inferred
male/hispanic/salar-arif-4CWNGHc-luo-unsplash.jpg,unsplash,4CWNGHc-luo,https://unsplash.com/photos/4CWNGHc-luo,inferred
male/hispanic/sam-rios-mKoLyYCXVnw-unsplash.jpg,unsplash,mKoLyYCXVnw,https://unsplash.com/photos/mKoLyYCXVnw,inferred
male/hispanic/silviu-beniamin-tofan-NEkD-WSpkbU-unsplash.jpg,unsplash,NEkD-WSpkbU,https://unsplash.com/photos/NEkD-WSpkbU,inferred
male/hispanic/suzana-sousa-IC1_YWQn6so-unsplash.jpg,unsplash,IC1_YWQn6so,https://unsplash.com/photos/IC1_YWQn6so,inferred
male/hispanic/tania-mousinho-ZTiPsISn3ac-unsplash.jpg,unsplash,ZTiPsISn3ac,https://unsplash.com/photos/ZTiPsISn3ac,inferred
male/hispanic/tanjir-ahmed-chowdhury-YMJvX8k3Kfc-unsplash.jpg,unsplash,YMJvX8k3Kfc,https://unsplash.com/photos/YMJvX8k3Kfc,inferred
male/hispanic/taylor-vatem-AcyB19Kpg48-unsplash.jpg,unsplash,AcyB19Kpg48,https://unsplash.com/photos/AcyB19Kpg48,inferred
male/hispanic/toa-heftiba-2O1EUSTRBrY-unsplash.jpg,unsplash,2O1EUSTRBrY,https://unsplash.com/photos/2O1EUSTRBrY,inferred
male/hispanic/toa-heftiba-w1ftQyDNF3U-unsplash.jpg,unsplash,w1ftQyDNF3U,https://unsplash.com/photos/w1ftQyDNF3U,inferred
male/hispanic/tom-cochereau-695YdtftW6Y-unsplash.jpg,unsplash,695YdtftW6Y,https://unsplash.com/photos/695YdtftW6Y,inferred
male/hispanic/tyler-nix-PQeoQdkU9jQ-unsplash.jpg,unsplash,PQeoQdkU9jQ,https://unsplash.com/photos/PQeoQdkU9jQ,inferred
male/hispanic/vince-fleming-1NrzZHMFztA-unsplash.jpg,unsplash,1NrzZHMFztA,https://unsplash.com/photos/1NrzZHMFztA,inferred
male/hispanic/whereslugo-DMVD9RkZIwQ-unsplash.jpg,unsplash,DMVD9RkZIwQ,https://unsplash.com/photos/DMVD9RkZIwQ,inferred
male/hispanic/wonderlane-WzWScssFGJU-unsplash.jpg,unsplash,WzWScssFGJU,https://unsplash.com/photos/WzWScssFGJU,inferred
male/hispanic/yogendra-singh-owqFcZRWzTw-unsplash.jpg,unsplash,owqFcZRWzTw,https://unsplash.com/photos/owqFcZRWzTw,inferred
male/hispanic/z-3695551_1920.jpg,pixabay,3695551,https://pixabay.com/photos/z-3695551_1920/,inferred
male/hispanic/ziphaus-Fkb4-bLAE4o-unsplash.jpg,unsplash,Fkb4-bLAE4o,https://unsplash.com/photos/Fkb4-bLAE4o,inferred
male/hispanic/zulmaury-saavedra-Z9GKfYmWOAM-unsplash.jpg,unsplash,Z9GKfYmWOAM,https://unsplash.com/photos/Z9GKfYmWOAM,inferred
male/indian/10.jpg,unknown,,,unknown
male/indian/115.jpg,unknown,,,unknown
male/indian/116.jpg,unknown,,,unknown
male/indian/128.jpg,unknown,,,unknown
male/indian/abhimanyu-patel-o2g-PaaeD_U-unsplash.jpg,unsplash,o2g-PaaeD_U,https://unsplash.com/photos/o2g-PaaeD_U,inferred
male/indian/alex-avalos-Mfoj3mxvYl8-unsplash.jpg,unsplash,Mfoj3mxvYl8,https://unsplash.com/photos/Mfoj3mxvYl8,inferred
male/indian/ali-kazal-Su_3F-rsTFE-unsplash.jpg,unsplash,Su_3F-rsTFE,https://unsplash.com/photos/Su_3F-rsTFE,inferred
male/indian/ali-yahya-22S6KHZoE8Q-unsplash.jpg,unsplash,22S6KHZoE8Q,https://unsplash.com/photos/22S6KHZoE8Q,inferred
male/indian/amir-ahmadpour-UtaI5TkADPw-unsplash.jpg,unsplash,UtaI5TkADPw,https://unsplash.com/photos/UtaI5TkADPw,inferred
male/indian/amir-mohammad-jafari-tKEti7E86Kc-unsplash.jpg,unsplash,tKEti7E86Kc,https://unsplash.com/photos/tKEti7E86Kc,inferred
male/indian/amir-soltani-9RcccOHau2M-unsplash.jpg,unsplash,9RcccOHau2M,https://unsplash.com/photos/9RcccOHau2M,inferred
male/indian/ankush-minda-uPIDtOdCINY-unsplash.jpg,unsplash,uPIDtOdCINY,https://unsplash.com/photos/uPIDtOdCINY,inferred
male/indian/aryan-ghauri-dRatGbY1k8Y-unsplash.jpg,unsplash,dRatGbY1k8Y,https://unsplash.com/photos/dRatGbY1k8Y,inferred
male/indian/ashkan-forouzani-L9YcNysgL94-unsplash.jpg,unsplash,L9YcNysgL94,https://unsplash.com/photos/L9YcNysgL94,inferred
male/indian/ashkan-forouzani-Y8QiDJMEUGc-unsplash.jpg,unsplash,Y8QiDJMEUGc,https://unsplash.com/photos/Y8QiDJMEUGc,inferred
male/indian/ashkan-forouzani-YlAp3Y7VUmA-unsplash.jpg,unsplash,YlAp3Y7VUmA,https://unsplash.com/photos/YlAp3Y7VUmA,inferred
male/indian/ashkan-forouzani-b8dhPVAxWfE-unsplash.jpg,unsplash,b8dhPVAxWfE,https://unsplash.com/photos/b8dhPVAxWfE,inferred
male/indian/ashkan-forouzani-lxQw4HiwKBY-unsplash.jpg,unsplash,lxQw4HiwKBY,https://unsplash.com/photos/lxQw4HiwKBY,inferred
male/indian/ashkan-forouzani-rHuReQyQ72c-unsplash.jpg,unsplash,rHuReQyQ72c,https://unsplash.com/photos/rHuReQyQ72c,inferred
male/indian/athul-krishna-kmrgLHTOo8s-unsplash.jpg,unsplash,kmrgLHTOo8s,https://unsplash.com/photos/kmrgLHTOo8s,inferred
male/indian/boy-1119239_1920.jpg,pixabay,1119239,https://pixabay.com/photos/boy-1119239_1920/,inferred
male/indian/boy-5838699_1920.jpg,pixabay,5838699,https://pixabay.com/photos/boy-5838699_1920/,inferred
male/indian/children-82272_1920.jpg,pixabay,82272,https://pixabay.com/photos/children-82272_1920/,inferred
male/indian/chirag-dulyan-qOd6UZdvMC4-unsplash.jpg,unsplash,qOd6UZdvMC4,https://unsplash.com/photos/qOd6UZdvMC4,inferred
male/indian/couple-engagement-pictures-2136097_1920.jpg,pixabay,2136097,https://pixabay.com/photos/couple-engagement-pictures-2136097_1920/,inferred
male/indian/deepak-mahajan-8ig-SzHpqDw-unsplash.jpg,unsplash,8ig-SzHpqDw,https://unsplash.com/photos/8ig-SzHpqDw,inferred
male/indian/diego-sanchez-ABNwyVyvCbo-unsplash.jpg,unsplash,ABNwyVyvCbo,https://unsplash.com/photos/ABNwyVyvCbo,inferred
male/indian/dollar-gill-X0iNZ0UZIrI-unsplash.jpg,unsplash,X0iNZ0UZIrI,https://unsplash.com/photos/X0iNZ0UZIrI,inferred
male/indian/dollar-gill-nGWo2KbJERc-unsplash.jpg,unsplash,nGWo2KbJERc,https://unsplash.com/photos/nGWo2KbJERc,inferred
male/indian/ecommerce-3412872_1920.jpg,pixabay,3412872,https://pixabay.com/photos/ecommerce-3412872_1920/,inferred
male/indian/emiliano-vittoriosi-XtmpHM7uKCs-unsplash.jpg,unsplash,XtmpHM7uKCs,https://unsplash.com/photos/XtmpHM7uKCs,inferred
male/indian/eric-joseph-GMCsqQHOW0A-unsplash.jpg,unsplash,GMCsqQHOW0A,https://unsplash.com/photos/GMCsqQHOW0A,inferred
male/indian/evan-dvorkin-FLhnC9S_UE8-unsplash.jpg,unsplash,FLhnC9S_UE8,https://unsplash.com/photos/FLhnC9S_UE8,inferred
male/indian/farhan-shaikh-9TYryqt3wLk-unsplash.jpg,unsplash,9TYryqt3wLk,https://unsplash.com/photos/9TYryqt3wLk,inferred
male/indian/gaurav-khoda-HYQMk4fFI-s-unsplash.jpg,unsplash,HYQMk4fFI-s,https://unsplash.com/photos/HYQMk4fFI-s,inferred
male/indian/guy3.jpg,unknown,,,unknown
male/indian/guy7.jpg,unknown,,,unknown
male/indian/hadi-yazdi-aznaveh-TmRQRgugEsQ-unsplash.jpg,unsplash,TmRQRgugEsQ,https://unsplash.com/photos/TmRQRgugEsQ,inferred
male/indian/handsome-1805532_1920.jpg,pixabay,1805532,https://pixabay.com/photos/handsome-1805532_1920/,inferred
male/indian/handsome-1886567_1920.jpg,pixabay,1886567,https://pixabay.com/photos/handsome-1886567_1920/,inferred
male/indian/happiness-4067230_1920.jpg,pixabay,4067230,https://pixabay.com/photos/happiness-4067230_1920/,inferred
male/indian/harps-joseph-tAvpDE7fXgY-unsplash.jpg,unsplash,tAvpDE7fXgY,https://unsplash.com/photos/tAvpDE7fXgY,inferred
male/indian/head-shots-1544781_1920.jpg,pixabay,1544781,https://pixabay.com/photos/head-shots-1544781_1920/,inferred
male/indian/hichem-dahmani-8VitrkP2-mw-unsplash.jpg,unsplash,8VitrkP2-mw,https://unsplash.com/photos/8VitrkP2-mw,inferred
male/indian/himanshu-dewangan-brk2ZfYTOp8-unsplash.jpg,unsplash,brk2ZfYTOp8,https://unsplash.com/photos/brk2ZfYTOp8,inferred
male/indian/hossein-rezaei--paUf05gaUs-unsplash.jpg,unsplash,-paUf05gaUs,https://unsplash.com/photos/-paUf05gaUs,inferred
male/indian/ilaya-raja-uX0yUOEYFFU-unsplash.jpg,unsplash,uX0yUOEYFFU,https://unsplash.com/photos/uX0yUOEYFFU,inferred
male/indian/imansyah-muhamad-putera-Ob19pmoYWkI-unsplash.jpg,unsplash,Ob19pmoYWkI,https://unsplash.com/photos/Ob19pmoYWkI,inferred
male/indian/india-1129954_1920.jpg,pixabay,1129954,https://pixabay.com/photos/india-1129954_1920/,inferred
male/indian/india-4870636_1920.jpg,pixabay,4870636,https://pixabay.com/photos/india-4870636_1920/,inferred
male/indian/indian-3459541_1920.jpg,pixabay,3459541,https://pixabay.com/photos/indian-3459541_1920/,inferred
male/indian/indian-5882625_1920.jpg,pixabay,5882625,https://pixabay.com/photos/indian-5882625_1920/,inferred
male/indian/indian-boy-2982850_1920.jpg,pixabay,2982850,https://pixabay.com/photos/indian-boy-2982850_1920/,inferred
male/indian/jaikishan-patel-DSyyWrVjBNA-unsplash.jpg,unsplash,DSyyWrVjBNA,https://unsplash.com/photos/DSyyWrVjBNA,inferred
male/indian/jaikishan-patel-G1r9ySGtdWQ-unsplash.jpg,unsplash,G1r9ySGtdWQ,https://unsplash.com/photos/G1r9ySGtdWQ,inferred
male/indian/jeffrey-grospe-epomvImeev4-unsplash.jpg,unsplash,epomvImeev4,https://unsplash.com/photos/epomvImeev4,inferred
male/indian/jennifer-marquez-kg9cClY_fuc-unsplash.jpg,unsplash,kg9cClY_fuc,https://unsplash.com/photos/kg9cClY_fuc,inferred
male/indian/jordyn-montague-nV7GRL8ooJg-unsplash.jpg,unsplash,nV7GRL8ooJg,https://unsplash.com/photos/nV7GRL8ooJg,inferred
male/indian/juanma-velasquez-JrNsKhB5aRQ-unsplash.jpg,unsplash,JrNsKhB5aRQ,https://unsplash.com/photos/JrNsKhB5aRQ,inferred
male/indian/jyotirmoy-gupta-nBe68MZSIYY-unsplash.jpg,unsplash,nBe68MZSIYY,https://unsplash.com/photos/nBe68MZSIYY,inferred
male/indian/kamran-ch-7pES3XC7l7Q-unsplash.jpg,unsplash,7pES3XC7l7Q,https://unsplash.com/photos/7pES3XC7l7Q,inferred
male/indian/kazi-mizan-PDDfWeh44m8-unsplash.jpg,unsplash,PDDfWeh44m8,https://unsplash.com/photos/PDDfWeh44m8,inferred
male/indian/kazi-mizan-S3FoV56-Wbk-unsplash.jpg,unsplash,S3FoV56-Wbk,https://unsplash.com/photos/S3FoV56-Wbk,inferred
male/indian/kazi-mizan-bfReptWpKEg-unsplash.jpg,unsplash,bfReptWpKEg,https://unsplash.com/photos/bfReptWpKEg,inferred
male/indian/keenan-constance-292Pth2Y5QM-unsplash.jpg,unsplash,292Pth2Y5QM,https://unsplash.com/photos/292Pth2Y5QM,inferred
male/indian/kids-2408614_1920.jpg,pixabay,2408614,https://pixabay.com/photos/kids-2408614_1920/,inferred
male/indian/lijo-easo-1JEg1c--_dM-unsplash.jpg,unsplash,1JEg1c--_dM,https://unsplash.com/photos/1JEg1c--_dM,inferred
male/indian/male-5198715_1920.jpg,pixabay,5198715,https://pixabay.com/photos/male-5198715_1920/,inferred
male/indian/male-model-1221915_1920.jpg,pixabay,1221915,https://pixabay.com/photos/male-model-1221915_1920/,inferred
male/indian/man-2367954_1920.jpg,pixabay,2367954,https://pixabay.com/photos/man-2367954_1920/,inferred
male/indian/man-2933801_1920.jpg,pixabay,2933801,https://pixabay.com/photos/man-2933801_1920/,inferred
male/indian/man-3346780_1920.jpg,pixabay,3346780,https://pixabay.com/photos/man-3346780_1920/,inferred
male/indian/man-3733308_1920.jpg,pixabay,3733308,https://pixabay.com/photos/man-3733308_1920/,inferred
male/indian/man-5465729_1920.jpg,pixabay,5465729,https://pixabay.com/photos/man-5465729_1920/,inferred
male/indian/man-5465741_1920.jpg,pixabay,5465741,https://pixabay.com/photos/man-5465741_1920/,inferred
male/indian/man-5940355_1920.jpg,pixabay,5940355,https://pixabay.com/photos/man-5940355_1920/,inferred
male/indian/man-921004_1920.jpg,pixabay,921004,https://pixabay.com/photos/man-921004_1920/,inferred
male/indian/md-duran-3pe-sQM8-28-unsplash.jpg,unsplash,3pe-sQM8-28,https://unsplash.com/photos/3pe-sQM8-28,inferred
male/indian/md-duran-RhIXw1Ua-NI-unsplash.jpg,unsplash,RhIXw1Ua-NI,https://unsplash.com/photos/RhIXw1Ua-NI,inferred
male/indian/md-duran-msnDjv5cC_U-unsplash.jpg,unsplash,msnDjv5cC_U,https://unsplash.com/photos/msnDjv5cC_U,inferred
male/indian/md-rakib-SW_pFXUOjTQ-unsplash.jpg,unsplash,SW_pFXUOjTQ,https://unsplash.com/photos/SW_pFXUOjTQ,inferred
male/indian/mitchell-luo-Mp8ZXtgR_Lg-unsplash.jpg,unsplash,Mp8ZXtgR_Lg,https://unsplash.com/photos/Mp8ZXtgR_Lg,inferred
male/indian/mitchell-luo-mVSlJeuqtL0-unsplash.jpg,unsplash,mVSlJeuqtL0,https://unsplash.com/photos/mVSlJeuqtL0,inferred
male/indian/model-633771_1920.jpg,pixabay,633771,https://pixabay.com/photos/model-633771_1920/,inferred
male/indian/muhammad-abdullah-hAnMkbSsDMs-unsplash.jpg,unsplash,hAnMkbSsDMs,https://unsplash.com/photos/hAnMkbSsDMs,inferred
male/indian/muhammad-ali-2LTkVBl6ViM-unsplash.jpg,unsplash,2LTkVBl6ViM,https://unsplash.com/photos/2LTkVBl6ViM,inferred
male/indian/muhammad-murtaza-ghani-65fj5U5HQek-unsplash.jpg,unsplash,65fj5U5HQek,https://unsplash.com/photos/65fj5U5HQek,inferred
male/indian/muhammad-murtaza-ghani-Qt6x9oQ3H08-unsplash.jpg,unsplash,Qt6x9oQ3H08,https://unsplash.com/photos/Qt6x9oQ3H08,inferred
male/indian/muhammad-murtaza-ghani-ShxuPMbO1lM-unsplash.jpg,unsplash,ShxuPMbO1lM,https://unsplash.com/photos/ShxuPMbO1lM,inferred
male/indian/muhammad-murtaza-ghani-Z5zPPTDQtHU-unsplash.jpg,unsplash,Z5zPPTDQtHU,https://unsplash.com/photos/Z5zPPTDQtHU,inferred
male/indian/muhammad-murtaza-ghani-iDN_Q0zSvY8-unsplash.jpg,unsplash,iDN_Q0zSvY8,https://unsplash.com/photos/iDN_Q0zSvY8,inferred
male/indian/muhammad-murtaza-ghani-nUjfEYmJYl0-unsplash.jpg,unsplash,nUjfEYmJYl0,https://unsplash.com/photos/nUjfEYmJYl0,inferred
male/indian/naga-sajjanapu-zXds99Aem5E-unsplash.jpg,unsplash,zXds99Aem5E,https://unsplash.com/photos/zXds99Aem5E,inferred
male/indian/nehal-patel-aho7nVdauuc-unsplash.jpg,unsplash,aho7nVdauuc,https://unsplash.com/photos/aho7nVdauuc,inferred
male/indian/nith-in-w1N1WmLDyHU-unsplash.jpg,unsplash,w1N1WmLDyHU,https://unsplash.com/photos/w1N1WmLDyHU,inferred
male/indian/noorulabdeen-ahmad-nDrV5Wq2lxU-unsplash.jpg,unsplash,nDrV5Wq2lxU,https://unsplash.com/photos/nDrV5Wq2lxU,inferred
male/indian/one-5889887_1920.jpg,pixabay,5889887,https://pixabay.com/photos/one-5889887_1920/,inferred
male/indian/pedram-normohamadian-daguyNdZFCY-unsplash.jpg,unsplash,daguyNdZFCY,https://unsplash.com/photos/daguyNdZFCY,inferred
male/indian/people-2456350_1920.jpg,pixabay,2456350,https://pixabay.com/photos/people-2456350_1920/,inferred
male/indian/people-3231960_1920.jpg,pixabay,3231960,https://pixabay.com/photos/people-3231960_1920/,inferred
male/indian/people-3358068_1920.jpg,pixabay,3358068,https://pixabay.com/photos/people-3358068_1920/,inferred
male/indian/pexels-ali-madad-sakhirani-997512.jpg,pexels,997512,https://www.pexels.com/photo/997512/,inferred
male/indian/pexels-anna-tarazevich-5119607.jpg,pexels,5119607,https://www.pexels.com/photo/5119607/,inferred
male/indian/pexels-askar-abayev-5638731.jpg,pexels,5638731,https://www.pexels.com/photo/5638731/,inferred
male/indian/pexels-atul-choudhary-2753381.jpg,pexels,2753381,https://www.pexels.com/photo/2753381/,inferred
male/indian/pexels-daniel-xavier-1212984.jpg,pexels,1212984,https://www.pexels.com/photo/1212984/,inferred
male/indian/pexels-dhemer-gonçalves-3036415.jpg,pexels,3036415,https://www.pexels.com/photo/3036415/,inferred
male/indian/pexels-fauxels-3184408.jpg,pexels,3184408,https://www.pexels.com/photo/3184408/,inferred
male/indian/pexels-ibadat-singh-2955247.jpg,pexels,2955247,https://www.pexels.com/photo/2955247/,inferred
male/indian/pexels-john-stephenson-5308640.jpg,pexels,5308640,https://www.pexels.com/photo/5308640/,inferred
male/indian/pexels-ketut-subiyanto-4307733.jpg,pexels,4307733,https://www.pexels.com/photo/4307733/,inferred
male/indian/pexels-nishant-aneja-2561432.jpg,pexels,2561432,https://www.pexels.com/photo/2561432/,inferred
male/indian/pexels-prince-photos-1537517.jpg,pexels,1537517,https://www.pexels.com/photo/1537517/,inferred
male/indian/pexels-rahul-shah-888956.jpg,pexels,888956,https://www.pexels.com/photo/888956/,inferred
male/indian/pexels-sora-shimazaki-5935750.jpg,pexels,5935750,https://www.pexels.com/photo/5935750/,inferred
male/indian/pexels-suleman-mukhtar-452557.jpg,pexels,452557,https://www.pexels.com/photo/452557/,inferred
male/indian/pexels-the-baljinder-4089881.jpg,pexels,4089881,https://www.pexels.com/photo/4089881/,inferred
male/indian/pexels-yogendra-singh-3748221.jpg,pexels,3748221,https://www.pexels.com/photo/3748221/,inferred
male/indian/pexels-yogendra-singh-5499219.jpg,pexels,5499219,https://www.pexels.com/photo/5499219/,inferred
male/indian/pexels-zain-ali-905470.jpg,pexels,905470,https://www.pexels.com/photo/905470/,inferred
male/indian/portrait-1469500_1920.jpg,pixabay,1469500,https://pixabay.com/photos/portrait-1469500_1920/,inferred
male/indian/portrait-2181213_1280.jpg,pixabay,2181213,https://pixabay.com/photos/portrait-2181213_1280/,inferred
male/indian/portrait-2529905_1920.jpg,pixabay,2529905,https://pixabay.com/photos/portrait-2529905_1920/,inferred
male/indian/portrait-2552312_1920.jpg,pixabay,2552312,https://pixabay.com/photos/portrait-2552312_1920/,inferred
male/indian/portrait-2612525_1920.jpg,pixabay,2612525,https://pixabay.com/photos/portrait-2612525_1920/,inferred
male/indian/portrait-419946_1920.jpg,pixabay,419946,https://pixabay.com/photos/portrait-419946_1920/,inferred
male/indian/pratik-gupta-PeG9dqAbyjE-unsplash.jpg,unsplash,PeG9dqAbyjE,https://unsplash.com/photos/PeG9dqAbyjE,inferred
male/indian/puvvukonvict-photography-0M_Aej4dRWU-unsplash.jpg,unsplash,0M_Aej4dRWU,https://unsplash.com/photos/0M_Aej4dRWU,inferred
male/indian/puvvukonvict-photography-AtpSEe3.jpg,unknown,,,unknown
male/indian/rahabi-khan-eNafqf_0ZWQ-unsplash.jpg,unsplash,eNafqf_0ZWQ,https://unsplash.com/photos/eNafqf_0ZWQ,inferred
male/indian/rahadiansyah-3RQEJUpu-Dc-unsplash.jpg,unsplash,3RQEJUpu-Dc,https://unsplash.com/photos/3RQEJUpu-Dc,inferred
male/indian/rohan-g-T9ckn3XHHnA-unsplash.jpg,unsplash,T9ckn3XHHnA,https://unsplash.com/photos/T9ckn3XHHnA,inferred
male/indian/safal-karki-_p93Zag8tgE-unsplash.jpg,unsplash,_p93Zag8tgE,https://unsplash.com/photos/_p93Zag8tgE,inferred
male/indian/salman-ahmad-JBxAQ_Blorw-unsplash.jpg,unsplash,JBxAQ_Blorw,https://unsplash.com/photos/JBxAQ_Blorw,inferred
male/indian/samir-basnet-qRmHuCrJkYY-unsplash.jpg,unsplash,qRmHuCrJkYY,https://unsplash.com/photos/qRmHuCrJkYY,inferred
male/indian/sammy-chandio-EvdFPEFqoxk-unsplash.jpg,unsplash,EvdFPEFqoxk,https://unsplash.com/photos/EvdFPEFqoxk,inferred
male/indian/sazzad-aryan-rjm8go9rL8Y-unsplash.jpg,unsplash,rjm8go9rL8Y,https://unsplash.com/photos/rjm8go9rL8Y,inferred
male/indian/sexy-1469502_1920.jpg,pixabay,1469502,https://pixabay.com/photos/sexy-1469502_1920/,inferred
male/indian/shivam-singh-2_X6NMP-E_U-unsplash.jpg,unsplash,2_X6NMP-E_U,https://unsplash.com/photos/2_X6NMP-E_U,inferred
male/indian/shivam-singh-DOmEd6CYP5M-unsplash(1).jpg,unsplash,DOmEd6CYP5M,https://unsplash.com/photos/DOmEd6CYP5M,inferred
male/indian/shivam-singh-DOmEd6CYP5M-unsplash.jpg,unsplash,DOmEd6CYP5M,https://unsplash.com/photos/DOmEd6CYP5M,inferred
male/indian/shudipto-sarker-9qpe5gZDc7E-unsplash.jpg,unsplash,9qpe5gZDc7E,https://unsplash.com/photos/9qpe5gZDc7E,inferred
male/indian/shudipto-sarker-IoFK2MP2aJ0-unsplash.jpg,unsplash,IoFK2MP2aJ0,https://unsplash.com/photos/IoFK2MP2aJ0,inferred
male/indian/suranjan-koirala-95-3iy_pj2I-unsplash.jpg,unsplash,95-3iy_pj2I,https://unsplash.com/photos/95-3iy_pj2I,inferred
male/indian/swapnil-dwivedi-N2IJ31xZ_ks-unsplash.jpg,unsplash,N2IJ31xZ_ks,https://unsplash.com/photos/N2IJ31xZ_ks,inferred
male/indian/theodore-goutas-aeq3jJj0sUw-unsplash.jpg,unsplash,aeq3jJj0sUw,https://unsplash.com/photos/aeq3jJj0sUw,inferred
male/indian/usman-yousaf-xYzEQptq7XU-unsplash.jpg,unsplash,xYzEQptq7XU,https://unsplash.com/photos/xYzEQptq7XU,inferred
male/indian/vishal-shiro-5935497_1920.jpg,pixabay,5935497,https://pixabay.com/photos/vishal-shiro-5935497_1920/,inferred
male/indian/white-1513923_1920.jpg,pixabay,1513923,https://pixabay.com/photos/white-1513923_1920/,inferred
male/indian/yogendra-singh-DFyFd76t1NY-unsplash.jpg,unsplash,DFyFd76t1NY,https://unsplash.com/photos/DFyFd76t1NY,inferred
male/indian/young-1761404_1920.jpg,pixabay,1761404,https://pixabay.com/photos/young-1761404_1920/,inferred
male/mideastern/118.jpg,unknown,,,unknown
male/mideastern/123.jpg,unknown,,,unknown
male/mideastern/129.jpg,unknown,,,unknown
male/mideastern/adrian-dascal-1QOsJGbNIgk-unsplash.jpg,unsplash,1QOsJGbNIgk,https://unsplash.com/photos/1QOsJGbNIgk,inferred
male/mideastern/ahmadreza-najafi-D5r5jhOaNNE-unsplash.jpg,unsplash,D5r5jhOaNNE,https://unsplash.com/photos/D5r5jhOaNNE,inferred
male/mideastern/aleksandar-popovski-Jy4ELSGPHTc-unsplash.jpg,unsplash,Jy4ELSGPHTc,https://unsplash.com/photos/Jy4ELSGPHTc,inferred
male/mideastern/alireza-esmaeeli-Twu-xDzDqGg-unsplash.jpg,unsplash,Twu-xDzDqGg,https://unsplash.com/photos/Twu-xDzDqGg,inferred
male/mideastern/alireza-moh-WHaTWy-nCkw-unsplash.jpg,unsplash,WHaTWy-nCkw,https://unsplash.com/photos/WHaTWy-nCkw,inferred
male/mideastern/allef-vinicius-37l3ap7rouo-unsplash.jpg,unsplash,37l3ap7rouo,https://unsplash.com/photos/37l3ap7rouo,inferred
male/mideastern/ameer-basheer-ABuzWPku1Ug-unsplash.jpg,unsplash,ABuzWPku1Ug,https://unsplash.com/photos/ABuzWPku1Ug,inferred
male/mideastern/amine-bashir-inTUOzVxdOA-unsplash.jpg,unsplash,inTUOzVxdOA,https://unsplash.com/photos/inTUOzVxdOA,inferred
male/mideastern/amir-mohammad-hp-MDylgrNv6-M-unsplash.jpg,unsplash,MDylgrNv6-M,https://unsplash.com/photos/MDylgrNv6-M,inferred
male/mideastern/amr-taha-EbWk-8X2LSI-unsplash.jpg,unsplash,EbWk-8X2LSI,https://unsplash.com/photos/EbWk-8X2LSI,inferred
male/mideastern/arabs-618749_1920.jpg,pixabay,618749,https://pixabay.com/photos/arabs-618749_1920/,inferred
male/mideastern/artist-3852896_1920.jpg,pixabay,3852896,https://pixabay.com/photos/artist-3852896_1920/,inferred
male/mideastern/ashkan-forouzani-HF-pfqi3Cxk-unsplash(1).jpg,unsplash,HF-pfqi3Cxk,https://unsplash.com/photos/HF-pfqi3Cxk,inferred
male/mideastern/ashkan-forouzani-HF-pfqi3Cxk-unsplash.jpg,unsplash,HF-pfqi3Cxk,https://unsplash.com/photos/HF-pfqi3Cxk,inferred
male/mideastern/ashkan-forouzani-IZROIf9IO3I-unsplash.jpg,unsplash,IZROIf9IO3I,https://unsplash.com/photos/IZROIf9IO3I,inferred
male/mideastern/ashkan-forouzani-Qqchjk9bk9U-unsplash.jpg,unsplash,Qqchjk9bk9U,https://unsplash.com/photos/Qqchjk9bk9U,inferred
male/mideastern/ashkan-forouzani-YzsFkMBMhoQ-unsplash.jpg,unsplash,YzsFkMBMhoQ,https://unsplash.com/photos/YzsFkMBMhoQ,inferred
male/mideastern/ashkan-forouzani-bS1z7PKjDEc-unsplash.jpg,unsplash,bS1z7PKjDEc,https://unsplash.com/photos/bS1z7PKjDEc,inferred
male/mideastern/ashkan-forouzani-dz0C0Zv5QvM-unsplash(1).jpg,unsplash,dz0C0Zv5QvM,https://unsplash.com/photos/dz0C0Zv5QvM,inferred
male/mideastern/ashkan-forouzani-dz0C0Zv5QvM-unsplash.jpg,unsplash,dz0C0Zv5QvM,https://unsplash.com/photos/dz0C0Zv5QvM,inferred
male/mideastern/ashkan-forouzani-g0H0eazR5-M-unsplash(1).jpg,unsplash,g0H0eazR5-M,https://unsplash.com/photos/g0H0eazR5-M,inferred
male/mideastern/ashkan-forouzani-g0H0eazR5-M-unsplash.jpg,unsplash,g0H0eazR5-M,https://unsplash.com/photos/g0H0eazR5-M,inferred
male/mideastern/ashkan-forouzani-gvjqEmux8SU-unsplash.jpg,unsplash,gvjqEmux8SU,https://unsplash.com/photos/gvjqEmux8SU,inferred
male/mideastern/ashkan-forouzani-jXnCPQ5JTVo-unsplash.jpg,unsplash,jXnCPQ5JTVo,https://unsplash.com/photos/jXnCPQ5JTVo,inferred
male/mideastern/ashkan-forouzani-rSUGzRIa-8M-unsplash.jpg,unsplash,rSUGzRIa-8M,https://unsplash.com/photos/rSUGzRIa-8M,inferred
male/mideastern/ashwini-chaudhary-fvm4bFVK7qM-unsplash.jpg,unsplash,fvm4bFVK7qM,https://unsplash.com/photos/fvm4bFVK7qM,inferred
male/mideastern/baby-5925923_1920.jpg,pixabay,5925923,https://pixabay.com/photos/baby-5925923_1920/,inferred
male/mideastern/beard-1866984_1920.jpg,pixabay,1866984,https://pixabay.com/photos/beard-1866984_1920/,inferred
male/mideastern/bhavya-shah-jfzd8vXlDDY-unsplash.jpg,unsplash,jfzd8vXlDDY,https://unsplash.com/photos/jfzd8vXlDDY,inferred
male/mideastern/biceps-2746490_1920.jpg,pixabay,2746490,https://pixabay.com/photos/biceps-2746490_1920/,inferred
male/mideastern/boy-2407597_1920.jpg,pixabay,2407597,https://pixabay.com/photos/boy-2407597_1920/,inferred
male/mideastern/businessman-805769_1920.jpg,pixabay,805769,https://pixabay.com/photos/businessman-805769_1920/,inferred
male/mideastern/chris-blonk-l1U_iSgNRGY-unsplash.jpg,unsplash,l1U_iSgNRGY,https://unsplash.com/photos/l1U_iSgNRGY,inferred
male/mideastern/damir-yakupov-rsx0Bj6s770-unsplash.jpg,unsplash,rsx0Bj6s770,https://unsplash.com/photos/rsx0Bj6s770,inferred
male/mideastern/dev-asangbam-amYKxUUet60-unsplash.jpg,unsplash,amYKxUUet60,https://unsplash.com/photos/amYKxUUet60,inferred
male/mideastern/docusign-ujkG7mTs7IM-unsplash.jpg,unsplash,ujkG7mTs7IM,https://unsplash.com/photos/ujkG7mTs7IM,inferred
male/mideastern/dollar-gill-KxCErTse64c-unsplash.jpg,unsplash,KxCErTse64c,https://unsplash.com/photos/KxCErTse64c,inferred
male/mideastern/dollar-gill-Ofcqtn296M0-unsplash.jpg,unsplash,Ofcqtn296M0,https://unsplash.com/photos/Ofcqtn296M0,inferred
male/mideastern/emir-saldierna-oGcAzDcAXWU-unsplash.jpg,unsplash,oGcAzDcAXWU,https://unsplash.com/photos/oGcAzDcAXWU,inferred
male/mideastern/engin-akyurt-VwqQ-eJnz8o-unsplash.jpg,unsplash,VwqQ-eJnz8o,https://unsplash.com/photos/VwqQ-eJnz8o,inferred
male/mideastern/face-3737238_1920.jpg,pixabay,3737238,https://pixabay.com/photos/face-3737238_1920/,inferred
male/mideastern/fares-hamouche-3mv2czJrEiw-unsplash.jpg,unsplash,3mv2czJrEiw,https://unsplash.com/photos/3mv2czJrEiw,inferred
male/mideastern/fashion-5608514_1920.jpg,pixabay,5608514,https://pixabay.com/photos/fashion-5608514_1920/,inferred
male/mideastern/fayiz-musthafa-yGqsr6EVrGw-unsplash.jpg,unsplash,yGqsr6EVrGw,https://unsplash.com/photos/yGqsr6EVrGw,inferred
male/mideastern/gita-krishnamurti-6B4KC-eWJDs-unsplash.jpg,unsplash,6B4KC-eWJDs,https://unsplash.com/photos/6B4KC-eWJDs,inferred
male/mideastern/guillaume-issaly-cKuMOZ1-EKQ-unsplash.jpg,unsplash,cKuMOZ1-EKQ,https://unsplash.com/photos/cKuMOZ1-EKQ,inferred
male/mideastern/gursimrat-ganda-ICZWButbZx4-unsplash.jpg,unsplash,ICZWButbZx4,https://unsplash.com/photos/ICZWButbZx4,inferred
male/mideastern/handsome-1290126_1920.jpg,pixabay,1290126,https://pixabay.com/photos/handsome-1290126_1920/,inferred
male/mideastern/hannah-cook-dqa2LjshmWY-unsplash.jpg,unsplash,dqa2LjshmWY,https://unsplash.com/photos/dqa2LjshmWY,inferred
male/mideastern/henri-pham-Ml4tr2WO7JE-unsplash.jpg,unsplash,Ml4tr2WO7JE,https://unsplash.com/photos/Ml4tr2WO7JE,inferred
male/mideastern/igor-rodrigues-FjFiPGWeWKI-unsplash.jpg,unsplash,FjFiPGWeWKI,https://unsplash.com/photos/FjFiPGWeWKI,inferred
male/mideastern/irene-strong-nTX1KAnjHWI-unsplash.jpg,unsplash,nTX1KAnjHWI,https://unsplash.com/photos/nTX1KAnjHWI,inferred
male/mideastern/itay-verchik-6ZKGBzrDd3I-unsplash.jpg,unsplash,6ZKGBzrDd3I,https://unsplash.com/photos/6ZKGBzrDd3I,inferred
male/mideastern/james-barr-iboQqkO7AEw-unsplash.jpg,unsplash,iboQqkO7AEw,https://unsplash.com/photos/iboQqkO7AEw,inferred
male/mideastern/james-barr-jYrFcbztIHA-unsplash.jpg,unsplash,jYrFcbztIHA,https://unsplash.com/photos/jYrFcbztIHA,inferred
male/mideastern/james-barr-oRsSeYqJUgY-unsplash.jpg,unsplash,oRsSeYqJUgY,https://unsplash.com/photos/oRsSeYqJUgY,inferred
male/mideastern/jassir-jonis-OHVBfnxiokY-unsplash.jpg,unsplash,OHVBfnxiokY,https://unsplash.com/photos/OHVBfnxiokY,inferred
male/mideastern/jesus-eca-wU4hzVf122M-unsplash.jpg,unsplash,wU4hzVf122M,https://unsplash.com/photos/wU4hzVf122M,inferred
male/mideastern/joel-muniz-juKjPjVBza8-unsplash.jpg,unsplash,juKjPjVBza8,https://unsplash.com/photos/juKjPjVBza8,inferred
male/mideastern/jose-g-ortega-castro-cPGbyVIfIYU-unsplash.jpg,unsplash,cPGbyVIfIYU,https://unsplash.com/photos/cPGbyVIfIYU,inferred
male/mideastern/joshua-purnell-kz6qS9mWbAo-unsplash.jpg,unsplash,kz6qS9mWbAo,https://unsplash.com/photos/kz6qS9mWbAo,inferred
male/mideastern/kamal-alkhatib-i4ls_N9o968-unsplash.jpg,unsplash,i4ls_N9o968,https://unsplash.com/photos/i4ls_N9o968,inferred
male/mideastern/kamil-mehmood-E_9onZVXwcQ-unsplash.jpg,unsplash,E_9onZVXwcQ,https://unsplash.com/photos/E_9onZVXwcQ,inferred
male/mideastern/kate_mes7-YIyERGGmTfE-unsplash.jpg,unsplash,YIyERGGmTfE,https://unsplash.com/photos/YIyERGGmTfE,inferred
male/mideastern/katie-moum-yXfdoI66AtQ-unsplash.jpg,unsplash,yXfdoI66AtQ,https://unsplash.com/photos/yXfdoI66AtQ,inferred
male/mideastern/kouki-walim-71ZedHD4P7Y-unsplash.jpg,unsplash,71ZedHD4P7Y,https://unsplash.com/photos/71ZedHD4P7Y,inferred
male/mideastern/lexscope-gRWdcPHz7uA-unsplash.jpg,unsplash,gRWdcPHz7uA,https://unsplash.com/photos/gRWdcPHz7uA,inferred
male/mideastern/luca-anasta-JMNXb6KBJwI-unsplash.jpg,unsplash,JMNXb6KBJwI,https://unsplash.com/photos/JMNXb6KBJwI,inferred
male/mideastern/lumensoft-technologies-JGGaefIIc6Y-unsplash.jpg,unsplash,JGGaefIIc6Y,https://unsplash.com/photos/JGGaefIIc6Y,inferred
male/mideastern/male-4443092_1920.jpg,pixabay,4443092,https://pixabay.com/photos/male-4443092_1920/,inferred
male/mideastern/male-4616459_1920.jpg,pixabay,4616459,https://pixabay.com/photos/male-4616459_1920/,inferred
male/mideastern/male-5869656_1920.jpg,pixabay,5869656,https://pixabay.com/photos/male-5869656_1920/,inferred
male/mideastern/male-5869769_1920.jpg,pixabay,5869769,https://pixabay.com/photos/male-5869769_1920/,inferred
male/mideastern/male-5869776_1920.jpg,pixabay,5869776,https://pixabay.com/photos/male-5869776_1920/,inferred
male/mideastern/man-1129953_1920.jpg,pixabay,1129953,https://pixabay.com/photos/man-1129953_1920/,inferred
male/mideastern/man-1688347_1920.jpg,pixabay,1688347,https://pixabay.com/photos/man-1688347_1920/,inferred
male/mideastern/man-1885147_1920.jpg,pixabay,1885147,https://pixabay.com/photos/man-1885147_1920/,inferred
male/mideastern/man-2785071_1920.jpg,pixabay,2785071,https://pixabay.com/photos/man-2785071_1920/,inferred
male/mideastern/man-2969985_1920.jpg,pixabay,2969985,https://pixabay.com/photos/man-2969985_1920/,inferred
male/mideastern/man-3057370_1920.jpg,pixabay,3057370,https://pixabay.com/photos/man-3057370_1920/,inferred
male/mideastern/man-3485138_1920.jpg,pixabay,3485138,https://pixabay.com/photos/man-3485138_1920/,inferred
male/mideastern/man-355612_1920.jpg,pixabay,355612,https://pixabay.com/photos/man-355612_1920/,inferred
male/mideastern/man-4752273_1920.jpg,pixabay,4752273,https://pixabay.com/photos/man-4752273_1920/,inferred
male/mideastern/man-5613125_1920.jpg,pixabay,5613125,https://pixabay.com/photos/man-5613125_1920/,inferred
male/mideastern/man-5923039_1920.jpg,pixabay,5923039,https://pixabay.com/photos/man-5923039_1920/,inferred
male/mideastern/matthijs-van-dis-zdhgC39sT9w-unsplash.jpg,unsplash,zdhgC39sT9w,https://unsplash.com/photos/zdhgC39sT9w,inferred
male/mideastern/mauro-paillex-moDxmttUP00-unsplash.jpg,unsplash,moDxmttUP00,https://unsplash.com/photos/moDxmttUP00,inferred
male/mideastern/mehrdad-dadaei--aY-mUygMD0-unsplash(1).jpg,unsplash,-aY-mUygMD0,https://unsplash.com/photos/-aY-mUygMD0,inferred
male/mideastern/mehrdad-dadaei--aY-mUygMD0-unsplash.jpg,unsplash,-aY-mUygMD0,https://unsplash.com/photos/-aY-mUygMD0,inferred
male/mideastern/men-1171087_1920.jpg,pixabay,1171087,https://pixabay.com/photos/men-1171087_1920/,inferred
male/mideastern/metin-ozer-2jLCmcuwAc8-unsplash.jpg,unsplash,2jLCmcuwAc8,https://unsplash.com/photos/2jLCmcuwAc8,inferred
male/mideastern/meysam-jarahkar-SaQf2X_qZSU-unsplash.jpg,unsplash,SaQf2X_qZSU,https://unsplash.com/photos/SaQf2X_qZSU,inferred
male/mideastern/mhrezaa-iOrq0FnSQTE-unsplash.jpg,unsplash,iOrq0FnSQTE,https://unsplash.com/photos/iOrq0FnSQTE,inferred
male/mideastern/milad-shams-89UvLA2zWJI-unsplash.jpg,unsplash,89UvLA2zWJI,https://unsplash.com/photos/89UvLA2zWJI,inferred
male/mideastern/milad-shams-CdObhuoQ7Q0-unsplash.jpg,unsplash,CdObhuoQ7Q0,https://unsplash.com/photos/CdObhuoQ7Q0,inferred
male/mideastern/mile-modic-Sv9xCQ7RBCs-unsplash.jpg,unsplash,Sv9xCQ7RBCs,https://unsplash.com/photos/Sv9xCQ7RBCs,inferred
male/mideastern/moein-rahmani-A3802JoFGqg-unsplash.jpg,unsplash,A3802JoFGqg,https://unsplash.com/photos/A3802JoFGqg,inferred
male/mideastern/mohammad-metri-r8J8AfoHPz4-unsplash.jpg,unsplash,r8J8AfoHPz4,https://unsplash.com/photos/r8J8AfoHPz4,inferred
male/mideastern/monica-dahiya-caPZQg42c54-unsplash.jpg,unsplash,caPZQg42c54,https://unsplash.com/photos/caPZQg42c54,inferred
male/mideastern/moroccan-1270331_1920.jpg,pixabay,1270331,https://pixabay.com/photos/moroccan-1270331_1920/,inferred
male/mideastern/muhammad-faiz-zulkeflee-BuxUWCobuGA-unsplash.jpg,unsplash,BuxUWCobuGA,https://unsplash.com/photos/BuxUWCobuGA,inferred
male/mideastern/mustache-5040636_1920.jpg,pixabay,5040636,https://pixabay.com/photos/mustache-5040636_1920/,inferred
male/mideastern/naim-ahmed-8BcVHmAHtlw-unsplash.jpg,unsplash,8BcVHmAHtlw,https://unsplash.com/photos/8BcVHmAHtlw,inferred
male/mideastern/nasro-azaizia-1NP6_EsAYl8-unsplash.jpg,unsplash,1NP6_EsAYl8,https://unsplash.com/photos/1NP6_EsAYl8,inferred
male/mideastern/nonsap-visuals-kMJp7620W6U-unsplash.jpg,unsplash,kMJp7620W6U,https://unsplash.com/photos/kMJp7620W6U,inferred
male/mideastern/nowah-bartscher-Gpm_PGnNAug-unsplash.jpg,unsplash,Gpm_PGnNAug,https://unsplash.com/photos/Gpm_PGnNAug,inferred
male/mideastern/omar-ram-slwxJCmwHPY-unsplash.jpg,unsplash,slwxJCmwHPY,https://unsplash.com/photos/slwxJCmwHPY,inferred
male/mideastern/paola-aguilar-LkQHGSVzfsk-unsplash.jpg,unsplash,LkQHGSVzfsk,https://unsplash.com/photos/LkQHGSVzfsk,inferred
male/mideastern/people-3309614_1920.jpg,pixabay,3309614,https://pixabay.com/photos/people-3309614_1920/,inferred
male/mideastern/pexels-ayaka-kato-2860892.jpg,pexels,2860892,https://www.pexels.com/photo/2860892/,inferred
male/mideastern/pexels-emre-keshavarz-3518392.jpg,pexels,3518392,https://www.pexels.com/photo/3518392/,inferred
male/mideastern/pexels-hebert-santos-5485599.jpg,pexels,5485599,https://www.pexels.com/photo/5485599/,inferred
male/mideastern/pexels-himesh-mehta-2880285.jpg,pexels,2880285,https://www.pexels.com/photo/2880285/,inferred
male/mideastern/pexels-hussein-altameemi-1678821.jpg,pexels,1678821,https://www.pexels.com/photo/1678821/,inferred
male/mideastern/pexels-ibadat-singh-2586823.jpg,pexels,2586823,https://www.pexels.com/photo/2586823/,inferred
male/mideastern/pexels-lina-kivaka-3395282.jpg,pexels,3395282,https://www.pexels.com/photo/3395282/,inferred
male/mideastern/pexels-marcelo-chagas-3583894.jpg,pexels,3583894,https://www.pexels.com/photo/3583894/,inferred
male/mideastern/pexels-pixabay-35539.jpg,pexels,35539,https://www.pexels.com/photo/35539/,inferred
male/mideastern/pexels-yazan-khalifeh-1000225.jpg,pexels,1000225,https://www.pexels.com/photo/1000225/,inferred
male/mideastern/portrait-2529904_1920.jpg,pixabay,2529904,https://pixabay.com/photos/portrait-2529904_1920/,inferred
male/mideastern/portrait-3052641_1920.jpg,pixabay,3052641,https://pixabay.com/photos/portrait-3052641_1920/,inferred
male/mideastern/portrait-4980389_1920.jpg,pixabay,4980389,https://pixabay.com/photos/portrait-4980389_1920/,inferred
male/mideastern/portrait-5945929_1920.jpg,pixabay,5945929,https://pixabay.com/photos/portrait-5945929_1920/,inferred
male/mideastern/reza-biazar-eSjmZW97cH8-unsplash.jpg,unsplash,eSjmZW97cH8,https://unsplash.com/photos/eSjmZW97cH8,inferred
male/mideastern/riccardo-fissore-QMfP5xza0vU-unsplash.jpg,unsplash,QMfP5xza0vU,https://unsplash.com/photos/QMfP5xza0vU,inferred
male/mideastern/ruslan-ihnatenko-2Bb2auSD1hY-unsplash.jpg,unsplash,2Bb2auSD1hY,https://unsplash.com/photos/2Bb2auSD1hY,inferred
male/mideastern/sadhu-1166066_1920.jpg,pixabay,1166066,https://pixabay.com/photos/sadhu-1166066_1920/,inferred
male/mideastern/sahil-moosa-JWUYb-5OSYU-unsplash.jpg,unsplash,JWUYb-5OSYU,https://unsplash.com/photos/JWUYb-5OSYU,inferred
male/mideastern/sammy-chandio-xmbL3d1gE5Q-unsplash.jpg,unsplash,xmbL3d1gE5Q,https://unsplash.com/photos/xmbL3d1gE5Q,inferred
male/mideastern/sandeep-swarnkar-Dj5hm0S257U-unsplash.jpg,unsplash,Dj5hm0S257U,https://unsplash.com/photos/Dj5hm0S257U,inferred
male/mideastern/seth-doyle-wys9Jty8wNQ-unsplash.jpg,unsplash,wys9Jty8wNQ,https://unsplash.com/photos/wys9Jty8wNQ,inferred
male/mideastern/sexy-3049894_1920.jpg,pixabay,3049894,https://pixabay.com/photos/sexy-3049894_1920/,inferred
male/mideastern/shivam-singh-2_X6NMP-E_U-unsplash.jpg,unsplash,2_X6NMP-E_U,https://unsplash.com/photos/2_X6NMP-E_U,inferred
male/mideastern/shoaeb-hameed-kEfO2edX4Gg-unsplash.jpg,unsplash,kEfO2edX4Gg,https://unsplash.com/photos/kEfO2edX4Gg,inferred
male/mideastern/sina-rezakhani-jIPRAqxE6P8-unsplash.jpg,unsplash,jIPRAqxE6P8,https://unsplash.com/photos/jIPRAqxE6P8,inferred
male/mideastern/sumeet-singh-XPUxjOq8yFA-unsplash.jpg,unsplash,XPUxjOq8yFA,https://unsplash.com/photos/XPUxjOq8yFA,inferred
male/mideastern/t-r-a-v-e-l-e-r-g-e-e-k-p5oh6YkMTb0-unsplash.jpg,unsplash,p5oh6YkMTb0,https://unsplash.com/photos/p5oh6YkMTb0,inferred
male/mideastern/tanjir-ahmed-chowdhury-d-7p5mKk9ys-unsplash.jpg,unsplash,d-7p5mKk9ys,https://unsplash.com/photos/d-7p5mKk9ys,inferred
male/mideastern/thobe-805762_1920.jpg,pixabay,805762,https://pixabay.com/photos/thobe-805762_1920/,inferred
male/mideastern/tim-mossholder-zIBn97bCJoI-unsplash(1).jpg,unsplash,zIBn97bCJoI,https://unsplash.com/photos/zIBn97bCJoI,inferred
male/mideastern/tradition-60791_1920.jpg,pixabay,60791,https://pixabay.com/photos/tradition-60791_1920/,inferred
male/mideastern/vaishnav-chogale-rJuA7hz1M7Q-unsplash.jpg,unsplash,rJuA7hz1M7Q,https://unsplash.com/photos/rJuA7hz1M7Q,inferred
male/mideastern/wilfred-sequeira-tXNjCm4bN8Y-unsplash.jpg,unsplash,tXNjCm4bN8Y,https://unsplash.com/photos/tXNjCm4bN8Y,inferred
male/mideastern/young-4041629_1920.jpg,pixabay,4041629,https://pixabay.com/photos/young-4041629_1920/,inferred
male/mideastern/zabih-khan-SQWDVRdjp2E-unsplash.jpg,unsplash,SQWDVRdjp2E,https://unsplash.com/photos/SQWDVRdjp2E,inferred
male/mideastern/zachi-denicola-RytIjfk0tFY-unsplash.jpg,unsplash,RytIjfk0tFY,https://unsplash.com/photos/RytIjfk0tFY,inferred
