sheet,position,legacy_path,image_id,screen_rank
1,1,male/caucasian/guy12.jpg,20741dc6d32104e282cdebcb37cb6512633ed58e03f65380313bac874f1adeaa,0
1,2,female/mideastern/hamid-tajik-QXbJ3yhMNK4-unsplash.jpg,c1911707e1c34431ce3e28eb12ac589fed7069f6e7020c507275926eddd206e8,3
1,3,male/asian/pexels-min-an-1157461.jpg,9f9982cc569c1893cf9cbe17e3375219ed0425117d0dae605c14184b50043e9c,4
1,4,male/caucasian/mehmet-turgut-kirkgoz-GHks3u7dzcc-unsplash.jpg,ba56a6d6e58bcdba7b5bf63463929dbcf143bdf06dd7ad8ec571efee558ff605,5
1,5,female/mideastern/yogendra-singh-AlpBsZF_uXM-unsplash.jpg,4b69bdf8f8339548743b99650359f26898e197ae3b87d92306b2fc3d374dcb4f,6
1,6,female/asian/pexels-rodnae-productions-4920897.jpg,6d270371c2818e3d63060885ff660dc318b19264c2047fc657fed928ac8f9e99,7
1,7,female/hispanic/conner-ching-b9833srFlac-unsplash.jpg,538ca54593efd2a9ba11c3e63d55c5192806c8efddf1107c6f2278f472c4d3fc,8
1,8,female/caucasian/girl-3848191_1920.jpg,de2759da7248837d0500a2b615570b91428e07d2ede921a647213b1d6bb41c11,9
1,9,male/black/clem-onojeghuo-f1_w7Wrnabg-unsplash.jpg,71abe5dda991289af04b5c616ce8bd210c26c8ae1b6d75e8c94b6ef9ee02a79d,10
1,10,male/caucasian/brazil-1368806_1920.jpg,a0bf5f9c3f90047a31236b647860f503aff14f931641f1b343972e3bf25ee5cd,11
1,11,male/asian/jiangxulei1990-U3G3ed8-BT4-unsplash.jpg,7daca3e4462bd5c8e25dacecd550612e62fd6ea74e8cba4b951289af0a40a8c9,12
1,12,male/caucasian/143.jpg,f2ef348c8a74e37d141ada604251092b463aee9919de3990373a2dd32c898660,13
1,13,male/hispanic/man-2482464_1920.jpg,00beaa22d52849a13ca8ea59a684a243fe35ee98919e67f741589488905ffa45,14
1,14,female/caucasian/anton-malanin-lxEqRDB9Ng8-unsplash.jpg,d876eeb6a2dacf8fbc7579b7df21d2b3001b76c778e247abc046fd0eb40296e9,15
1,15,female/caucasian/daniel-spase-s4bml9X2lVs-unsplash.jpg,7d4babcd92918ddc9733e17f885a5676deb32ef33c9fc85a943e1127dc7bde54,16
1,16,male/asian/pexels-padli-pradana-3751857.jpg,dd083f0d0e7386dd225df638a5df52541e0af170c5d501b3c49a562a93bc78fb,17
1,17,female/caucasian/jj-jordan-t9tNNBEPwV0-unsplash.jpg,ee61ecd82f7117cf68f52753aa25c4eceea9247d7d4ab316ab74b27c460ba931,18
1,18,female/hispanic/patrick-gillespie-8j0CTWsImzo-unsplash.jpg,bb22f1c7cf7acd3cc938aa1106ffaaaeecb4a0eb856fdf03e8bdaacd0180c5a7,19
1,19,male/mideastern/arabs-618749_1920.jpg,6489ee660ea697b1e564bbeeebe302fd33108232f76e1949d64578edd7fe6894,20
1,20,male/black/hunter-newton-7eTWaJ4Ex8I-unsplash.jpg,63d58167a6434f6d101b8b0252a4840b623bdc06ef318235ebf43e848cc506a3,21
1,21,female/asian/jim-flores-dE6c9RZoyL8-unsplash.jpg,4874cfab3f822dfa62475aed89a742a2a31d3055163dd156fbdd4ebe5c4a3074,22
1,22,male/indian/man-2933801_1920.jpg,63e9b6ab07169a236117d87b2b4c1d0eeac432072d2fc109751375c68c14666d,23
1,23,male/indian/indian-3459541_1920.jpg,7513e411dfb0753e6e550ef27fc355957b00106c1c4a1bbd85b963328b8ad4b5,24
1,24,female/asian/42.jpg,d55e7a6e7af1d1d13b4c01256c4ec1fe41f2bd8e8417cb4c6c05125a39817d18,25
1,25,male/caucasian/young-2807688_1920.jpg,7ce1dc6ef1897df10e9cd84713fde43409ff0ddcbc5ebc01f5e4449f79409074,26
1,26,female/indian/yogendra-singh-Sx00bDu24_k-unsplash.jpg,cab93cfd9ece12a85662cae84b2ab4a354023ec215a44d4783927577295a8334,27
1,27,female/caucasian/pexels-alina-schelkanova-4495746.jpg,b615189d2db645240d041d2de2bb8be2d358fec7e0a235a5e80c7164c4587824,28
1,28,female/mideastern/mosoianu-bogdan-eY1_nQs9aNI-unsplash.jpg,3ce102781434058d4caeb73d4a70c640e32f1639dfbdb28bd856bbf75f89e0e3,29
1,29,female/black/demorris-byrd-7Xqi7VLqfpA-unsplash.jpg,1e396b356e26100cafe1120efe558049b92227d7d234cea5c4310ecc636358b9,30
1,30,female/indian/indian-5033682_1920.jpg,fab73af0edc21072655035e34dc509193fb731f2c6ad2635e9e8e25de34696d7,31
1,31,male/black/alekzan-powell-5t5krHi1LQ8-unsplash.jpg,a811f092dd350b3b5c13386e5c761550fbb9701ce2c9c942ffb680f4ae5fb7b4,32
1,32,male/mideastern/pexels-hussein-altameemi-1678821.jpg,3691848b067c6f775d32d2ac5cb2e3989250b80f6803a2ad19e42c714ab195fe,33
1,33,female/black/national-cancer-institute-duNbFJRhaJQ-unsplash.jpg,95e42a9c332b8d91aa40bef181f4787e218bc3b73ac342b17b5bd188810bc7a6,34
1,34,male/black/pexels-nappy-935969.jpg,fde9353e670b0dbaa1488ede2a26b47b614e471045e60e8612ae93f5e328c08f,35
1,35,female/black/cute-4721888_1920.jpg,727a77c2f240d13fcf08e04c43a3a5cc829730a41b5ad3eb8421ab4884810e6d,36
1,36,female/mideastern/woman-1462682_1920.jpg,7b53bbb013fbcbf414926008aed13149bb121c9d668bf14a3013e06cb67b02d1,37
1,37,female/black/smile-2072908_1920.jpg,afbd994a5a87ef86ffdaa8c40884b798da6392b3e7b6314a1d97339b31e4a169,38
1,38,male/asian/imansyah-muhamad-putera-n4KewLKFOZw-unsplash.jpg,90849d84794b76327cb45f4c8c7931959641cea3e7da89646916eb9526fa24e5,39
1,39,female/indian/59.jpg,dafeb8b40bd585f957a3bd3d8c0b02814292b7423708ad734ac6b1dbb2ab28d7,40
1,40,female/caucasian/remy_loz-K3YvfgwLHBs-unsplash.jpg,372b08cdaba185e100945ded1ae375ae1fdbe8dfcf3be9b91d13ca738a92f86f,41
2,1,female/asian/girl-1741941_1920.jpg,b10bb30f5ab9edc0d0d802ca4a2ad5c43dfd7598f4f0207170fd70f7bce760a7,42
2,2,female/indian/jennifer-marquez-9oLwI18NFfY-unsplash.jpg,7c5a25a425eb6a1a509abedfe61692ba1e4a68bc8d25e02aad826c30bcfa72bd,43
2,3,female/indian/pexels-tima-miroshnichenko-5988665.jpg,0176589c0b4d95d41743f4d7c48d7bd4e7d20f6f3c0ec9b2bf37a7bc002db28b,44
2,4,female/caucasian/fezbot2000-h_OTf7uvXuM-unsplash.jpg,5691eda3015e8b9f5edc6b8b386c73e77b91c3af98450a72ef8fbfcb75d53985,45
2,5,female/asian/pexels-ike-louie-natividad-2709388.jpg,4be28407e626c6c41f94de1452786fd523a4a113fbc580d87c99f4506510680d,46
2,6,female/asian/girl-2894898_1920.jpg,577785e90404f3440c9d569cfaeae4b4035a0cf38850f03eeb84b1b9dc76db75,47
2,7,female/caucasian/sofia-kuniakina-GeAqNAWZ1d0-unsplash.jpg,b9bf210dcb8c70223efa1ae2b8d77b94f7a55907c8c4f1bc002903bd8b3769f1,48
2,8,male/indian/juanma-velasquez-JrNsKhB5aRQ-unsplash.jpg,55794466cf3c8184b0cda52b2147eecf0d61834e509889b41d34509a4069a7fa,49
2,9,male/black/leilani-angel-K84vnnzxmTQ-unsplash.jpg,10b529d8525d269086c6ac43e765e250ae59e29a10b8bc8718a9f09a397f6640,50
2,10,male/indian/ilaya-raja-uX0yUOEYFFU-unsplash.jpg,dd22ff5952440eebbfbb59c7175284a77234af50369c8de2ad2a872f3647b849,51
2,11,male/caucasian/benjamin-klaver-9oZc8FXHVAQ-unsplash.jpg,c0841212074246933e1c49cd49128d3d45639c3db4585739e69fcaf5f67d3df0,52
2,12,male/mideastern/james-barr-oRsSeYqJUgY-unsplash.jpg,f5661c6f595ada6ab4aadd0034a8ffd5265773d96115974a1bb704a4ba552d3b,53
2,13,female/asian/daniel-rigdon-dXmXKPP2L4E-unsplash.jpg,d72f806b15f5ac10b87e0aa23db78c9588b4d474b1bad4c28f89e5ff4732140a,54
2,14,female/black/suad-kamardeen-pn2-F5lKM-U-unsplash.jpg,66e72b7e683ec4e1cb1dca613172218d9b6ad389c0d19bb445a7c6fbd259fbad,55
2,15,female/indian/weeding-4207311_1920.jpg,b190ae0e365f51d9a812a2e16d02e306388eb4b5ba65ad904a8040614b38283a,56
2,16,female/black/marcelo-rangel-E4P7SYt-hPs-unsplash.jpg,6bc96e9607594c1d140986130c5a32666e32ad70f3e6a1f1cb66e09991f08e20,57
2,17,male/hispanic/man-947161_1920.jpg,5438c68bfc2be40e846453da7e0dc94c5ec71d4224d2a97c2ddff02d2bf45f0f,58
2,18,female/mideastern/ana-itonishvili-12KpxzD4iis-unsplash.jpg,15cf9faf5ab9f3c9e5feb538d90049caae7edd2cd69dde42f38bde189337c847,59
2,19,female/asian/pexels-ketut-subiyanto-4350057.jpg,7b8e5d7b78e8d68a714e9e30fd96b49afc853e56b8c5870c771d4aab8072efbb,60
2,20,female/caucasian/bailey-mahon-jfPKQraxv0w-unsplash.jpg,4a786d3cf1aa9fc69c3b3c9cfe1896ef069aacb580645f2ccb64a31461144a55,61
2,21,male/indian/man-2367954_1920.jpg,48a0da19d69637ac77a2b338261caffcba173c28f458ba00146a44e9dcb0877c,62
2,22,male/caucasian/teenager-398355_1920.jpg,956d4030917c21cfe4ccdd5ed653f9afd6b3f0ac68a1be8b7f25cccdab9b30ee,63
2,23,female/caucasian/mohammed-hassan-YyvV9rF39lk-unsplash.jpg,2ac93cc12656b91a48c99c608010ecc39df1d6a445ff33f66403bb49ae4a6a1d,64
2,24,female/asian/women-5930352_1920.jpg,fa061f61e4717d170cec5ce23adc11f1e7e5b11d5f92fcd56dfbe718520ed655,65
2,25,female/asian/mathias-huysmans-kWLwiYznS3M-unsplash.jpg,de03aaf1ea5f8934f62520d405abfcb24529569f7112dc10d541c4c387758be6,66
2,26,female/indian/pexels-jc-romero-3236737.jpg,651c788e6e15f89aa997ea626fcf176b7629c564d06671ed0b811bdacea51095,67
2,27,male/mideastern/129.jpg,fc281b39159efc11ec33aed9eb46ec4b5ffc751bd2a8dc9c013a69ef3f662a37,68
2,28,male/mideastern/ashkan-forouzani-bS1z7PKjDEc-unsplash.jpg,0d5a8da13a19b5f9b62d1ad5ef88b63721358dfda1fdecbf6c1c8ee3f2fefee7,69
2,29,male/asian/people-1731137_1920.jpg,e42962ff8276746e6d234abbcc9bcd88240f2719d8953e9b9f3e7c73225d9dc5,70
2,30,male/black/pexels-areous-ahmad-2122949.jpg,fd71c0b5a5764e06a1a76a4532273d5e106d0688ea8ef83f28a41be2732f6757,71
2,31,female/asian/aiony-haust-orYdcTza06E-unsplash.jpg,a1828b8e714b0cfcfa2d68f1113158d85cb77c169651b13ab0e78d31d6f9bf54,72
2,32,male/mideastern/portrait-3052641_1920.jpg,d3cf41ea1c2b567b083ece6833b214956fdf697496ca309b5b8752a68f6bd14c,73
2,33,female/black/girl-444688_1920.jpg,a2d9d7240392af62f3bcc4214c48295dfc8a7df3587bbce6c21dde4f8d83a824,74
2,34,female/caucasian/child-3031836_1920.jpg,3e4fcc22c51f4d815b8b56e199d966d6d12b1486f4f595ce86168577c4332cba,75
2,35,male/mideastern/aleksandar-popovski-Jy4ELSGPHTc-unsplash.jpg,8967906d60d29ea9669a27c73803a449413be591a421c97d1a0f01e86ca0007f,76
2,36,female/black/beautiful-3257190_1920.jpg,edc18a6c15feb87b234e4ba44f6cbd117ef6c8812b7c1a40b737ba2beca47ee6,77
2,37,male/indian/man-3346780_1920.jpg,9966964ff347339353b62d78262844105f42a4242c236de45c7547ed45a5a6e7,78
2,38,male/black/pexels-cottonbro-6616672.jpg,e8767949c4b8aca85f27925d6e5e7f345086122a06a3e0666e6a375355496268,79
2,39,female/caucasian/woman-3073289_1920.jpg,181121b915adc8339451d5683bb3916c3a705a5982cb39cb26473bd359d41a71,80
2,40,female/caucasian/levi-clancy-WE0gt7t4o2k-unsplash.jpg,f5e650a710edcb48d2176b1944a41935f5d2468dfdd550de141f9cb1f8bfef0b,81
3,1,female/mideastern/imad-clicks-2_qmEnz7bQ4-unsplash.jpg,8f10395ffcf0a4d740696ce722f655c2479c16d3cc5e46ebc09705f8fb10cf00,82
3,2,female/indian/yogendra-singh-2W1bkp_Mie4-unsplash.jpg,da7a48e2b930842184d0c64b46c0c2a39f32e7a50c569726ec7e03fe00605cf6,83
3,3,female/caucasian/joseph-kellner-TFR1yggdvq8-unsplash.jpg,ac7bfdda55aff688b81007bd19941d790794f152d9f5c075a70891ff164c9348,84
3,4,female/black/cheerleader-863890_1920.jpg,0df7eeee27f0dcf1fcfd54dc9fd834cd99003c75657443cb366bf4938418ed6c,85
3,5,male/indian/ashkan-forouzani-Y8QiDJMEUGc-unsplash.jpg,34a9d34e688e095297f660ae59aa99e2ed02811a3d55d64cbf8a03b77d66f264,86
3,6,female/black/pexels-nappy-1068205.jpg,6277966861fad3f0d4ea34f80ab3e9b16220b2696066cb11a86292cd772ef6a5,87
3,7,male/caucasian/140.jpg,3df487cf322aef8932b70a42cc6abbe1063daadaff9a6bea131555a06425f398,88
3,8,male/asian/pexels-min-an-991217.jpg,b160c56d6da964455eff89a015568cf68f5af1c198aa5717891910aa081ec8df,89
3,9,male/indian/md-duran-3pe-sQM8-28-unsplash.jpg,478ca1df7d32a136d6faae6ff600599272042a32e11ef8168f7af0a2e747908c,90
3,10,male/indian/yogendra-singh-DFyFd76t1NY-unsplash.jpg,e83e4b42c26a2ffd51b15f4b4e77ffa6e20b5e8232ecb1b6f29accbcf1f9edc3,91
3,11,female/black/pexels-mwabonje-2680369.jpg,4e3681f6d1858a35bf8a540168f984e8cc83c28adc5d44915c7b40255dd28611,92
3,12,male/caucasian/young-3966056_1920.jpg,106be7e68790912ca2ace301eaf9789b75508c08a114257dfed0af6621f37fc4,93
3,13,female/asian/cris-trung-LRLxSTpq2Ds-unsplash.jpg,f44561ca01b9859b78223063817060ed14c48658206f4f56dda44baa066e2cf3,94
3,14,female/black/amevi-wisdom-wiUl_NyafcY-unsplash.jpg,061a06630932f2e5ed0d451c264c04291046e44071ff9f8696e6523a2f3e85f6,95
3,15,female/black/pexels-samson-katt-5256700.jpg,07841e6b48af0acc547dfe2b1d72cf117f676b122621101eb2b3283461dbe11b,96
3,16,male/asian/national-cancer-institute-kooSjlL8LnQ-unsplash.jpg,6fe8e35770e3dd358fb6cae51b55acda68a1caaaa9317697dc73e65568738f96,97
3,17,male/asian/stand-alone-1686740_1920.jpg,6c3f842fc2bd9994608aed327c67bfe1d921e7cca0015484e3464fc80f18b437,98
3,18,female/indian/dollar-gill-wcd5bS3x9mE-unsplash.jpg,30d4f938e9c2eda7d6ba302f1ce60f7857d298054bcaa00204699bd6e4c8e9a9,99
3,19,female/asian/suhendro-purnomo-4E3noTlLm1c-unsplash.jpg,7f8109f0c1ec80d1343c6e824f6a5e94277357bd8f38013bafd79f89c45e8a2b,100
3,20,male/asian/sport-1815798_1920.jpg,414e932cd3a0094c3e7377966b0431c25945ddcd0267959d447d27dfd9d1bee8,101
3,21,male/asian/mathieu-neuilly-BTBAoU_taRU-unsplash.jpg,53908405ffa36848b39b25af3a38207a2e44dedd720312adb48a4583364a809a,102
3,22,female/black/african-2197414_1920.jpg,c526eb28803ee809cb7c350546eaf04eb70d41c507aa4cdf6b6dfae8495eb7b8,103
3,23,female/asian/pexels-shahi-zidan-2692577.jpg,42b2a93a0b3b1076e0df0fd97475f079fae7740e1b2f1d796a40d0341d479978,104
3,24,female/indian/arvin-keynes-IPETsB4dcCs-unsplash.jpg,d57f71074cfd7ca7692e39299a10a74f0aa60133fa0c7987387104c219022bd1,105
3,25,male/black/marie-michele-bouchard-bEZQWH49daU-unsplash.jpg,5d93f0c4368453028c02b14d99c4c665279146f5ca19b23c0d4757eb45a2d45a,106
3,26,female/caucasian/volleyball-player-1624970_1920.jpg,8384f0086e22ae11e384017495445a4f50067626e2ce8b0eb229c3bd93d5b763,107
3,27,male/asian/yang-deng-C4bZ_42MAYA-unsplash.jpg,0784b51b2043f06b7a5ec52d10a56cdd9d91b9511910976c7b91a587187795a2,108
3,28,female/asian/watercolor-1214824_1920.jpg,ada4a6230a46d289869c11f207725070242a62b0b71c16649bb95cd92432197e,109
3,29,male/caucasian/taylor-hernandez-hZdF1lzo8fs-unsplash.jpg,0c632996a0c9d19ef373576049e8524d9a97ebdd171f79d23afae479ed36653a,110
3,30,male/indian/kazi-mizan-bfReptWpKEg-unsplash.jpg,7926b27df99e07e641483ec8841c18721cba0b3f1f97a273385c87557131755f,111
3,31,female/asian/raychan-sw30Y2Ek5t0-unsplash.jpg,aa8a95fedda15b83b08427231b1d22b8a60814456d070eb1ab1ba2277548e7e4,112
3,32,male/black/pexels-cottonbro-6616674.jpg,7fec89b9631cad9d473fc138a0b182cba6c1088904d4e9ca2068ebab9ad7a7f7,113
3,33,female/asian/woman-3951558_1920.jpg,e4ff9a2f4e7e4ca8a220648e0a55ae9dcaef832d54fa24dfbe663c1e7a41751e,114
3,34,female/mideastern/pexels-wesley-rocha-3797438.jpg,a28c8211a86338048a228ed426e7c31183a7740fc033a0be1d206c6f1b5d6057,115
3,35,female/asian/pexels-mental-health-america-(mha)-5531323.jpg,a03c45d9b505760b13deaaa88cdbb054fa4e81ec1fa1f10f31174d49c1f1fd5b,116
3,36,female/indian/india-4869731_1920.jpg,ab05c7b8ddeaa462c152483be7a50838e000797e3b02f7a924743fc1fb2fccba,117
3,37,female/asian/joel-mott-Z8MesVFSYac-unsplash.jpg,41d5573565c4a27118fc16dd3d1216a0ea8269dc10c818afe303f152eaef6278,118
3,38,female/caucasian/portrait-3292287_1920.jpg,f458b2012aa13f580a9319f17319984cd153d68e89f8466f57994bb7d5ef8d1a,119
3,39,male/caucasian/man-1868320_1920.jpg,6dc1f359adf7214d530495e5d230b091e59919b4fe94781275774f722ea4fe88,120
3,40,female/black/gabrielle-henderson-hZpmaacR8gE-unsplash.jpg,06210082a3f0691292c2aa870df183b7ba9fa24e9ec25e045da8de0f82f4ce16,121
4,1,female/hispanic/woman-5870296_1920.jpg,744ddd4be10a59b7419ef6b0c0e528a34cb3a311ed290f617f642912b24f7af3,122
4,2,male/black/brian-lundquist-8KRgRFWUwws-unsplash.jpg,723c4946c96bbc9146380a7418bd08f64d8f8b989409ed27e5cec8a1d21f9f78,123
4,3,male/black/dorrell-tibbs-gisFZKWpKQ4-unsplash.jpg,9ca27ca7bb00ea7b55ff4536fbf4296a92d5171d3b918b4359a0aa21be4b735f,124
4,4,female/indian/bride-5170727_1920.jpg,747c1b74036da5969129e73e5130c5579fd47b03d1e919d2033f964a3d34ebd9,125
4,5,male/black/britain-eriksen-Qz_xqGsshWU-unsplash.jpg,b074dacb3a876db32d7350e4b74bb6e1018744eb4ff1fbf975b2774ac6654344,126
4,6,female/asian/yeo-khee-uZCY6vjHGmE-unsplash.jpg,21c9f77a665527c67975ac39cc3a04f6bec02a4ac0dddbb41af8c1d6c5a3094b,127
4,7,female/asian/agung-pratamah-Xdm08vqsFrs-unsplash.jpg,5d85f1ff1043e0b9666dc19f17ddf80d94ddefa75ba55839c9f395912305122f,128
4,8,male/asian/pexels-min-an-898768.jpg,20d056191f2e261467ce46bc2b08db213f9ffb921563dbe5d81bbdf41d4f6888,129
4,9,female/indian/pexels-rahul-pandit-5382522.jpg,d2569dd742ff2e352bcf8aed0922eb73f6757d2718c1533510aee57e37ea241c,130
4,10,female/black/pexels-ezekixl-akinnewu-950243.jpg,e6feabcac901dbbcdbbcf9c4cf09a5736d87a5230e011d3324166486a0068a2e,131
4,11,male/indian/athul-krishna-kmrgLHTOo8s-unsplash.jpg,a4d59739f3b7d7f8924e8442dc3953378bf5116f809c9417cfb08c699c550c81,132
4,12,female/hispanic/fashion-1107721_1920.jpg,228ca18aae90966771c4d0ca5c7b08d77baeb323020cd76be93a425f0d0e028a,133
4,13,female/black/juno-jo-nwdPxI1h4NQ-unsplash.jpg,596a39805f88dfabffa2756de3dd487b5ee57d0232c5876c96d12eaa2ad77d0b,134
4,14,female/asian/woman-4804268_1920.jpg,a10100fe742c5cbb7ba85269aed98dd5149ccd5be7134700b1c92c86c9b00bff,135
4,15,female/caucasian/pexels-andrea-piacquadio-3769986.jpg,b7480b5cfb685c9a739cf64d72d7d9f8cd44b4e20381477862893def9802ea19,136
4,16,female/caucasian/jon-ly-ADBOC3UP4eQ-unsplash.jpg,5be2a1451f3f9623a0e4be2c14c3f3b92b422d6df6610df077d2b328aa2a6d8b,137
4,17,male/hispanic/austrian-national-library-NiwBev0Fosk-unsplash.jpg,cfa2dd08ec5311367bc5834b6d13cae47849f2126daed7763e79ba04d2f6b6d8,138
4,18,female/mideastern/woman-3950652_1920.jpg,a1dffa2e2b418b394bbe65fa173632019bfe74b5edadb121d17a4b60a6b02dd6,139
4,19,female/asian/asian-3885641_1920.jpg,b9a96180027801a8f28cb9c8fd759dc166718c1cf6b8a4839107fce6a5ffc0e6,140
4,20,female/asian/pexels-happy-pixels-3170437.jpg,5defc5fafd554a11f983e9f060485e0074c69711b81886c9152fc3bdec91c9b9,141
4,21,female/caucasian/28.jpg,b0c1c24504f2fc99161b26590788fb1911f177e6a3be4827ec4f487c23989d92,142
4,22,female/hispanic/andres-hernandez-KRwFmEBlgJo-unsplash.jpg,49f5d0d25e52af8e5e409f86661d253139ad90ecb62bed4e80ad9ef11ad84034,143
4,23,female/asian/pexels-anna-shvets-4672555.jpg,fc2e3066a8130351e4bc561073011ce821c1383620c2aea44d5a0a4a35c0de9d,144
4,24,male/caucasian/pexels-andrea-piacquadio-3779455.jpg,f5ef6f1e4ba7c19680caff3ea5d963fc80e7e984faf5659a3d47642186abb979,145
4,25,female/hispanic/omid-armin-xOjzehJ49Hk-unsplash.jpg,7c431307270d5edd6414b9fdb7b8c57a467ad5c724719b25a07c196ddf9e3f37,146
4,26,female/caucasian/omid-armin-VS4Bg3tWWcI-unsplash.jpg,96563839d8c2a46bfbc2762bed2f8c89325d6b75ae23c1d16ceb8e977d489cba,147
4,27,female/asian/huseyin-topcu-szDEzZPyfcQ-unsplash.jpg,d1874f717734f7d8befa8d801c2401b214f9c26fc5195ca73392202f54ed19b0,148
4,28,male/asian/dale-alejandro-QbCiAUrFjag-unsplash.jpg,22cb944bcc593576461229a3a4a9ff0e79f0963285dfa21fd3efd24c4ab80a73,149
4,29,male/mideastern/sexy-3049894_1920.jpg,6d464e8258b88356f83a0d7a2cd48198c9be21931304e2745ea896f66ccd6c1d,150
4,30,female/mideastern/gustavo-lanes-neFlyoPfCRM-unsplash.jpg,f60ac644fabfa582ac1c7388613a18739f8bf76085ed411fb2e0ec174841deb4,151
4,31,female/asian/outdoors-3341719_1920.jpg,a10ad2653f8873768d0913c02b3ea6440df63df4f24de8b81a25b16df6e8d29e,152
4,32,female/caucasian/allef-vinicius-RTiPK6GPBxg-unsplash.jpg,b34c04a4ce4c3a2926097bc6e34d82dd9619963a499a8b32e3c3f941d42c349d,153
4,33,female/caucasian/levin-anton-08Fqp6sWQ-E-unsplash.jpg,575bc156300ebcc26eaf7d261c6ab2044c0cf148a64398e3859697804e8f5441,154
4,34,female/indian/woman-smiling-1057659_1920.jpg,4b9963f9ee6e31ee06f4b33c838a4023c7915535d5c9f7fc7e99e0b2831bfcef,155
4,35,female/caucasian/woman-659352_1920.jpg,648a595da93eb58806ee86490f98667b3a6303137cad513a864f8d24d40e1cd2,156
4,36,male/caucasian/nikita-fox-2ODe_T5WRzA-unsplash.jpg,231195ef526a3181a2387edf118e57c7801db9d818884fe4ade101b9fafff9a2,157
4,37,male/hispanic/pexels-luan-queiros-3260952.jpg,d9e0f591f3f17d569a9615a2fd8329f189c3419be6ea18d08235b07a8a92eabf,158
4,38,male/black/pexels-tom-leishman-5255326.jpg,65cd9e39eec26ad6890125cabaaef23e07f446406fb46473e6d7fc710e3b572b,159
4,39,male/mideastern/sammy-chandio-xmbL3d1gE5Q-unsplash.jpg,dc6ebde64b89225865ec83e87035b68960cb8bc0f10f5ec7623ab61cade5e7b8,160
4,40,female/mideastern/53.jpg,1d8871bef4a3e2003ac2d250c6aca53f38ee1647a7c4728323815c431f8a201c,161
5,1,male/black/pexels-nesto-1676213.jpg,fd0123469d50544ce48d453e42dc378a157bf45d8367166fb2aa2e07a6e6b70f,162
5,2,male/asian/pexels-raul-reynoso-1578531.jpg,121748afa8f6faf757149a5135d9b5b4b28c07212838a85483769b795ac0f4c3,163
5,3,female/asian/bin-thi-u-xOBpdqH2Uao-unsplash.jpg,2b0110e962c9800c0aed0ce4faae0fd802e66caa965cc4688b75bfc01e3a8051,164
5,4,male/asian/ha-nguy-n-CelYET8aK68-unsplash.jpg,f971f9950fd8d09b9f07fb10be5294d701627f3a1adf8ebf8597cdb186e403b0,165
5,5,female/caucasian/valdemars-magone-8ACtYtJ5G-E-unsplash(1).jpg,111218730a4917bfcd30eaad7892c3ef50cd3cefa01962ff2ec192175ffded44,166
5,6,female/hispanic/2.jpg,f76b1f49b2aa4d71824c72853bc5c8cbcd71f4ed75a14e2f657ecf2a622af7ee,167
5,7,male/black/melodie-descoubes-o6siGr9lrwM-unsplash.jpg,d5a5292547e7819c67c41940c1c8c0bd30b495a4607937b8777ce70365a26558,168
5,8,female/black/kal-visuals-fEbgg7USu3E-unsplash.jpg,ca45acce2f5af9b5f9c2aad24eab57c0e28d71de5a80333fc51b2cc77a0860ea,169
5,9,female/caucasian/julia-kadel-Eqj3c1nynP4-unsplash.jpg,4f15d14ee9008388dbcddd1ddd4d6f1cd339ce86ea8ad31a3629c023da7c0b0d,170
5,10,female/caucasian/pexels-ali-pazani-2811089.jpg,9c617cc0caf38eaedc3e6802d3f9d146b597d49444089b2ca0dd3774b11371bc,171
5,11,male/asian/dale-alejandro-RYrMPoxzaZ0-unsplash.jpg,bf245c6f8e1936c13af1e449beca3325c71e188cfac7b9b99836fc80b0542e92,172
5,12,male/black/black-man-4699505_1920.jpg,00be545d3fbffe4ba8e2707ec04cf12fffbd7a6f17f55547c9df10c22fd0bf9d,173
5,13,female/mideastern/pexels-fotografierende-1793059.jpg,95aba83232b04c175270fb0c574c762dbb36b145805fbab4384ee4647f85da64,174
5,14,male/caucasian/janko-ferlic-GWFffQS5eWU-unsplash.jpg,46b54ef81ec68585281a8da18d5a724e4fee8c88579c4912e20ebd804c4b3f8f,175
5,15,male/mideastern/mohammad-metri-r8J8AfoHPz4-unsplash.jpg,1c7993dec2626a7ba951d366a2982271480cd5dcb4fb4e3c1032d086d496b4d6,177
5,16,female/caucasian/women-4851678_1920.jpg,6ce2f9887f7778be18320a9660002273a37438bfa61270e56d90039dc186455b,178
5,17,male/black/charisse-kenion-Na2b9JIVsIU-unsplash.jpg,60736cfb52f161cefaad0cee7061ca12c46dbff651ae6ff79bcffdf4a3c59843,179
5,18,female/caucasian/kareya-saleh-tLKOj6cNwe0-unsplash.jpg,98602dd37e113220090c0554c683ffe81a243e7a33e3dbf0d2c60c1ea76fa0b6,180
5,19,female/mideastern/sour-moha-Uxo2j3rJq5Y-unsplash.jpg,e20bd522152c90758d2f7ac41421084ab25a4458e6d5645ef01463272d6ec952,181
5,20,female/caucasian/girl-3874872_1920.jpg,e37db31dd0b855471e7f6c5102730fab55234c01ca8b85f6df51ff946d932ecf,182
5,21,female/black/nick-grant-ygrOmmn1Oss-unsplash.jpg,5196f4f05953e0c65152292f851d366d5ac24c018c53b175ac6aef1c7c10a644,183
5,22,female/black/vonecia-carswell-X5f2DFCjhWs-unsplash.jpg,0efb43a2fd0423d5cddd508946155df644a638f6b9f96d9c40bfc3f4b5374760,184
5,23,male/indian/md-rakib-SW_pFXUOjTQ-unsplash.jpg,0fe39f29eb555b6ed78c1e81cbb0776ba82721c6e20df1609880deb57467ab5e,185
5,24,male/asian/bridgette-chen-unyQ2AkhKgM-unsplash.jpg,ab5769de452c7ff5e715fbe2d5e4f01c8b3d7ee9e2ad9c919f53536176c4821d,186
5,25,male/indian/muhammad-murtaza-ghani-Qt6x9oQ3H08-unsplash.jpg,16d553c4f2bf0bb15a482eef961eae9ebf23d42be0d7951c29ab1f4842ffbbd5,187
5,26,male/caucasian/man-943554_1920.jpg,a4d64d4c249701a56cc4e844db37f4d45f6c2db6d2dff81bb1cceeb92e3e3ba0,188
5,27,female/caucasian/clayton-cardinalli-ZqmmwcE1DQ8-unsplash.jpg,576bc1f55629c06c2a7329230d8cb7be8fe0dc8432743ea69bce339274ed0194,189
5,28,male/black/jay-mullings-DXlXiFDNPRs-unsplash.jpg,641f5f1e09a6d6a5769ab9fad0410fc9e6a4b2ac385c14a2a411aa166c0ed06d,190
5,29,male/black/julian-myles-Izg_qfON0ao-unsplash.jpg,7a4f88b0cd3843bc2fbb1cf91fb601fcdf141295f0c5ccae6c997aded07fabe1,191
5,30,female/black/engin-akyurt-lyh6c9MLdBY-unsplash.jpg,485beb7d2e9f49201eaac2e1ff09073b98c78d0df94c65ec1b7b747e0ccf46e9,192
5,31,female/mideastern/jakob-owens-HjL1JGnuh3o-unsplash.jpg,1b83e722e283b1f8ef6b43cf26d6ffba40151b96c0be26fd367d46b227ac9517,193
5,32,female/caucasian/grimace-1012862_1920.jpg,1425477de873610d27cb027e82a3bc6b8731c94ddf582fd1ed43c99c14a012e1,194
5,33,male/indian/suranjan-koirala-95-3iy_pj2I-unsplash.jpg,bb858fb007551d5ba039dff50acfb84d1e50cbb8994c84fd2c259f6ec3322837,195
5,34,female/caucasian/female-2836137_1920.jpg,e81b1424038ad723ee711b8805d400030d57ed134c3060edcc13cad878105ba9,196
5,35,female/asian/hhh13-gMC5TecfnD4-unsplash.jpg,4b531c3006ffa5b287119fb13df2e03fa56085acc370e8b1e57724d75fcdcab9,197
5,36,female/caucasian/fezbot2000-nahUo1GhcrA-unsplash.jpg,154cae85d4e74494b68ceec02907986e2696b7167698ac2f8f67464f247d86a6,198
5,37,male/black/alekon-pictures-iaoYtl50cVk-unsplash.jpg,4a3684d01b43bc8c10e6109547f27032317cbd3019fc98582056f5075687b8f5,199
5,38,male/indian/white-1513923_1920.jpg,cdcf355a8a8b41bd67699a09a67291f04bf9cccc28887617898ae9d91bd225b7,200
5,39,female/black/samuel-aboh-RGomcmMkTEA-unsplash.jpg,1fa8b277a4fdc35d8e0f97bdceaa72c550a9bed334c8449467cd96ae02a07048,201
5,40,female/caucasian/mature-857525_1920.jpg,7a15c2d940d14363a3f4780ccdc698f4568fcf4e5732df0e33801ceed21a0f96,202
6,1,male/caucasian/jake-nebov-aFNzgYOM560-unsplash.jpg,9f41c3312589c5034322400ae3fa184de51ce5d8cd720734533edfc195ea9520,203
6,2,female/caucasian/woman-3136667_1920.jpg,1f991aa8257b1ff121d52cb1b2aa8715fd992591aaebbfb0066d5df25fd6310b,204
6,3,male/caucasian/alex-sheldon-j1WRSUj5QI0-unsplash.jpg,a9378155012d9452fe5b44528e0b8a7f364a7006627dc7dbbb1e4fb6487acee6,205
6,4,male/asian/pexels-david-yu-3136182.jpg,82297819f46c337e1419eaa5a62a6e556cd59832e64a72a7dc5eb20d8b301d19,206
6,5,female/black/model-4676037_1920.jpg,cf0df815fcd2b4779e24a51b5cf05c7cf54072106a2f9474377d95fa04a6790f,207
6,6,female/asian/face-977177_1920.jpg,8762e54902719752aa5b114e7acadd7b8e2dbb3fe98004242e97b8823553dc7a,208
6,7,female/black/oladimeji-odunsi-aU_eOcelLhQ-unsplash.jpg,15d59bebec90ef00de098c1c043a92cfabcbcbb25dc05eb83cda9765717f59f3,209
6,8,male/mideastern/ashkan-forouzani-g0H0eazR5-M-unsplash(1).jpg,e9658cc724b1c31d92d8943161fdf67bd8a5ca03fb2fb770fb8cbfd9ffa9e8a9,210
6,9,male/mideastern/james-barr-iboQqkO7AEw-unsplash.jpg,ba292c8562630d43d01fcd97c745fd53173cb7053ae587d4c7223601c46c2170,212
6,10,female/mideastern/3.jpg,4e7b356a5e36594b43e726ad181ffd2c767e53243f389d716b3b8230dbdbb4a4,213
6,11,male/black/pexels-alex-green-5699771.jpg,908751d78003241b82da748d347e3d2d8c50a9ba4b01ee56a4564d2b5de99044,214
6,12,male/indian/jyotirmoy-gupta-nBe68MZSIYY-unsplash.jpg,3fe0a80e322e560687b349b9f7ce4acc1a468b0c7b52eddf9ebaaf43e6d7522f,215
6,13,female/caucasian/gemma-chua-tran-u1eZM06-MPw-unsplash.jpg,04c36cf325cf0c24298066a2b50cae67b22fa4715ec370bff9357f954b77b5fb,216
6,14,female/caucasian/pexels-ali-pazani-2878375.jpg,ed5e91dd0ad3727c01018ed7c4a5119f796c3f1e898f0cddac8f4fbc237fb2d4,217
6,15,female/asian/woman-5573135_1920.jpg,984f1ab52ecf9a2d9c9e17fae0ae1b55d6f5e3564477b94602e0da4777f06dca,218
6,16,male/mideastern/paola-aguilar-LkQHGSVzfsk-unsplash.jpg,a4577d59da6c5e6d0ea5a93ebf5c1792ac8a5945319e0ec9f026456a092bed8b,219
6,17,female/asian/jasmin-chew-WUVozkQFLz0-unsplash.jpg,72842329e8b45e2f426cb7830ae0964d9bd13ad128704178a4ab12bb936a93dc,220
6,18,male/caucasian/ian-dooley-d1UPkiFd04A-unsplash.jpg,1e4a182e6224aa075604bee8f18efc08e61efb39fcd67d78923da5670f86197a,221
6,19,male/hispanic/tania-mousinho-ZTiPsISn3ac-unsplash.jpg,457b1230088cd2bb3284ce24eb05a96e87b6b60ca6a5f7ed9e9c3a1922a5091a,222
6,20,male/asian/125.jpg,31556bca5aa923d35cd56960bebea9a42bc5af5abda7218c5cfcead1b019e8d2,224
6,21,male/black/pexels-nappy-936119.jpg,d46f2988f3a350dbc28d978e0d034b505994f6d99fc9a9f7c942dfa8a1609194,225
6,22,female/indian/pexels-ketut-subiyanto-4584579.jpg,6fa4d8e1a3dbd3c04b3f94e5c4279ba9a65d6b646acc6aa404bc8da3a13fb96b,226
6,23,male/caucasian/patricia-prudente-__LnEJsm7ns-unsplash.jpg,3819ed2f440fb8079fc728816b33e557445db74fa41ee46aaa10ee105c22f4b2,227
6,24,female/caucasian/taylor-deas-melesh-byRGjjO-Ync-unsplash.jpg,760ebf25fb0985a0e26f85bd2584f2041a9d102aa9e7db7a01bb27f78f79819c,228
6,25,male/hispanic/man-1209137_1920.jpg,e5146340095dc53f0aa79619257fb5b8d2d64e251f07ca7d3c2cdbbf479975c8,229
6,26,female/mideastern/model-5029025_1920.jpg,47291228554c2b68c592bc21c83087365c08aa3c901b52d4f632ea2dfe7d04f6,230
6,27,female/asian/joel-mott-LaK153ghdig-unsplash.jpg,43a4cabb2e7da58d5a491fcbc0cedf94d09f7b6b8efa5dbcc0822c70424709de,231
6,28,female/indian/pexels-kevin-kabore-4966995.jpg,dd1a0f07d558e4a27eff2d218f7c9e8fec74d860234c8f732ce58c72ac7fab36,232
6,29,male/mideastern/pexels-pixabay-35539.jpg,db33c179c7f5b33f1fbfc22120466b275269cb8e9b2538e94aa2a8bbff3ef953,233
6,30,male/asian/simon-marsault-ZNaL-IDTbZc-unsplash.jpg,386dbc01f6ebb2afb9f3798d3340e9caed07766a305b6b378ab19cc218f17bee,234
6,31,female/indian/pexels-mabel-lee-2739792.jpg,abc78435d3cedb0c88f5233750388ea320f1e6e153b6f58f2f97695d24087a36,235
6,32,female/asian/h-f-e-co-2ayXMZmiRWk-unsplash.jpg,cd2dafc3f9b0baaaf1c7ed7b3023c0b8f477aa05a82881b048facd90561ac8dc,236
6,33,male/caucasian/pexels-keith-lobo-3854982.jpg,bf3d5ea96c0a60036b0730e029a8ddab36c700715cb018688e504c542c2a92a8,237
6,34,female/black/christina-wocintechchat-com-_5_CBVCLBsY-unsplash.jpg,8b175b51a199ca6b3b54b7d7606e78b53c0a957ec3a8c836497416f1de29a51d,238
6,35,female/black/lethu-zimu-bkyKiFfV91Q-unsplash.jpg,24359842541042934966e7caa54105467c8a1a7b8c9c31bf99fa2b351baf66f7,239
6,36,female/caucasian/redhead-1903320_1920.jpg,a73b5038c39234c1a5efc9098d507f03379be772dcfd2deb0bb4daa0224934cf,240
6,37,male/asian/aserusainhuu-veaARmpXY88-unsplash.jpg,9e0406238396c0cf8179c548afd1e6d9e82deb3b678c4517908565a9249744c2,241
6,38,male/black/smiling-businessman-4455090_1920.jpg,2f70adf2a2384f96631ef2fce83249cd4b9fcc06cfe4fef4f791b82533f0fb09,242
6,39,female/black/39.jpg,23bf2da3fa353b453feec81504c334ad20fda057ea6f64ec64f26db6dd6ee3fe,243
6,40,female/asian/girl-4622990_1920.jpg,5095d0d19b86aa1bf6bb42d51c6908790fa24342787d456c9053fe8b02dc8075,245
7,1,female/black/pexels-adrienne-andersen-2552130.jpg,b97e3e58c4ad3da43039558c75e474b2920d502e40d0dcbc66f164c9c9e9eb0c,246
7,2,female/caucasian/rad-pozniakov-J-fH2bKQQIA-unsplash.jpg,14af819b3611c4af91f7bdae13a68539f3b564a388bcd85613a6c91ab76bd23f,247
7,3,female/indian/beautiful-2271357_1920.jpg,267b066fe24166173062ca8e831d6ea52defe718a4c4912b833a71ebba96a7fd,248
7,4,male/asian/liam-martens-W3ANdzEvdZE-unsplash.jpg,afa3d36ca47f134e4d35617cb1fcd60821d24754c6fd8042bf0619c2249da0af,249
7,5,female/black/etty-fidele-AzVexpHvuKY-unsplash.jpg,7023c68501e4cf46b146eb512cec8d6ad16aea54e03dba849b301c680e5cd27f,250
7,6,male/indian/diego-sanchez-ABNwyVyvCbo-unsplash.jpg,5081bd6a2b68b6b79977faa57588545a9f3bcba4e1239ae6a0f6931d7e27bebf,251
7,7,female/asian/cozies-tone-k4PSfwVsHIY-unsplash.jpg,443baea101d6775de4bcd77a46f4e1ebd7ffe9f8894c451cf7f2ebbdc0395758,252
7,8,female/asian/women-4445664_1920.jpg,beb219806a67abbd4f214f19a5c8363cb6b74d2e77bf29580bfead087fd6cdd6,253
7,9,female/hispanic/mateus-campos-felipe-Fsgzm8N0hIY-unsplash.jpg,97367636d8ed1679b5f83b5cb7420ba3a1a0752664e78bd3082d049a09b5520b,255
7,10,male/asian/monk-186094_1920.jpg,1d244094fdc9a1de3e72198fdb93c570956fac2572ccf7c01fbc9e0ecda4f724,256
7,11,male/black/payton-tuttle-n_RdRxH_7h4-unspla.jpg,3641dd857208d4357811f69ffeed7a85a16de8b8d1435b8aa211d5379a8ee361,257
7,12,female/caucasian/people-5060268_1920.jpg,720aadb8e2913f11f3de65469822be79522429006c87620773e6f5f7069e2243,258
7,13,male/asian/bibek-thakuri-J_9xThkkGEM-unsplash.jpg,53d15433e4048476e3af7db22ceb1dd867c0d768fd834d91f712e8550f85b3b2,259
7,14,male/mideastern/jesus-eca-wU4hzVf122M-unsplash.jpg,071ba8bf6133281299c41cfc88649d5a447022c06848ce16c741f335e9bf29d3,260
7,15,male/caucasian/portrait-2946213_1920.jpg,72d0dd9b903bc97126aacf72561029df2b3b707af42dddfaf5bc57aa7007340a,261
7,16,male/indian/one-5889887_1920.jpg,813f37c7eda7c0f6dee11e576e6cdbda9c701a1f0cc314db30d6608564c118e4,262
7,17,female/mideastern/wall-3449760_1920.jpg,fc136ce9c4396d9c56470fd0701f83a392ca18d06780ab66e6a2d2d10ab8979a,263
7,18,male/black/pexels-kenex-media-sa-6573686.jpg,c3a26928a67c326c571f146d8450c66023fdbfd425b74bd434aa685d82d4daa3,264
7,19,female/caucasian/brooke-cagle-iQ-CjxFHNQk-unsplash.jpg,c63c7e836bec9484c92106add9109e6f029644a06e59846ac941c4112501890a,265
7,20,male/asian/igor-figueredo-WZhygX_blqg-unsplash.jpg,74a3cefe475f889d315f86f6d660afd63cf39c55659c436ad7de4cf3e0572dc1,266
7,21,female/caucasian/teen-5096251_1920.jpg,5805fed147c92f0cd83b012be99e8ed448e8320cdb6284c76ccd5a82b44f36b2,267
7,22,male/hispanic/ante-samarzija-hOc5-fe3fzE-unsplash.jpg,35dc459f7e9270bec2d797645ea084cf4478dca24121414a501d27b4e1678b35,268
7,23,female/caucasian/16.jpg,122e8425a063c7d7f0e274071f10e9c258f85b6fecba91ffc939521a7ae66fb2,269
7,24,female/black/pexels-athena-1831792.jpg,25bf6e2ff0d233c5eb5ed3d8e0dbefe555d8846f17b7584c4ed93fab3fa95029,271
7,25,male/black/pexels-ono-kosuki-5648108.jpg,b57990e8f0bfbaf9588931f0172c4c1bd9360074ce928b6a18a3d596ca46286d,272
7,26,male/asian/handsome-guy-5891610_1920.jpg,5ee30794cc069b360ffd5e4f60ca17910e171f70a7475398568fd62bad356044,273
7,27,male/caucasian/welshman-3654545_1920.jpg,9d86ab380e308117caac994ab299dafb597c8b68d1af8201b232b1d6ff1a06aa,274
7,28,male/caucasian/joackim-weiler-lxX0dJQHV3w-unsplash.jpg,fdd01e12576e9d471610517e9551408fe44a8ad6818fd69b6f221cf820d5e512,275
7,29,female/indian/portrait-4428523_1920.jpg,e1a026dbf825398867d22afc34be9fe3268e70adb3be6b66db6737a34c57024a,276
7,30,male/indian/jaikishan-patel-G1r9ySGtdWQ-unsplash.jpg,7f0ad44cb4631f271ba0cd5920260f96af3b3727e99dcaf47fd3c92a33fa6a52,277
7,31,female/asian/pexels-min-an-1070751.jpg,6a28106dae6d48b8419e305d9664b4faf66a4e6d46cf152ee802bdfbfeac4ee0,278
7,32,male/caucasian/clint-mckoy-_J2JFRHLijI-unsplash.jpg,5eca578101bbc14848d57b3a50c7512a75416bce7842abd64b4c11fa9a43153f,279
7,33,female/black/suad-kamardeen-4VN2WWVWqDs-unsplash.jpg,d078334dc92a43a51fab88013849ebc2f769e60f205d2710db38a88657115d42,280
7,34,female/black/woman-1018284_1920.jpg,a2b91957b00b9f8ebeb62322ff05f1e9d46fa91385d5e84127256ba4ac702835,281
7,35,female/mideastern/little-2192347_1920.jpg,5c37423be4fb320e7e80da21e5454a225dc52f47f27e60bb3739dde32dfa6981,282
7,36,male/mideastern/matthijs-van-dis-zdhgC39sT9w-unsplash.jpg,ece707a834d4c44af44f4fe998c8359884f1ea2497b0ee3261ecf7caf4f49f50,283
7,37,male/mideastern/beard-1866984_1920.jpg,a4083db39beea85722fbb063f767b06bbc95664768152dba7b2a74ddbb3d9894,284
7,38,female/indian/zhang-kaiyv-voWjZ-NIrqo-unsplash.jpg,705205a4272293770e34c478db834e17e960a2eb0e3f30e61c67c534de9fd909,285
7,39,female/asian/d9.jpg,17ce2563bc7c6b2f11eb0a745fca68f771d5a4c6f8f3b295d207a1df905fe3ad,286
7,40,female/caucasian/vintage-635274_1920.jpg,ed61a4f53ee7e12cc98e562dfb9d61f135207df60d0646687e5bdf9120b81319,287
8,1,male/hispanic/pexels-zaetaflow-sec-3205230.jpg,90d6ddf1de59870105a0aeb35df8e57754a34d94b0af0de2f05eaedc7cd007ec,288
8,2,female/caucasian/michael-dam-mEZ3PoFGs_k-unsplash.jpg,ed69b4a955e001749122f4d8ca12e608bb3b3d58107906f8a0e85296553934d0,289
8,3,male/hispanic/mark-decile-VHFnE1uz0wY-unsplash.jpg,627f5524171fef5203adb95b28e51ca1efc68a2edd6ea29c2b15eaa747ae83f3,290
8,4,male/caucasian/roman-holoschchuk-I2SU6dCGsnI-unsplash.jpg,42cada21a0794574b2ff13c651b27c70d34713ca08f8bdf72be1ff58ef9c4834,291
8,5,female/black/jessica-felicio-F16KPYxfm6s-unsplash.jpg,37e671a6520c66bed27596be98be0ec796a1a772994c850096214f6bb6b05437,292
8,6,female/hispanic/david-suarez-d81WD5Q87E0-unsplash.jpg,2d93f1cab81f5bed8d7456d235762e9aaa3972383deeac55102f890470020a37,293
8,7,male/indian/muhammad-murtaza-ghani-iDN_Q0zSvY8-unsplash.jpg,fbf86d8c2b6503427fdac48385229de25b2bcf586d0976142c30c558d6e641f1,294
8,8,female/black/march-for-peace-1727917_1920.jpg,f8e58498663495507de97aa8209c38e87e785ca856b8f2a5f956ea7b51a16cf2,295
8,9,female/black/christina-wocintechchat-com-Zpzf7TLj_gA-unsplash.jpg,29713da35e1c4182c5c8339c49fc99ec130f4969daec76692fa4b8cfb72309e9,296
8,10,male/asian/ash-edmonds-AxtUIbOIPBE-unsplash.jpg,1dd0b6b7abc7e387e0eab8e042bccc7d3b15972801e0399e8148d2d941b6ea90,297
8,11,male/indian/indian-5882625_1920.jpg,d080f00845091d6540dea4b839c4967aed13783125518085a5cd098810c68a6e,298
8,12,female/black/amin-rk-stz6pJV6UKw-unsplash.jpg,4c966db69cdb770ed08886335fc55cac0e557c90c9a821ec3455983a1609a9c5,299
8,13,female/caucasian/anne-peres-plsF6obTgms-unsplash.jpg,6309b3f2d94381e39734824ab7621f8816a289ddb1edf01cc85ba866a1565d0a,300
8,14,female/black/eye-for-ebony-BKxipJKe3G0-unsplash.jpg,5a00c30ab87b8cdf02cc2de5d00e850a8971a889afc0a4df7fa65511fa43b0f7,301
8,15,male/mideastern/pexels-emre-keshavarz-3518392.jpg,52e4a7c5082b3b09cefb0a5b683d54c08ac7fe5946e8601ac867d1ce3a972faf,302
8,16,female/black/34.jpg,c703d20eb05a7e1410e14157923b00fe4095fe72ef9170fd072d2ab9560e0e77,303
8,17,female/mideastern/mukul-kumar-OYFdvoK6z6Y-unsplash.jpg,919cdbf21fb2110dc01372ecf96cb591f5d89811c67021dd5b33eab0f0ee98e6,305
8,18,female/asian/amoon-ra-p1JglmknQr0-unsplash.jpg,b68c1cce1c5ba3b717af82a83a29aac69a99d869228507e35defdfd48199eb55,306
8,19,female/hispanic/mohammed-hassan-MOR6bWWuy-A-unsplash.jpg,1817cdee5b3794273c446dce79b4ed70515a228006c2922547c4c1ee262f130d,307
8,20,female/caucasian/black-dress-2985654_1920.jpg,821b9176e4e51ccf416b1898c2fdc8f7b507bcea8ac42495647e5d65a5c58ff3,308
8,21,female/hispanic/shahin-khalaji-NdGrKgLVbIA-unsplash.jpg,8516710f2e20076711599a2c246ed2119607fd0a8eace337fcfe89bfad468ec2,309
8,22,female/asian/anthony-tran-6s3L8El33QE-unsplash.jpg,4d3a8196d2b4d0590ccdc6ebaf7c3ea0b16c48945d9ee3d1fbaad1abc04d0c29,310
8,23,male/indian/keenan-constance-292Pth2Y5QM-unsplash.jpg,9c45911b8be3f46610e408a8ce68cb6a6f5a4039b4aa7fee0a934d696b0fcf80,311
8,24,male/black/alex-robinson-AGr13YPOPqw-unsplash.jpg,2f4651b01f74a3be8268b23eef198379fffd9ca9a8632f329db07b861bf8f912,312
8,25,female/asian/europeana-m9LowiQVMLA-unsplash.jpg,9f243cab21918425d190032cb1787d3520df172f7c7c0dd0a24f1fc57d0ca30e,313
8,26,male/indian/evan-dvorkin-FLhnC9S_UE8-unsplash.jpg,fe765844b9d1fa3ea0bb8e095ed7d5d63a99dbc1a017c426041ba29ffc785977,314
8,27,female/caucasian/girl-669823_1920.jpg,31d0478e1b124a806a763a4e27bb802f9ea13219ac5e7d6bc3f244153503098e,315
8,28,male/indian/head-shots-1544781_1920.jpg,163f854fabfd9edafc100a5f103b6a61af8631fff479f1d91fb9c343a6dbf276,316
8,29,female/hispanic/joanna-nix-walkup-u7_TR3LGqhU-unsplash.jpg,45c96c0b72bf02f6163a4aad9ec5f4182767462fc6500222182be510d630db73,318
8,30,male/hispanic/pexels-fady-hany-1466844.jpg,717448ecc2f450c4e418d8132bd5bda7ff3e29ecef202f0541ee39c56c928ea8,319
8,31,female/caucasian/anastasiya-pavlova-tPD0S5mLkgI-unsplash.jpg,fc48a9172bc568f126eaa1cfee307c499110292c8e53648c24571235386625e3,320
8,32,male/caucasian/matteo-minoglio-JDBR1pXomQw-unsplash.jpg,4f23b1f3fc9c64972a56c4150bdbd2420badc514d8d0e73214c56c32223af33e,321
8,33,female/caucasian/engin-akyurt-gXBlAoQF61Q-unsplash.jpg,68776367cf01351cc9dd29c757ce3f0336772aba77fe7149e3cb2699ea824fd8,322
8,34,male/indian/naga-sajjanapu-zXds99Aem5E-unsplash.jpg,a60d058ee9ed114abe48e76d0d610c224724f50dc76b67f8401ae8ad59e9fc04,323
8,35,female/black/suad-kamardeen-khewjy5l4Zo-unsplash.jpg,b10f0be5dbf36916fe7bd619cc52c19da85e3298a96c8101f71f10e922981719,324
8,36,male/asian/commercial-3264998_1920.jpg,d74d4af963eb28c8052d4ee9720a31d4bddb3f4a26904ff64ef9bf506477a480,325
8,37,male/mideastern/fayiz-musthafa-yGqsr6EVrGw-unsplash.jpg,5029b48022ec4c3b9aae0165b772ada329705613eeaababbfc9c5117a97284ff,326
8,38,female/hispanic/portrait-4137472_1920.jpg,3c27237fae39538ef6b198621e2f1ae6a60b9de77aef4cc29b77758aafb68610,327
8,39,female/black/gift-habeshaw-kZ6KJLSKGDQ-unsplash.jpg,68dafa5ca1bf3d46ae00fcec45a1ede0b9b874dbb31b105ac5dd86eda70adf13,328
8,40,female/caucasian/noah-buscher-AUM5vcnuYd4-unsplash.jpg,0cc32ca0f0e2bd71c96938ce356b64da1ed689872131f386a5c295696fe70080,329
9,1,female/caucasian/dan-ROJFuWCsfmA-unsplash.jpg,afe9dbd80c22ea4accf283f19f60964f9130bc0e173a779150ca7a017400b296,330
9,2,female/black/pexels-bernard-ng-3318310.jpg,fd2cf7cf4f61afb48e158e7fa9fe43e901a146aad1267f49d0c1f46c8b587057,331
9,3,male/asian/sane-sodbayar-KhrbDMmnF8I-unsplash.jpg,82a476de35a20190e1e9124a0e330f81bb4b2e00a209b5533e1538320eec4a9c,332
9,4,male/black/pexels-kampus-production-5940858.jpg,55090b016bd8ea4d5d3546b27390dc71517ec1ce4e33deb50f5b492368956a1c,333
9,5,female/caucasian/pexels-anna-shvets-4971982.jpg,dfc9cc419ec47ddd556390894765c853d93318f0f9ca34448569ff4f34570a21,334
9,6,female/caucasian/girl-1049372_1920.jpg,ab6ac444d29b573718d02e990fae1de4ab0551739f0292e925154e21f06b8d86,336
9,7,female/caucasian/pexels-megan-markham-2448531.jpg,a9b98d277ba9790a5b5a12b5b9aa4f3e408b6e6e89dff028c4228987ef9c0bd0,337
9,8,female/caucasian/woman-1054683_1280.jpg,8c08daf7910dbde1227b90e12962ae148ba06a51072120de7a26df0ebb2812d7,338
9,9,female/black/girl-1868930_1920.jpg,9d5bd88d385d0622f398c915449814641ebe169cc2fd9c6f95ec9b616320f54f,339
9,10,male/asian/chander-mohan-9zaQ3PjrvxA-unsplash.jpg,945905e8319f147ccc77b795365a2570a2503edd8e4ca7d2ef22eb9982ab5b41,340
9,11,female/indian/arindam-deb-1cdWV-VMjSk-unsplash.jpg,e28d8eafaac9ec037c86371a99383e49952b70baf55511ec7c56a9538c045973,341
9,12,female/mideastern/pratik-gupta--LXaJgKwxzs-unsplash.jpg,367fca3087740f84669e49671131d67046308569f70b1bedc174e74a26907850,342
9,13,female/hispanic/summer-carnival-4408804_1920.jpg,068b24f366c660121e2fd9689d8605760ea252c9cf0ee1d7283fe1562ee5955c,343
9,14,female/black/tyrell-charles-m4NimBSfcYI-unsplash.jpg,5d205b19e1ed30e337e95bd13d925904442ebfa17345f80fab1d5fe5c5d1220b,344
9,15,male/caucasian/petr-sevcovic-e12wQLAjQi0-unsplash.jpg,46fb37b842513a322cdf8b1bff92ca04cf6bdcdb823444545cd98a423be603a2,345
9,16,female/asian/tabitha-turner-e5ckVRrQj_8-unsplash.jpg,31a03bd008e026ca2fbfa18420fb79af593f7f9d6e6345897354b2d4b4dd0248,346
9,17,male/mideastern/james-barr-jYrFcbztIHA-unsplash.jpg,992f6dbe90650bd3d69f61e1643df04280b7113f180b25e322802ea202cf9de6,347
9,18,female/asian/alexandra-lammerink-MVao99Qwew0-unsplash.jpg,ee91d4b34be79dee94cf630eb7fa7ff2a835c0568c4ab44fb634cb62501120d8,348
9,19,female/caucasian/girl-736752_1920.jpg,bd48b206bf0ab3273d83f6d14777734ef6aca895eb108d63d5ec95277a4108c7,349
9,20,female/indian/sylvester-dsouza-LAprsXXH-Nc-unsplash.jpg,5d90fbc135815dbb0d818b33c29654a8bc78f63b342a9ddf04939b17b0fd9e3e,350
9,21,female/caucasian/alexander-krivitskiy-moMIHvUEujM-unsplash.jpg,9e97372ad502b4962b34c41920c967a884a72e26dacd71bfd2b8e83c271e171f,351
9,22,male/hispanic/portrait-2244177_1280.jpg,9cee735b1aeb3e5c46b104e4c30bbe5b1f1a62139b52595452f73101b7006e12,352
9,23,female/asian/hello-5919349_1920.jpg,5289706d18d07faa045152f17ae729e40c3887137ae8822e40d1b36887e773c5,353
9,24,female/caucasian/dane-wetton-0AqoGTLmIjQ-unsplash.jpg,c674c65f33cec11d651edfc0410e15bef92636218bd779b47e7589481c7162e5,354
9,25,male/asian/pexels-dellon-thomas-3674248.jpg,17cdf6e1d2af74f9b30ccb4611a10aae97fbf46a8dc1270906417602aa25a039,355
9,26,male/mideastern/face-3737238_1920.jpg,a503dfa65509e2385cd5fa01628bad9ae76f9890f26e5f68d08d33e4273a2b38,356
9,27,female/black/kelly-fournier-rPykmpWcL5s-unsplash.jpg,bc70043e4501da15017866c8a879999d9e9aae38821155e32caf15e90b5cc5d8,357
9,28,male/caucasian/dubai-1972702_1920.jpg,34771c78bd5d219ba019170480c9f916a5cb840d88300ee2647c66d0769df3f8,358
9,29,female/mideastern/woman-2542252_1920.jpg,9596c1fe0e87ebe67015b222d4e293fdaaace0d9be782168359413f1677a6d05,359
9,30,male/mideastern/bhavya-shah-jfzd8vXlDDY-unsplash.jpg,130e02c6ec9bd9c85de644b19e5aec19683e6c83f78a84cd83c19abea6ac3a15,360
9,31,female/caucasian/logan-weaver-Isle-8YpbIQ-unsplash.jpg,e3e8da92b1b042cfb5e1fa559c8ed95969d42f496dced950e6c19cfb151e500e,361
9,32,female/caucasian/ahmadreza-najafi-VjxPbl_ErF8-unsplash.jpg,389dadcce9e3060a8ad8ff97d20bc50ece4c35f4725a20502d6ebf4df365c299,362
9,33,female/asian/face-1146038_1920.jpg,e6e4b96672d4cebf252918f94241ea024a147cdf5f6f157cc9e481e45165ff32,363
9,34,female/indian/indian-5033680_1920.jpg,19f61d8d26394ef434a91839725ea9dee80b715d8730cd282ea641a6056c019d,364
9,35,male/asian/filipe-almeida-mnEWC72eWDM-unsplash.jpg,0967fa65f7a513e536319950dd6a64d8f320aef765d5540ddff40cb521b059aa,365
9,36,female/hispanic/juan-encalada-vIM0htb0gJs-unsplash.jpg,60dbdaf4601d39cc1bf5220b34b719816deaf0f58403d80df638ff7d36ed502d,366
9,37,female/caucasian/shayan-rti-TGjXfMuC7DI-unsplash.jpg,f8745dcd5054967f8cc324a95440a89d15849349d8fd1e0922d064a14e769679,367
9,38,female/caucasian/madison-hedgecock-qlBA-4odDbw-unsplash.jpg,92c442f8613fdad0c044c14a776f164d9e06c8e3b14913ceac009ba58fa9082e,368
9,39,female/caucasian/girl-237871_1920.jpg,f8ac9edd9b9a6a44f1b1179775a694a19e8e383ba4b6cc958174e4d38251c315,369
9,40,male/mideastern/men-1171087_1920.jpg,03fca7f2bbc60b9a9e850978efe7f65f74fc7e19c3b4292e34b4e3b31ffa4e52,370
10,1,male/caucasian/james-barr-4t3k6JjuPi4-unsplash.jpg,63cf48490a67d8f8bbf1d688e0a892b08936cdb9401e276a286444983bbb93d3,371
10,2,female/caucasian/metin-ozer-iSmTwuKTNDo-unsplash.jpg,e30e04b7c2661683313a98133d17a378a4dc449dac45d41ee369aa36d82ec1d8,372
10,3,male/asian/pexels-juan-n-gomez-2589650.jpg,d48005911f2919c20a8a23024e8eeb0ca1d3cc8731391351484a4f1d06d3ce7c,373
10,4,female/mideastern/kamal-alkhatib-IETO_Z0BrsE-unsplash (1).jpg,2de91ee8014e19d872ebcee9f0c2cf97f5428bfcbf3f16e5c67563f793a784fe,374
10,5,female/asian/mahendra-febrianto-KtCBIpLGu1E-unsplash.jpg,f762e4c3e5b74dbba8fea6bbde81d1541347c861374fb97a04c127eb13762b7c,375
10,6,male/asian/sung-wang-g4DgCF90EM4-unsplash.jpg,44464410fd9f184567b77e799af7a9ffbe3e652e9f8132e0233ab17d60a3a43e,376
10,7,female/black/ricardo-esquivel-O8i3pW1leYs-unsplash.jpg,b78096ddc696ed683f9de82bb4232927395398c71ccf2b553b5d03fd103ad3bd,377
10,8,male/asian/human-2538246_1920.jpg,f965e11ba9bbe2b643351c11c55ad50510cfb0f7c246ebf6d58465d1da739d81,378
10,9,female/hispanic/joao-paulo-de-souza-oliveira-ZHKKg9lnCSk-unsplash.jpg,b470de934534ea41f3b2432d80585c3e11689b3a7607df2d5129d5f9325c4892,379
10,10,female/indian/gift-habeshaw-XvqeCMXHwzQ-unsplash.jpg,5d7a999f186eecd054ce210f1c0fa9ca2aa8ecea629d60dfc4cbc816e6395e9f,380
10,11,female/caucasian/kuma-kum-GKbPbR0ZAT4-unsplash.jpg,3c477b061ce94efae574748e73fe9085c6e4132e8f6a0b52bc43fd0f8ef8e3b3,381
10,12,female/asian/woman-2294787_1920.jpg,6d4cbbe986565fdaa76374c97a6bbdaf91a3ec0cc44bf013b3ab334ed9799856,382
10,13,female/mideastern/56.jpg,021754361342f488fe4356b51183ff9e510deccf61afb6c8078013f601156e6b,383
10,14,female/black/woman-3144280_1920.jpg,7c0ace9012bf5d10e3fa61b4e2c55d860a0888dd12fc4cdf4b9f6758d2f0fe81,385
10,15,female/caucasian/mark-decile-Vcc8VFc3uCo-unsplash.jpg,71128c477e87c313c739a9cfb21c546d038750dddbb51d0eb250cbd051d4370e,386
10,16,female/asian/diao-darius-K3k7X7OA394-unsplash.jpg,2bff5b910af5d189d18831bbbcf1134911ccee85c9e83fc7ad7ef06719331b96,387
10,17,male/hispanic/man-912226_1920.jpg,5b352cd05e04da18f82a12a88e3d3b912f4ec9b0b71f090eb15fea47b7dde997,388
10,18,female/asian/woman-3178537_1920.jpg,6ec4f5b56a84aa4f13a40f0b368b149bd0cdeeb450c4d5ad5fdedd6e90312ce8,389
10,19,female/asian/girl-526707_1920.jpg,442302d123dc20268c1d5a5cffc8f1cfb5e3a3db88da2e1d134291fe5643c1e3,390
10,20,male/mideastern/sahil-moosa-JWUYb-5OSYU-unsplash.jpg,2cc2898ab84c7083fcde219f1fe16d6c92c399c620551cd20c582ace82d7bd9d,391
10,21,female/indian/women-4419736_1920.jpg,ea71d0bfe6fa9f6c73bbb054b8e558ccd615a22e477a26dfacea5fdfa6552d03,392
10,22,female/caucasian/gabriel-silverio-K_b41GaWC5Y-unsplash.jpg,2e603bd578cdbc19ebd8f702dd0d6cc544f4470871992489bf8de954a4bca160,393
10,23,female/indian/thanks-1209247_1920.jpg,347ddbb8eae5f2d63b971b978014aa233713f21e24ef691bbe855a0cc59343b1,394
10,24,male/caucasian/john-torcasio-1coR0hGFenQ-unsplash.jpg,f5732593472ef0f522ebb39d78164fd0f5527d91b2d222cea2803b68fc1a6b05,395
10,25,female/hispanic/red-4886345_1920.jpg,df55ca10e351bcad48fd94525c7202e4d3b9f176c83bb0cdeee30f05fca881ee,396
10,26,female/asian/20.jpg,3358834a8afa4fcbd497bc47122c34cf016c3f8ebc58379c62f87834b83dc345,397
10,27,female/asian/model-1822567_1920.jpg,19f9199344b3491632edc6a667ba228e51765d3ecb6ece5364e468fdcb531051,398
10,28,female/mideastern/mohammad-khaksarmadani-4FDsNcCR8iQ-unsplash.jpg,4b4967ccd169d96c19c68df6c334ece5fd139476abf0a0ab9cf3dde0caba5823,399
10,29,female/asian/pexels-sora-shimazaki-5938295.jpg,c03270ef159d2f922e435b6d2623c6c947b6d447cf4a6bfa2222a23a74ad0eb5,400
10,30,female/hispanic/mateus-campos-felipe-dQvUjiVaXCg-unsplash.jpg,4dce863bd142bfb0187b3210be2250ebac62423e9dc1359c3baf61aa9450cbcc,401
10,31,female/caucasian/camila-quintero-franco-8NDuYUjSMiY-unsplash.jpg,7781fc45f323e2d5a94e70f21e4be3bda95a5e2901ded55b27b8f1265a2fdcc7,402
10,32,female/caucasian/girl-804059_1920.jpg,6a46a16aa129fdefd5b47725b06c3ed373de330968df3f008a4d63cf46302611,403
10,33,male/mideastern/metin-ozer-2jLCmcuwAc8-unsplash.jpg,bccf797391a6902a0a21d1a90077457e50f61810eb7c044578706e52f9821bec,404
10,34,female/black/princess-Lo9qLgRIUIs-unsplash.jpg,b43f8426ec1f0893d10e4d07fe0fbea20b1fb8ac8928a305a25a75c54a51d9eb,405
10,35,female/hispanic/mark-decile-UU1d9HCtgaE-unsplash.jpg,00ef5bfec819c72859fa8844ec3e5711279eba3e0a4a0df2b33a4930ab8fde1e,406
10,36,male/mideastern/milad-shams-CdObhuoQ7Q0-unsplash.jpg,f6cef422a89adb70078d513211c716e471a585d7b87ecf4cdb5ad587db5e0ea4,407
10,37,male/asian/raphiell-alfaridzy-ME-7JcPzt80-unsplash.jpg,c79f07b95edc2a5137d4696f96ffaba5429eed73c21e1d233ca277599b86dc2b,408
10,38,female/caucasian/sebastian-pociecha-9AdKSLh2320-unsplash.jpg,9014ff3f2f7f98035b712814e17de96e6f3f53e8118d067824e98dc00630d061,409
10,39,male/caucasian/gabe-pierce-cZ_RjozBNPM-unsplash.jpg,41482997a91aae007228fecd40bc47c94cb79103bc8c69361c289bca96ffa800,410
10,40,female/hispanic/girl-2922427_1920.jpg,b38ee395ef0e9e9a01a3f0adf86098d3e0b098db9d9136407761700826ab143d,411
11,1,male/hispanic/male-4444163_1920.jpg,7360a396c47c423aee583b4bd8beaf62a1084465ebc45961598ebcbf0a65eb09,412
11,2,male/black/man-4539035_1920.jpg,d19f0df7940f72f310840196beff332d8d6f27ce2f5356e789f5a76a7e23672a,413
11,3,female/hispanic/obi-onyeador-7ckRPDhlgOk-unsplash.jpg,d2ee5fab32fce3cc3e9cdd870c31b9c7c97625c4982a4adb88189baf9e9948ea,414
11,4,female/caucasian/alex-sheldon-p63g4kQAt_4-unsplash.jpg,fbe3ea72e24ffa9fe7b4b9932487d6fd3f9f10018b3cbbe28afebb6b37e3155e,415
11,5,female/caucasian/sheri-hooley-gQbE06VKL4M-unsplash.jpg,1d041a87564c70443559ce20c080980c77ca0b23013d3c6bb9894324915b4f27,416
11,6,female/caucasian/woman-467708_1920.jpg,2f38b7949ea3bbfeec3f81a77fe7bfe594c06fdaf8bc734afc42f3f92d209a87,417
11,7,female/indian/joshua-purnell-jiBvOb7A860-unsplash.jpg,a8664f9644bb32bd1c5f1793b49a67a4af765cf4407f7d92a68f411bd51fa748,418
11,8,female/hispanic/women-4043627_1920.jpg,13af29fd4fc8c6bbcf684650f0db068c4b0e22ad86a9cdd2cf304c2adf4664fc,419
11,9,female/mideastern/oscar-nord-1UJNl0Ffhw8-unsplash.jpg,5cb3dba09ecfa57b561f98fe3003ce6b327acb04045cd6e4d0103fa6c9325bbc,420
11,10,female/black/27.jpg,6e4ec9bcea740a9d33fcb61e69444347abeedfbd575dc651444c6e3a0767eb5f,421
11,11,female/caucasian/svyatoslav-romanov-BrEAp01_m5w-unsplash.jpg,82f6faa3a3dd04b6c2f661d21ed17893356f04eeef4240f309d3808d55a29178,423
11,12,male/black/larry-crayton-Jt0fZKDmNFM-unsplash.jpg,b5f52a90cae5f5d730e816324c2df58ac77123a52f8291efcae815616a6aa9cc,424
11,13,female/asian/anthony-tran-3Xkms-gMvZg-unsplash.jpg,d445f1d8536f0d117f33abaa0a4f0f839bb9406afcfd7ddf6eb9648b2a3e9253,425
11,14,female/caucasian/girl-2406963_1920.jpg,89599ea659213408f4af6c0da0eee21dc6e017236c00a19b241bf3ff53402ac3,426
11,15,male/indian/noorulabdeen-ahmad-nDrV5Wq2lxU-unsplash.jpg,a36c62144656157aa4d04fccb29176b79c78c932df9d1bb52a3b92302046bea0,427
11,16,female/caucasian/business-3456505_1920.jpg,ed6d094d8e62d6cfc0bddbb45aca28a90d2de98519a11bafd10c82e52ca0e8a2,428
11,17,female/caucasian/dominic-blignaut-Wwir9Xis204-unsplash.jpg,9595e2511105a7823bb76a1a4ccb4a471c7613fb3c4c2ab52086d490d11ca45e,429
11,18,female/asian/6.jpg,1710ac716159b80cdb6f0e169508507db548308b4efdcc82e6f0c111575ea76b,430
11,19,male/black/clem-onojeghuo-9y8HtS6Voi0-unsplash.jpg,f7d1975a79f7c87885592266a7a2f71c0a1040e97a83b8c885e463ea98438ac5,431
11,20,female/caucasian/pexels-gabby-k-5303015.jpg,c36ee6ed11ecb6e3dd08e20d4fae1aa62100c66686aaac416ce4de32469272ed,432
11,21,male/mideastern/mile-modic-Sv9xCQ7RBCs-unsplash.jpg,76cbb39c819a3ce8e45d1f80318e981c1878202729a3ba3b79c53f4a410b139d,433
11,22,male/caucasian/christian-buehner-rzXvU-H0u6U-unsplash.jpg,c7d6fab32fed73f57492096837a30c5e6851a5800353bc0d443d41b75d0acf35,434
11,23,female/asian/asian-3932158_1920.jpg,cf8435145c78bdce598d006ebb3e07f856610e1805b007994bc3f304c93916f1,435
11,24,male/mideastern/moein-rahmani-A3802JoFGqg-unsplash.jpg,72e0d152cf6861f88c5173f85d96c7140c0de920f9c3a0648f8dea59cda22707,436
11,25,female/asian/pexels-maria-orlova-4906257.jpg,3b76be3c057865b7168640810d3ba33a5d9cc5a4d1982da7cc83ed1ccac94449,437
11,26,female/black/woman-5939698_1920.jpg,fbd419bf4fd5b0bf824d4b717a1efdbfc0f6211d6a0d6347c8aa0a82d993b745,438
11,27,female/caucasian/portrait-1944614_1920.jpg,73c9b07946368192e2f60446123c60d1e3d024fbd99f512b74f4b6c97061f5ef,439
11,28,female/caucasian/karsten-winegeart-s2MjR3xoJkE-unsplash.jpg,08a3527db1e133feb7eee9fccbae2b8051f2554a33833ad3d6575654e264177a,440
11,29,female/asian/21.jpg,0aa4a8c921e5361cf0cacd3a921c058df9f4fccbbe26d56934e02987a02051a5,441
11,30,male/asian/pexels-jermaine-ulinwa-3289153.jpg,0b1845c0ac92adf20e617f00465db79070139482c16778f4b203779a861ed197,442
11,31,male/caucasian/pexels-david-garrison-2128815.jpg,0accbc8d7a667ffe7f8b9b9e92cb8f1a008ab2264e5e63decb73b910fe288e15,443
11,32,female/caucasian/elijah-m-henderson-r9lTXKNtq7I-unsplash.jpg,7ba3529ac7893f1529ce3c9ecc745d45488280745662d9174618147cf688b72a,444
11,33,female/mideastern/ana-itonishvili-qToBjrHjuYo-unsplash.jpg,d1bde64eda831de965f0f0fe28d9fb369ec8144b15e665a5811c19024735da05,445
11,34,male/caucasian/jd-mason-13_7xGYBb7c-unsplash.jpg,4908c0712edf77cd19a608e8e712c95a9fa5f69b5b3270e7f53e4b9f0f6bc4cc,446
11,35,female/caucasian/daniel-corneschi-BK3edUeZHls-unsplash.jpg,d22e5ce6d70458f2ddcf6a01c5c924930253e6effcedfc70af53107869d03a53,447
11,36,female/indian/pexels-skg-photography-2270078.jpg,03528f28f976aaa544a51182a1837476797cedeb23bf255b760c36b1aee0ed24,448
11,37,female/caucasian/portrait-3364406_1920.jpg,4e5e239d187cbfc684b9f14598def49beab4513c78e73b99bafcf17e50330518,449
11,38,male/caucasian/austin-wade-X6Uj51n5CE8-unsplash.jpg,32eda60a2f1e3f58dea5fa867eb7659cfa2f905515c662fdd54e06e4b70e0c09,450
11,39,female/caucasian/ayo-ogunseinde-6W4F62sN_yI-unsplash.jpg,2d26ae0b13ed19ae7ed31c0d6563ec953932142855e616d95f9682084a24c105,451
11,40,male/hispanic/raj-rana-pgwb84pGonM-unsplash.jpg,92f18b1f831dac221e1a33dc863da9dde0e4400a6835956746000aa8f900cdd2,452
12,1,male/hispanic/g_4.jpg,a83078682bfc777133c43d9aaccd86a87098f506b064c6947aa09a2ef7bc39a6,453
12,2,female/caucasian/corinne-kutz-jfIgh0ijkqM-unsplash.jpg,8696b5ee5fb76c80b813894a1a4469ee1894b29dc66d4c3eb16ff41201f22d31,454
12,3,female/caucasian/red-dress-5071171_1920.jpg,44318994d12f555decb546cce691d55a22d1842c1bceb6d2cc3fc202859ea7a8,455
12,4,female/caucasian/jeffery-erhunse-wSOzt6GMBac-unsplash.jpg,569d8b463d8a8d135cfb0631e6c401f9d2296e8d84eba3b3bfbfe515f1b03ef5,456
12,5,male/mideastern/gursimrat-ganda-ICZWButbZx4-unsplash.jpg,c41aa54c99a845742aefadf77b39a4caeb4efe187a36d219fe3649f73c5b0631,457
12,6,female/indian/gleb-lukomets-R9tTeq4rV5U-unsplash.jpg,b6ab65e042dfbddafb57beff0b486fcbd6578a93e78355935d0d26a7bf7157b2,458
12,7,male/mideastern/tradition-60791_1920.jpg,e60f1ba959936376d1d98b77aaa2ec8df8b42cfd156d5ee913d7b53121307e7d,459
12,8,female/caucasian/f3.png,d6dcdd05f57e9843352db810eb42606f9f46598117e8dc0f46c02be8ca918322,460
12,9,male/mideastern/118.jpg,450d6dc178344cc4cd0ecc3950876a70c4855cc60a23578dac68a27c09f56f7d,461
12,10,male/black/male-1905388_1920.jpg,9cae65975465442eaeb0b230aa3d871b39a28738a06b27def8d66681858c6f90,462
12,11,female/caucasian/hesam-jr-TAGFNCnw7f4-unsplash.jpg,9836a7fcc63e656c7d4dfed52ba74329ae3573c2148862baab894dbcced0a237,463
12,12,female/hispanic/kunj-parekh-VfC7Pm5BxuI-unsplash.jpg,98b02c7b7a279b8f0256d326aaaf4382ce1b51aa7c2c67cfa3c2c6a38653aa2c,465
12,13,female/caucasian/woman-5919218_1920.jpg,b765b625510954d3d8cc5965f9c39e4e9b7951d4c62b9bca9a813be910ad07c4,466
12,14,female/black/pexels-marcelo-chagas-2535859.jpg,7f3986bfea1a88c79f3f31a560e0e5628526545dec30435b34c5328514e9a966,467
12,15,female/mideastern/girl-1518158_1920.jpg,65d3cca697cb0a7b7f7a09c856a58481ea18652149536f750bbfdb857900d8d8,468
12,16,female/caucasian/girl-4015898_1920.jpg,3028fd1771fd36d75c972eedbdf5c37608d6d6351f9e0c687de94db1be2ab2d2,469
12,17,male/black/prince-akachi-4Yv84VgQkRM-unsplash.jpg,8dd4f9bda50f488e150f40b84586d45841b128654c005f892c46fd47c02ae83d,470
12,18,male/caucasian/christopher-campbell-hWMEo_qqz5M-unsplash.jpg,bb775053a19ddcb9afa9de400fb97376d9cf8c900e1efba29cd917ca81e843cc,471
12,19,female/black/pexels-cottonbro-4505450.jpg,a9f76bde41efbcdafd0c777acd920092a2d41491acbc0b1288beb04f3492405a,472
12,20,female/asian/xu-duo-w2p_6UBRSTY-unsplash.jpg,fc389ec173e40419e3f039102c0e2827d7810a9a5a50ae4fd9f1f4a3f4a3ad0b,473
12,21,female/caucasian/pexels-mbardo-5293989.jpg,25fa0d4b81a0dd56c066ca580553db4e81ee9ea5c378d13b7827ae39ebc7aa74,474
12,22,female/caucasian/woman-3718859_1920.jpg,56b5b53f5d26caaf3847466d0653b56d2f205a0ce6b171893326d2976e0d7a60,475
12,23,male/mideastern/engin-akyurt-VwqQ-eJnz8o-unsplash.jpg,cf787d3f15c5a1d7804806ed39d3a835febec7e290e5b84fa4d4b4608bac7520,476
12,24,male/mideastern/gita-krishnamurti-6B4KC-eWJDs-unsplash.jpg,6a6b866ca97361f1c0d6b3679fef7d8a99290bfd675e0431f69aa0a301a5167c,478
12,25,female/caucasian/girl-2120196_1920.jpg,90a1e8f3e7876f0e8a541ceee8278b3dbeff59b728657ac1d012fce3fb00ba4d,479
12,26,female/black/pablo-merchan-montes-ro1i0CMzBfI-unsplash.jpg,c84d63196238fb7c273799bec6e458970c2373702b2abfd94ed8b757fc6a1b80,480
12,27,male/mideastern/handsome-1290126_1920.jpg,153eb3f1cdbf56f511f8e419a8591cf03746c6b25ae41205f1ada231cd230eb2,481
12,28,female/black/pexels-adrienne-andersen-2661256.jpg,9e19e79134ff4019fdabbd16704931edca3326be0f9613e254cc7125ad5d3044,482
12,29,female/asian/asian-2302727_1920.jpg,b81feb92e8439f3c01408897d058d678e47377215d68b0a758ec172fa1e1579e,483
12,30,female/mideastern/model-4606802_1920.jpg,e822c62646d9b7363afde17c19ca699640256fa2d258b0b84cb59f337de80606,484
12,31,male/hispanic/betzy-arosemena-Mx15HMZGQzY-unsplash.jpg,88f401672f919ee8c85fe8dc6662590ad9b3682dcfdc31d8ea929f13a9119280,485
12,32,male/hispanic/national-cancer-institute-NNpo-liY5aU-unsplash.jpg,5e39bc4c1c23362d6922c21fda07b8460f59b6aeadbc426935fb6cb90602edc2,486
12,33,male/indian/sammy-chandio-EvdFPEFqoxk-unsplash.jpg,dc0043185edf574f533c9472c74b2a3cf250f352bf2f5ca68ae431c93a471af2,487
12,34,female/black/pexels-adrienne-andersen-2552129.jpg,15b3dbecaf5baf68c05e71d0c9137eea06f3839d1459c2413d42778f1bd72ed8,488
12,35,male/mideastern/mauro-paillex-moDxmttUP00-unsplash.jpg,03991b2238b0ae04349f319e2ea8aa1d23ca1ccc8fd9cc2624c5f3a49b358a72,489
12,36,male/caucasian/elijah-hiett-vAVGdV1oklQ-unsplash.jpg,3223527963b3e9fc642bd318de6996921b4afd43ddb64eafbc05890a338d4568,490
12,37,male/black/african-american-1436661_1920.jpg,a5764361a1f476beabf91e0e35712e5e45db21e7818c7244376ca7e5cec163e8,491
12,38,male/asian/pexels-gatot-adri-2693621.jpg,701a3371557d4b588d505d92ef14b2059f7c737517de275c5474ec2d453ad5a7,493
12,39,female/caucasian/pexels-nycolle-suabya-4759196.jpg,698ffd60a8c1d1d2f329819bf8ede9a075b681d84ac5acab47dedb0412812b2e,494
12,40,male/mideastern/biceps-2746490_1920.jpg,dbf436d888b2209a4dda946d1170573c2b708ecad9cb413bb0e2244c8c790e6e,495
13,1,male/indian/swapnil-dwivedi-N2IJ31xZ_ks-unsplash.jpg,9c98e6497dfb34293d2de94076e0dcc19bee7b5b225e133a7d1a44ade934491a,496
13,2,female/indian/pexels-nandhu-kumar-2703082.jpg,1f5a2a30f1111840362bdacc5f720e4dfe4e66572b166a6304a32a9fd1802fbe,497
13,3,female/caucasian/hassan-khan-EGVccebWodM-unsplash.jpg,a2c976315ea85e405cf11408e65ab74ff1971d97fc8f189a3e3f575f8fa71e46,498
13,4,female/black/pexels-marcelo-dias-2448994.jpg,297ff27fe2653a118f3c0d404a901b5a50b1e6c0d88240e9219c375386029592,499
13,5,male/black/zach-vessels-5ia9JBnlLp0-unsplash(1).jpg,6b59480e10a72ef9e2775b99b950dd53e9f7d97d06966c15ec4e16445c0fd3d8,500
13,6,female/black/force-majeure-a5-_X8IktJg-unsplash.jpg,78d1a202baac946145bc930d5bcd8c728fd9eb40ab3006c4f475a4bba50db623,501
13,7,female/caucasian/woman-885845_1920.jpg,7ee368f49f68e6fd09491ef225310f3ca01ad30e62e61649c1311943ff866a4e,502
13,8,female/caucasian/allef-vinicius-PoM0yxiD6L8-unsplash.jpg,f4ff1a4bdf07f0f5108a355220a8a58fdde19e186e1195668a62435d9db6a6b3,503
13,9,male/asian/pexels-ketut-subiyanto-4473405.jpg,54a65efba099466114e23faaa5265ae22cb6d46c6e5a4e28f870f73309891993,504
13,10,male/mideastern/kouki-walim-71ZedHD4P7Y-unsplash.jpg,c964accfc8256c2567b20e473e16890b88b78dcd83232dc9b615e90890f23844,505
13,11,male/indian/pedram-normohamadian-daguyNdZFCY-unsplash.jpg,8839622768fe156a1fa25b9e449c5d1c47a8790606b5a6799d4f1aa3f6d8194f,506
13,12,male/caucasian/hashim-hadi-XLvLGDu_5wE-unsplash.jpg,3ed2c0cebeceddbdacd6c02cd0b976da22f2eb2d2273608bb671d2c5c9209808,507
13,13,female/indian/anshika-panchal-CX7WFaWeFhw-unsplash.jpg,46099ae017e36bedb3194e95ee1b035e03d6c6061e8d16e39b77358f189b0617,508
13,14,female/caucasian/lovely-3368231_1920.jpg,1e32a2cb5c5543b024d542d919ffc29fd612a153080a5ced52e3a06acf739f07,509
13,15,female/caucasian/thoughtful-583373_1920.jpg,22f5dc328393eaab742e75987211fe05d7c2794e23fe8d94a31f38be01a8af81,510
13,16,female/caucasian/kim-jones-EcldzGBAB0A-unsplash.jpg,92c74c9ad7cc89eef3aa35855bd1b3a91cfb2a9c3f32380c3e6fad525f02ef56,511
13,17,female/caucasian/yours-UecWQkR6M4s-unsplash.jpg,c850c1c3675900cd0ddc5ce56a89b41c805b4567fec343205bbfd1a6511dbc21,512
13,18,male/asian/darshan-patel-QJEVpydulGs-unsplash.jpg,b8e9398a88f8ec9e233e47ca5500f6c11699dd0f0b62a2fbf30175fe752a7009,513
13,19,female/caucasian/alexis-reyna-Ghq7sANg8Lc-unsplash.jpg,4409285f6615d26ee71779e54610ea035476305376f3dc92029e67702e86f44d,514
13,20,female/caucasian/woman-828953_1920.jpg,f1129e2a3025f2b6c902e13525ff92060d8e27d9d3214c0fae0a3a228d55686d,515
13,21,female/hispanic/huseyin-topcu-pE5dKSGH6G8-unsplash(1).jpg,9adf028646c56f26cab726870b2f079002aa4771c9049a1253066ef3d539d19b,516
13,22,male/asian/man-2702805_1920.jpg,c877d045153ed7b74a5c1f74f2acdabf028437a61fb8c04bb70f8e813f04cf5d,517
13,23,female/asian/joeyy-lee-pCcPFfJ-LzM-unsplash.jpg,58b49f9b6c144b30617b3c2f5b02cbf6e4685c9a8a206e6784dccc6b747980b3,518
13,24,female/caucasian/garin-chadwick-dVnnPd2xgf4-unsplash.jpg,af53ed09a507bab5fc11921f4d01d52bd526071b2248e4ad9b7ff48d6686c865,519
13,25,female/black/kelly-sikkema-q2hBflsr71o-unsplash.jpg,d61ea43b256a7643a9e27b46457fdf61f33e46e28b71d6cb42f51c8a3403df31,520
13,26,female/caucasian/woman-4791398_1920.jpg,6c1632391d56bbadf5d82d88f21f730760c63e2d78c0bac8ae162abe93ff9a5f,521
13,27,male/asian/christian-senan-KW4JsQp8zGU-unsplash.jpg,3b803ba22ddd3c03c3df961cefada9fe8a2a057a5066579ac2e5a69e9738f6d0,522
13,28,female/hispanic/christian-ferrer-aK5Dt6L6_hQ-unsplash.jpg,8888fb62b7e3e5fd57c820dd7620e1b0736bb5f1bf80cac0a8307538edef6cb1,523
13,29,male/asian/boy-4754320_1920.jpg,58a05998c76fc2037484f693850725e40b801bb0b22b2b2d919e692a7b403ecd,524
13,30,female/caucasian/girl-2334888_1920.jpg,007903abdfa87e080ba0a4c1ef907b1d981bda1f9932e191e40d72ad9c8a913f,525
13,31,male/mideastern/male-4616459_1920.jpg,98a18c8c09b76286b13483b12050377e223b4b7df1f4070741f8aab68b0695e6,526
13,32,female/black/oladimeji-odunsi-pV2Kw7Tts14-unsplash.jpg,db3d2f87a19f35e68f8e65086f48abd7148beba9c0cec261a2987710c48caaa5,527
13,33,female/indian/shy-girl-5942197_1920.jpg,98141127628ea39fe328e1d2c7e0fcfc6ac9f74dd6cc7cfc215890a3fddb29de,528
13,34,female/caucasian/max-muselmann-3e0dM8wZJK0-unsplash.jpg,3e9b873fd466d7b9244a5e69520dde83746b5b6f55acebed2455dd5bbe54f8a1,529
13,35,male/asian/pexels-ba-phi-1339536.jpg,5d6a2cfb790024483db0ce9e018a840723fcec099d66e35507c599c03c2f084c,530
13,36,female/caucasian/blond-3952534_1920.jpg,4e081a16f1e40f59583ae88a0e008b0f7ba124c0c318d4d7bc34e99d79f1ac7b,531
13,37,male/black/steward-masweneng-IvaGYGAX3jI-unsplash.jpg,36734ddb5b871eb4675947b0f74fb6bc5b11402f259b6d7f894cd65a4977628b,532
13,38,female/black/noah-buscher-AR7aumwKr2s-unsplash.jpg,803e341132d709805fc524209a25566313be4aa024e62dc514ebf8737e2c6f39,533
13,39,female/asian/xu-duo-kSyOJGwlGm0-unsplash.jpg,2244fe2ab367bb9ea02dd0d868263340462ff3478f44a62b359412d652e23289,534
13,40,female/mideastern/girl-1364014_1920.jpg,591a4755ce9e704462ebbefc09a6e5dd086813875df5d86b415ed9ddd309638d,535
14,1,female/caucasian/carlos-lindner-zvZ-HASOA74-unsplash.jpg,2d8f709002c668726d2e2a0d506d449651c3a1c5b9107f0d2848e57c5f5bff7b,536
14,2,female/caucasian/sergey-sokolov-CbfFN5zE_sY-unsplash.jpg,14b1317e2d9f2b4b45b8b12ee020013b79c6219ed5335b13599369b61a87a09f,537
14,3,female/caucasian/ronaldo-oliveira-TOQlWdx_5Zc-unsplash.jpg,62f0fda51bbbacf59a2a5f0b5077a005ac56133b66371dcb3034b5f98df8a1e4,538
14,4,male/caucasian/entrepreneurship-3498256_1920.jpg,9d1ea36430f9be3d02d83ed307860a49c394a957970201b9ba1e5ad06de292eb,539
14,5,female/hispanic/beautiful-1845148_1920.jpg,14e7df2cba3f5d049837a636229fdae58be23615f7afdc9c11b4df4b8345435e,541
14,6,female/mideastern/raamin-ka-FfZRzlmFsvY-unsplash.jpg,af0850d7b436977ecca25401c805d4ceebfe398eb02418d6378968d82e88f17d,542
14,7,female/asian/faizfajer-VzmoR9Meu3w-unsplash.jpg,d1a103b139291c91ce39a0829ccff7668235239df276ba7594a18ba0ec368acd,543
14,8,male/caucasian/111.jpg,40044ea4978df4aebd000e00fa5d8c22d3c301a5fda95412b27be2aad0eef924,544
14,9,male/caucasian/pexels-alex-green-6625960.jpg,941fb51fb914e90f56f84ff29a6cfaf5f482b66a65ce5ec76d6a29c58fe0328e,545
14,10,female/asian/7.jpg,500c6325a50ff864db0f51b1e1d1c3266be283b2da9a0d846d73b975d20a6e24,546
14,11,male/black/alieza-rizvie-RhYNbSQlxSY-unsplash.jpg,78379fa4a004cb056f0847eea8694d838d6d28f9477cc53d91c38220aba572de,547
14,12,male/caucasian/vicky-hladynets-BUNTFZ25_hI-unsplash.jpg,910ba9a9aad2d0f9fb035fdef6b425c15173ee8ea309ab2285fab47f161c042d,548
14,13,female/black/ronise-da-luz-5DJ8sR-m58I-unsplash.jpg,d788793783bb78fea3980f0f3a14423c445bff4a197c87e9aa53b34d94c2f79a,549
14,14,male/caucasian/roman-holoschchuk-O-98kcPe0P8-unsplash.jpg,2b8b8f17bc7c1741e53894066d4df6b879eca6b643a9fe7c059ec3c35edd4338,550
14,15,female/black/brenna-huff-0bayIkan-Ao-unsplash.jpg,454296b3d2de1c21feae2f4d2fb3152050359e1325e5cf318a134a02fde72397,551
14,16,male/hispanic/man-2030662_1920.jpg,1ca64d27a91cd43ab3a446997b1c6cfb86f61f4477a571289849c2302c698cc6,552
14,17,female/black/pexels-rodnae-productions-4921034.jpg,081a1195266ccc9f94d79a9db503dd3ad13e5f511f567e3327fd3be28f94e6f1,553
14,18,female/caucasian/tamara-bellis-JTtWu85K9So-unsplash.jpg,9cbcfd7ae7f07c6f7883fa7f913ce492439bd57fa6699cfabcf62b03dc901928,554
14,19,male/black/nico-marks-mFcc5b_t74Q-unsplash.jpg,61bd7a14ae1e6f5ce2d5a826ae8f7974c6bbba9ffb86474690c44cb4fcf90218,555
14,20,female/indian/kunal-goswami-YHSohAq-PuI-unsplash.jpg,d98e2e978558efce4b1694cb3ee87dbb2df93b1cd02712360a2a86bed474b35a,556
14,21,male/caucasian/pexels-hamid-tajik-6273203.jpg,2dc16399e997fff3f4ffa04162dacbefb639c90d168d950e3b218a691285153a,558
14,22,female/caucasian/f8.jpg,0bc3010810d03f48304ab040a677a9dc450edd2a4123aac26f8df5cfb6a05c65,559
14,23,female/caucasian/girl-1848910_1920.jpg,2b6a6637ca480de06200a07dd7a9301add9a5511a35b45ee7aa268f3bf63d55b,560
14,24,male/asian/career-451281_1920.jpg,34fe3c884079fa8954eb12d084c963edcf5db0daa3a32c11a4ecca42c337d2bf,561
14,25,female/asian/du-wei-5rrrG8IZ8Dc-unsplash.jpg,054d0d4bcd17fd52d5205f439fd5b110fa4821b73ba39f8b6d8793b9d1c1de5b,562
14,26,female/asian/azamat-kinzhitayev-yyf5DCBtm4E-unsplash.jpg,21a991c81880674505fba39b05fbb37fee319fbc321aff3cbe3950cf2072fe7d,563
14,27,male/hispanic/marcos-paulo-prado-y6yrNx1MBEg-unsplash.jpg,01f397fe3adb745a6b0a01ee091b3ff94b5613a9397df80f786049e69326adb8,564
14,28,male/caucasian/kitera-dent-UFNv8ZGGbX0-unsplash(1).jpg,825b6552f937e908eabf2624075423c962c5df50073525c7cdaa4d4ae2c3bc49,565
14,29,female/black/pexels-zen-chung-5537979.jpg,ab236bc5363c5914317d4265148be3e0653c374b0c51d3e8a2926dd3e6b99515,566
14,30,male/caucasian/smiling-888532_1920.jpg,88b0c2369c8ef78e5cb4061142290fe1fda4e136e0070befb63fd70d345383b6,567
14,31,male/indian/md-duran-msnDjv5cC_U-unsplash.jpg,22b6fd1eae542e4c2ed5e27924b3b4fccf90c41640d2853370a5ebc02f55a92b,568
14,32,male/indian/dollar-gill-nGWo2KbJERc-unsplash.jpg,53155a166908d3aa3940cf923c0042e74d7cbd6eaf904af85cfc7181d19e7630,569
14,33,female/hispanic/blake-carpenter-qWiJBa6soE0-unsplash.jpg,e96b6417b8c01c5c9f90eb002b4ba05bea8f85df63afbdefb6a4951ec2f10166,570
14,34,female/black/people-2587179_1920.jpg,bd28a1323cf0eb648680472972c5c741837f5ad3f7ac50e8a130baa86c278a2a,571
14,35,female/caucasian/christiana-rivers-O_XIvDy0pcs-unsplash.jpg,4fed8bb0f420d41c44e567888e18a08f226dbdfdcb8ddfe48928eecdb8e688e7,572
14,36,female/indian/indian-4755323_1920.jpg,ad0f389467248805af18dbe5a1de4eef99ae4e7379774fb99106c9aa9c54df33,573
14,37,female/caucasian/person-5896670_1920.jpg,ac86a0b4ec7f58bec14aa355885b16861e778caf47d2d9da5e40d6d5d5a90093,574
14,38,female/indian/christina-wocintechchat-com-z5SOVx-y3F4-unsplash.jpg,43e3b1e49702cc33d0cf653487c59b4298883e771c95ef17cd06b0fc16bef2e3,575
14,39,male/caucasian/lion27-xqJjNYb8qZc-unsplash.jpg,e47d8f164f0d9c9587c9249d6bc6b22bc5be81e6720c200719022e519d37c0d7,576
14,40,male/caucasian/man-4220914_1920.jpg,860aaf58089b9ca5c31d8472e32eee550c26b57c89adb051412ba2674531d82a,577
15,1,male/asian/landovan-4aSkbR8Kdwk-unsplash.jpg,6ee0a1f81204129be637132995cedc6c04c3a83d90b64f53c89efe86c2ee7125,578
15,2,female/caucasian/girl-3576679_1920.jpg,a779a40f01e5cbe78a0844b1796c632fb4d01851ddcbb4b80f481392fc41b870,579
15,3,male/caucasian/cody-chan-TeAj27VRKzg-unsplash.jpg,a7069f2ad287caaab78fbd4d508a651d0bfb465af3a9614287ad0c790d110572,580
15,4,male/caucasian/young-man-4971459_1920.jpg,8a9dfe96ee22bf3681fb1a958f652af1c978d849fe90fd6b3c986e766e27e75c,581
15,5,female/caucasian/emmanuel-bior-N06QdiZgK_E-unsplash.jpg,6691667bdaa506e40dc0097b41e97375ef32aae47e47164be25fda42f9af7426,582
15,6,female/black/woman-659348_1920.jpg,61662bedf03569a40615ba4345c3c66443b8d783e96b1a5b4a7450cb4e24855a,583
15,7,male/asian/sarad-shrestha-i1okjBPfPlY-unsplash.jpg,ae7dccf22f3dc803a6211beb5dce239fee1339a64b5bc8ea726c0f1c22ab1a04,584
15,8,female/black/pexels-dellon-thomas-3189024.jpg,b43d5347fcdcdb33051a0538d74b2dee4c745e9dab3c59a23bbca8d3d4cd7bd7,585
15,9,male/caucasian/young-4440156_1920.jpg,2f616c041c76aa4a935e4c456fd6031228c6e41dc7f8943036be01f2ba571a1d,586
15,10,female/indian/make-up-artist-3987573_1920.jpg,a7985f2cc502ddf64652cf1c20be4ed339af929109014f449fff11736ae0f0e0,587
15,11,female/black/dario-didon-Zqx1BVQBGII-unsplash.jpg,105819dc397af321d5876e4ed95a48ca413449796008938b215654bb9cc3c94c,588
15,12,female/caucasian/beauty-1132617_1920.jpg,f3c87877f3897fa1ade3ac24e0cd194e7c99a4fba93582ad58b9529fbf8022ec,589
15,13,male/caucasian/emrecan-arik-apJKb2Js_Vg-unsplash.jpg,9bdef9499c532c7f52e87c50b6bfa4ea7051a8578883761cabb7a9fce86b5f36,590
15,14,female/hispanic/febri-sym-HKuhUKNWFtY-unsplash.jpg,33b08b085cf25a8b7e043bc5302555b63d5291f5e6db56f7c233aa973330f8c9,591
15,15,male/black/christian-lunde-v-dd__G7g7k-unsplash.jpg,e2fddf83d648cbdfd586ffee9bbf5978747756cc42416628be6fc1ed00dbcfed,592
15,16,male/indian/kazi-mizan-S3FoV56-Wbk-unsplash.jpg,d7f38f2afff31d1d0efad627edeec106fedc4a47b457d47e16db988390b5da74,593
15,17,female/hispanic/willspirit-sbln--hNSeRvzgP8-unsplash.jpg,ad15ef124ed45ea0f3982efa8b5c9a491a5eb397cbfa8a80861f0a4879497aea,594
15,18,male/hispanic/man-352563_1280.jpg,a25ad45dcea54fd9f3d033fd4895b84b156dec0b1c7a1421d0daafcc4b8bfdb9,595
15,19,female/caucasian/alex-perez-42e14e_DSWE-unsplash.jpg,82c772abf9541d7f1c4adb46a7d1c396ef5f03fdcf5534181cf5a814399311a3,596
15,20,female/caucasian/portrait-2690308_1920.jpg,78f5139473fe2cd48c83bae226ce2356a71edfa3ed6e72e8efb447f0fd9f64b3,597
15,21,female/indian/indian-woman-5450102_1920.jpg,62e69d1d9ade8284e80e357cbf2ab74231001f5d6b0dffb0b6b21f80637e6ac1,598
15,22,female/caucasian/mohammed-hassan-xC2YIBmTROU-unsplash.jpg,f92e1805ba9eddfc65823fb179b165813cb45408b421ba4e470bc079a876e786,599
15,23,male/caucasian/augustin-de-montesquiou-neVX_NUKeLQ-unsplash.jpg,f1b225bbaac6351bea0bfce378875248f3753694fc5b8fc2f03770c0c166001d,600
15,24,male/black/angry-boy-3740043_1920.jpg,8a7394cb7b36d40557ccf81d5100d7e9f11809dd2b8044817d0036669a22a386,601
15,25,female/indian/woman-5267153_1920.jpg,269ab877dce1c8f9c56d03c017d298c049acdee3281639071935d5c8a65b8c8c,602
15,26,female/caucasian/teenager-775053_1920.jpg,bdca32ec6e3075039fe8f68b7a7edf80c4f62a9428457881303d8322f09ee0fb,603
15,27,female/hispanic/4.jpg,fe3c871f8e471b73d1317f8c7a2d89b79e6c629e3cdafe00be95ea82ce6a8ffd,604
15,28,male/caucasian/boy-3562120_1920.jpg,b351ecf44446c6a48f228117a6eb3dea383b62e6fa35df983169328ede9babbb,605
15,29,female/caucasian/woman-1393311_1920.jpg,75c45252de158b04ccd7c5fb94e6d850ac91f54a7fdfd0b093909f3480a96744,606
15,30,male/indian/deepak-mahajan-8ig-SzHpqDw-unsplash.jpg,5aea7936e35757f03111ad85a989d00d0098df0eac02916837af7cae23cf809a,607
15,31,male/caucasian/luca-pellegrini-pRopJ47ilxg-unsplash.jpg,7152a35aa3f2f2a5aa584b3fb24f4cdc623ba7ee0edab6cb87bd81858dbd1085,608
15,32,female/asian/vino-li-yuJYUYpnFlo-unsplash.jpg,7dbe1cedf057f51c490ac1ca381ffafc7325ec24098cb2c80a7390bfe99aa654,609
15,33,female/caucasian/karsten-winegeart-7dmtZSxMDi0-unsplash.jpg,088a1aa86d9d1ee331e172978d83acfd1a569bf2cc4907a180752e84f5eaf39a,610
15,34,female/asian/alex-sorto-suymY_8bk4Y-unsplash.jpg,604da04d4d7b23b8c7c5015c68d7da2bb3bcc6c03b799c8776548045231d474c,611
15,35,male/black/karsten-winegeart-JfN0kpooAyw-unsplash.jpg,ea5dc0898c5a0c1f5b98abbb3048fc6f8c9ead0b7a1ba7daa588339598c59ab8,612
15,36,female/caucasian/gabriel-silverio-u3WmDyKGsrY-unsplash.jpg,2c1c75a24bf25844330d0077a3f6e4eaa6ebab25a836453ec44f8d3a009c59ed,613
15,37,male/asian/dominic-blignaut-VZgm7GtN-cU-unsplash.jpg,1db151d6aa5c4d228f3211d3ea2b14563d021ac534516dedd6700d1f786a5a7e,614
15,38,male/caucasian/vinicius-amnx-amano-XKoTZ1EUOJA-unsplash.jpg,59a62e9c082759c8062eac76f02c000876663475162e9d93527a39176b10b991,615
15,39,male/mideastern/alireza-moh-WHaTWy-nCkw-unsplash.jpg,27ae41820d3e15178b748f9cc1a8c771d3d819fd74e090587dc5fac75604b9b3,616
15,40,male/hispanic/jaime-spaniol-0g9FHYb3IEY-unsplash.jpg,cf37196af6363e6c143a7303d81800013142579b760596eb89bc6114fd3da28f,617
16,1,male/black/esteban-castle-FULkoZ989E4-unsplash.jpg,a9985e6df8635d2901cc26fb0ccbf99c92b43cadeacba1c1c0446947a03632b6,618
16,2,female/black/prince-akachi-J1OScm_uHUQ-unsplash.jpg,f36c69837c56094537714273f3bd42b429058936015da3072e992b6d23359c79,619
16,3,male/hispanic/carlos-gil-GfuvYM8LPPQ-unsplash.jpg,60e87ec7e46888179f099d35a86c589d5ae55c0ca20d634cad14975d40e7a0d1,620
16,4,female/indian/couple-4686423_1920.jpg,3fce82306bd74094b8e8927dfb9736e89e1787cf9b575229051d49c1e46b3e67,621
16,5,female/caucasian/brett-carey-dPJ5H1qdBfQ-unsplash.jpg,1193b6d1e4d92ffb7a0eeb46698b17faafc64f107277196ae312ecf1806d7136,622
16,6,female/caucasian/portrait-3216220_1920.jpg,9f2abc18d2000976ee9eb1d5e0c2673297ff014d6ebbf9a8c3eb00ccc013931a,623
16,7,female/indian/60.jpg,32c88f4665c36dc2833dd18fabdf065fcd33a027d3a47629e8b88a9c1d366a53,624
16,8,female/indian/aayush-gop-rawat-VPwSJhu5uhs-unsplash.jpg,f3473b9a5424e15716b7127702c0bba77189768a5d69ef9017b3629d1548e8be,625
16,9,male/asian/pexels-griffin-wooldridge-3970083.jpg,4e7e974832b67a618f616545fea135a0fe40f02a91d9ff3e2793ffe971d836a9,626
16,10,female/caucasian/nikita-shirokov-v2RUpFTS3mo-unsplash.jpg,fda6ae71e0517d29ff96f55bb703693ccae6904faefbd0e14e1329d9f43f3f9a,627
16,11,male/indian/puvvukonvict-photography-AtpSEe3.jpg,1f761015f6425ebbc099fd1b735662dad710e571f1986c5e909cec46471db61f,628
16,12,male/black/oladimeji-odunsi-g8bZKBcGnaU-unsplash.jpg,39c516f4a92eb49f20623697e8b4d16cc8e10921f0b0b2772b2b35601450f9e9,629
16,13,male/hispanic/mojtaba-ravanbakhsh-C1FZr9CIC5U-unsplash.jpg,320dee4d89b836e1b3352fb8efe4a27a6ae11f68d701ce9529053cd02212d727,630
16,14,female/hispanic/pexels-ingrid-santana-2100063.jpg,92b7fdadb5168b2f86844ea94a48bd997aab7e4f9173332fa5fc64e79de558b7,631
16,15,female/indian/indian-4190972_1920.jpg,0cc556359ff852e978b776066d545feb53168dde3ba58056de452fdab2bca40d,632
16,16,female/black/pexels-rebrand-cities-1367270.jpg,5b60d280bd36cda717c95a926a3e37a5a77f0031ed11e5c6018a1e4acd886645,633
16,17,male/asian/campus-2787759_1920.jpg,940b1085f78749fba0111e375dd73237a76a36d3c84f6da1987ce0d546682f62,634
16,18,male/hispanic/isaac-quesada-uTZ9UIxUKVY-unsplash.jpg,34d0d015a8ee13d9e16371aaaff88307bc8e4aa59c6f5fd6d4e5d48f0096700c,635
16,19,male/asian/lars-zhang-Emvn9asFvPw-unsplash.jpg,efa9e5aec4a3b20f0f3ffad056b0c12f35879adf6df29ccb921e3754d4231842,636
16,20,female/caucasian/girl-3447599_1920.jpg,0af7cd1e3c3d7bf63c7f8ff27918b24f90080e8f8a7506dec2bfcee07e8a73fc,637
16,21,male/black/wilfried-vowoto-QlRYZr7CNxg-unsplash.jpg,055be6307f4543f9be12a21f75eb946a0976e4ce9883048ed83c28152fc0e6a6,638
16,22,female/asian/jaizer-capangpangan-04SoDoueyF8-unsplash.jpg,f2c741dd41ff4f316fa4565557e9e392c64336c9bca9216011931ffb54dd2950,639
16,23,male/caucasian/igor-stepanov-5uUPrmZgEYM-unsplash.jpg,db735c5cba732db56f4fe9b56413ee7f68b2597c99e557473175eea094379030,640
16,24,female/caucasian/daniel-corneschi-e4lszwLJ_As-unsplash.jpg,73307a1841ca5f540afc454a6a500203499b34b767aa8c41ec088283d9541e02,641
16,25,male/caucasian/pexels-andrea-piacquadio-3811804.jpg,dae9c253b1f9a301167d43da41d15e193e3754327b3f20694c796fc2d063e88e,642
16,26,female/hispanic/girl-2410042_1920.jpg,eadc74297950e37f064060e3e2f013672884be87fe25a3f06c7a31396ee1b8b9,643
16,27,female/hispanic/steven-aguilar-9kmy3mYHo6Y-unsplash.jpg,1b331b70d4cba5fef9ee369ed86e20c9a440a9a494b41bc996baec506201bbc7,644
16,28,male/black/rui-silvestre-hAMJpesMeDE-unsplash.jpg,0e95ef8ca9104e92c8414e4b0c2290bbb412150e517e18ba7b135e0c18f04a00,645
16,29,male/mideastern/lexscope-gRWdcPHz7uA-unsplash.jpg,d90d2017a47246704d85616fd2d1a032d9db86daa4652fb42a52304d4404e7aa,646
16,30,male/black/seni-oremodu-A7UFsx5NZMY-unsplash.jpg,edb1fec54c7eeade7cb710f63de0f44cf3915e6659ce53efa35bb2598738c928,647
16,31,female/black/ashley-byrd-AyOC81h1CGw-unsplash.jpg,5e661f9aced15a4264225f7917bfb63aaf77c32553d00d0fbb23f68d75d03061,648
16,32,male/black/elizeu-dias-2EGNqazbAMk-unsplash.jpg,bdaa2fad0016fd4139bc509781fa99b6dafb6b224fb261c3099a9b535a02f67b,649
16,33,female/caucasian/sirio-Ty4f_NOFO60-unsplash.jpg,619eb24e352df128bf40eb459dcb5a4e009fe874e92db054e389b3f6247c3407,650
16,34,female/asian/gemma-chua-tran-QaiIaCkGCtI-unsplash.jpg,35343f4aaa0e00120bdc753c0644c52ee6e2f3852b41c3cad70a04c5aa67c5d6,651
16,35,male/black/khloe-arledge-nGkC7RhVzGU-unsplash.jpg,5291ae4fbaf87204624a27b0684c1e9dcd3ebe0f5ee8cc2b89db53e0570b7070,652
16,36,male/asian/fahmi-anwar-dBtBDtiM780-unsplash.jpg,f2c0f07c7b5db3b86567b0171db75079b3c1095721f9f8befa02a88cb4b547c1,653
16,37,female/mideastern/hamid-tajik-uvnApE6gmnM-unsplash.jpg,674944c19b360abadef99b7bd44e05a71edd366b57b531b5b841de954053aac0,654
16,38,female/caucasian/timur-romanov-u-fY6-iUJPg-unsplash.jpg,00547ed2552bfd9def9855bde8167c0d5066b7d372ff34d5504581aa5aa23c01,655
16,39,female/indian/woman-5922147_1920.jpg,5a11f040535d9a771fcac2d8e59583dd3636047ce74ca5c4199463c4e44fb49c,656
16,40,female/caucasian/teen-2678447_1920.jpg,e2733300acd1737d5d6ef696ee9274067d5c4df8bb2e1a1a39e9586301114b2b,657
17,1,female/hispanic/omar-lopez-nomivMNW07o-unsplash.jpg,168b3f6dc8e323393aa5117f5fb1e0be3bca85a3f6890e09ffef0fb351c4394a,658
17,2,male/caucasian/beard-4205158_1920.jpg,f6a83b158c52f2ff9271cfd1aad900099543dfe6865e98501fc5b5d17f39ae87,659
17,3,female/black/pexels-rfstudio-3061415.jpg,069c601933040e71ca37db750a388c2871d66c114d40cb6d4cd1752d490cd018,661
17,4,female/caucasian/nadya-glo-fp6VYFSzM-Y-unsplash.jpg,cfa6c2036e154817bc5ab3ba7832722c10cec65a26b00fe01388f32da45af42f,663
17,5,male/mideastern/allef-vinicius-37l3ap7rouo-unsplash.jpg,e891a8ee6b07359de4e209d95b2d84e9a7773b32f4cb0559009baff7eacc2704,664
17,6,female/caucasian/kate_mes7-LauVwE7sFrI-unsplash.jpg,c1ea4c1aa51346f9e7d20d6486e957afa3bf731460fbaba7fd362f55868ebe29,665
17,7,female/black/52.jpg,297afaae4a630416013fb5a4194c3a9029f48798817cf8a8e787b93103ef9f64,666
17,8,male/asian/pexels-min-an-1153351.jpg,021d660500b58d2b50aaef9a2b18153f7d92eba0dc191e3014b41326c9d58c11,668
17,9,female/asian/jernej-graj-GY5gWDimEyg-unsplash.jpg,2c3a3cc6e5b7ef8132e310abf20ca231ca8312f536f7bb9f818bd09332719d80,669
17,10,male/caucasian/model-3513812_1920.jpg,962449bb2049e2c7c0270783e5e0b783929d2365a4c2db50734944c1492affb2,670
17,11,male/indian/ashkan-forouzani-YlAp3Y7VUmA-unsplash.jpg,3756fe20be98d0e313f831e0cbf8844763c2b7ec642b73ecf89f179f0f494da8,671
17,12,female/caucasian/pexels-miggy-rivera-3209390.jpg,5f1d1d14ff59a73a5c997152276db5965fede2b4584d83c8c7e025ff7ed456ac,672
17,13,female/hispanic/adult-1867720_1920.jpg,63669d868c923eb1c309a5861a5fd7f984183e8f11b3818eda0b8257e44eef54,673
17,14,female/hispanic/amir-taheri-tJDKalQxTxo-unsplash.jpg,539c4396e59c24ddbcd5b8223123befb62475c5aafd32e2c8d4d7e3629aeed2f,674
17,15,male/indian/pexels-daniel-xavier-1212984.jpg,6aa69b8c86a8926027ce2833ea370ecc6a33a145b595b39d914a440bacd3e9c1,675
17,16,male/caucasian/hipster-358479_1920.jpg,25ba31dd389618edc6363caefdc8a6c1639c53ca89217ff4f340d85c9e7e0dd3,676
17,17,female/indian/woman-3146093_1920.jpg,bd80c78b0d3f7d86c9752324edbf7cf1416eaf9d0e7e0975d2633850a818ab62,677
17,18,female/asian/hijab-5090230_1920.jpg,1deeaccdc07db4810afbc7ff3c5c72a74ec4a212c772b3d7f50750878431db4d,678
17,19,female/asian/pexels-maria-orlova-4946391.jpg,3288a669838a9f9462bbef22bb44906e35c4db536fc12e44969bfdc445139de4,679
17,20,female/black/portrait-856125_1920.jpg,94fe9bb2aee0cf921809a46bd7fef80b3d5fe620d41d3cc27f09436f4596de63,680
17,21,male/black/tobi-oshinnaike-Z7MKNGFnbOw-unsplash.jpg,b0f078665778164e12fbc87dab9023089e13ee08e39910486717d1779230a1e1,681
17,22,female/indian/juniar-baresi-1g-BQ3wkgWI-unsplash.jpg,882288a81a9608e93d2e650f36abf5e7e877f1a7d2ad76121c5076dfb738da5f,683
17,23,male/caucasian/male-4687507_1920.jpg,e4f57de7ab69066862eb376d5954fdc357a615e1ad93bdf7627951e6095554eb,684
17,24,female/asian/women-1507748_1920.jpg,05e1fa6ff9ecdf4c76a638f3de9653142ab81bb7065b0f4debed636cb9a5dff8,685
17,25,male/black/gift-habeshaw-KBv5dEN3QtY-unsplash(1).jpg,9e9b9894966819c6f7b0aa1631c6d9833cf72c7ca6c1671c61ddf1742dc5b154,686
17,26,female/asian/30.jpg,f64f86e86a294c71f9c9f91fa2e893ff65edf53581e1358589cdd6fc6d8ca95b,688
17,27,female/asian/japan-1432871_1920.jpg,c665da304c99ca5e0d9def6fde66144935b245470ceaad2fe40d1d011052dd99,690
17,28,male/caucasian/ashkan-forouzani-ldkvWj0lrqk-unsplash.jpg,d3ea6837b8c74c56ba09ba6e32479bd68bd377fb37559e2a4e623f9473d39c6a,691
17,29,male/mideastern/docusign-ujkG7mTs7IM-unsplash.jpg,9643bc26bd5d3f12c1c05921aa8a961e18209e3971e8c3d2aa97ddc484b58d2d,692
17,30,female/caucasian/lacie-slezak-Wn3oVkIn1HU-unsplash.jpg,28e30a407e351fcc20daf5d6bf4ad89bc2dd4f2fef0aa5bfab96938b825afacb,693
17,31,female/caucasian/jonnelle-yankovich-c7TBD3PvoaQ-unsplash.jpg,84ef57ea89d9850d42b2de7764a773d4eae3ed92fe3faebce81e82a9eb50e69b,694
17,32,male/caucasian/cleyton-ewerton-U_z1WoDoISA-unsplash.jpg,5c739d08a54c10dbe4b6e6c175fd8d0164798a2358fa6d3a4eb2326c4815fadf,695
17,33,male/asian/credit-card-1599787_1920.jpg,17a7690d1a05a131c4205ca05f7fe7af0bd7cb25ce02fd0611924804f4276e6c,696
17,34,female/caucasian/girl-1471048_1920.jpg,97527154863035c74eb2706fb372dcddd1607da2f23643fc1320c8031ae1bc7b,697
17,35,female/asian/57.jpg,d2e36c202895486d86ce3bae208b2e26066649494d2c09ee2c5a53d159873b47,698
17,36,female/caucasian/klenova_tati-IvwxEUHpQ5Y-unsplash.jpg,c1992442ac09839a874b0f63a1e103c55a0188811a17fe77ce7be29623442490,699
17,37,female/caucasian/portrait-1833929_1920.jpg,9da872c0b42b3685e336d374a6aefd0dca967f81705fe4dd49ed00a10b5aa1ac,700
17,38,female/caucasian/woman-5381567_1920.jpg,0fa0077214be9b0ea7b1f65fe5960a8dc7a20602e1fa257d034eec7354da322c,701
17,39,female/caucasian/michele-seghieri-Y2SGPFU57Uc-unsplash.jpg,6b9bd836c50be00ce2ac9038b53f873b71d4b5bc85d0600ff5938db0d840bf73,702
17,40,female/black/models-2158971_1920.jpg,65622fcd3a01e71e0f1fd048415714144c4705fa98b99373cfbbe88d20cf10b0,703
18,1,female/mideastern/24.jpg,3df380712298999982672047e7d19a0a4c4d891631e905680656fd0b23325f07,704
18,2,male/indian/rahadiansyah-3RQEJUpu-Dc-unsplash.jpg,71c273d67ce16fe5337b40aebb68d54002edd4f18de9a39ee85c0835758a6c9a,705
18,3,female/caucasian/jassir-jonis-1weJoLwqGlI-unsplash.jpg,5e890add8f3040151e510a524d547f525fba15eb538eeae21b580a3b1acd4beb,706
18,4,female/caucasian/kisses-1039533_1920.jpg,fffa4040cd9748e3c2841dabff9925ea65eb09c2177f291354987c4cefd89f05,707
18,5,female/caucasian/levi-stute-tvrn0E09L2c-unsplash.jpg,1e068ca7393b3d04381dbf201d9249f80089de24ed182e35c4c2d29243cfcf4d,708
18,6,female/caucasian/woman-3668495_1920.jpg,cead214407e4384c27f013f08173866ff7a3c46c3b3992192d61da86ac68f97f,709
18,7,male/indian/pexels-ketut-subiyanto-4307733.jpg,92a61bc3d95149444950940e38d72d9184aa6717bcdec308489993315cbd4215,710
18,8,female/mideastern/pexels-the-lazy-artist-gallery-1149840.jpg,07813c294188a67ef3581c799b673809263e5f4b2f401be3deb424448b256316,711
18,9,male/indian/eric-joseph-GMCsqQHOW0A-unsplash.jpg,7c638eb56f9f9b635d41fdfbf970a93aa8eb466675ec7e3941f741128fecfdf1,712
18,10,female/black/makeup-1442912_1920.jpg,9d8275689b0365026b774b29e9236c20b8dd21b31435f0cf8e3625735d80c7e9,713
18,11,male/black/curtis-powell-3mMvCsW6ZYs-unsplash.jpg,d2140199979341089c328e7690cee69d7973d63725a70846012367dea9c522bc,714
18,12,male/mideastern/emir-saldierna-oGcAzDcAXWU-unsplash.jpg,dfcb33edf2e133d8d60f48c0c6ae5f9978d3ab36603a7e646b4ac364bc9d7a47,715
18,13,female/black/eye-for-ebony-Z7ZmNovyF_M-unsplash.jpg,5f928e8b98d1db8598f3af9d192bb83f3698bf32f1add8dfc9a0e55b1adf69b7,716
18,14,female/asian/nima-sarram-3VOI8o6Ftio-unsplash.jpg,e12176a23854f95d447d70c0a090701e128fb5eab3cb30c24f47c47d5d8deba4,717
18,15,male/caucasian/winter-1937626_1920.jpg,4fd4941a98a1232bee92c92c0fc516009e739f1e4535895d0231215e6f690111,718
18,16,female/mideastern/pexels-andrea-piacquadio-3762807.jpg,3074f55d97d40a333fec242e749d89732121c5b705931d079737e9be2f797c71,719
18,17,male/asian/pexels-cottonbro-5529905.jpg,dff8fa2df2736cc782340a821fab0d33ad7bd164751219c3a3232089f683e514,720
18,18,female/mideastern/girl-3551364_1920.jpg,8f90d10119ca77ce2592d247331f5d7bfe9dbbcaf754ad95fda4eb2357aa8781,721
18,19,female/caucasian/apostolos-vamvouras-egW3HtJfsrE-unsplash.jpg,e49af970eb10baea9aaa669b308515a0e99a5d3ad680342e7daebfc03f06bb93,722
18,20,male/indian/nith-in-w1N1WmLDyHU-unsplash.jpg,aee61b1e3def50c2b2c3ae53c61ed13463e103eee7de9cce68579d1d4db8dfa1,723
18,21,female/hispanic/mateus-campos-felipe-AMSLWjFhivg-unsplash.jpg,02357f91e8274bfc458a315d991f3ccbd01613e918662b37aa181483c8962075,724
18,22,male/hispanic/beard-5216825_1920.jpg,7cf9eca7cb292557c246f7efa420cd2213a4e2274a845af45a1a7d1ecb063f5b,725
18,23,female/hispanic/arid-1868523_1920.jpg,8b64f0253986cb55dc7e938d072d78db558ab1adf02c6c1f06611dfcfdc6115c,726
18,24,female/asian/jim-flores-ebidnEfTCtk-unsplash.jpg,d94d076296a803a2af14a6bbf364e4d0c15e35231f55a1bd66cefe4dacb0392c,727
18,25,male/hispanic/darius-bashar-8Kfyz3FMjtE-unsplash.jpg,b9ed2d3680b602bcef1421baf8cf09f9da98b4522a3393f0b40cda41c4d8d383,728
18,26,male/indian/vishal-shiro-5935497_1920.jpg,a9c3b7f4755b9ff888f056b0cbe6e91fe726c4e8caaa75c97bff889c24e17471,729
18,27,female/indian/indian-5449593_1920.jpg,01245349039d9f11d21601582f5304f54593dddafb25cf21e0b35732a983f14f,730
18,28,female/caucasian/vince-fleming-ktx5O_H4DKc-unsplash.jpg,d99824cf25f2c3331438c72ebed8ed5ee76b43b4cb39b997545ff68437eca88e,731
18,29,female/caucasian/woman-3714620_1920.jpg,b17d1f3b08f28673cc83d8502b95af1641dfb93ba60cf80c3abd726b1ba3c193,732
18,30,female/asian/girl-1741925_1920.jpg,8f80a22e44782c3829a73503f993a19796c629c1649572da6690b04659678dbb,733
18,31,female/mideastern/girl-2651718_1920.jpg,c6f9e95b8790f653784185c9fa75b527e5904aac9360c38c5e8ef8dfe700304d,734
18,32,female/caucasian/theo-rql-a4pyoiTdSqI-unsplash(2).jpg,2f1f04c5250828fabb1ed6d1fc0657c40060df60b535fdc2588291a54eec3327,735
18,33,female/caucasian/bikini-885382_1920.jpg,a50c99d05cfd60013f7b7c534bfc0a5cde8832bf4a384bb9aad382829421e999,737
18,34,male/caucasian/couple-1719683_1920.jpg,088bbefac845603bc8e029f046408683f60173991631bcb996bb921d61bea681,738
18,35,female/indian/33.jpg,b81c593c4f1a30dab4bcbedd418706360aec85310ba37ce6e9fd8f5d2d144215,739
18,36,female/black/mehmet-turgut-kirkgoz-2rVzuyCowLI-unsplash.jpg,5050db74d642149f7b29e95bddf8b5e496f2292f50c7cab98e6a37e24bb31244,740
18,37,female/asian/pexels-raydar-341970.jpg,6e7ab62015084983fd4969f877f98347f25116d2e0d381c5d1343e5bd4a664b9,741
18,38,female/caucasian/portrait-597173_1920.jpg,831aa5b4b39b2767ed4612cb769ff2beae32ddadf0ef0f7ccb31fa3e46efbe5e,742
18,39,male/indian/pexels-zain-ali-905470.jpg,9d32fd06a885f12a6660a06467a11e8078c9f1910d3cb9d1e4029b97eaeb7bbe,743
18,40,female/caucasian/nathan-van-de-graaf-yomqHFm15N8-unsplash.jpg,3dc25851148400e3e9c3cc1ccd694b805585925d00303282b8e861ca641bc545,744
19,1,male/indian/rohan-g-T9ckn3XHHnA-unsplash.jpg,c9f028ce0c35c865e03ce19830f7384c2ce855d1aceea769753aa64bd99b28eb,745
19,2,female/hispanic/reza-gholami-bgf_I27qcmM-unsplash.jpg,937655f94799d0f1ee96279a5f144d50e059200e23a4f72ef02eb3d477b20c59,746
19,3,female/indian/pexels-azraq-al-rezoan-5151189.jpg,1a63d202b881ace8b893ad86edca83ec2de6e377e3f0560aa79628ff0cff85ec,747
19,4,male/caucasian/headphones-4602763_1920.jpg,f36977b5a39f1310685898c0c8279727775617af89a8347551222ce8f7bd94d6,748
19,5,female/black/african-american-1180847_1920.jpg,baae5ba189f6b13e8fe54481f21660d5b9f283c5752672c401ad32449278a09e,749
19,6,male/mideastern/pexels-marcelo-chagas-3583894.jpg,4cf9ed1425e96c060eb219178094cb6856bb3aaa4582ee295566c9f791166f53,750
19,7,female/indian/bulbul-ahmed-s4Uv58E4PXc-unsplash.jpg,a1898dab542b9fcf5450b34cde32b038f270454e80b787d24bc18ada340db0ed,751
19,8,male/mideastern/katie-moum-yXfdoI66AtQ-unsplash.jpg,4e508e4e1f6a4493f8fc31fc3cd6db44905f82932cf0499df46add002c3c5156,752
19,9,male/mideastern/sumeet-singh-XPUxjOq8yFA-unsplash.jpg,acbe4d4d8df06c9da4a858a04385ab1d2b13cf09227a777f53a677db04b230ec,753
19,10,female/indian/shotlist-7sPYFUKOK_8-unsplash.jpg,dc8a79afd1e6b15f9ef6f0e57cca96e977e0b178062a0342b79c44974fc978b7,754
19,11,female/caucasian/granny-1280445_1920.jpg,caf867ceb0d5054a61accb35974da5fa38f53afc744c01a37fcab0e47f485a9e,755
19,12,female/black/wadi-lissa-PnCTTH_mmYg-unsplash.jpg,5154ff0fbbda9be8b206f370a148b98f0681d53b34b0127e90264691eedd9cb0,756
19,13,female/caucasian/hadis-safari-zawAr1FKOMw-unsplash.jpg,68baf7ccd9e5fd0a5efc94794550442babf2e11b2786be2ac94169a04efa164b,757
19,14,male/caucasian/jeremy-bishop-ctAsm_deVVk-unsplash.jpg,19b6954a84d1847a1ae4600763bb008f1b5e2835c57b23abf94e2fc266747484,758
19,15,female/caucasian/sharon-mccutcheon-EpsQ8oVcDj4-unsplash.jpg,a95f6b27c706ae8c86329fbdd5ce0f0a737c2a1e26bccb3df91bfa3bac17b59c,759
19,16,female/caucasian/girl-204327_1920.jpg,ff7603b0cbe2b36c78b7edbf38f8b88d81dc5b34a96e0e1b090aa6894a7e0cf9,760
19,17,female/caucasian/grandmother-5903707_1920.jpg,e7af9cc7bdd2a2b7ea4c134166e79af428e081370c742bb6827a6399e912d1a9,761
19,18,male/caucasian/sharon-mccutcheon-W2hSpLh5caQ-unsplash.jpg,dcb6fb366c7c6be65f5c8cb7cedf320bf2dd53b40820c7e46cfa231f09a6a40d,762
19,19,female/asian/pexels-amir-hamzah-photo-2705292.jpg,567021c7ce95d055a53aed8b56e343e8e1d8c753638d5b3ca7a6d4e82abfacde,763
19,20,female/mideastern/ghaly-wedinly-K07jvi25Qxg-unsplash.jpg,a49c782637eee8c4070a28f6968398d78bb6d34a70b7cc479313169098e47386,764
19,21,female/mideastern/pexels-anubhaw-anand-3263992.jpg,42000957d37633bd68bfbf1caf2a2c61b192bc8f9cb2dde7c62788e0e8446ffe,765
19,22,male/hispanic/pexels-johanser-martinez-5372767.jpg,f9970b319ff47fa66fe870060ba2638435434f8c87663b5ae0c9d2acf81abf28,766
19,23,male/black/brian-lundquist-bf6ZtR545rU-unsplash.jpg,7600c24f95bf6eb0f8c518fa6fd23c60c43ac50dcce1534bf9a90c8e013487cf,767
19,24,female/mideastern/latin-4793762_1920.jpg,77b1be8f2276bdd08c963114e23ac20ee4bd1b06858e279f9025a34505f69b69,768
19,25,male/caucasian/mehdi-lamaaffar-lrALtuCkYs0-unsplash.jpg,2b338ec5e6c9c1e9422bc2038af32674e754146140891034aca725187bde8d05,769
19,26,female/black/jd-mason-4eRATsC7zTY-unsplash.jpg,e441abc7ce4dd4ac27ddd178e949ad1025183115b88bad58c35d9b7b893a1b74,770
19,27,male/black/114.jpg,8fb743987c6d0dffb7691805f0ce4ce58f20b0ff1bc81b7b976fa95d813312eb,771
19,28,male/caucasian/person-771996_1920.jpg,9d90ead1a43a361a3dc049e4dcbec41158168e74d8463d6c79e768f2f422edfd,772
19,29,male/black/raphael-nast-x1od0bnYmIw-unsplash.jpg,d56ced62e1ac586de083e4ab8e94da1a0dc676de306ee42054178406efe4b9e4,773
19,30,male/asian/pexels-min-an-751204.jpg,1e8b65348a25528dd686cf544f17b83fa4b4267dd5a2bfdd190c97f31b4a4d12,774
19,31,female/asian/pexels-nguyễn-lâm-886477.jpg,642df2f21f27d3f704469ff06a2a6082427fe252baea762304d2840e8f5519c3,775
19,32,female/asian/isco-wcJOYUVOwDc-unsplash.jpg,81fa306a8c45a690c047b368760f7d5fb7ce8b4fc8a1f42c63c7a420970334fb,776
19,33,female/indian/model-5576796_1920.jpg,ae1791d3be23c7d11b1b3f86f5e925c1a1b958573ac1a35344bd0652cae4eb85,777
19,34,female/caucasian/brock-wegner-Ip5PiEDGK3s-unsplash.jpg,26e991771742cc0580180413790e644324944cfe12334a19ce29321c11504e36,778
19,35,female/mideastern/july-brenda-gonzales-callapaza-DEseREQoXPQ-unsplash.jpg,c64a1cdd0fc91c838d2dd2da6d03280c06a5db304f6f40c2b17a239033052db7,779
19,36,female/hispanic/pexels-lehandross-2383118.jpg,ac735d35531e370868e012b4e95a95a59200e326c378c5bd8bf20306caa7a35f,780
19,37,male/indian/male-model-1221915_1920.jpg,f825f4e9010b97f573f5c26d94b0e92398e6439963815f3e9f8a47c891fbd7ee,781
19,38,male/black/osheen-turnbull-sU0IT6W8KaU-unsplash.jpg,9449c950fdb9466ee1a18837c4af06b95b05227efccdb819a7ca0e8cd3a5e6bf,782
19,39,female/indian/32.jpg,3e60086bb3d5c19a09e9f292d84d95f4a7e9650dfb44e15f148a644f0aec23b1,784
19,40,female/mideastern/pexels-artem-podrez-5125221.jpg,114a5b877e8e86bcd5ab4210ad67f7f56b3775d2492526ce1aa37f0490fb76ab,786
20,1,female/indian/pexels-himesh-mehta-3059930.jpg,52d507a827269eed4a2c2cdcb13b9d88d97b2abfbeee567ed2a4072ce24c3e62,787
20,2,female/mideastern/jyotirmoy-gupta-fpBNEz7N14s-unsplash.jpg,272cdfc63060e285d4b5e50be295a8542ae45aaccdf8714001c2ca93443486f9,788
20,3,male/caucasian/dima-dallacqua-NzBr-Vy_e8M-unsplash.jpg,2765a254362a896cb686120aad1c75dc84599ac2485f4a8b471f54b02ef43d9d,789
20,4,male/black/pexels-spencer-selover-428333.jpg,d0c85df51f3fd33766a109c76fb6c55008c3145fcb4f532bb0bfe763e5ea9866,790
20,5,female/caucasian/woman-918776_1920.jpg,3a4750fcd5bc634074fd8523acee67daf248020fa5cbc8f6eff508d6e2288c2b,791
20,6,female/mideastern/barry-fitzsimmons-FdPjKwHWqPo-unsplash.jpg,7307756de04ffa20d9fa325ba3e64055edac9f1b9112631fd7c3b2c86d52957f,792
20,7,female/caucasian/girl-1018414_1920.jpg,56d0b9597fe13b382292f0b927b2dcb263fb856169ceb768e79ad15a7802bc35,793
20,8,male/caucasian/man-1146530_1920.jpg,6822ddabbf827d1252b5fa0ce523ed8aa8c43cbdab1a02b0f95a43b095f011c1,794
20,9,female/caucasian/mike-austin-JfpclLudxlE-unsplash.jpg,980e92eacb52a62583b11853610030edda10465201b4fad43fbd717f8709344b,795
20,10,female/indian/loren-joseph-11eY-tkB9VU-unsplash.jpg,40920d90d0dd770c057aa04c14aea3bf77f31115d5d9865fe97cc9d8bb4cbe2c,796
20,11,female/hispanic/ali-pazani-s9PJ3mD5KvY-unsplash.jpg,552078ddb5fbf027402d061f28b6004504a6f36011d422e63419f6b9c1f7b49b,797
20,12,female/hispanic/anastasiya-pavlova-v6XumrQC1NA-unsplash.jpg,a7ed3be13afcecb6456d36151ff9c9fd110cb57e6773be8a640e3c5c893a252a,798
20,13,female/caucasian/museums-victoria-WZz1u5R5uT4-unsplash.jpg,6a9ecdbb9fbaa79c9c97c8d5f968953bcd48f5f4f9afb3a5d74522ea46b7fa51,799
20,14,male/asian/face-1391628_1920.jpg,0c7efc198dccfda026b9721ca782d97477733aa9b1cec8144fe601901093eaf6,800
20,15,male/black/temitope-olukayode-bNl3lzD0LpU-unsplash.jpg,c272e9db6ee79043ddbb1f3ca815293bc0d7ac11184838170e4805ddd0835a3f,802
20,16,male/hispanic/erik-mclean-bTCQMLjXLZQ-unsplash.jpg,072b48ff016c4ce6a52bdb8d1697c6126bae22fdba5a8781080d58b9bb40b589,803
20,17,female/hispanic/ayo-ogunseinde-THIs-cpyebg-unsplash.jpg,b69aefca9ce622ade62474f104b90409187dc52fe3ca363236c44428f2181853,804
20,18,female/caucasian/girl-2522405_1920.jpg,4568e0599b9395fb7274163f2d21cf38e5882ae710a7bda72dc7be20767d5069,805
20,19,male/asian/ha-nguy-n-OFSQ6bHjFjs-unsplash.jpg,7bacdd797cf0ac75d36d7b31daeb03a83dee0811a7e1c9862e89ef547d2803de,806
20,20,male/mideastern/ashkan-forouzani-rSUGzRIa-8M-unsplash.jpg,84c5fc0121a8b307d70ea6ffc312dbf57bf5db2b651b3b5bf8a11f4cf5adc6b8,807
20,21,female/asian/chinh-le-duc-TV1QYUtTxJ8-unsplash.jpg,1701af0184a2e19712fbe3053c7a83c067fe034590dbb341c787453fedaf29ac,808
20,22,female/caucasian/jude-infantini-HKQKt4f8sAU-unsplash.jpg,0cd73c66e490631a16a603bae18c91c5871ff42716df68d23edc622f50621acc,809
20,23,male/caucasian/man-4821291_1920.jpg,ed3c9c81060d0c94cb1a279d3ae4385c5fe469ca6f544e16de957070506239ac,810
20,24,female/caucasian/woman-5480503_1920.jpg,a49b3664b72a25dd40d7e036f7bc6ae74dfd3c14775bc0eb8b7b42b81e8dc0a2,811
20,25,female/asian/pexels-sora-shimazaki-5938437.jpg,8d42e122488389b091e096c5b4b02d6363d92c3ff49ad75adfabf06b3ead4404,812
20,26,male/asian/mark-decile-6K_081J_d5A-unsplash.jpg,0ff13540a85f8eef23a86eaddc502158fdbcbbc0b2c89e9f6fad02da01951143,813
20,27,female/asian/le-minh-phuong-jGZITdFhmts-unsplash.jpg,362cd6a73af45633b08558b6eb95b339faf6be151d0c7db76e7c647686097548,814
20,28,male/indian/ali-kazal-Su_3F-rsTFE-unsplash.jpg,95efaea6d344466a575ec88c33972c4dd530103fedb539eaa8beba758a439246,815
20,29,male/black/mohammad-faruque-SpIKPT8zeAs-unsplash.jpg,f0ce4a4b23095b7bbf82af5d5bb445d59c141c3684025d9e72486601935feff5,816
20,30,female/indian/shifaaz-shamoon-MqLy-G-dBi8-unsp.jpg,3a988a2869343a51f77aa3cb8466cd8e04324b7645bf31e0c9c6750feb106cc9,817
20,31,female/asian/girl-4618070_1920.jpg,50ce42beb862ccb93e4d31bd9af7ed163e328d430e8b94ce1f069d2bf5f1b7ca,818
20,32,female/caucasian/alexis-brown-XhFROJiMDtA-unsplash.jpg,c4a15469a02e1f9fbd0f859b9296a2c79197a97a954797025b65917b47a7df49,819
20,33,male/indian/128.jpg,bad96555971c48637982d1b10ed99f41b40e87b03533fb6c4e76bf18e64a3055,820
20,34,male/black/samuel-aboh-NGVBWmvmSHI-unsplash.jpg,1a82c5fb64adaf182229849950763f91d20ba47474e287253e468317a3751d42,821
20,35,female/black/engin-akyurt-Obi2AUzEZyU-unsplash.jpg,d6fd53b9d81762248dafc417687d53a62104be8bd6ae715fbceceb10912207a9,822
20,36,male/hispanic/mika-suYP9jClcSA-unsplash.jpg,1a2376f99a9776761f34f7480b9249a0690791d8540f90fd7ac78d9a02a2b5ba,823
20,37,male/asian/old-man-971889_1920.jpg,42c3421ce0f5bd807b8496fed6cf40ee1b9fff1be5ec0a42cb284f40b5536fa8,824
20,38,female/caucasian/winter-1520232_1920.jpg,943da5d8ec53f484e326728ef8754e2748b05512f6a21c66e30781bc13a7d749,825
20,39,male/black/divine-effiong-_e8yPP3C9n0-unsplash.jpg,404496945c1e0839b12cdd135dac6044c798bd853783b82b29a0dd0e9cf814e9,826
20,40,female/mideastern/kamal-alkhatib-ZG531DsOagU-unsplash.jpg,1605216cd42181d443fcac74908b0a371d6220b7c48dc8b1a0892c283eed4e51,827
21,1,female/asian/selfie-4127339_1920.jpg,80edb3045ef435b82ea96d456dd7f1002f78abfeec91cdef8856194e6bd70b9f,828
21,2,male/asian/pexels-ba-phi-1182128.jpg,b760226810def2c1d87e0d8ae3a53d2bdbf08cdbe96f7aa747ddbc40b2b2034d,829
21,3,male/mideastern/fashion-5608514_1920.jpg,a8dc27ed9c4cba771c9f355df092c09b404273bf981b2756ef92df62ff2f8d16,830
21,4,male/hispanic/human-1993383_1920.jpg,ccccd05fd739292eb02b445abe60c5c033467e0a85a882bf81473674de6bdb40,831
21,5,female/asian/girl-1718116_1920.jpg,081b63c577a5beb37cc199629ea409525a4712614b903f92416bff93bacf27a1,832
21,6,female/caucasian/girl-4185856_1920.jpg,314f9cb6ac3f30dca64d6e9bd524c63400e8f1f0b7f16717a01eded1eb6de0a1,833
21,7,female/asian/thanh-duc-phan-i5R8hbZFDdc-unsplash.jpg,3044bb42fdf6fac46d89e06f6cecb19916be7f471afaf4c8329db2f855b653de,834
21,8,female/caucasian/business-3188067_1920.jpg,f8ebc740507e1cdd21af8547cdf4080d0cf5a2d79ce928314b4eeee0ba32fa23,835
21,9,female/black/ebony-1643426_1920.jpg,132b3d3397e22b6a9f222dfa37d0fa9be8e475fc131a1ffa1a69a08ea7172b66,836
21,10,female/caucasian/girl-4930782_1920.jpg,a6e47f8d317f53b352edfae9621efa46c2734401de7f3c4f2465232bfa0c25fc,837
21,11,female/caucasian/thinking-1887363_1920.jpg,2248ddc6d65a59993822f9ce9b71b18f83a99fbfecc8ca5af4abb3ea39d63330,838
21,12,male/caucasian/nick-karvounis-JyO_szjGvUw-unsplash.jpg,c625c7d3b516c6007de6cd0bd96f39b4533809ce578cd393f609a995892328dc,839
21,13,female/caucasian/sincerely-media-T-q2QLhRFnY-unsplash.jpg,676728e4ce12e4be328fa876ffefc31e32e25ce603c6b49d967f926eb7f974df,840
21,14,female/caucasian/girl-1125322_1920.jpg,6d25ac83041129fb4cab307c7a3cd813d51fba0a9375618ed54de0b8d21bb1aa,841
21,15,female/hispanic/omar-lopez-auEe5lKHZCw-unsplash.jpg,648822969c9449df984344731cdc98cb4127fe90d990e5f4f4b3c9b7b2e218ea,842
21,16,male/caucasian/damir-spanic-I4EV0N4kpCU-unsplash.jpg,73973bae232fd6953b5b010c775c7132621dff4372794d2f5cc9813e2808b838,843
21,17,male/hispanic/pexels-cottonbro-4255413.jpg,0fb70d1f53b01b770ee5ea2402c7a9302117da0f9e0ca0f3ec7ce59920faf442,844
21,18,male/mideastern/kamil-mehmood-E_9onZVXwcQ-unsplash.jpg,c9fe474c5cc82e2dd1130b011cdc041bc19e53fd0c553b7cc07382ddde691f62,846
21,19,male/caucasian/young-4254330_1920.jpg,48359117484db1b14d472fb2f04b881eeff9eae71ee36aa958bc3a64ad818213,847
21,20,female/caucasian/tengyart-fc0KjyjkNo4-unsplash.jpg,be17f2973acaf845989d48aa06fc131e7c27ad9bf706433e0fd8e6c700ad05e5,848
21,21,male/hispanic/z-3695551_1920.jpg,21308e6a82da4bb475f7e5ee299ddf29e52c1769f88a5792be7eb40081717eca,849
21,22,female/asian/girl-5934674_1920.jpg,0cbe4781ef99554c8bc9aeabd4e57cb9f9144cd75c640064282092ab36a084d9,850
21,23,female/caucasian/aircraft-976685_1920.jpg,f820947422238afff742de7d20480cde3a223151dfe84a9722587def141cd9bb,851
21,24,male/caucasian/man-61004_1920.jpg,a96516bc05ea3dd99f919be0ce8ff50e9f4e678139e93d585f605bd74a2effae,852
21,25,female/asian/dev-asangbam-R4CHODMJTzA-unsplash.jpg,7cf1a0be8df3c25d849174ba938b852ac2da68152330595da0fd90ae09f2fd9e,853
21,26,male/black/portrait-3275985_1920.jpg,91a380c45bed8ff31747251a5b55f6ce749909b9ee057bee2d3bdc53b2a25e3d,854
21,27,male/asian/portrait-3756873_1920.jpg,39ab9f142a9ca3eb0efb543de193e895db178bbc8482c24ee8d7502b6b2ebd50,855
21,28,female/indian/jewellery-4255833_1920.jpg,db71912f5a3212ab6ea7b73429ea8836d987ac1558b17436f96905450b783724,856
21,29,male/hispanic/chalo-garcia-PXccl_hEIww-unsplash.jpg,56a9fc246610da9e7510f8fb43af1c65c0dde8f0310e11152daf59964e70764b,857
21,30,male/caucasian/portrait-1535271_1920.jpg,450f11df92b10e0ab29a0fa35e242a5005d6e5a3066c6b7cbae42ce4ec75c8ab,858
21,31,male/indian/imansyah-muhamad-putera-Ob19pmoYWkI-unsplash.jpg,49e43afad158eb6e0cf0157bda5fee147156554152a7b82d615f301707154c4d,859
21,32,male/caucasian/ludovic-migneault-4uj3iZ5m084-unsplash.jpg,b4e677b4e243943919af6982a9734f073a148bde52d1d9b685d93f9718a692a3,860
21,33,male/hispanic/joao-marinho-5rpUUOuBQ5w-unsplash.jpg,1861c81a8387ba52f10b2cb65313c7a8a73ffbd0a0e181bb4ad486eada5083e0,861
21,34,female/caucasian/pexels-pixabay-40901.jpg,3803c5ec2b34c8a09a9f6926f4a400b10cab04d398c29ef89aa31eeecd60cf65,862
21,35,female/caucasian/taylor-deas-melesh-0WTtJ0bhJcw-unsplash.jpg,35536ee2cba4867bba6145b933cdf1ce8cb0835386ee4faa946f1b4e6c0942f4,863
21,36,male/caucasian/ronny-sison-Ajrb9WJlVzI-unsplash.jpg,98d8bd9d886a6f7e0a5ed2bed5b03365e733be216133915d9ab50e439db1a8ce,864
21,37,female/black/15.jpg,204a62a50873c360b6ea87f38156070cce29e4cb94e9edfc4ed2604354b6be2e,865
21,38,female/indian/female-1544783_1920.jpg,81e4b824cf49a34e62198dae87c7bbd0afdeb3f41ad9e66bca62533daf1ad6cf,866
21,39,male/indian/pexels-yogendra-singh-5499219.jpg,f4edadec540159b8bb2dc6e7d96ff96c58002037736338b7134fd105daf2211b,867
21,40,female/mideastern/sayan-ghosh-ZRVmiVKFMDs-unsplash.jpg,a054110134f14adf4a71989be45a3a983b3dc0fe1135e22ba9c92b4db2519527,868
22,1,female/mideastern/50.jpg,8d45186a636fa3e2541075f362fb91f2af7b7a4341a7d9c4d89034a6b166a4e0,869
22,2,male/caucasian/man-945482_1920.jpg,37eab20f6736a183ef1718d924224cad659fcfeb819e81b96de2f4df04503a6d,870
22,3,female/caucasian/portrait-1579025_1920.jpg,0c63fdb176a230bca3af5c4e358485325d03c4a327bb420fcadb4b9dfc896f58,871
22,4,female/asian/woman-2690362_1920.jpg,c488bea795ac5b13bcfec33040efb4795a71552cbec4efec10b0cbb6161db74c,872
22,5,female/caucasian/beautiful-1844724_1920.jpg,ebe1b0863f97b6bfb2e773361200ea6fd0589989335aeeca6d2a37238268ca75,873
22,6,male/black/clem-onojeghuo-1qyw0De2XC8-unsplash.jpg,00fddfa00471c2481949958ea9eb3e94c06851a4e9bf874f86607f472d5fd75e,874
22,7,female/caucasian/karsten-winegeart-U-jSHnClgNU-unsplash(1).jpg,3ff7b3352b93a33f02c0664a3029634b024eb1ee140016f971b9c1828d69510c,875
22,8,male/caucasian/guy-5929422_1920.jpg,87585af8d3c2f39d052236fa3b7135110bdab9a107c5fe76fa1c6f7d3e979c23,876
22,9,male/hispanic/andrei-caliman-6R2Sj-8PerY-unsplash.jpg,daa2d05339e42e01afb4fc008ca8f6c77705d555d15c4296f3f0d7b36eb3c819,877
22,10,female/hispanic/mateus-campos-felipe-ZxdJFgSGQBA-unsplash.jpg,86e43a0a5b7356c1d034b96a28eea5a4501b7e1890c67f9077a8c9042879c569,878
22,11,female/indian/woman-5604742_1920.jpg,d258db0afda4785fd875ae7c0a34adb90f5b1c35f44fd68a454c77d6321d966e,879
22,12,male/hispanic/couple-5917009_1920.png,6c23b31054cbe97db0a225afe02089ebae110b2f56e688ef81eb49d39f729d0a,880
22,13,male/asian/teeth-977208_1920.jpg,cd7b4405516719ce779fed3144662347cd92650ab4f64cc08c06c9573605940e,881
22,14,female/black/female-4899179_1920.jpg,76096098027ab1172a6f8497b874605f7330d267f28a54efb4f6cbf25fe333d7,882
22,15,male/black/pexels-kyle-woods-4022812.jpg,5d71e0ed137362973b089ec342a1f0c9651dbda8c5c87e615192e94c351ed293,883
22,16,male/caucasian/damir-spanic-rHDK3UU7HUw-unsplash.jpg,91bb356bc8cfa79a00b3723246d4f94261df85ecb78582df2064a279a50bfbf9,884
22,17,male/indian/young-1761404_1920.jpg,3e6ea733ca006192de657a38f95ae15a120b9b2062ffcbd42243c92b36717520,885
22,18,female/black/cassandra-hamer-OyTCN8T9aGo-unsplash.jpg,a1e50ab09c5aa6e4750fa7c7d486edb10234bda4ec52b04589ec95ad528daaa3,886
22,19,female/indian/indian-4755313_1920.jpg,8c000a0005e5be1e8828a1d2175d839274d4cf651fbe1d0dbd8b9aee56ff2d45,887
22,20,female/caucasian/d15.jpg,350331706d716271c54403419f0e8e45db0d94e2c3dd0d94c4cc062c2b7bf348,888
22,21,male/asian/chelms-varthoumlien-yok4LRlBEEI-unsplash.jpg,e8372e76e98065725a19499e1fcec85f6b20c71e8646639996269130abe0565d,889
22,22,male/caucasian/pexels-linkedin-sales-navigator-2182970.jpg,1d808b45c28dcf61f5885fa4a96bbcebaaf45b32cd45cccf1a981deaaaeac4e3,890
22,23,male/black/fitness-465202_1920.jpg,d2090d1b0a02d295adef3f11c2b4a2a3f3ee53fc63a498050d0ceaa76023f595,891
22,24,female/caucasian/naeim-jafari-mW3145wbwlw-unsplash.jpg,25bf4b8fab391fcd0d002af1fc6d6b13449ec17bc1b02d491648103147eba78c,893
22,25,female/indian/dollar-gill-Ciujwy5epq4-unsplash.jpg,77cbd94c16babfb16d01fd9c1621a6b516d7dbbc9b2297893f35cd35dd8a3b00,894
22,26,female/caucasian/sinitta-leunen-b4GXxJEn1Hc-unsplash.jpg,7dde49cd7bc488f4653d58d3214f3a64e09a2e741aaadd3c1ac58c1523695a87,895
22,27,male/indian/pexels-sora-shimazaki-5935750.jpg,66d309c6673797f285605405f36c087f4de7609765affadee4c9f20da869ba9f,897
22,28,female/indian/indian-5033667_1920.jpg,ba14abd9ba7da7e545edf75b6530824e81ca8baabdb1749325fddbd789ec25f4,898
22,29,male/caucasian/teenager-1131815_1280.jpg,a1b6c2c0442de83c62079e34c8ce1091e5682153e5fa0976e845bdd496997b46,899
22,30,female/black/chelsea-ferenando-LmYENEcVmqM-unsplash.jpg,69e632ae6e059d331d2c3616f11e8ef0c054dda2d049543a8957963cf18d8a19,900
22,31,female/indian/pexels-bran-sodre-1856538.jpg,4f59691c9ce87fe61740e9a4766d19a3121bc3fb98676076eebc2368e85b7c4f,901
22,32,male/indian/hossein-rezaei--paUf05gaUs-unsplash.jpg,2f632e6511608beb4658839bc12685a7cdd7ff826e55f006f836d8f98f515245,902
22,33,female/asian/pexels-hải-nguyễn-3616937.jpg,3eee9d4e27b77518c46db46257b12519347db99c0d6c1783d1b6334e50e1f697,903
22,34,female/caucasian/jasmine-b-qaSPhHr_Iug-unsplash.jpg,3992554e593c68cc43f0b2ebfb81e56fbd512abfbbf700353cff394a16674399,904
22,35,male/black/man-2607437_1920.jpg,32a814f1dd6f8a658b19eedcfa0931b6785bd7b3dd10969fdf9523793d13d9d9,905
22,36,male/hispanic/yogendra-singh-owqFcZRWzTw-unsplash.jpg,71145e10be03b76707f25f291695acff29e5a01ce1bdd34dfa5279ec908caa4e,906
22,37,male/caucasian/smitty-kVB7kYjBPJI-unsplash.jpg,f3d80613764e7fbe452ba65c20eb02060ce09946411c87256bf0115340f68cb3,907
22,38,female/caucasian/pexels-keli-santos-1853268.jpg,b823191a4ae57babc553fb63c181695c596b23edbe7a4df24a85b76052a7add1,908
22,39,female/caucasian/woman-1140032_1920.jpg,aee8d41c0f949150cf46535c72ad7c89ce82779ebfbf4c33b8bf43d97e477792,909
22,40,male/caucasian/mark-decile-ODah33uNGvU-unsplash.jpg,cbab6cc716f6665332373e5620e3f1c43f8d5444e3ca81e038698816a350fc70,910
23,1,male/asian/pexels-kaniseeyapose-2751061.jpg,f06d8475e8ce57e87bf8e8c42b8beff89e5689a432403e9f7a1f90be281c363c,911
23,2,female/black/jessica-felicio-YEbFUPYfUlo-unsplash.jpg,80c9fc4b9de9faff4495cddf5134f7828a1b4b179a8e01dbeb731e1cce74a109,912
23,3,female/caucasian/kayla-maurais-LLMLMR_Dwkg-unsplash.jpg,47ab67ec1f63a4e2c18994786f9042ee8b6ee31d4d05fb63fbe29359bbad5be6,913
23,4,female/indian/pexels-azraq-al-rezoan-5641188.jpg,6a1c0b093c7887b0acbee785ed245fddebe8e20123c4a462e7d9517d1068c44c,914
23,5,male/asian/leo-sagala-ImCWS7xydLY-unsplash.jpg,16a619f3dd40cb359495d5399bbbe485de83bd2685e4ae92473ed3fb164de3de,915
23,6,female/hispanic/tabitha-turner-NlN-dY9Fk3A-unsplash.jpg,976ca61977d87515bf539ace64e382412b67fc6cf59ff59dde62c01db3397a48,916
23,7,female/caucasian/marketing-online-1427786_1920.jpg,60bda41e92040e850666fedbeee4a7ec74f29a7dd547c041209e1895af74bf05,917
23,8,male/asian/pexels-luthfi-ramaditya-1747178.jpg,f756c66e2b156f838d99a8782fbe0f78b6e7d4166c22a19f480933134d184a52,918
23,9,female/mideastern/pexels-marlon-alves-3935356.jpg,c11d19b418392a87c060ffeccada8a2157758de33a366ccd7b2a28750c894932,919
23,10,female/mideastern/pexels-samad-ismayilov-735552.jpg,6d49d541ff4a17aa2b1c064c772c6d4d6f52e4cd6eed01d0fe30b72d6ac0aad3,920
23,11,female/black/pexels-andrea-piacquadio-3880766.jpg,32030bff18c62e1f93d551541b3b37f901cd78756106c26cf9f845bbdac0eb9b,921
23,12,female/hispanic/keenan-constance-XSCvo0loB-Q-unsplash.jpg,3302f9db267183d616999675c3c0f924b7918fcaffb076456dd9f0e33b816d61,922
23,13,female/caucasian/woman-3055841_1920.jpg,a678471d06fcbffac9e31e970601e9c65359a0cf3c88d89fd6c013ff753ea9a3,923
23,14,male/asian/jassir-jonis-dS6a-NAqbII-unsplash.jpg,590814114335478fa0443fd89c86f9fe5904c8fbeeb6325f56a867025b45db1a,924
23,15,female/caucasian/pexels-tomaz-barcellos-1987301.jpg,2f62c5da334e9d7216b10a1af9efea9f0a72ed3d6bf7469974af9567422a5611,925
23,16,male/asian/ivan-c-fajardo-qDfKLhq3q5I-unsplash.jpg,60627c902c0fb3dc8aa10ad5330f0a40b0f56b3f6a99267c9230d788051957cd,926
23,17,male/black/dominique-jordan-cYgNxkwCEoI-unsplash.jpg,d2819bbc414b0fe48ef470ac402144c3a721ea4947f7130527d4fb8c0c4b22ef,927
23,18,female/caucasian/redheads-4606477_1920.jpg,cdd03fab0fd92615572a2b49efff06baa0940342ff6d8aa1c773099a89e7f9a8,928
23,19,female/hispanic/allef-vinicius-PA0vICn6DwE-unsplash.jpg,0d3eb1ca29be11a1126b90312b6aa87f53e0f82fa3efac6084a00347fbe65efa,929
23,20,female/asian/portrait-4202918_1920.jpg,7d8a8564301b89cc4200a0bbd2572405736f42d4b0586aca959093dd7d2c6e39,930
23,21,female/caucasian/artem-kryzhanivskyi-AdRJsBCjwms-unsplash.jpg,19a39649b493a4b7fa027dcee167f977381eb78f52de010bfcd0d2f1599d85dd,931
23,22,female/caucasian/andriyko-podilnyk-jFAG_ixCrsM-unsplash.jpg,c962a62a3b791f8bf0252d4571ecf37307de52dceb449828f574a7492fad1bef,932
23,23,female/indian/beauty-4175607_1920.jpg,579c0b6b17b1e37df0dc9ede9348b62646484de70a50ce620b9cdf395b078b33,933
23,24,male/black/filipp-romanovskij-H4q-AEA02rY-unsplash.jpg,b0312bf9deb88be53ab66bcc6bb5cbffed8377a5a0c1eb3b2d4dfc6e57865dd5,934
23,25,male/indian/himanshu-dewangan-brk2ZfYTOp8-unsplash.jpg,bb0156645a143cf63d1680934bbd2bafd0998c847943bd2d47613d62eac4c50b,936
23,26,female/hispanic/islander-images-kwHBTNUQIqs-unsplash.jpg,9c948e72b78c0fc74f0a7af71b6139dfc1fae0ec92cc306630fd985db6717c95,937
23,27,male/black/brock-wegner-obKMefpXRE4-unsplash.jpg,8799e9bfd397df6078c0e9d8369026b3001f384e6c3689142e0c29bb0d5d5a4d,938
23,28,female/hispanic/mateus-campos-felipe-zd8px974bC8-unsplash.jpg,12ac8f1cfc5ed04c0152059ca32142a31f0980966943e5196b1d6e1267d10848,939
23,29,female/caucasian/human-3183056_1920.jpg,135d47491b7a370bd8330e19ffa4b830126fb28b88df80e2a45954b055f9c69c,940
23,30,male/black/ebuka-nwaju-erV_cqnFrOM-unsplash.jpg,adb69ed0cef91b54884f5d48e6ee744265c94b66c8fceae1ecb4a84ff93b8b0a,941
23,31,male/hispanic/jack-finnigan-veB8-OSCyM4-unsplash.jpg,610a349965bfd4a440f618cc5902900f8a6fc8cd30c0d3666671421d0b726daa,942
23,32,female/caucasian/manny-moreno-2HTX85gxynM-unsplash.jpg,2a2e37550a0a8001dc0933908f926ede857e958bd5dd24fc72906b35c90aaf43,943
23,33,male/asian/dhimas-arya-ROuU8ayA8_w-unsplash.jpg,5baa646cbcc8d9510b4b5f28ebd2829f23fd3b3086d0c59eea21de92af4eeb75,944
23,34,male/mideastern/young-4041629_1920.jpg,7c1426859f7aa9d8b85ff16bdcb2c80b3272c6caf75f743545897f98452707a8,945
23,35,male/caucasian/james-barr-G6ACpD4bPOw-unsplash(1).jpg,867e1645c6865c9facc054185e1de449849173c060f1e3a7431a23d9bf56a4b5,946
23,36,female/indian/pexels-rahul-pandit-3894370.jpg,236b9fde1f77a2497152b005ff3b2de9f5d187e2c7ed028da18683ec9951461c,948
23,37,female/caucasian/jen-theodore-Gr2XxjGaeeo-unsplash.jpg,a049946959837fa080f5fb651f846a6c6a189ebae2848a16ad669348b7d2a7a7,949
23,38,female/asian/fashion-4257899_1920.jpg,1af21e33a6d96fcd4fa5a1b1767be7743fe126c331bfe6695d7a8d240c395e05,950
23,39,male/black/pexels-marcelo-chagas-2291012.jpg,f737a418d17ec6f90fb352aa84d3568bf8e54c6fa01c3a174deea37f23dc63be,951
23,40,female/mideastern/humphrey-muleba-38dk7QXDBzs-unsplash.jpg,25ef154193883d58377eb0e517c2d02a24fa89ffd2dff3cc21d3cbbcb3165a58,952
24,1,female/hispanic/hian-oliveira-n_L_ppO4QtY-unsplash.jpg,1905948f121f411218039e99991cb78817d66b5fd6699c910a99e76d6af125fd,953
24,2,male/asian/juan-encalada-WC7KIHo13Fc-unsplash.jpg,8fc57eeb154bc0dc6bd9b349196b6ce56b0777f212f5c038ea326324a24b30bb,954
24,3,male/asian/herbal-medicine-1182254_1920.jpg,f60dc3b8fb90c14d8076744a4160720b63fa119b2fb5bb7cde573eeed28763ad,955
24,4,male/caucasian/karina-tess-fr5rB_Ocl7w-unsplash.jpg,5ee1873bab02da90795a427e42045c78c9b2f7a443951db44c1c83d42150524e,956
24,5,male/asian/137.jpg,2cbcd4471c1dab755ed8d42f0e60a37d512ae761525c4c0cca2ab9d6f754a9f5,957
24,6,female/hispanic/woman-984247_1920.jpg,c59059520c3eb9bdc9709ff3a63caf0319da34e8e937c4be149109b26f7932a4,958
24,7,male/caucasian/ryan-porter-XW1HtPgi1G4-unsplash.jpg,0e808cdd497ef31f8c05680069a33af1dea6f386209fce801eaa3665a3b0d434,961
24,8,female/caucasian/people-3310084_1920.jpg,19a6cff19c288761ae35d838abe773e1a8334ba6a53fba24c9be781b86f5414e,962
24,9,male/caucasian/oleg-ivanov--9ctS97imKs-unsplash.jpg,80817b4f5ca0ff69df664a90d1caa58e3dab6fb4ca65575b729e420bf5685285,963
24,10,female/black/prince-akachi-l3IHXOdMyHQ-unsplash.jpg,b3c310088b766d373e086fe7445f08c3b8eb5e223d7b3e3ee39b731e132d5f42,964
24,11,male/indian/shudipto-sarker-IoFK2MP2aJ0-unsplash.jpg,4cdcd1b3bee8d7d5751923ba7f98839305b3c2778b22e633324ce7604665d5b9,965
24,12,male/hispanic/max-harlynking-zaItO-b0afs-unsplash.jpg,3242740fb84d441b26cf61ec43a41b794bfa0d2fad1c141ca861d094a1dff376,966
24,13,female/black/pieter-benjamin-nijs-lb8gB8jnKDA-unsplash.jpg,b1a9db7e52f4950c52513792001e92bbba0985914fa941df989ea7fe04116a43,967
24,14,female/black/attractive-1869761_1920.jpg,80aa0d2d98a5bdedabe4dee4b2fcedee21f233216a6895e762eb751e5b9df659,968
24,15,male/asian/pexels-sigit-hidayat-1767557.jpg,27a4763383e5fc4a1dcea69a63e2f328995d45f912cf7f393454a69d4e98d1cd,969
24,16,male/black/karsten-winegeart-uvMNz3ZS8J0-unsplash.jpg,bf8b66ceeb291485e725dfeb007653e79ff6edbdfc848c62cb9f837c8187bf43,970
24,17,male/caucasian/charles-buchler-C6-GjBAOtZc-unsplash.jpg,0af79c63ccd672dc27ae3742c0378f1834a63299407dc04278a3121c31783b9f,971
24,18,male/caucasian/talen-de-st-croix-XzRhdAoNMa8-unsplash.jpg,ec04915887c8dc9e1a84e31221d9ea65d7b4d3e627a80ad234d1f4d1e9bbfbbf,972
24,19,female/black/1.jpg,4a0fe7898cf45051b9109707ec9588ce68790f46ccfd0c54e0a5b1fb44929297,973
24,20,male/indian/pexels-yogendra-singh-3748221.jpg,5e93ddf74253a47c90eec200e563839014e354259badf9350d25b6bac15cda12,974
24,21,female/black/clem-onojeghuo-FbTOrJ2G8KI-unsplash.jpg,3c058cf2757506deaae264c6cfbc096234c7175349816d0f9a11f8d448c7efc9,975
24,22,male/caucasian/max-bender-1uMdzWWCAJk-unsplash.jpg,ff43e834a41da8d7c75fdb542af4d2945fa533d7ab1f182938b07aa9167ed6df,976
24,23,male/mideastern/sadhu-1166066_1920.jpg,e278619b7f2c5f6dbc21d375cc93b9ed42615faa6a01dd9e196a4abc08b990af,977
24,24,male/caucasian/noble-mitchell-qZr1NKjcD0E-unsplash.jpg,ce5fa6a6fb613ba4dd07e8ad023ee287e78010ebb3db7e7756c8452ba9500d11,978
24,25,female/indian/model-5576784_1920.jpg,9c76d43e6cdbe55988f6e78db387392fc4048c151d6a8753921fc5de105dc264,979
24,26,female/caucasian/girl-1763686_1920.jpg,26d4ea3f8cb0385bf8b29026e5bdd04615efe6af957112ca35a8a54fce18ad3d,980
24,27,male/indian/model-633771_1920.jpg,10aef0faabb4b306ae05b695afc7eabcba4b003b2efec1e8f71d9b908ea46515,981
24,28,female/caucasian/model-2614569_1920.jpg,f185f92af73f2e077a85d13028048a972a305dcb6635991aae1e64505c4ba8a5,982
24,29,female/asian/asian-2111681_1920.jpg,be5ded119375fba971b544503e0b5636e891c3f193247ea33bb95c32b7297dbd,983
24,30,male/caucasian/guy-1079623_1920.jpg,4d408f28ee7d24b771fa71ae1e67ac1592cda9ab740daf28e2621d06f7ed8e89,984
24,31,female/caucasian/jen-theodore-7A4TvZEW8zY-unsplash.jpg,78d09fc733cbf5a3d6f6b08cb4412676bb5a49a32c9c6022130fb121d5b42dcd,985
24,32,male/mideastern/dev-asangbam-amYKxUUet60-unsplash.jpg,ab86e681fed3b3ff3d7a3d95b344b24283a336a23f766a6d11ce34e67b11c050,986
24,33,female/mideastern/little-girl-5912824_1920.jpg,a472e4ee278a093b95c71b039119eeb09a9602f9b6443e42c832338950ed0472,987
24,34,female/mideastern/alan-santana-0HEgM6UpGPY-unsplash.jpg,379595e3c83cb3ac6548a6bc4b82c0d95b6f77792a19eb0467051fbca2a2d2b7,988
24,35,male/indian/nehal-patel-aho7nVdauuc-unsplash.jpg,4b76e8f1cecb9f77b47afe8c953c4337bd9bb4d3305251807923d9f5b520aa27,989
24,36,female/caucasian/janko-ferlic-70NsMQvAYHE-unsplash.jpg,00af85889a71968c231af0263a226c86e6b719aa31ce49cfad1946b127a91113,990
24,37,female/black/pexels-kaone-makoko-3785991.jpg,0fcb311937bebdc15cca48e2dbb007edcb00f98e5474e99bdff82282d6444567,991
24,38,female/indian/pexels-mentatdgt-2558680.jpg,0b7ac89ae648874bef16cc3d5c1fd6fbf9d40e5cb441b37b4fbde61a075ab207,992
24,39,female/indian/girl-517524_1920.jpg,e4033febd2cf13dede65646bfbff8915f893c9920a5085f52f8b855efd3ccbea,993
24,40,female/caucasian/juan-rojas-I3MF44-GrKs-unsplash.jpg,c243dd5b041b88026b3e6f454b1df0964cc15593d8ff6b0a07b0c6eee1d3b7e1,994
25,1,male/mideastern/boy-2407597_1920.jpg,0ff628392c5ebf9aa04e134b852ed84f69c2dd347797b9ef434affdc4a67a5df,995
25,2,male/asian/141.jpg,cb85ae6422ca5d2d8bab5f6a6619f04bd02e5606ba3820513c578f43ad565f1e,996
25,3,female/caucasian/model-1260144_1920.jpg,7a780e7a73324e9f9ad085efe69d6603ca0af6ae99749bf663d2670972584945,997
25,4,female/hispanic/25.jpg,a65edf6b50dfd1f8855ee84a32662d3fe3810a2fdbe982d496c6bc9950cdc235,998
25,5,male/caucasian/man-894182_1920.jpg,a8177f5fa85cb3c142d3a69a0d784daa9ede520b119991f605b12f30ce3bd71d,999
25,6,female/asian/13.jpg,a8fdf4b89af0e79fe9b483bb8f7e91016970ddfaf4744107d60552400f50a9d5,1000
25,7,female/asian/23.jpg,337b1d116367bc856bacd4fa414e72d1565e97e2bfe4a4e55344c37355964c12,1000
25,8,female/asian/36.jpg,6b7477a1da5b2e06babb9b2565b15c2be02ee73f240b9978510ab9edd6ab456a,1000
25,9,female/asian/51.jpg,1d28d4283db8cf5632e2317f1f807aa9ef86e164b7e84abc3cdbd9818f774537,1000
25,10,female/asian/afif-kusuma-y-mT2OATY6k-unsplash.jpg,3d4afdedff1ec3dca42cefb9e1753c8b381ef5ebed3338bef22c60b8e464e9db,1000
25,11,female/asian/ahmad-qime-in2aoHwX5bA-unsplash.jpg,5372e50f32e3f5123174273af75f78e200cbbb91738fa7c6f244d9f12d79516f,1000
25,12,female/asian/aiony-haust-Nsze2HlxoZo-unsplash.jpg,a72d71d010d16cd74fcf76405ead9f93a03f4daeed922e20d9156c48a9dc3884,1000
25,13,female/asian/alex-sorto-kNstJF4l5cA-unsplash.jpg,9d8b3b2599751969c431b9a97ad92a90ca2058a63ada066684f12d730fdec702,1000
25,14,female/asian/alexandra-lammerink-nG5ZS2wlnrQ-unsplash.jpg,cedaa077218614e97e4905a9b762dec10ff47bb925341f7e732363a2800024ba,1000
25,15,female/asian/altanbagana-jargal-o79BpJ-tgew-unsplash.jpg,25aa71a0a1c1aeac7df615ea5910af19e5c23dab57df86c2331b82cf860d22ae,1000
25,16,female/asian/andres-hernandez-KVjiBiBvT-c-unsplash.jpg,fb0f09c8676f74ccd45689da49094c9bf1b84598d00f5723c3e86c3824a145c3,1000
25,17,female/asian/annie-lin-876188_1920.jpg,a0e9791acb164780670249639a72710f8e09333cb891869b85235df7f3bf351e,1000
25,18,female/asian/anthony-tran-RG9Z5CtnlUQ-unsplash.jpg,60f0da3be7b8f95c10d6cdccc880b36ed689fad40f2f50e4440f3ffd6d060e3d,1000
25,19,female/asian/anthony-tran-_G0OrcPOpJw-unsplash.jpg,2c9ccc086fb2a27d333464f78f824a5c2b251d4b888c9d66388936c07fba483f,1000
25,20,female/asian/ao-dai-2730822_1920.jpg,05cddff91e98274f02c6579274c33caddc95ca0050f34fa50d58b52196b4162c,1000
25,21,female/asian/aodai-4603493_1920.jpg,880953225570f3bf931b4c2285d2bbccdcea5d5cbc16e1f6056caf14c649535c,1000
25,22,female/asian/asian-2209044_1920.jpg,f645b2bf403424a2a69d89868aea8593d9f8553674dfb79b8d6f214f899b9bd9,1000
25,23,female/asian/asian-3752815_1920.jpg,324036ff8ee9baa4e12a55d1a633004801e6409f85696f5af74986f248b82b28,1000
25,24,female/asian/asian-girl-3113208_1920.jpg,2dd6359160b4b2a5d64c71cd008099834cc30f7c63cd37484c5d0b802d9792b8,1000
25,25,female/asian/austin-wade-ex6qfO4TPMY-unsplash.jpg,62f1415da2c5b19be747805c4217f2051bf4a30367383b9b608fd0de2cfbdee4,1000
25,26,female/asian/bbh-singapore-4-v5HrV1940-unsplash.jpg,9c8a45c2451e7925622a6ab2d24c962ec59cdf7a75bbdca069adc98bdea02518,1000
25,27,female/asian/blake-cheek-3dT98ifg9J4-unsplash.jpg,535f12926b31d9e969059944116bef1076ddae88db08f8258adab01f753c6a8f,1000
25,28,female/asian/bui-thanh-tam-D6meliiyaWs-unsplash.jpg,6085e564b9f7c90b8a8a1f1e79229d0c1f1fc31cc04f45e174e4474b7a78de9b,1000
25,29,female/asian/character-2454694_1920.jpg,f8b0371a06d05be28f3ecfc0f87ed76295b3f2d8055780e9d9cfafd9b34de5b8,1000
25,30,female/asian/christian-senan-N0vZpzFrU0w-unsplash.jpg,4525b5761226f004e6a145a3c76a9a107aa065dab46eef2cd5beaedb850d89cc,1000
25,31,female/asian/conner-ching-nzu-xTOEBlM-unsplash.jpg,14ccda7d07798b5e247e830a8ac1ceca15945e2eba4d5d07201561cdbbb0f77d,1000
25,32,female/asian/d4_1.jpg,1982efa9b7ae3138ca08a9090e67cb64fa9b6b5b20f655ca12ada1cd8c180d8e,1000
25,33,female/asian/dani-bayuni-FhuHS2959uI-unsplash.jpg,c719af81e89353deac3d772d25649b3556b77220bb46b84dd4946c4f899bafdf,1000
25,34,female/asian/documentary-2695341_1920.jpg,38605c8ca8a35b92f3dac68982e1b1854474d76672b9cbdfc66b2bf5910d4900,1000
25,35,female/asian/dr-1621296_1920.jpg,3328de3ad79a54e82a1cb46e49d5f187f59d16b45960b3d7e29b23d4addc1eab,1000
25,36,female/asian/fashion-4257904_1920.jpg,b7ee82e28ecced570ec4b691826db239e6a7b64ba57c5617ac64a59abcaeacaf,1000
25,37,female/asian/female-3976486_1920.jpg,3a653fb3011fc2ec6ecb637dbb70857e50a4481c793216041d02d89a21cdd115,1000
25,38,female/asian/frederick-ferdianto-Dunxame8wxg-unsplash.jpg,559669e41bcc10f3d857dc120b2cf0978dac31290b53321680ab68d3f0a2472f,1000
25,39,female/asian/gema-saputera-MWuZfECSg0U-unsplash.jpg,cb0865f1000598ca3faf174cfc8a5cd2eda2e216f40ba9d550bb60d33559dc51,1000
25,40,female/asian/gemma-chua-tran-Sgqo6Cohf9M-unsplash.jpg,2ec4c7fe9167d17719dd0ada68f21a4dba0d8a52c9aec7b354f35e2b3e883575,1000
26,1,female/asian/girl-1733337_1920.jpg,3a1657e335fe8d564fb5ecb8523fe1e69b669fe567480ac4a5d6a1a0f449b8da,1000
26,2,female/asian/girl-1733349_1920.jpg,0fa6028b35f541932843a17a46a0deb72a93b63d2bbecf5471bce9df97611c6e,1000
26,3,female/asian/girl-184596_1920.jpg,fd6eb22bd374be57871692d5203a4e067746bcf39eabcb01fcfdc4f964a2ffcc,1000
26,4,female/asian/girl-1848949_1920.jpg,c7186d55633b12a97636b919200e27a3db88213f4b1f3535937cdaa0cd7efd11,1000
26,5,female/asian/girl-2704116_1920.jpg,dfdb2ea0fd113070256af735b4cf68760420c881a9c79832b1eb90ae9f345f13,1000
26,6,female/asian/girl-3738843_1920.jpg,582c18e3b781d9708c13a1173517fecb3b7163394d329d88cde22844e9595ae4,1000
26,7,female/asian/girl-4036509_1920.jpg,e01c6da0743913ba207650f9b2a543ebb0ce8102eaf889d91674d311a6311d4f,1000
26,8,female/asian/girl-5846478_1920.jpg,bbcf5275b5f0e460731b3a71be5d50e2d1e2390c9a2c712d2f772f1dcca9928e,1000
26,9,female/asian/girl-5933162_1920.jpg,1d5242d5c70eb5d7f5570dab37926668b88272b8961008f751176f736a8693cc,1000
26,10,female/asian/girl-5934632_1920.jpg,a7aade4e4d32cb7aed1785c656b99e6ba18e4a192b18c387fe9baebdaa7b5179,1000
26,11,female/asian/hannah-xu-A3B7VHK71Ks-unsplash.jpg,4cd2805978a2c373c69b86de74d7e6478b5e9bab257d8aacab549adf5526bc5f,1000
26,12,female/asian/huu-chung-dang-lP02hkcp7H0-unsplash.jpg,594ce51246889b71748b9340983d1b5dc1168157fdd5c9901e9df258337a94a4,1000
26,13,female/asian/ipad-1721428_1920.jpg,6d2634868b0b3af1923218685b95deec5822e6a654ec22574d9e43b8e8cd2fcc,1000
26,14,female/asian/irene-strong-gKJ2FFsCOD0-unsplash.jpg,2458f8925a9ce2c4b6f4def30dbe4ccb3dc1be78a4fe0e0a1ac8f394a0ac752e,1000
26,15,female/asian/jeswin-thomas-rnjwbDDQUHk-unsplash.jpg,8eac3e844d619420b804424a766e9a356f0ba3444e911a80d31532d1a152ba31,1000
26,16,female/asian/jimmy-chang-VplzfrQvCm4-unsplash.jpg,db155cccaa7b318a14e9da33262fdd82c7bb3030e580b730b204d0bc99cbc103,1000
26,17,female/asian/john-mark-ramos-SGINHNM-vhk-unsplash.jpg,087b1b53a35446ea4e8c1ba72a2d9e909426a8fd839723943d6861c3fb14950c,1000
26,18,female/asian/kseniia-ilinykh-BHmKkfpwuuc-unsplash.jpg,0def63a36620407c66cabdcf81286677fe08354b489555ba524c54d1747d5741,1000
26,19,female/asian/leo-rivas-2iqKxsN659U-unsplash.jpg,7367a087bc06a0e6e18a9e884b0cace4b87c08715498cde33ea5dd1b5dd74bda,1000
26,20,female/asian/manny-moreno-g9mefExQHfM-unsplash.jpg,bb4525a810bd4cdde76689b7712efbe087417a9503f389ec1a4318bb11d6d023,1000
26,21,female/asian/mongolia-4538999_1920.jpg,d6f349b3f490efdeb3970db45f30b3b4e754a84f316365e5e6dd548fd005e26a,1000
26,22,female/asian/muhammad-ruqiyaddin-0BFQaFG9iR0-unsplash.jpg,6fc71d5e34a20d8cad1f8dafab510a6f1e4f3d5071425c60d603963f71b2e081,1000
26,23,female/asian/muslim-417317_1920.jpg,f4b77492faf4bbf796d156628b82af16f0a6416682930b4dabcea00230ea2faf,1000
26,24,female/asian/old-2474161_1920.jpg,634d58a2c67ce28c8e5820aa2c3e2e5dab977d9b4cb0cb01e873b7d99bc11135,1000
26,25,female/asian/people-3332333_1920.jpg,c1c86ce7b05ea087a405715d1d3ce8d3cb75f16a79fcb77664209afd3ff52efc,1000
26,26,female/asian/pexels-carol-wd-3454302.jpg,8e8d9bcbdb318de8a19809e0ffc56ffc0aabce739c9ba2ce05ff98010fef6cb4,1000
26,27,female/asian/pexels-cottonbro-3419647.jpg,3397990891497eb7db9b897896b3d2a598d2cb94de37a257865865deec775195,1000
26,28,female/asian/pexels-cottonbro-3419693.jpg,8d29d55536601afd5d78b72ed0fe377f36f34d3e30457059e99940ee59be94d1,1000
26,29,female/asian/pexels-duy-dinh-3614523.jpg,ac309a470c17f9ea633dbacca9d5858b36859fab9f86844166905cc64d27b0ce,1000
26,30,female/asian/pexels-ketut-subiyanto-4350178.jpg,c2042e9ff1dcaa03a5d95d68de6d010fe02ce28f2549fa293c051b401869b406,1000
26,31,female/asian/pexels-meijii-2014864.jpg,6a8caa1292a171607a3e940504132a03043a7b1a087468351a7d8eb64f2515de,1000
26,32,female/asian/pexels-mikhail-nilov-6612835.jpg,08a7b2e6d77351aa18ae9b33e1e7fdbe35a468c50ee5c1a0dc1adfa8af388127,1000
26,33,female/asian/pexels-min-an-1586654.jpg,365e34f9a7140b39409f9b29de17e048a92dea2597b0843f79da68554684230c,1000
26,34,female/asian/pexels-min-an-1589369.jpg,e97d30b9caf3ddc2324a75c428939866708d52ea779be680592066f40095a807,1000
26,35,female/asian/pexels-min-an-732425.jpg,6f68855299ee16002bd29397b5ea896dda822401bfff3757c04cd93c91de43b9,1000
26,36,female/asian/pexels-raka-miftah-3522693.jpg,336b155626a1695722ed843618b2862a87dc0a0251f9adc8ad786597353ad55b,1000
26,37,female/asian/pexels-thunyarat-klaiklang-1814538.jpg,71f02b992f433ef9b581f22287ba60b05903c231f82eec1f6c39ca1e5eff35a5,1000
26,38,female/asian/pexels-tima-miroshnichenko-6614828.jpg,abe2ae8f364f2d1747724233e9eff3707fb4be2358758dea126c34accc19fd2b,1000
26,39,female/asian/pexels-tuấn-kiệt-jr-1391499.jpg,b516b28ab4cab10eaa7b85856bc1a0dd6ef8e135fd2edccdb3fb12f8461a8dec,1000
26,40,female/asian/pexels-zen-chung-5538615.jpg,1942be313ba7f957f7e779746aa153bbecd6ec40ff6e3dbf2eab286f5ba2a3be,1000
27,1,female/asian/philippe-leone-ffrGEGb4Y58-unsplash.jpg,2971c30f92c27ec840e8f621e177c8e1e7ceaa911452dcde3561361c4065b5f3,1000
27,2,female/asian/portrait-3058726_1920.jpg,8107d4b67453777499b59b94f54997e4504303cb8c60d87a7aeaa57f88b8d297,1000
27,3,female/asian/portrait-750780_1920.jpg,2fbd991a904d05076df9ee0459ec5e288873c48d8c1fc964a7f747f8fa4510d8,1000
27,4,female/asian/pregnancy-2594275_1920.jpg,75a985e82cba71bd58cba99b5298656914c816c4dc478f52f4c2af382240fc21,1000
27,5,female/asian/rainier-ridao-L1STkrnnBHw-unsplash.jpg,9a1e4f3a214bd51b27388ae9fb453e70ca431b30f9718522aed60f09af1adcf7,1000
27,6,female/asian/samuel-berner-xtpz9sSRUDw-unsplash.jpg,0c415f792bd3517c6aa337059a185ee1805d9dbd9d66651032cd396f97c0d3ac,1000
27,7,female/asian/sankhadeep-barman-aHTbdSquNCY-unsplash.jpg,da82d914a73013c08ac0604f5dd4dad093bec79d9a9a661472ce27b5a91dd258,1000
27,8,female/asian/simon-marsault-jUyP2PcuBls-unsplash.jpg,724c7a3e5c5a7b5e733ebd38649bcb937d9f216a42bf3692006addb77613e7d1,1000
27,9,female/asian/suhendro-purnomo--ApMYrUyi0o-unsplash.jpg,a1cb311fcd15c27fcf336f99b682f79e1dc7a539885fbf956491c7d7cbca6bef,1000
27,10,female/asian/toa-heftiba-aQ0YRudYjm0-unsplash.jpg,da5428cb0d1f209cff4566f2c12a67b5a22c47a5b9d162adb9f83417d430e2df,1000
27,11,female/asian/tong-nguyen-van-ERIZwv4V5pA-unsplash.jpg,b8daeef7f58f3c1ea41f65a9c8e28e409d2e0c3b8d88b7ac3a4ab93295ad471a,1000
27,12,female/asian/tong-nguyen-van-wXnaknPMpK0-unsplash.jpg,c1ec4246c4791e2bb5312571869014dc382dc1814450dc6f29f19c79e8b41659,1000
27,13,female/asian/vietnamese-4646223_1920.jpg,d1f9c1b15fab40f056cd3c1a18108e81c3754a1d102201f77f320e7545b2cecf,1000
27,14,female/asian/vin-stratton-LkDICOYBYAg-unsplash.jpg,d9e5fc36bc13eb83cfa7537f69d6e44b6eb0186d2235354fbfc17056544532cf,1000
27,15,female/asian/visualsofdana-KD1xdIkw3Z8-unsplash.jpg,8ff5018207a904679ad7fbb2f74bc8d86e136dd6de87065dcdc4363d8f4e6a7b,1000
27,16,female/asian/woman-5775938_1920.jpg,81f878c011c60c9522a272763dc8a9b0d731ce5f821cfea6077db437caf2a86b,1000
27,17,female/asian/woman-984426_1920.jpg,eaa0670edfd569fcc0177ad898f27e21c372603e96fb1e6ff6260f90b1f74250,1000
27,18,female/asian/yannes-kiefer-VZfSq4TQTHY-unsplash.jpg,9261ba312b79be262f7012df5ae1ec3c961cf44810493705564c19d72d74434a,1000
27,19,female/asian/young-women-1281280_1920.jpg,403bbf8262903c68b4e36b62df6d9061ecc8f2a354c13c595905d65b664f5430,1000
27,20,female/black/31.jpg,766a2e690868b7c27be72d0807620db5a8d760a2c2689a02354a1d1ce979a28c,1000
27,21,female/black/61.jpg,86cd9b31740bf784c08f3093c6ddab8fa8aa4cd2845d59e6d9315359851fbb80,1000
27,22,female/black/african-2942355_1920.jpg,9a615a17747e475d6a7ed5ce44966ecc1f61f224de74b2a6468e015e8079a1d2,1000
27,23,female/black/cassandra-hamer-t2obqqft_xM-unsplash.jpg,db36de8a34759e710daa103b5dbea77ee9fd94cea31b4678735d93b249761c5b,1000
27,24,female/black/clarke-sanders-HOQpBGL95Z8-unsplash.jpg,2c07306fc6eccceb93c64bf964cc23b7fe85563493789ae33709288da34f3a55,1000
27,25,female/black/clarke-sanders-e_W1qouapG8-unsplash.jpg,d78ee02266f9a78f12ecd5fc8aa612648645fb8465556ea6be94e59d57ede354,1000
27,26,female/black/cleyton-ewerton-sFdbI7P47XE-unsplash.jpg,7637114fc72cbf128ee1c3bfa04837785927f5210e76af41d6716b643f342ef0,1000
27,27,female/black/david-todd-mccarty-e17ti0-AYoA-unsplash.jpg,0567fe5932bdb52c1e58539651986ce922b451c45f7f18130a5487054a2280b5,1000
27,28,female/black/emma-valerio-Hz_hQrk9hQ8-unsplash.jpg,f73be304d142126f3d80a3cc9c065ceb53a0eaf8e86ffa5de5798110daaf0411,1000
27,29,female/black/emmanuel-zua-iKNvqz1evXI-unsplash.jpg,120453ceddfadea565e9216355a5c23042820430a270020bafd7d20bae0b866a,1000
27,30,female/black/ernan-solozabal-kfQWyxttMeQ-unsplash.jpg,2b9b818ceb8608968c232ddfecd54cb8ae9e02a01acdafeb128a523172a56bd8,1000
27,31,female/black/etty-fidele-TWR--mm6s5o-unsplash.jpg,df243d851a7042d0171f737960be344fcc2ef992a581929b72075a219c11d6d0,1000
27,32,female/black/female-4899174_1920.jpg,c64dbcee2a40cd7f581acb3e028c63da1d5fd67a07bacffdd2a4a82b717dc7e9,1000
27,33,female/black/gabriel-silverio-HibLL8rsiwc-unsplash.jpg,b0bc8c1c9fec8771bb05a47f7c41112c78b8ea1abdefa778a8cbf2e26401bb6a,1000
27,34,female/black/girl-1245835_1920.jpg,152afc4d36a1af789595970efc39fcaa7af03cb8703d1a249a1c461b5495f8ae,1000
27,35,female/black/girl-1912901_1920.jpg,49c69d6d3cf72de65a4c1335965896471ebf0d83b3e7fcba9d3755d74b17f2f1,1000
27,36,female/black/gustavo-lanes-ZaL84ooeZpk-unsplash.jpg,c8393f804b2bdc8e3057b4ad051050197b7db043d94689885c97fa55cf75a7e5,1000
27,37,female/black/head-shoot-1542339_1920.jpg,8da7d9f328e8629835ced52fcd6ac0a593efc23d2ea5ed73826352e3013e5732,1000
27,38,female/black/jackson-david-Iex31-cnO-o-unsplash.jpg,542b98cedba75c95f6850076b3a64bde2d92d2e368ba1918db35e32edbffba5d,1000
27,39,female/black/jefferson-nnadiekwe-etYRmDQMcQQ-unsplash.jpg,cc36dc2b08333b9459d4355a28aaaafd00fa713a563333f02b64d48a7a78428a,1000
27,40,female/black/jessica-felicio-8vgkMCSq4EU-unsplash.jpg,7046029437a2ca5be45d7fc27804e37b6ef4cc1305dc880cbea6ca8265b3eebf,1000
28,1,female/black/jessica-felicio-_cvwXhGqG-o-unsplash.jpg,0e05b343135349ef69ff334283af278d022e35c9a9268047ae9e9870a17f16fc,1000
28,2,female/black/jovaughn-stephens-3ajz-2RgEi8-unsplash.jpg,c316d8d739eef6147ba40ef2ee291fe99f435d728481c35f32462046183a8968,1000
28,3,female/black/leighann-blackwood-nRVMVZvy6mo-unsplash.jpg,4cbe0d8d0dada9cd26db3d1c325c264f4117e8dcbbb79a264b09e7f775a851c4,1000
28,4,female/black/lucas-lenzi-2RwB3AHphb4-unsplash.jpg,bb1179b50060f9fe46b48e794f46cbf511b3e932a0382affaf78e5da7bbeb825,1000
28,5,female/black/matheus-ferrero-4cEVIKj7xtY-unsplash.jpg,67ac35dadbe19918d6d948408292583f501ba4d7067dacc977d64987466632b5,1000
28,6,female/black/olivier-rule-RKqIIjqWRak-unsplash.jpg,3b62e7cbf84e601b66ad9fba61931f46de0b08cc2231fb1edef73af883724dd4,1000
28,7,female/black/people-3104635_1920.jpg,97a66c1219e96083da6fed21b31e080c9b8181e6f0bf778802f8bb576b5838ba,1000
28,8,female/black/people-3238357_1920.jpg,cf11c54b9f2c577b0f9949952fcc65d129c784fd5cc36559084245f92a9441e5,1000
28,9,female/black/pexels-avonne-stalling-3916455.jpg,a9aa6d8f3f39a24793be55ab4abf749bf3c2ccc52b9430f9d0a6a7276f52f15d,1000
28,10,female/black/pexels-dalila-dalprat-1995129.jpg,140ce463248966045213e7933deadd3568d67f860d15e958f49a4591d9747c3c,1000
28,11,female/black/pexels-ike-louie-natividad-3310695.jpg,9a12d1530f6e582aa93bf752755c47ff724da75fd95b5b39107a23eea00177bf,1000
28,12,female/black/pexels-jorge-fakhouri-filho-1852015.jpg,15672d78bf83a122aed382bc6ab4e72f9a9d91d40c14e7fdb43c8aa060b32fed,1000
28,13,female/black/pexels-marcelo-chagas-2539732.jpg,479c47e6ddf9587f42357c91d6932ecba9822846b993ef1ecb2014990ee1f64e,1000
28,14,female/black/pexels-marlon-schmeiski-3839904.jpg,bd59fd78e47e4a9aefc3f07dd7aaa6ebd7835049efbadbf5755094d0eca44f52,1000
28,15,female/black/pexels-moh-mckenzie-3597035.jpg,e8fd62eeec15d81f0be50a10952b2e96683d3cb69cd434209ea6f8353db8bf39,1000
28,16,female/black/pexels-muhammadtaha-ibrahim-ma'aji-3280901.jpg,69b77f6c969fcf14472c3b4ff122f606d74b6c6bb643e702c09182b0e36df904,1000
28,17,female/black/pexels-murat-esibatir-4355346.jpg,1a2c28cce955d37f26e6b4d76cf6e1b53a7cd2e7bdb779e9ff92116bea16ea05,1000
28,18,female/black/pexels-noa-photography-4364604.jpg,23483451877f0fbf33a95cd056c7c2f07f881f37cf21f50fa984742a867c30da,1000
28,19,female/black/pexels-rodnae-productions-4911184.jpg,bfc07f5df03b58d1d78888078e0d63667f8103778b494388ff1fdfd7e2a9718d,1000
28,20,female/black/pexels-shotpot-6337498.jpg,212628313655eba2bd0e11b9875d271014e773b158ff5b462d34e5f5b56cbdc3,1000
28,21,female/black/pexels-willsantt-1962844.jpg,0a0805273a262ac16d434fd33db418de1a9548e6456cf0bbca6eb14796cef36f,1000
28,22,female/black/prince-akachi-LWkFHEGpleE-unsplash.jpg,6d9dd28a1798d73c17b121464b1447efc0796238373b87f08d0a5fc4a2f2addc,1000
28,23,female/black/raphael-lovaski-3cbvEhhQspg-unsplash.jpg,bbfa602cd3a03d724611337442f9a0180f717d20773d84a5d7e09018e2fada23,1000
28,24,female/black/shot-by-cerqueira-cthGStT-j_A-unsplash.jpg,ee7ed98b02e07851cffd39a36b9412d5b164d5ed2c77c1d290730ca1d7bd7ee3,1000
28,25,female/black/smile-2072907_1920.jpg,ebf6d6c0d249d8a754702ecd7cde6a8634e0f64d69b8c5d32b41dce3b2d4985e,1000
28,26,female/black/steward-masweneng-Ws4YEqBafus-unsplash.jpg,892dcca4ba77366d5f6daecbb5bf17854d71a53f9fa5afb33c6001dbc8b43877,1000
28,27,female/black/vladimir-yelizarov-lCDPfozQC08-unsplash.jpg,bebdab35252a14ea3178b0a74bb3805e2a20b0050cc0e34e6a02325fda00fc12,1000
28,28,female/black/woman-1018291_1920.jpg,cd32edcc6bcd7daa59cc6c932a5918bd52eacd2bd744405f74add186cf6728be,1000
28,29,female/black/woman-5932291_1920.jpg,49cc0d3e8da8b8d908ad429a7f546e8809a0901c69327d80003b33f31c94dca1,1000
28,30,female/black/ziphaus-NizskSsegM8-unsplash.jpg,f7651de486f4851ac8b6e1edbfe80faa826cae8e47923ecc60fc59f36272722c,1000
28,31,female/caucasian/10_1.jpg,062207a6d46d5939f039fc0754c2c88ade8304774382663aaba89f23dee6441d,1000
28,32,female/caucasian/11.jpg,754fb52a599f4466a7f777972455c6a63ddb0bc5304af12531599ef931ecaf21,1000
28,33,female/caucasian/12.jpg,242b1b0f13d17f5882ab80047a4b18c046e628aa3ab97ddd14ac5e180a3eb7c9,1000
28,34,female/caucasian/14.jpg,6c75c1c620b2452eea6f2c6fb514ebd34132d43c757e285693924279823f2828,1000
28,35,female/caucasian/18.jpg,aa3b1b06fa504cad31473407a8a3bd8ae210de518291428a095496f6109f58a0,1000
28,36,female/caucasian/19.jpg,fffc5e1c7c2f2fa97ddc04bbd4a1d733b07086faedd7f4d2695b165726e9b2f0,1000
28,37,female/caucasian/40.jpg,cdccbbc6652e190ab58b884e000467743df33f52a5469a0a039feaf4be413572,1000
28,38,female/caucasian/5.jpg,06f3692caf400ddea1d83e18418d17606cddb3d43332c20f13def0ca65452006,1000
28,39,female/caucasian/55.jpg,c22f5476ca911adba7cc81af1afeca1cc653c31736fcab44d60a01a1a8fee5e6,1000
28,40,female/caucasian/62.jpg,ff0d84b712a6d94203c21fd44aa3a596585ea58b19b5e6f652049706f31481ba,1000
29,1,female/caucasian/8.jpg,931ca16897cc61e2cdee829955715295266f5c76437fd8738bdb21a27662be2a,1000
29,2,female/caucasian/actress-1893312_1920.jpg,e6cedf9cf9793cee2998ee0ba27422405b26bfbfaa15b39325713a55c8e4aeec,1000
29,3,female/caucasian/adult-1867889_1920.jpg,1f4546e404f10707543e239ed0959065b8a9050e70a037d1fce7b82a27ece80b,1000
29,4,female/caucasian/aleksandr-minakov-bY4GXQKfZrA-unsplash.jpg,2802b0940ac0c21a5ee063441522426264f12b50b0a1739d134c6ad0e6b2e693,1000
29,5,female/caucasian/alexander-scott-lambley-i2AmfpRO0Cc-unsplash.jpg,cca7cedee76b41066c405be97191f160dc4ee6cf4d97b57a5a2a660f99a1493e,1000
29,6,female/caucasian/alexandre-croussette-P9C8YtG4eYU-unsplash.jpg,9ebe882cbff73b483a66fc070998b89264a3ec419c48a959902e5695331509fa,1000
29,7,female/caucasian/ali-pazani-VPYKT3ePiEM-unsplash.jpg,65940a6e8ada02670abba196d478d562e2420cd9e9ca4ea1a73d94c0e3aa44a4,1000
29,8,female/caucasian/amelia-barklid-q97o6P6_lMQ-unsplash.jpg,c142db34041aea793e5cb139455133450709652c2158f1bf8c0f9bfc48f640cc,1000
29,9,female/caucasian/amir-taheri-kQdhNGTVa3A-unsplash.jpg,251785cb7666066b9240e57b6e55e685bdb629dcf7b870c2ababc8a3f65c536a,1000
29,10,female/caucasian/analise-benevides-x-CinW2XVRw-unsplash.jpg,d30df69e3f91fe749d80f7cc3fc6c0ad03da9d7cf82e9945984b5f5d10e92ba1,1000
29,11,female/caucasian/anastasia-vityukova-Cq6TBhIV0fw-unsplash.jpg,0fd02496786708703859f2d0142a2e882ae849e20573bc5bf7f8effb79a91fea,1000
29,12,female/caucasian/anastasiya-nekhaeva-vqGyIoD3PAc-unsplash.jpg,d8bbf4f1a39bc1ab61d5cf0a8c765251a7671f49e83f8257f10c4914836de34a,1000
29,13,female/caucasian/anastasiya-pavlova-7ip-IOC2yvA-unsplash.jpg,3c8c0c6cc46773e24b6bf608cfa51dc3cd3fcaf477da17f1e6e59002ed3c057d,1000
29,14,female/caucasian/anastasiya-pavlova-OthOW3y_UII-unsplash.jpg,735477bad357b056d076528a69880ae4a9656bb0fde8adda91e859b2db77e6e8,1000
29,15,female/caucasian/andreea-pop-ZR0Ij09RN9w-unsplash.jpg,2091bb7b42eea1bd6b02cc97928823c6c49b37111ba373a67a082cd5989c4581,1000
29,16,female/caucasian/andreea-pop-uR4cG4C2tsg-unsplash.jpg,a93c7859dada7a675aa0fd83add9fe0e823c9e075b70c4446fed7d1631810e04,1000
29,17,female/caucasian/andrey-svistunov-IcSCXCRgATw-unsplash.jpg,2253d61e5d3111607c2193d49a7e3337be3e5ec94c84ed8cf513d1ce7d990c4c,1000
29,18,female/caucasian/andrey-zvyagintsev-byfNhh81CWU-unsplash.jpg,cb93c41197b445055aac969cbb79791488924483c06b725e1de3fe83cbdca484,1000
29,19,female/caucasian/andriyko-podilnyk-KyQxMKaPTM0-unsplash.jpg,d7badcdfb920f26f20fa23f8ec2f4da88dbfcaf166c65747cb25b3dd063ae58b,1000
29,20,female/caucasian/anita-jankovic-_OMk87F-zvI-unsplash.jpg,66dfd1a2c4818635192fe65855015785444d68948820517dc7126e0487604ca4,1000
29,21,female/caucasian/ann-agterberg-WqATKbXqGZQ-unsplash.jpg,1f12c79c2df638e469f19669717376d716fe564212a87a31a428483d0ff48de5,1000
29,22,female/caucasian/ann-danilina-zgohOdeKpnA-unsplash.jpg,3ceb63ad4f27ae6bdb9b1e68e75851669ea7e824081bd800e4921a57ba85ac8f,1000
29,23,female/caucasian/annika-palmari-H0-6Y5GmyMQ-unsplash.jpg,ab45ecc84bcf0368eb14a649e195b6fcce5aa5f635cf2c12803075f9a466f11a,1000
29,24,female/caucasian/anton-darius-NaV1BloVk0g-unsplash.jpg,55e02acec18ad92aabec588ff4b47290bce4458f060a6e7ef200edf9e726d91d,1000
29,25,female/caucasian/arno-senoner-5UCPo5N2cyg-unsplash.jpg,5013aa1f5e5c839c10dd28fd5853bb5c0cab886a1f797dfa9a3ba7f6a4f1be31,1000
29,26,female/caucasian/artem-ivanchencko-M9-VgKDrhDA-unsplash.jpg,7b908a91383131b09b2ef6f35b4ddb24363251462ca84fb02a34ab68905fb080,1000
29,27,female/caucasian/aschas-O15EA5W8rmI-unsplash.jpg,9e8165c1ad6cf975e76fefc77df6cba7c2b0ea3783854f81a133023f84fa57d9,1000
29,28,female/caucasian/baris-selcen-6bjgSD6Wxus-unsplash.jpg,ee47d27553a1e645f48776d6f3e3e50143131ec94b9307e584019c6b36960ec0,1000
29,29,female/caucasian/beautiful-1867431_1920.jpg,bde497248103474dae66f8061ab6d6970f08c72ce76a946c399c5fd3121e8f3b,1000
29,30,female/caucasian/beautiful-2114449_1920.jpg,dc1180daa1cb110a1c9b3621c881b37dfa651e5d2e40a0a0e374cd1432909d64,1000
29,31,female/caucasian/beautiful-2819394_1920.jpg,5b44e4d8b66cfce887415fb81a79507bc3682f53985c0787bb71a7325e4920e2,1000
29,32,female/caucasian/beautiful-model-4597225_1920.jpg,51a19401ea230b26485c4a020869de2ff0684400451d8c96b9e2dc138f79e82a,1000
29,33,female/caucasian/beautiful-young-woman-635271_1920.jpg,1ad708bc6936f10fa33731490f080440c7b5ead515330fe66d51948aa90b821c,1000
29,34,female/caucasian/bella-4368194_1920.jpg,9d61c4da4467d707b6634d98512e1299644a30524935a21637aa1af56b052e17,1000
29,35,female/caucasian/ben-den-engelsen-AGTxr6b9xJU-unsplash.jpg,509eed600c4feb0ab0d14ed2740658b8d0740f07c362f93863fc873b40845474,1000
29,36,female/caucasian/bindi-2416039_1920.jpg,c47bd94f19748f7840f46f918d3b7526091a11cfbac30f96f590f0eb112526e8,1000
29,37,female/caucasian/blake-barlow-7Ge4b_kcPLQ-unsplash.jpg,4d6e5f227488e4023f74f58e8f39be99f999307e3e93c3b6abfa2d4768991c5d,1000
29,38,female/caucasian/blake-barlow-L9NrqmDPT-g-unsplash.jpg,ffc54582b0c08407827f3debfe09eba1824cc87814f1944ac4da9dc5d56b679e,1000
29,39,female/caucasian/blonde-2885907_1920.jpg,df6cc2fcff08a2d55b6042a6e5e2a68ebc1f0d78366c3fa5bd61ae94e40e9854,1000
29,40,female/caucasian/bradley-dunn-Hy879rKHhbc-unsplash.jpg,e28cf7b1434d439cb9b9ce2f7d674247499e1b2e4dfab68ddd79bf5465a756d2,1000
30,1,female/caucasian/brooke-cagle-BwhJOU0sgdY-unsplash.jpg,3401d9db200250972a9db3e85c7100008a47d42516a1993548325014b40f58a4,1000
30,2,female/caucasian/brooke-cagle-QZRAaYfmvA8-unsplash.jpg,c94bd5cd988ae277cfabfb96d9b3cbd714e6e34979e3f2be9a7d1317219ae0b3,1000
30,3,female/caucasian/bruce-dixon--lYtsl62gyU-unsplash.jpg,0178d64b344108688e2ccf5e457deabf040228bbc7fda9adba8cd9b9d5f7b1fe,1000
30,4,female/caucasian/brunette-3627300_1920.jpg,f70994872c9fa8f6b0b63d244d1bafe3152ace09f37c03df17461895fa611758,1000
30,5,female/caucasian/bruno-bucar-juC6zUwJTHE-unsplash.jpg,c2d8313af741f7db338798c60dcd2e5db82b73fb6019a62398bbdb1a23cea95f,1000
30,6,female/caucasian/business-3560916_1920.jpg,6eb65962ed16a94000e390b47a11bcb4f60bb24e9af66f52a70d5f00a5c437bb,1000
30,7,female/caucasian/business-woman-2756210_1920.jpg,d2109e1951ed9940c8d08dfb52e4f251f7a5778f403d6802be6bdaed1b109e2e,1000
30,8,female/caucasian/caique-silva-3ujVzg9i2EI-unsplash.jpg,bb137288cb372b37eaf17f086ece97c8b69210d04729c662b5b6f9e7c5f6807f,1000
30,9,female/caucasian/callie-morgan-JlymtjqG2aU-unsplash.jpg,09f01d1d73b90ab1fc037c18062c9e736bfeed27390345455fc47ee67d042138,1000
30,10,female/caucasian/carlos-augusto-qmsP-aRLWsc-unsplash.jpg,2b10dc7837a7908207d7c570ff42cf57adaeb34d6a933b3436a25d34c1850cd4,1000
30,11,female/caucasian/carlos-lindner-1fBp3p-1CyY-unsplash.jpg,2ba5b3c6d9b7b551f4c2391939e4b1581609af61c5618a6bfb5238f8c6fb077f,1000
30,12,female/caucasian/carlos-lindner-8X6_ppAuhnI-unsplash.jpg,8b7782a3658244dd43899c9175efe78e4fd4d571652887607a9b4bc2636904c4,1000
30,13,female/caucasian/carlos-lindner-DkSkgaPie8s-unsplash.jpg,91f348e8996937655bdd955331079b6e07a11679be8d3ef7af7f8c4356163c66,1000
30,14,female/caucasian/caroline-hernandez-c82O-ojHu9E-unsplash.jpg,7b8b46e2f5c0f9d21b9415b77e7d7063b43ed36834e69197edafc2c5be391d99,1000
30,15,female/caucasian/caroline-hernandez-s7cX3UfuFAA-unsplash.jpg,10bc19710f6e68dcd013c144590c7349889184f406da85b8c1b4df1c9048e279,1000
30,16,female/caucasian/charisse-kenion-AZRVxIyCLxY-unsplash.jpg,0faa2a68e0490a1fb8bd631b7c270e59f064ebab201fcef85aeee901712316fd,1000
30,17,female/caucasian/charlie-garcia-xJ_lOztx-VE-unsplash.jpg,747a3104a185fb21ff375a23402c0ccafd6cdb03cbc85b46c54a81a144f83f80,1000
30,18,female/caucasian/christiana-rivers-DvpKGEH2zco-unsplash.jpg,6de395a24c781c5d96242176c9fa994df1c5e0d6d13daeed22b8355b2e4eda2e,1000
30,19,female/caucasian/christina-wocintechchat-com-0Zx1bDv5BNY-unsplash.jpg,5a85e7a7e97dfc64ba77052d8065d59fc74c609d17e5a2167bd38339bf0bcc09,1000
30,20,female/caucasian/coffee-4783442_1920.jpg,e2f2fc45c327a9a1139db047401af97404d4e53f26118a87b57aca94c5a95cff,1000
30,21,female/caucasian/cold-1284029_1920.jpg,79993be95bb94c3cbb4308922e2e1af78e03a08b4bbb71d68119e27483cff0e6,1000
30,22,female/caucasian/cole-plichta-7la6TtuqYOI-unsplash.jpg,4b2ec0fcfb9eb0e46d20cdadb9115e1fb1a49b2e0436b78314334a024dbd5a82,1000
30,23,female/caucasian/connor-wilkins-eW6JCH_fbck-unsplash.jpg,96c5bc942bc71053d536b29f8dad282f90110e0ed74b16e90c879267720c5e91,1000
30,24,female/caucasian/court-cook-TSZo17r3m0s-unsplash.jpg,9f64c68f446d5403daed72b60de6695f80067711af37d525273e467d9c4a2b46,1000
30,25,female/caucasian/creating-a-brand-WxAOdbDpMiU-uns.jpg,4808e7eedca613e05e2058f1de4e53f8b8fb4aaa7f1275429f7f2bbd6c4f5799,1000
30,26,female/caucasian/cristian-newman-l9I93gZKTG4-unsplash.jpg,87b6cfdcfc40a86dbbdbd07f6c07cdd21761dad483625ea3804b5dc419f365e1,1000
30,27,female/caucasian/d015.jpg,d00ecde962332f354b9bf7c3eb7284be1b6912d4287bdf728b0c5616f4d2c0eb,1000
30,28,female/caucasian/d02.jpg,2f4057b2c6d6f31a1c0db1efc5cb55aca00ff0f39b9d6b175180534cd7860da8,1000
30,29,female/caucasian/daniil-kuzelev-AkGd_YB6Q2c-unsplash.jpg,03bdaf6f886a4d9d1cb1acfb7da9953f8399941a5f723991360754159aedf9c7,1000
30,30,female/caucasian/david-todd-mccarty-EIeLcpn-9bM-unsplash.jpg,65d0a4cc41a291ddb228f6e0e4a20b1e0da19463ff473ca101af911ef3a6c91e,1000
30,31,female/caucasian/denis-agati-3dL0mzyUS6M-unsplash.jpg,6cc4dce73161fd867b4a59dc3cdfb372786a2fc8866adb1a16d01b765a8691c0,1000
30,32,female/caucasian/derick-daily--1_NYuwIQxU-unsplash.jpg,219b11ee6e50a69a75248bed3a7504cfb6fd524c10a435cf24536f4ada719691,1000
30,33,female/caucasian/edward-cisneros-_H6wpor9mjs-unsplash.jpg,ba24d99a22ceb73f4df825e88c9ad96ab79e77d2018cfa3caccce9a150ccb6f1,1000
30,34,female/caucasian/egor-barmin-i-JkONlmR_o-unsplash.jpg,7cf20950c367c963f5fae6347cd680197e0c5671edd16d7ca637a97e7f32eba6,1000
30,35,female/caucasian/egor-barmin-tFF1gAwC6iE-unsplash.jpg,6cd1c18a0af902f123653f680390aaa13ec7e1cb5fdfdbc3338538f91df7ca4f,1000
30,36,female/caucasian/elderly-1557141_1920.jpg,d0939e625900ba0b537b2752d0b41c879b239d91d9987cee3c795e7face71772,1000
30,37,female/caucasian/eleanor-Xd3J56n0d2Q-unsplash.jpg,5bcc5ce6224bc3802cb55015dcd61342e6696e856d750cdc6d0f2d04e4be8f7c,1000
30,38,female/caucasian/ethan-haddox-NTjSR3zYpsY-unsplash.jpg,a3ded2d6b650901d4cade05ef27aecacc51b60255ab8ad0ee92bfc09076ff79d,1000
30,39,female/caucasian/eva-wilcock-hHFijaQdfTw-unsplash.jpg,9c2cca20299211fa05f58c5a81e26cda696e18e48593c171aa5dc3a7598d46e3,1000
30,40,female/caucasian/f1.jpg,24a5828a1dfbf0e210bac866eb05ceac1206dc7bdefef0fa2151d97603ebd4b7,1000
31,1,female/caucasian/f12.jpg,151d8106cfc9d6ac7cd46780c8b044a3dcfd0d6805a2f3e311746d363eeb050e,1000
31,2,female/caucasian/f6.jpg,4d28ff54e98e404ab49b4a62f295469272ab04dc1f9e0af47bfb7063a06a7ff1,1000
31,3,female/caucasian/fabio-alves-PE1IpWTeKfQ-unsplash.jpg,c1824c49f2c5e56632d3ccbf7020a524ef70ea15f63db6a858f5381132b33762,1000
31,4,female/caucasian/fantasy-3452327_1920.jpg,97ca87f15cfa261a9baec909cc3534a60acb4e4161e9872b356f250e48afff91,1000
31,5,female/caucasian/fashion-1846490_1920.jpg,34e47f9be604d63071f1873213bf239382894635fa0aeeea52606d79a0d26e4c,1000
31,6,female/caucasian/fashion-238553_1920.jpg,244b963ac0204f4c60e0eec2f8d22a13a3611d509308675eb37abfd887550120,1000
31,7,female/caucasian/fashion-2690306_1920.jpg,f988b55b48eb74cbaa1145eaec64278f9c29fc78c7e88331a5595ff997c6c6b5,1000
31,8,female/caucasian/fashion-3059143_1920.jpg,ab5b8b2b9c00e271f3a58d89e2e4f7b04236d5ae245c9db2a51d83084adb1e7d,1000
31,9,female/caucasian/fashion-3080644_1920.jpg,2cd892bb6cdf10c1b18a44d281859090d1ad36ea009de716cc11d4d0912c0638,1000
31,10,female/caucasian/female-2674500_1920.jpg,1049e121e79bb8a6e4e8342a165eecf8a20bfb128da99d5eff95697c54ba0fb6,1000
31,11,female/caucasian/fezbot2000-L0RvwcsiSFw-unsplash.jpg,1eab32e3bee8558f47b3f951db85add4db4775420e056f29f928f48665b96fcd,1000
31,12,female/caucasian/fezbot2000-V4CU3OBsrEk-unsplash.jpg,5993c8e338a6346effad142c4df93068cf4eac4f9b3e9dd2f1f3ec0d71ae7b90,1000
31,13,female/caucasian/fran-hogan-0vyvnOH-LVQ-unsplash.jpg,996a654498bf10a17f0bfa3da72c0ff85401c628468473738b6cee6dc9036a8a,1000
31,14,female/caucasian/francesca-zama-GVIesWuFdI8-unsplash.jpg,174ddf7840268dd32a5e024d1c0f2e0059ab3ff1970c140e3d2eb4953b06141d,1000
31,15,female/caucasian/freckles-2411973_1920.jpg,679e03ca25afcd0a1731717bcd9915cbd313fa18da1246c5e1ad4937164d3f0a,1000
31,16,female/caucasian/freestocks-9UVmlIb0wJU-unsplash.jpg,f5f14ebba0adfcf779bb2fc327cb294c62654db3ae507261b16a59ed5c0ba87c,1000
31,17,female/caucasian/french-4525967_1920.jpg,75dc3a3bf90a8e4b1348136a27ed276426e771cbacc67480b054cac5e6c557d9,1000
31,18,female/caucasian/gabriel-porras-u_tdzVxTTr8-unsplash.jpg,d9edc14ae9d5b1b6938b9d65578df9d3781662e3ff7766c361fa5b10a855cece,1000
31,19,female/caucasian/gary-edmonstone-LmdWNvd7C7U-unsplash.jpg,a75973ec3965c7b7cad8ab07e4efb09e0ff31a738654c4603a9f42c4238fce68,1000
31,20,female/caucasian/gemma-chua-tran-UIZYDvmQg6U-unsplash.jpg,5e97424ae111abe61d38b3d6a7aa773cd08235044bed9c4b741cd45b648da906,1000
31,21,female/caucasian/genessa-panainte-g3OqMfRfo_8-unsplash.jpg,a03c1188f4fb26348d172317df939a3c895dfc5d94d154814f49bfd827318248,1000
31,22,female/caucasian/girl-1209193_1920.jpg,04613d536a62cc2b1952f324edaba41cfc044ae9129af415f38ea98fc0840617,1000
31,23,female/caucasian/girl-1234487_1920.jpg,f86ca183e640675a3972d434f7225af620cf53a758a3365c9d430e08e8b6e565,1000
31,24,female/caucasian/girl-13480.jpg,4bbde452ee632dd92586469d3d01efb7fed0f9255ccbb4dd151f91b24a97a796,1000
31,25,female/caucasian/girl-139353_1920.jpg,acbe1372519f57e9e5e104a656b122cede3ba8302d09075571db1c0236dfd729,1000
31,26,female/caucasian/girl-1482002_1920.jpg,e394756e0e292cf7b3e6125bbbb17193fb10b378fcfa051040b3406f4d975e71,1000
31,27,female/caucasian/girl-1773894_1920.jpg,2ccabd476cd1035032d050f88e6adfefd2ba70a4d52378cbceeb876449f923a1,1000
31,28,female/caucasian/girl-1888161_1920.jpg,dc94f380834984e5fb1fa2f91934b8d7ebef266db605f8637a273cf24e74ed30,1000
31,29,female/caucasian/girl-2359121_1920.jpg,3d78649e2b98a3e7b2a0c7c86830322db02e92a142cf9567781ed4caec79435c,1000
31,30,female/caucasian/girl-2363819_1920.jpg,302fee404b3cab7e847896d72cbb3423418816683c65e9eb01a5dc252f9cc177,1000
31,31,female/caucasian/girl-2663559_1920.jpg,8b146c3f0ca1b573f8ae7dbcbc92dca68445b3dc7123b1337d6f995fdd2cc052,1000
31,32,female/caucasian/girl-2772177_1920.jpg,0b379d543181da5efaff720b33028fdf6225eb43934c7090ba608d9e285546d1,1000
31,33,female/caucasian/girl-2961959_1920.jpg,55d22dae31a0c41291ccfc0094329bb78f8b27b5e44a919f82272344f44f2430,1000
31,34,female/caucasian/girl-3023831_1920.jpg,599cf8082ab5f2639ae3c9d69644fad0d27c4bad50ef3cb405582fb59bbf3bab,1000
31,35,female/caucasian/girl-3277529_1920.jpg,748868f6d6295e726b50f0bf4e6eb1721b8b3457b5adeebf25906ed439981639,1000
31,36,female/caucasian/girl-3718537_1920.jpg,721f93a8f1208eacc8008a5bab9996e9d3fe47ea698e15121f994b5fa16c81d8,1000
31,37,female/caucasian/girl-3901714_1920.jpg,750c3c9cbd7905a01cdd63df7fce9bf1e9bbffb05b7563a84b7e104a2b6aee93,1000
31,38,female/caucasian/girl-3956612_1920.jpg,cf70017c9c0dcdbc00bb88980e8ede38d9279a4cfbb31d5647fc8939d4c52574,1000
31,39,female/caucasian/girl-4212523_1920.jpg,e879a94296039b505726b507b5c3e908d19dbeaf7c6f167c7d7b8228f6fe6875,1000
31,40,female/caucasian/girl-4283996_1920.jpg,64f1d46fb29db215626624087ae1c3bb88564563ecc0dd5c269dc1aa4026ad30,1000
32,1,female/caucasian/girl-4283998_1920.jpg,3093baf04ba98f998a6acfcf5379e258525da9f21a184b411191c0e8ff9c6150,1000
32,2,female/caucasian/girl-4448689_1920.jpg,11836e29fada42569df7b63e3adb4f661c1d883d888b4da027088d10f6b3e383,1000
32,3,female/caucasian/girl-4570763_1920.jpg,1bacb26f4d61eedacd8cec7b94bb7a3605b4626ae1aebd65ed097fb8d54cbce6,1000
32,4,female/caucasian/girl-499408_1920.jpg,de281fa8621d291294f305aa3316671e3438084245bf2bda7e6fce3aa4359c0b,1000
32,5,female/caucasian/girl-5365495_1920.jpg,122d7b5f577d77fc18c624b34120387d51304803a1b30057cd6a9d6fa6d7ca9b,1000
32,6,female/caucasian/girl-641673_1920.jpg,7cc6f48549a9edc6d334799de6af5c60aaf1f75a68e314958bfbca7dd4724a0b,1000
32,7,female/caucasian/girl-788813_1920.jpg,1df49d81986b08537b357b800f7592acae9e73d0e9b339d8212d42e8124bd9d7,1000
32,8,female/caucasian/girl-797078_1920.jpg,9efde24a3338cc3b99ddba77156c9dbc9e66be5087afe2bbf13f1d8555f94c40,1000
32,9,female/caucasian/girl-868785_1920.jpg,51901f8ac08303cfa3647990c95e6f0b1ac0b6e4801fb230467ff1749b5226e2,1000
32,10,female/caucasian/gleb-lukomets-kKX-iJP8sX8-unsplash.jpg,8d31f04c51f88e0d8ddcb8b52dfc33bea2a309fffb2cf52796f946a1ac3639bf,1000
32,11,female/caucasian/gothic-1770548_1920.jpg,3e8f18c81e2ee8e842d8b9cf78fae9dd0c9cac1e480a91aacc4e7ee7afd51703,1000
32,12,female/caucasian/guillaume-bleyer-PPnwwUeUbYk-unsplash.jpg,6aa4144a4ffc25e4098f842438ce6933533cc74ab91d97b0cb130a20d1c16bf6,1000
32,13,female/caucasian/hairdresser-4564268_1920.jpg,afe614fa8a2a6141d33dd6fea9e75da8e09a68b778a58e5a266ed43c744102b5,1000
32,14,female/caucasian/hamburg-1399966_1920.jpg,086bac38a1ed7f85d52f21e52120aca7948942233f40e96ff67e4a491a8b3b0c,1000
32,15,female/caucasian/helena-lopes-LSdo2qHFI8k-unsplash.jpg,5bd692a8fc98ed47c5730eaecef72a2fd8042b844b6d170db544b6b68eadb244,1000
32,16,female/caucasian/hichem-dahmani-EhcwOfAn-mA-unsplash.jpg,770b2fa79edc946de3862d9e9401e7b00115cce2cbffc953275af0885cbeb29c,1000
32,17,female/caucasian/hiva-sharifi-YUK4px6sjdc-unsplash.jpg,3f48b8bbb997f05219eda8d528ed2dfbf9189d05107cfbe71b5c7148131ec0fb,1000
32,18,female/caucasian/ilya-mirnyy-FrkBU4xWB9g-unsplash.jpg,4e09efd1208fbb1155132767719416400b1cd406317a012398086416d9babbf7,1000
32,19,female/caucasian/ionut-comanici-RDcEWH5hSDE-unsplash.jpg,5dfa14ce5e42cf76a7abf43ec31fb1b8d5559ea4e194907bbf42926ca837eece,1000
32,20,female/caucasian/irina-iriser-T9_NHo5d0pc-unsplash.jpg,f7231bf3801a801cac465b2a3c9b9a9b881b17bc9fb8debd9f5e7a57bb08e2e8,1000
32,21,female/caucasian/isi-parente-0FjPiX4szEk-unsplash.jpg,163df8615b19c55a9710f0cd976069e338ada51ab716c20022c564e68c401c8a,1000
32,22,female/caucasian/jassir-jonis-yFoZ6B6KGN8-unsplash.jpg,9a5cc410c9fd56c494e8864c0b785fc54d80b8b98d7594a0c66c477823c9710a,1000
32,23,female/caucasian/jayson-hinrichsen-uOZd-i3n0UI-unsplash.jpg,edb5ccdbee98c1c96cd9a183d8be50559c6dabfea33fe76a9c1c19bb0f811392,1000
32,24,female/caucasian/jeffery-erhunse-Z9lbmEjyYjU-unsplash.jpg,7ffa5a93a01f0226d3c3bcfa16a3eef1837d4221507826cd6c33862681c86234,1000
32,25,female/caucasian/jen-theodore-i6iVOXfZM0s-unsplash.jpg,717e9cac61a3e9f16248e750138398535dbb8564309280bb499acc062293c513,1000
32,26,female/caucasian/jen-theodore-o-9p4xo432I-unsplash.jpg,1c35590228db735bc9c5c55f39aebe0d484c9c90d7855a798bdbdbcd14321418,1000
32,27,female/caucasian/jennifer-marquez--shIc419kMU-unsplash.jpg,5c5d42c4910032b973124aea5fd7d800f87fe27c3af4a77c89115685a53c1a48,1000
32,28,female/caucasian/joanna-nix-walkup-xjBjRNn5TKg-unsplash.jpg,da55fe8fe99b156c155eeb55130c62fe864d4db8c8c4009dd16d14ffb54be954,1000
32,29,female/caucasian/joao-paulo-de-souza-oliveira-x-FNmzxyQ94-unsplash.jpg,b98a210a5bce3e48177679f3b3fba32caadc453afb9812be92cd386bd8519f9d,1000
32,30,female/caucasian/jonathan-cooper-b-A6K_2cpWY-unsplash.jpg,8271feddea917e89f50b62d4f220ef8b9851b20668bc503f97f1a660d078fe00,1000
32,31,female/caucasian/jorge-cesar-2Qyd-R4z57E-unsplash.jpg,82df8fec4ae65dd3acecea8a2386210868d87b59920de3b15b2ab90a1da4cb6c,1000
32,32,female/caucasian/jose-pedro-ortiz-uwaVLojaY7w-unsplash.jpg,aba7afa74398980fda507361f4d4a4fa25affa11286324261889469cbb39028a,1000
32,33,female/caucasian/joseph-kellner-o6clLOJd4WY-unsplash.jpg,abaffc383c32f8aa7b8b40751f84ba1c6675893df06bba3c40174809fdda0bce,1000
32,34,female/caucasian/joshua-rawson-harris-7jrNEAdxwUE-unsplash.jpg,fc20e67fe24cc3410745584647c22ab8eaac28537c3efd4dbade40161c06e461,1000
32,35,female/caucasian/joy-4196371_1920.jpg,0bd400812b44e512b6ececa4451b41d9f8bb680d88fdf90e5a7ec725549c37e6,1000
32,36,female/caucasian/julie-romaniuk-A2UMJQkXKJM-unsplash.jpg,d0c0a544469d1e1bda3f42e81ab1f1d9df166f48f183663b5f628a634b574088,1000
32,37,female/caucasian/juno-jo-eIxDn1OVJT8-unsplash.jpg,1824f0812f7bc0da4ac59807b2ff6ec4fb4e73c731cf7e9061a9321f03f32781,1000
32,38,female/caucasian/karoline-soares-BBOnm6XLdQo-unsplash.jpg,0c05be16f920166f557dd5684446b2b3fb1c30b61e2cdca3752fbbe25f7377d3,1000
32,39,female/caucasian/karsten-winegeart-hS8kY12h3is-unsplash.jpg,2d63be15350fa7e48bf6df200f9abf39083d8cf7062eace1b5f2e4711b30948b,1000
32,40,female/caucasian/kate-hliznitsova-tD0wyPbnsLA-unsplash.jpg,ad8c61fc4070b064e9524cde86d210ec92ac1183bb4077527af7c6ce6b31fbbe,1000
33,1,female/caucasian/kermen-tutkunova-zjYvn9yqJl4-unsplash.jpg,0267137b3dc1c9c7326fd435f18bf2da2e911fb2a146528707210be0fbb2c152,1000
33,2,female/caucasian/khashayar-kouchpeydeh-z0PhHU7cy4Q-unsplash.jpg,005f781a7d4f79aa1119731b89d6dbd79bee378b798c2cfffe646a0dd6f5ffc4,1000
33,3,female/caucasian/kristen-steed-qvFyDfhNHJI-unsplash.jpg,099c72d0826f31301eaf2252e338f79e94057d65b58be2462751d30426e4ea11,1000
33,4,female/caucasian/laura-chouette-nkWnc-W_GP8-unsplash.jpg,1d089f224896ebe555df68f6e5179e4ce2103bdec2c0d82fd9e33550cfeb3598,1000
33,5,female/caucasian/laura-chouette-qaRaOPQbZhI-unsplash.jpg,5fdcc2c7cd1c7608124a90881eab3bcd5059d6dc6256baa33bcb500345017949,1000
33,6,female/caucasian/laura-dewilde-dhCxlHodZvM-unsplash.jpg,63bd3d94c55e3d9a98a06fa7b5d2e8c6c47a84c43e1a07f740eb7279f5f53aac,1000
33,7,female/caucasian/logan-weaver-GLE_xlFgXTI-unsplash.jpg,4d605d41c5d8968385440d38d60e5f95ee49c7403fb4782a2c3af831dbdb5360,1000
33,8,female/caucasian/logan-weaver-QoZRUI6LdKw-unsplash.jpg,9977b2367ca45955fd94ae890c9095a12397c88381d23d6ae08a3082be62c8f0,1000
33,9,female/caucasian/logan-weaver-X1wFriUtQIE-unsplash.jpg,ea99f0ec978d56dc9aaba03f88beb87a81ba701a69ad616496eb907d7d7d19e1,1000
33,10,female/caucasian/logan-weaver-l0t4qHtj3fs-unsplash.jpg,69dbdeeb5459f70f51bcf10e1038b974914269de657cfe24ccd041315e93a830,1000
33,11,female/caucasian/lotte-meijer-oyy71fLMZCY-unsplash.jpg,651c46590e098e2a7761eb4c37c3c9ad93eeb45461c0c2a2266bce275ba9032c,1000
33,12,female/caucasian/love-2666674_1920.jpg,519c861c4935d0a99056d572fc3b7e5094caaa60aa7f84847522db8e65ab2c9c,1000
33,13,female/caucasian/lovely-3338911_1920.jpg,69394408fdd82acadeea05e9b4465f9934b5f5cc2fb9fbefbfb0dee9c8dd7210,1000
33,14,female/caucasian/luiza-braun-VdxeNFB4ymA-unsplash.jpg,0a9d7d57d26bbdcf61996ea471d140587304ac95ba9400546150ed9ef54839c4,1000
33,15,female/caucasian/luiza-braun-YfDfwP3gSo0-unsplash.jpg,2ef12da32a858b34b8a552307109b4d7f457ac89d2177051b2f43a0f4e2a391c,1000
33,16,female/caucasian/luke-braswell-8s5brjtO4_M-unsplash.jpg,5129758290c75d50cc1c925dcb3620f06a80bf0d45011ce09fb38f9ebc8dfc59,1000
33,17,female/caucasian/manny-moreno-IMecW34PSu8-unsplash.jpg,1163bc6b0d7191b659469a2da028248510e87ff1764c6cebf0a8c55512ad9b44,1000
33,18,female/caucasian/manny-moreno-Ri_Al1VqjsU-unsplash.jpg,c807474dcce001e28a64b442b187d4c25bb535272d75f40118d2cd5bde4f4fa6,1000
33,19,female/caucasian/manny-moreno-jeAW5LRuNts-unsplash.jpg,102e507c77d780b1b91bccbfc0a4fd2162a1f5feea1ae4c8ccb22d24e08a3052,1000
33,20,female/caucasian/marcel-strauss-4W0-5NOr6dg-unsplash.jpg,fea3badbefc02a874f0f56e201262c6b1947f5aeb419050b6b3e4deb70c5e8a1,1000
33,21,female/caucasian/mari-lezhava-Xm9-vA_bhm0-unsplash.jpg,ee144cb91eb7ee94d03cf0b0c918c525e812cc561eb9f2c9e6808fec53383b73,1000
33,22,female/caucasian/maria-lysenko-6ZbrDe3IjMg-unsplash.jpg,28882a2b60f9099159a065f4583334d3aad699e4c664121d5ca3e387b216210b,1000
33,23,female/caucasian/marisa-harris-b95_M23cIXA-unsplash.jpg,8bb90b1a97472250273aa8cfaefd3e76d11fc6e49cda197cd1be4271c0e35fc6,1000
33,24,female/caucasian/marivi-pazos-cvpk5Y4ZWUs-unsplash.jpg,779f32d9ce37378020126dc7625cb7f1f0b6f59c9e9961b7d6b09a0792c32f2e,1000
33,25,female/caucasian/mark-decile-UxJh17PRILY-unsplash.jpg,5a8f490cf3098fd1f5e164191fb5146ed6a647a99a9e900292a06b982aa757a6,1000
33,26,female/caucasian/mark-decile-W0fOHWkpxUQ-unsplash.jpg,9036e1ba9324feac83c51320b5c855bd4c83cd12da41e6de37a8c4f456860b4c,1000
33,27,female/caucasian/martin-guido-aYfyllIz-Xk-unsplash.jpg,1dac8b41efa49fa191a6d00799ee30237914109a78f05d795e320718f3a0b40b,1000
33,28,female/caucasian/matheus-ferrero-LIaLQ2SIQuk-unsplash.jpg,73081c76bcdadb8c2d5d06d97685d5bbb12d5aad5b0ce48e3c2c67f2dc6fb494,1000
33,29,female/caucasian/matteo-vistocco-pXctJ0xEhBs-unsplash.jpg,807665911ee44d89600d786c7993d282c18ed263dded64d1378b312d98410838,1000
33,30,female/caucasian/megan-bagshaw-VqblHgABSVA-unsplash.jpg,98aff84086396d75b3e6c002fe0111ea723dbb51b10237463e651d051f4ed27b,1000
33,31,female/caucasian/meital-anlen-GJ5EBEVJI_0-unsplash.jpg,1b6541251c0296fe130c35e55812f492486d1861d4dbfb11655dbc70f28b32d9,1000
33,32,female/caucasian/michael-burciaga-nPLOGnW9MWY-unsplash.jpg,2a0699b0d9c8228fa3183cc05d41e8e147772093cc1221e121c2437876c1d565,1000
33,33,female/caucasian/michael-mims-fWWiaDox0BU-unsplash.jpg,93bd570e40b2f4595939c9846e06b50f9fabc0495ce07e9e2e83891af4f63d93,1000
33,34,female/caucasian/michele-seghieri-eOC_7rRnSBg-unsplash.jpg,b9d91f5cc9b9355cf0e8c1428f18e5fa8e16f0e5193e9c552c2eddac632fa992,1000
33,35,female/caucasian/mike-austin-jgSAuqMmJUE-unsplash.jpg,31cfd1ef235411e9241d8e8c13b77f9de3039548dfcc846e9074eb06fe5277de,1000
33,36,female/caucasian/mike-austin-oRVnmlBD4Vo-unsplash.jpg,05c539ca8ef43af39e254eac97242664ec780e437e425e43828215e53ac0abae,1000
33,37,female/caucasian/mike-austin-t24Wz_EFerc-unsplash.jpg,285597c2a5bf6e389a8994451822ae38a6f997e9e9847284839d6cd3c05a972d,1000
33,38,female/caucasian/model-1976191_1920.jpg,71dd3e5c2ef0f728590e4cec3f00e6cbdc69965c54d40c39432691f2d159bc1b,1000
33,39,female/caucasian/model-2670279_1920.jpg,3531425a4cf78e288022e40f762f119f703b4ffe85304b21e190cb0c4e02fb60,1000
33,40,female/caucasian/model-299694_1920.jpg,8fa0de237ab21c80615c79ecda663fc52eef87197f94c3eed80b67318c6e9563,1000
34,1,female/caucasian/model-3665593_1920.jpg,22cdd1fc2c90ed91a35b90be5a68b7a6f0272e898546975e6c99ae726e9ea2f1,1000
34,2,female/caucasian/model-429733_1920.jpg,3ce69d0a158035bc2d634191b519979bd702fe435e65cd66bd7ef8d852aeed3b,1000
34,3,female/caucasian/model-4605248_1920.jpg,b5e1d3765a2930e0f68401fd857b6c2f716625099accff5f7da74391e40bbee4,1000
34,4,female/caucasian/model-483918_1920.jpg,28b15f4e674dec92a1604c3f01ff20fcf8d29747da057d0c0533c5034733f289,1000
34,5,female/caucasian/model-881425_1920.jpg,9e67f3f7d8ef5436d07b9ebf9dac52a9760fa2a69ec69d6ba7c65db90980a706,1000
34,6,female/caucasian/naeim-jafari-6Xai7XxOgBc-unsplash.jpg,4b3b8e2ebabb5103b22e1e03807b754db4fe76dc68579cf05e668d5c880a72bb,1000
34,7,female/caucasian/nature-3360202_1920.jpg,ef3aac1f388ad751fe7d87279aae6f7de27742566feed524ead73a1a65613a90,1000
34,8,female/caucasian/new-years-eve-4597232_1920.jpg,297eeab27b49bced755e571e1315659682d7552503a167e64445276151b36426,1000
34,9,female/caucasian/nick-arnot-AuCrXk0pLWo-unsplash.jpg,682381d4282bf8acf0cc827812e3cc71884ad3ace6bee9828f35f8397b003906,1000
34,10,female/caucasian/old-woman-4189578_1920.jpg,7aef99f758c09bb3a53294f98895e6af612a275274fd746c60f7130e67423303,1000
34,11,female/caucasian/oz-seyrek-cwh8976pscU-unsplash.jpg,c28071efa9412ac8bddac0d19256c8121d1ca02cf25e3d335557a207acd9b96d,1000
34,12,female/caucasian/patrik-velich-OSasjoYvdNc-unsplash.jpg,e0155d1e9e0b02f4b9484c350d4413d5a21c035314c07840714a2834dc88aadd,1000
34,13,female/caucasian/patrik-velich-RtVGS4vGkgM-unsplash.jpg,7756e8ff1e57e626be7f5d2ffb40b48585ba5669cd538545ba6d239f11945d6b,1000
34,14,female/caucasian/patrik-velich-fqRwG7ijHwA-unsplash.jpg,ac02ef190163f7af3b8b625b0ebd77915990874741df589d986479102aaba370,1000
34,15,female/caucasian/people-3004190_1920.jpg,cff47cc34821dbcdd3b2d940403825ef71ca5fc3db3472f22c18840a44fcac18,1000
34,16,female/caucasian/people-3057299_1920.jpg,2633ccdb76041bbad34a2c0cf7b388641a4267489d564c81f548153cd865d375,1000
34,17,female/caucasian/people-4919068_1920.jpg,4cf1a59059957a768e9217646ac5ea53c04bfc3ecc4d3ac799bbceeb4be637a0,1000
34,18,female/caucasian/person-man-1205800_1920.jpg,1190f5dd7520a973d0b11407f34dacd06836107ee24bcaf461a8567f4096923b,1000
34,19,female/caucasian/pexels-aadil-2598024.jpg,d3f17ff2eaedb30d07a1bd0a264c5863baec3b40e12b6d2144741ccddefd1fed,1000
34,20,female/caucasian/pexels-ali-pazani-2787341.jpg,d0326daf92982a4f51e70ee78d7df26efddc694f9d33945f1210bb42b7843b88,1000
34,21,female/caucasian/pexels-andrea-piacquadio-3768877.jpg,58870b019fb2785b30ae62a0d98e3fbb52653b6f36b0df08dd939d45b3c762cd,1000
34,22,female/caucasian/pexels-petra-bauman-1565538.jpg,7a84654e1aa99980b9a61964e7d9127c37851e89f1aa329f0b9424c8f20d064e,1000
34,23,female/caucasian/pexels-pixabay-247322.jpg,22e941b967058e3d3eb514d157c4d871d885a937fb1997ac2e40d920852a7603,1000
34,24,female/caucasian/pexels-rafael-barros-2130795.jpg,b5322c45670dd34dd616fe3cf7da0765f36a6fc2079d84ab650d483e94b20b47,1000
34,25,female/caucasian/pexels-saeed-khosravi-5450630.jpg,8571f4fb0c7e2804f472f892a20e0394a37308cf00c0274bb2d53e3f17ad3a39,1000
34,26,female/caucasian/pexels-skyler-ewing-4680619.jpg,f6b6632a6c50101faddfeb7c9eabc46fbda0d27b204485acf37d4791a32f0e9e,1000
34,27,female/caucasian/pexels-skyler-ewing-4680663.jpg,bc64fb9c29455baae7188ff5f43e8e1cc29349416019814dbd97a538577d19c4,1000
34,28,female/caucasian/pexels-skyler-ewing-4680778.jpg,c7f221453e13d0a7094b7aa29b84db9ab8a5e4d22671f8700000a8c49f4c70e9,1000
34,29,female/caucasian/pexels-steven-arenas-620074.jpg,b5517e44e5e1230722c974f981da0162743f0b9cf3c85286346eeadf819464b8,1000
34,30,female/caucasian/portrait-1092787_1920.jpg,ce8fd4a7fe661f2266bb0d1a63d83da38969981158eae4d79e7aaa60ef1d3729,1000
34,31,female/caucasian/portrait-3083402_1920.jpg,498dc0d33029c6508d2aece4d3392f94dd00e4ded271402392ab951876bfcb87,1000
34,32,female/caucasian/portrait-3190849_1920.jpg,3b9cb5df0960d58e1567b90bfc022e95f6a33d64e5e11cb68751cc84a12c930c,1000
34,33,female/caucasian/portrait-3289372_1920.jpg,f64efe4bef2f7c43be41898ced168853162e43508fe14bf25b4288e955f70770,1000
34,34,female/caucasian/portrait-3315767_1920.jpg,99cd134e5cd7df33d831b844f72c484a920244499b8cc2d32062a5d64c37270a,1000
34,35,female/caucasian/portrait-3600667_1920.jpg,5bd1c5f372eb768733f26b15beca3993acfb99b897589ade5153e4f1bf80e444,1000
34,36,female/caucasian/portrait-4373381_1920.jpg,e36a6cc45daf41651a5fe19e0aa597cdcdb1c76d44dc34f71f432f34b4d89b18,1000
34,37,female/caucasian/portrait-4808905_1920.jpg,e3b171453658bf3f638096deaf3b751e7bb120ae989f499bad569fe752132576,1000
34,38,female/caucasian/portrait-487067_1920.jpg,47e9611f27ff23189fdc13115ff21dc04d16d11450d720b71d4d37daa9da3462,1000
34,39,female/caucasian/portrait-67485_1920.jpg,c9288ff34a64e7a744610d249fbc921aece79538a95bfc45606fdd75d0e70fae,1000
34,40,female/caucasian/portrait-886039_1920.jpg,6ff4ec1193a467fa0fe97b376f0a763ff1f39e952d0eb614748030044f5c47c0,1000
35,1,female/caucasian/portrait-of-a-girl-4604219_1920.jpg,f7df78cfb882cf1dbab2dd2b8af1a8f85a3536836f4cb47baddc47ef8a2292e8,1000
35,2,female/caucasian/pretty-2111498_1920.jpg,b780761a1f473b6f0bfc60b4e0310b44748023580563c09a89856b193b69ead7,1000
35,3,female/caucasian/pretty-girl-2039216_1920.jpg,03660c8fb83413666f9b069b6983e8203d858686d45e5929ea819b1e43ad07dd,1000
35,4,female/caucasian/purchase-3090838_1920.jpg,5c5edfdfa57556a11866a101e9ee5381f30ecc92459334125cb6a3c9d8853703,1000
35,5,female/caucasian/quinten-de-graaf-5G3bb016MnU-unsplash.jpg,c8415b14e78cea20c2e7e8935a3280e450bd52f490d63f8dbdf88acb475f5ecc,1000
35,6,female/caucasian/quinten-de-graaf-Ox1jePviTRQ-unsplash.jpg,c332419d9aa6a16e16b70b4c9152649a5db0220c583e605724902877fc24051e,1000
35,7,female/caucasian/raj-rana-15Vb4B_ma_s-unsplash.jpg,8033b3b2914f84f78ff9c58e18e2f08d4cd30a62b0b361c59e6b5499244eab08,1000
35,8,female/caucasian/ratiu-bia-7fzINre0NQE-unsplash.jpg,16d35571b6755e06160f7a3108940f469402984637b6783051af8db0996c024c,1000
35,9,female/caucasian/redhead-1996288_1920.jpg,9a5d401c858b214c229e382954de78d906480366daa692e491b8478184b666bf,1000
35,10,female/caucasian/rene-porter-_PzZxrEswRY-unsplash.jpg,6dd0b84a283bb8e1e0a74431ceaebe31af02ea0ba2c2bcc2d54e02fbd7919ca8,1000
35,11,female/caucasian/riccardo-fissore-UxY52P2KaN8-unsplash.jpg,aee29c23c5a3d0a63b0b26f5d1cf9460898b5e375d464921308398e34509982f,1000
35,12,female/caucasian/rw-studios-GaPevteWAIU-unsplash.jpg,8d96c192699de5964b51da82800e76a5e70d0c1b338fe935964f9be40ad5b811,1000
35,13,female/caucasian/sara-cervera-ZqU-9gWBfV8-unsplash.jpg,61010395a80a510986f8b53c9430d15d779a7b5820b8cb9c9a41c8d67739c914,1000
35,14,female/caucasian/sean-stratton-cANdHDaUAuw-unsplash.jpg,fd05dc456ebf6541cd710bb7e08245cbd45a5a3412a484eaf37f08153366cd8c,1000
35,15,female/caucasian/sergio-souza-nTgauPjp-uA-unsplash.jpg,01d5cc44dd69e0c9c9824c1e6479b099e729538359e410cc4737e44589556b64,1000
35,16,female/caucasian/shayan-rti-w3ZQzOxUh7I-unsplash.jpg,495ab7b23f7be51d1833028281802e2a1d215f57ab93dd6f67da1e710131c134,1000
35,17,female/caucasian/sheri-hooley-SyuTPtihxrE-unsplash.jpg,a14c24be90af27dfff063600c6069ed17c6010fd1f1db3ea9f4764e48a8ad137,1000
35,18,female/caucasian/sheri-hooley-YkJFWW4TMhk-unsplash.jpg,d4275e75163c188a7fa0ef2cec556a896bc76233f26ad5c33e5665f48daf6151,1000
35,19,female/caucasian/sheri-hooley-gcyPLFzmcSA-unsplash.jpg,ff8cc8f2fb9538a57f1412428e1e383f3d948377461fc29f4c8b9512b01d6c7f,1000
35,20,female/caucasian/shilja-74758_1920.jpg,1b743378659405553d92de187bebfa12672bd4ddfc13beede14d10805eaa4e42,1000
35,21,female/caucasian/sincerely-media-6ne7_M6R7gQ-unsplash.jpg,e81615503ab09d858633b86276aab829c8683cbcdaedf4df96b8b8a056f16964,1000
35,22,female/caucasian/sincerely-media-PN9wP2yZ9c8-unsplash.jpg,1db235e84d28434c1ce54924558a0fcebf7a2919df757df41422ef8f30e86bb5,1000
35,23,female/caucasian/sincerely-media-_IdTrwVwdWI-unsplash.jpg,f17196aa1f9eb72adb3db421effdd119ed0e01b0656374011915734efeffe0fb,1000
35,24,female/caucasian/sofia--LNdco1UgNY-unsplash.jpg,bfc308667f9f927d4780163ff9a7829fb02913cef88819d7f2dc4d1b9985bd34,1000
35,25,female/caucasian/softball-1440812_1920.jpg,f1aad8f5efbf49ee538334f5f9ac87e39f36a31f704c43c4a3620550dcb3908b,1000
35,26,female/caucasian/steady-hand-co-sdSnS1WF7C8-unsplash.jpg,2349220e2eef4339bbdc924bf99ad4df88a3877432f02d24045523058ef5b241,1000
35,27,female/caucasian/steven-aguilar-GTld8AoIfbE-unsplash.jpg,d054ba4176ab746ccfa16a34bf8c94ed0ff90d340a459e87840ed0aa12d3b20e,1000
35,28,female/caucasian/studio-portrait-487065_1920.jpg,924410843cdb082da87651d6f40b63ecd00015fa0a1737b19a135782a2af95ad,1000
35,29,female/caucasian/tamas-tuzes-katai-nUP9GAg218U-unsplash.jpg,efafc35ccc02865573511f705b650d71aef0af3ec4a42b572e1ca0eedac19ec2,1000
35,30,female/caucasian/tanya-trofymchuk-gCKYhaa4b2E-unsplash.jpg,841b009b0295c833ece4a51bb3b74c5ab0f825be71d665ab4cbd894dd7762278,1000
35,31,female/caucasian/teacher-1280966_1920.jpg,f7316ebe63af2726d31b2f2fb6b0182617c0f214272991935bfe080a61a5e079,1000
35,32,female/caucasian/teen-4361981_1920.jpg,3cf0059efd2cb7c527cc710f195737eee7ddfef5a758f965ce3aad7ab4228f91,1000
35,33,female/caucasian/teenager-4985908_1920.jpg,ad7fc94f63e1631bdd0a1b728f38cd03a4e4e1629cc7e8a16a7bc726573b5f8b,1000
35,34,female/caucasian/timothy-dykes-90uVYog2FKE-unsplash.jpg,0b1dac71aff910445b8f65dff5ecda7441ee8478df576b48ba19f49229692270,1000
35,35,female/caucasian/timothy-dykes-kPEF5QvdqCI-unsplash.jpg,b77a5d59daae6a95ac2a47993b030d758c565c13a49eb89e1cabf64cc3a9cbc2,1000
35,36,female/caucasian/toa-heftiba-U7NLqKoMmiQ-unsplash.jpg,0cda8d347c622d2d3b1e7183fdf1c9a14c44dc466e1c94776564f125a6eddf93,1000
35,37,female/caucasian/todd-kent-k8NwmlJr508-unsplash.jpg,bed0e591f2aed241455cb02484d0413b07adf0450dc6c68cba55a556b70a59f0,1000
35,38,female/caucasian/valentin-lacoste-ggAPxrb4Deg-unsplash.jpg,98bbd4d6133420fa2bd1ccd3b222169d7a58c78ad61258a760aebf784de3300b,1000
35,39,female/caucasian/valerie-elash-9IL_stSpvOU-unsplash.jpg,68fc364d0ae269ab82c8648d844a39181ead2eedd6c4337071b68fdd157b2bbb,1000
35,40,female/caucasian/valerie-elash-JQDflNNnrEE-unsplash.jpg,877603d095ac58c54ce5391944bfc010100c9ca7bcb214c0215bb5a62013c271,1000
36,1,female/caucasian/valerie-elash-Z5g_6TLS6Ho-unsplash.jpg,246cfc0b2acdd758a9dc82e9f0eba8bd0db3d9ac496b7f563fa05f99a29e6b87,1000
36,2,female/caucasian/victoria-volkova-5tQj1sy6ozE-unsplash.jpg,5114f4bb5ea43e96877788cad23eadf6ced38b5f2c2caded50af48aa0af48d97,1000
36,3,female/caucasian/vlad-baranov-PoZcPg18Qm0-unsplash.jpg,72b83f0b70b1b37cf0027b951ffc7fe532438dac5e86b57b2fbfcfeebed09bc4,1000
36,4,female/caucasian/vladislav-nikonov-XyoRtTE5P9U-unsplash.jpg,d244e68e19051d028fbfe9a27e5260ff641aa84952993cb7fc79abd8467d4460,1000
36,5,female/caucasian/white-cat-with-blonde-4655233_1920.jpg,e3137184b551c20aa3305d4cf107f4cd1831b355d603e863ec3fd82bea84ee11,1000
36,6,female/caucasian/woman-1000538_1920.jpg,718648a5a4a11e91eb4b11eb6b468ed410284b13ee0c3f0aaeaee7a36146e5e4,1000
36,7,female/caucasian/woman-1140923_1920.jpg,fa80da7e0dc06f42dc770476e5e85417e840a09aa62f1f0f287ca16918002607,1000
36,8,female/caucasian/woman-1246224_1920.jpg,8505f87b61d60579ac58ff7cddd6eefb3c0fe3b0eb2378f77eb6229262f41e1f,1000
36,9,female/caucasian/woman-1373041_1280.jpg,cd758b4bc02605f4593e039a0ad2592433bade51b998486cd09687eefae146c6,1000
36,10,female/caucasian/woman-1447084_1920.jpg,edfe706b3f156392b4d2316270108c50b2df3008c3b52ae165700d034ee443b3,1000
36,11,female/caucasian/woman-1598944_1920.jpg,4f75b38e96bb4f44685c1282f5b85d699d58a573e37be49c754c0a600a13a961,1000
36,12,female/caucasian/woman-1615242_1920.jpg,25745aab6940974f13afb0099cc4fe8f8148e352defc34771ca942181f2ab8e1,1000
36,13,female/caucasian/woman-2127806_1920.jpg,5b339a4c0eefafc654d0135017d2e041413eab472ad46b63a6dcd4c0402f2cd3,1000
36,14,female/caucasian/woman-2138461_1920.jpg,441d9451b309a1bdece42d1f816158b74aa89e65d44c9e775ec66d5a93ba4337,1000
36,15,female/caucasian/woman-2293390_1920.jpg,f4532c2a48c2ce944b16d2a6c49a45e2cbc556472b5e92d15ab59136c5380452,1000
36,16,female/caucasian/woman-2635404_1920.jpg,da7312d6b32fb8777793ece1945a90949cf5fc68752c850b8ebc7b748608df5b,1000
36,17,female/caucasian/woman-3034836_1920.jpg,2605c3340ff02130f40ce818fed420475b82914442abc7a7d4fb33bdb34051a1,1000
36,18,female/caucasian/woman-3096734_1920.jpg,67a0d63efe2db28704077ab62b3b6cfffff5fd5189bfa5cc3d9516d1ab2d30cb,1000
36,19,female/caucasian/woman-3123557_1920.jpg,25bdc786fac83151821ae7450b7c7a9acad5b91dd2fcec3638fff46e8aba14a0,1000
36,20,female/caucasian/woman-3187336_1920.jpg,c4866dd489909423c0faeb58c032dbb5d2971c3be5924ec06c0c5220bcd3bdfc,1000
36,21,female/caucasian/woman-3240094_1920.jpg,8f69638a35aa67896725f22ce2be707d985ec109ab0340243ee2858e67900f58,1000
36,22,female/caucasian/woman-3658390_1920.jpg,ddf467b47469609c17792064366ae41271b39048ac3de373c9dc1e9418dbb803,1000
36,23,female/caucasian/woman-3990680_1920.jpg,3e2cab08550491047ef7a55d58455cb8424676ff8751f8e6b2253a94e93d4b11,1000
36,24,female/caucasian/woman-4130601_1920.jpg,f32f912a48898ba8b786ac1f7758c5c3799209e26807412d7e8be13438a89129,1000
36,25,female/caucasian/woman-4134319_1920.jpg,21d2b75f889e1870947861cc63f3b0ad7b258a1f8feca236c57cd9bc54b8d9c7,1000
36,26,female/caucasian/woman-435852_1920.jpg,5a06f4d055224b0ff7a4344e62e3b57c61aae7b2542863c7f94e413705502a42,1000
36,27,female/caucasian/woman-526329_1920.jpg,052356df08b774b2bac168295ca8c6bb8913ac10e7539c8942587e654f267a91,1000
36,28,female/caucasian/woman-69712_1280.jpg,5d4fcfe1dd5f101d02cdc1efcb8060bce4ee82c3850ce611df6ba26b60cddb6d,1000
36,29,female/caucasian/woman-751236_1920.jpg,1aa6106382832d42b9f6f3a4f17ac8a653e0947e13a79379dbd5bc47cf123186,1000
36,30,female/caucasian/woman-918583_1920.jpg,5faa2f44e006789b7129e742ff44d204ee19e132fef0d29436e6c59e2f3e2da6,1000
36,31,female/caucasian/women-1209678_1920.jpg,c14fc4c8cb10fdd22ed93b50fff19d58f62522187b32d8637e5fea3947885790,1000
36,32,female/caucasian/women-4184796_1920.jpg,cc02bafb8ef9b4e135922aaf1f392fadacc8b6335e7ad6ad700aeed70a52e9ae,1000
36,33,female/caucasian/yorkie-1393913_1920.jpg,471d5ac5553709e833e99756b018fe2f2d2e11cf6b110ce0777496b99125f9ea,1000
36,34,female/caucasian/young-1544115_1920.jpg,e4d6c7285cdfa465c6d99704a8d8faf639d1c2cc4509fe1ba2c00acd58eda4b6,1000
36,35,female/caucasian/young-572341_1920.jpg,45bed7b795dff34807d5b4896cafa84c70993a2eaba31cbce327e8a9dc03ca19,1000
36,36,female/caucasian/young-610543_1920.jpg,04a9ca08a5207c711aff5a254af1dce5c66df51985cd2a0ca3c742d92876649e,1000
36,37,female/caucasian/young-girl-2143037_1280.jpg,1739dee1f0b59a3f2169cc48f7fb8c449edeeda562d60e6d5288d8d1b266f49b,1000
36,38,female/caucasian/young-girl-2763395_1920.jpg,0f0fe660cfc241643813aef0fc2a45fc74f65ccf170f98136bc4282877aa4511,1000
36,39,female/caucasian/young-girl-510441_1920.jpg,a9140162986727eff007b0b247190ecd519436350aa6cff8ed125890bedffcfb,1000
36,40,female/caucasian/young-woman-3477557_1920.jpg,cd18e57dafedd9b0e724ac88ffc0045865c4ee8fd9814320321527106d0aa5d0,1000
37,1,female/hispanic/22.jpg,0ae351850ee62fc7e6775419f63fd98fd29464b3c2f7582a1c297375be8e1970,1000
37,2,female/hispanic/26.jpg,eaaef26460bd39fbd0bbcc5c294921fbebd3170a7f05dccef8e9c881c6f9c879,1000
37,3,female/hispanic/58.jpg,9ce80b8c239ea48b0bec9416cc46eb05e9250d8490ae50e0b6c725e5637af966,1000
37,4,female/hispanic/9.jpg,c6757a0bf1d5caa53dacaecb098a7a280d61e9d140c0e40439fcd059f99ebcd7,1000
37,5,female/hispanic/alex-avalos-M1dTxJm6Lbo-unsplash.jpg,b5a0ae86bea76d95edb765f4beaf749ca94f12904f725239f3c99aee9b129eed,1000
37,6,female/hispanic/alex-blajan-iRsktlI-hls-unsplash.jpg,391c84183f60c0d9809d685f5460f4fa0645fd6217bcd885fbe3eada56a6f947,1000
37,7,female/hispanic/allef-vinicius-C_1jjFJioWg-unsplash.jpg,0dbbd28473fda6fe65ca3a4a683a331368509068e4ff9fde7910d6c9ca935b6f,1000
37,8,female/hispanic/allef-vinicius-Q9L-n57IqLw-unsplash.jpg,68c00ae7ba32bd049eba5c14f81faa621258a0937659aa62b77a84ea7b55e42a,1000
37,9,female/hispanic/beautiful-1274056_1920.jpg,be0d0adbabfed5f27ea9731ac2dbced1c3a7f384e6c4329d80b156054d9aa0f1,1000
37,10,female/hispanic/beautiful-1274361_1920.jpg,218bbb836574f0aed056139d0b0c2feb705475d1fedd085ad26b8fd4e173f4e3,1000
37,11,female/hispanic/beautiful-1869534_1920.jpg,f8af17320a5b03015b29de117792c08e5d08fc8a019e3784f9971b68e10a334d,1000
37,12,female/hispanic/beautiful-1887355_1920.jpg,3003ec338f52babf4d39d701f608900c4bc6e8bd6c97a5b25adcf5b09d7d3722,1000
37,13,female/hispanic/beautiful-19075_1920.jpg,a646afe4c3cc438058e3f3f7583af6febe33a709158b539a3dd0c5f3e1bef598,1000
37,14,female/hispanic/ben-o-bro-ly748H13ts0-unsplash.jpg,865143b4d52c95a4f9db3c7e6658307504c4f7895bb540b68f1a4be6d2104210,1000
37,15,female/hispanic/bruno-dias-D22Tgx6TP5M-unsplash.jpg,4f0b2be1dd725efc5b7eb36c5ef74b57a89dab882ff2855421c16445a29f412a,1000
37,16,female/hispanic/confused-2681507_1920.jpg,9a1bad98ceed1e434d930b66f9ebe70a803f3ac6a92bfd08a4beaab60b8b6df1,1000
37,17,female/hispanic/couple-5227606_1920.jpg,13f41fd8a3094f13d93cb316e51a80ee0b33ea556692a658638ec36c02843fc9,1000
37,18,female/hispanic/dollar-gill-qBhFwtGQGag-unsplash.jpg,b0796de6c838e079e858e671eae57ea2e6dde555e66316e3e326484a1a7ad3e1,1000
37,19,female/hispanic/dorothy-puscas-kMgtp2f7yKs-unsplash.jpg,7d3badadce28b54c5d5e1e6cae6fc5e10e3c339c6e124a77d6b75de39e3487cf,1000
37,20,female/hispanic/egyptian-girl-4194413_1920.jpg,7ece1be2dfbb214e81d87490d17959b64070a7a1d00d6c4ea15f49ecc947a17d,1000
37,21,female/hispanic/engin-akyurt-N7YaZf7szz0-unsplash.jpg,45e82fdfba7b746823ba085afc01263603414ccfac28e1eaa4fba71b81017469,1000
37,22,female/hispanic/ernest-brillo-U2TP4-H8ly4-unsplash.jpg,8bc482f416911ba9d0e92acebe9c11f6326e0ce6156472bcf40ffdd4e9bd5421,1000
37,23,female/hispanic/farhad-eidi-yfefPhTFWU8-unsplash.jpg,148361c53b549a061aebdec44111e85f57b7b8c97560db29ee386bc8445caf3b,1000
37,24,female/hispanic/francesca-zama-1fhl_kmbfAE-unsplash.jpg,68b2f6a628316826c840db80f5a99ee8637aac98a2c4a4ec473e8e51bcb0218c,1000
37,25,female/hispanic/gama-films-h_9KkS8c9Sw-unsplash.jpg,41e416862bfb43f54a2b85e38dc7dd0542ed7d7b5723c93de72e0c7d051ba37c,1000
37,26,female/hispanic/giano-currie-5-9YOsmf8IQ-unsplash.jpg,0240c7d796a3c7ac78843ff4a2bcc15e454463928be284c02ac19c789eca1776,1000
37,27,female/hispanic/girl-1258630_1920.jpg,ab60e99c8ca2660ec707aac54a1f2a20bb13a6e9f455b22c8b836866a39a8866,1000
37,28,female/hispanic/girl-3839501_1920.jpg,3be41a0270c3cabbad42bd9f22c4f8fa4f7a29b4a08b62c2d8003a7891ef331c,1000
37,29,female/hispanic/girl-390568_1920.jpg,db8161fbdadd15b874b98cd5cded7f8036b79a7b4c7b8a9de412d5bffa7f0f62,1000
37,30,female/hispanic/girl-4610430_1920.jpg,af250707ce2c185d141f74f1261cbc415510d3cc7e171ca1a64ddb0e15731ba5,1000
37,31,female/hispanic/girl-4818720_1920.jpg,571d67a5ae5ab4b763b55fde51e381a15bba7d612de3f2bbd6c0b45d8a844db3,1000
37,32,female/hispanic/girl-608827_1920.jpg,45cbf65d0599d547431d04f4b1f12ec3c3ef83ad7ccc60e123c1183858228ebb,1000
37,33,female/hispanic/girl-676185_1920.jpg,ce41a0078b18d8c018bb793e0b4b957f6d6ae80c11120c31bfe44949f39e00c5,1000
37,34,female/hispanic/girl-883006_1920.jpg,f758c5eb03c1d0f438d16aa65405cb7047ec8d16fdf6421e78609a4fb9cc3e38,1000
37,35,female/hispanic/hussein-sorkheveis-ACIknRqDnBQ-unsplash.jpg,8c9b3fb68aacfb44ba4679071acb4a2d97d6e993f7e1c0725995bf1ccf3aa6d7,1000
37,36,female/hispanic/irene-strong-MgvAATOwJBc-unsplash.jpg,7622c375cc35fde5e9595818ea1482b823d1af2ff58c52f9f3568669f9bff091,1000
37,37,female/hispanic/jacob-mejicanos-gcYA1p1_b28-unsplash.jpg,5504e4746c9f1b07bfa98c34c168ae799aec354b83c6b9d22802c6a2c7e655ce,1000
37,38,female/hispanic/joe-milne-MuDYCc7EE_o-unsplash.jpg,5fd768dd0089ac3a622b7ab63f8c2552a46f2832aeade01e30c5905e89e70a06,1000
37,39,female/hispanic/joelvalve-7JEZ6laI4qM-unsplash.jpg,51404b5fc11abd9d2fb1d12079fd0a51cf5732a02b08fd216802d7041c778525,1000
37,40,female/hispanic/jonathan-borba-UdhvRvpaBP0-unsplash.jpg,265cb8730da223e62eaab5fefc26d8b24f6335fbe5449173382686a726c89ac9,1000
38,1,female/hispanic/jose-g-ortega-castro-qs_TbXSztSg-unsplash.jpg,30a038fe8bbb46627b834bedb14b6672a623723ded272893b00b4473683f7471,1000
38,2,female/hispanic/joseph-perez-pSa5RttmLHs-unsplash.jpg,46c4db5f4f16318fdd68200fb3e804832807de38d2a55fb4024e40b587ed856f,1000
38,3,female/hispanic/julian-florez-l5rmMuK8070-unsplash.jpg,e34cbfebc8bbdc9367edd0c7b9461da4afd239b4d9ced126c37b6280b6cb662d,1000
38,4,female/hispanic/khaled-ghareeb-bcQh4nVETaY-unsplash.jpg,cbd6c7d4ec56b98442fd48221f5fd51d4e9ef325c000d90ce09e7a88aa9489d1,1000
38,5,female/hispanic/kim-carpenter-IHIgnhLvz5Q-unsplash.jpg,1ab677be58c3840137e876815d7b6d021f706114c955e3d7410bbf45aef112cd,1000
38,6,female/hispanic/luiza-braun-_R3H5FaoBq4-unsplash.jpg,5504a6d8c62dd576d979649336fc53ba084e167d09a45aa007f50e17d35cfc42,1000
38,7,female/hispanic/madison-hedgecock-tacwAxr3PvU-unsplash.jpg,b7b32330ca07b4da7fea7ec7a508d1e8354be5dc17d59cb902c2a48496380f8d,1000
38,8,female/hispanic/marisol-casben-PbwKSCq9aVo-unsplash.jpg,2274963c17ee28e7fe6861c1ecbea2497dddf92f3223dbbc000a30cb05d677fd,1000
38,9,female/hispanic/mark-decile-hAw-uxfLXD4-unsplash.jpg,c245ef98b10ad3cb965330d01ed8e8aa7245a904615f88d02fb384b90c30963b,1000
38,10,female/hispanic/martin-lopez-mQVryuQEG_Y-unsplash.jpg,6b103e0928e01ada5d2d9e853861d9107b9f2e8f993d11b7766388cd43ab7a7d,1000
38,11,female/hispanic/mateus-campos-felipe-JoM_lC1WAnE-unsplash.jpg,bb53f4bdcad539d07eb364b54d800d40910bc3d33910ad1ffe2dbfd5b1a66098,1000
38,12,female/hispanic/mateus-campos-felipe-csdVYOLOqls-unsplash.jpg,83381add02b305123cc8d6e79b9034b34b3675d902f04c4cd2d7dd37da7fcb8d,1000
38,13,female/hispanic/matteo-minoglio-jjveuyKSv0g-unsplash.jpg,8a6b59e84b6934b17993fd8953c0c3f1d7cc3e8889ba84cb5e8fa96c5baaab73,1000
38,14,female/hispanic/matteo-minoglio-ywl3J10ZmBI-unsplash.jpg,2f6058d781bc4cfa90511f95455d88f24aa3971ad3450b8092de2b5006e4af01,1000
38,15,female/hispanic/matthew-reyes-Zh9KXMPIcVk-unsplash.jpg,7aa18443690a172293931ea3c57484ec122c2598725c4b9cc5e787a7bfb3982a,1000
38,16,female/hispanic/obi-onyeador-02QKRJiv-JI-unsplash.jpg,aa3624a47ef69341a161920127ce954f42bf1c585532be3ca44862c78a2343cc,1000
38,17,female/hispanic/omar-lopez-0-uzdU3gUYw-unsplash.jpg,b11e84f6be336b6e30fc3e37026b8af015c68b0fe8acc6f5d56bb37e0a963b55,1000
38,18,female/hispanic/omar-lopez-8dYeSX5x4HY-unsplash.jpg,1a13542c67f140d878073916c0a52f1e6046aec3b574c05512d8004b14e6a5ed,1000
38,19,female/hispanic/pexels-alex-green-5699868.jpg,02224c49d17454d7acf28d28854f1cef66f3a1ce807a4fdb663ab30b25e73829,1000
38,20,female/hispanic/pexels-bran-sodre-2446105.jpg,38010db37ab266d06f1d5d2a35170b4e08f9a291228d5885cbad7b77afa62d26,1000
38,21,female/hispanic/pexels-dalila-dalprat-1853049.jpg,a54a902d7ff7e19b7a36c35ea939f1697e4092f6dd5bb3ae6e9d1b577f413e56,1000
38,22,female/hispanic/pexels-daniel-xavier-1239288.jpg,f565f1508615a3ee25c32c876d79552f295c62ef0f11783530c5b01f0bb9be3c,1000
38,23,female/hispanic/pexels-du-photographer-1843667.jpg,5560e2361f2b5534765b3fb180ae1fe76db82c50cc62a00e419a826c21e908dc,1000
38,24,female/hispanic/pexels-ingrid-santana-2253707.jpg,283206941ecbdd8a6046aa4e8e8218240fcda6b34dc2346287533299dacf83ba,1000
38,25,female/hispanic/pexels-lola-russian-1855582.jpg,7585004d3f5ea58aac24b68c4eb3b228d88d8906b8935dc363ead8dedf579ab5,1000
38,26,female/hispanic/pexels-nicole-michalou-5778909.jpg,d9c27a981f6244520e280821ad1601f332f85979fcc45b517b7773ceb3796ee4,1000
38,27,female/hispanic/pexels-tha¿¬s-silva-3135649.jpg,963f0c56c7a8701dcc559f502b2052200f4163f7f175636c45e954eb98d0424f,1000
38,28,female/hispanic/pexels-thiago-machado-1853035.jpg,83e4631e5c0bb777fe5034cc992d5c77078d6ce114495844f7b61fd206ec3fb8,1000
38,29,female/hispanic/portrait-4717916_1920.jpg,a544f082e1e11cb60418ffdd9f8e94626201975162f9f08a0800093d121533c9,1000
38,30,female/hispanic/pretty-2682798_1920.jpg,e72e0777b91a5e8fc9318009b497c97b4aa15bb39690253455d6d5977c4b9c64,1000
38,31,female/hispanic/priscilla-whendy-GLH_XaAvVQM-unsplash.jpg,d10751a54d82e3a697e1371e31a1d47403ba353fe0beabce09f88eee0a984f2e,1000
38,32,female/hispanic/raamin-ka-4lQmQ_DBbNc-unsplash.jpg,8b258d06c17348261c2707c93586a91fe138fcfb9eb9406cd6e934b30d1cf393,1000
38,33,female/hispanic/raamin-ka-8J56bYMT3-Q-unsplash.jpg,72598e02e36a47c1fc40da50d2d6b7076d9dca98d53c517101838abc83948e4a,1000
38,34,female/hispanic/raamin-ka-kYtN89E5ce4-unsplash.jpg,0a16e41500128d59c6d3a5ae36963870be8869dd302f3934fdb816edb5720efe,1000
38,35,female/hispanic/raamin-ka-m8_JWQYF6GE-unsplash.jpg,142abba8413776f10ab731a6387a0a236db9fad5477a4279122516362acc12de,1000
38,36,female/hispanic/raamin-ka-ucfVRXL2PrY-unsplash.jpg,5f55f5903b03fa7d217e40446b9f687e492c16f426a56031c16294375e610871,1000
38,37,female/hispanic/raamin-ka-v8dc2XkhIfM-unsplash.jpg,6e8356b3158fdb83656dd8d7055dfaf4f43731331ae08418aa2abc892f433b19,1000
38,38,female/hispanic/raamin-ka-wUKtCWijJTQ-unsplash.jpg,b07d931542305f18c130a342c95025c8ef39bfd93488ca96d9c37b8ab76780bd,1000
38,39,female/hispanic/raamin-ka-zfWcUc48WXk-unsplash.jpg,c33f6f4ed258072105feb3d1f086ee51482ad03b03ec4c125cc7ac6c3ffd28dd,1000
38,40,female/hispanic/rafaella-mendes-diniz-AoL-mVxprmk-unsplash.jpg,abaa424b924be468e2962839399f3fcd866ecbcd47ab92813782bb937a21c99b,1000
39,1,female/hispanic/sabrina-may-iuJClDf7S-M-unsplash.jpg,7d0284800b1d809b20b2c270db44a77507470bd20359ca536c2fb5cb8e4cb1be,1000
39,2,female/hispanic/samantha-green-0D1Fm1Fkblo-unsplash.jpg,b5015613165723ca2b71d89f2f65cb82e252f589cfbd8c02c0f3edd8c0a62112,1000
39,3,female/hispanic/sergio-souza-P-PKKQvASEE-unsplash.jpg,0c4caaa27e466f6d0ba1dd29b16e15a90dadc5bbfb12abd72291467875ac9e0b,1000
39,4,female/hispanic/shawn-olivier-boivin-blanchard-FBIGTYhErFw-unsplash.jpg,8e463d04e4e9797f6e224138d474cb1e03babbb158722ed2891f3d8d1a3bcea2,1000
39,5,female/hispanic/siavosh-hosseini-XIDBMAAHGpQ-unsplash.jpg,feb3b6abbcb15a294d8500998578cd38978e214eaf6180aa69980eee454961f8,1000
39,6,female/hispanic/simon-marsault-2901RQjU0ZQ-unsplash.jpg,13cc1f43ef1f1c7673560e979fb99340ce429cb45db693fe3a07f13c143eeda6,1000
39,7,female/hispanic/tyler-nix-CsR_n6i__L0-unsplash.jpg,78b52eba97679106c54d404d1da4247a4d3cae82e778bda619772f82a83b7e3d,1000
39,8,female/hispanic/vinicius-amnx-amano-4mK2KVuYrDs-unsplash.jpg,42c3fa1578868c9bdbc534fd950a9635e0c4a54e1a2b041adda9cd5329daf49a,1000
39,9,female/hispanic/vinicius-wiesehofer-UOavP_Z38lE-unsplash.jpg,0016a7fcd1d45afbdffd53d3e7a96382d16f669fadfe142c7b58c69141908563,1000
39,10,female/hispanic/woman-2773007_1920.jpg,4dc5cb051154a86ea4c3b7bb769f6b6c14f881fd9ea0c84f2c83aeda77604250,1000
39,11,female/hispanic/woman-3191152_1920.jpg,c5d52872aa1112db943002a9a3ed7287ee650827a71d21ef3a0bf54c43635bb8,1000
39,12,female/hispanic/woman-4552028_1920.jpg,6ff3e9d7013b334a4078328f09f9cb9344934ee850fecc726cea851458bf9efa,1000
39,13,female/hispanic/woman-5225288_1920.jpg,99729b97e80f83901e326e384038fff158e80aa662a9273d131499c959c4f1e1,1000
39,14,female/hispanic/zulmaury-saavedra--Keh6vLM7w0-unsplash.jpg,7f85058023af90010f78a2b69aef299f43c02089853b15a9a4bf32f959bd00cb,1000
39,15,female/indian/35.jpg,75b15da46ad048570f5a8d68617328ea9233934d799c8eb6c201938241f6f5fc,1000
39,16,female/indian/37.jpg,4b9923292bd2e2f4dc5aa2ad70eb57cd0b6245bcc698c255b632babf6c0c0fc7,1000
39,17,female/indian/38.jpg,8b76f9d33e9204ff3cb437757c4b22a0227b3532f08fbce000c0f7f14e22268c,1000
39,18,female/indian/54.jpg,8f2facada880c2043193c6f0ba1a746540f7646a05ee0645bc58616b15a1dda4,1000
39,19,female/indian/actress-1736962_1920.jpg,d0184805f25c881e7f482fa89eea51c499090c2604e3ecafc1a278a3bd3ca5ec,1000
39,20,female/indian/agnieszka-kowalczyk-W0d-rh52NgE-unsplash.jpg,80ec72043e85260755125b3e145200b5c11296ca4b64fb578ee6b684d014b694,1000
39,21,female/indian/anelale-najera--p_HZ1et98U-unsplash.jpg,3f3ed79cfb8e6d9d23531c06e3571f62139864ceef07eb9a2ee5b1e3bed7719a,1000
39,22,female/indian/anh-nguyen-z6PZ7ZH9MMQ-unsplash.jpg,73af361a83157ed74b460e272b399ccad79a6c22c1a55595b68a9f7f09ee158d,1000
39,23,female/indian/anusha-reddy--zP_lFB6vCk-unsplash.jpg,3eab113f845dce8d3dba59c58e0630f82614efcb3bda23731a8a0c2d8d77a91d,1000
39,24,female/indian/asit-khanda-Oq_cWa7a67Y-unsplash.jpg,0d6cc7a4eb0b5e00d24eef7e124a4aedc6c143add90335e1d40bd07b80e3f9ee,1000
39,25,female/indian/awab-husameldin-YOytR4BXEqM-unsplash.jpg,17c247e3390d517a6053bb3842dec6b94df35daf070e00a5e3cbf94b4d3640dd,1000
39,26,female/indian/beautiful-indian-woman-4773817_1920.jpg,f1ae1ea90f3c02c5ad4e01423629eb90e67c8c52bcca0e3a5e442d137c93d413,1000
39,27,female/indian/bride-5170730_1920.jpg,4283312a8d13178ce4e21fa3dbe4d3244b13078ee9112fe7684925d8e093941f,1000
39,28,female/indian/caroline-hernandez-vGacDiUiD7I-unsplash.jpg,e79983d274e0c03ef1b81b443db117e834f1d8ac0a128b40f16c11b72ffc6ec7,1000
39,29,female/indian/charles-postiaux-J9vlgGgytC0-unsplash.jpg,05137fdc556a3b08151bff7b5c34ec9c7a80e0c5b090ef91d6d2768e870f2fff,1000
39,30,female/indian/child-3199624_1920.jpg,4577bbe386380a3b1ab38a25af1e65f84a4accd50bb5b902f04120135bf5a539,1000
39,31,female/indian/christina-wocintechchat-com-1Kf3jFemsPk-unsplash.jpg,ac0936ab15b21bf3115709cc5e9ea5200dc6892224c14e1c02346360d4c552b3,1000
39,32,female/indian/clinton-naik-k-YuHdAtTP0-unsplash.jpg,78a2436fb12c1a09145e27ce5199ec7078b67984ea2d78021e576b42a56f43c9,1000
39,33,female/indian/d14.jpg,60c08ee07a443e34e8eefd6a4ffc9a71df0c6f5d960893014e6f0eaa9feb506d,1000
39,34,female/indian/dollar-gill-zWZvu5ZXbrM-unsplash.jpg,9cc59b3801bd95b5131ab3b572c224cc6ddcd614064e7343b7280b00422286e5,1000
39,35,female/indian/erick-marroquin-xlNSZ9aImbw-unsplash.jpg,02b0c7c86e5b11d038b3e6ff440efa40b07d2536f9549b28b57b4825ab7c43c9,1000
39,36,female/indian/ethan-johnson-n815BbX98ds-unsplash.jpg,0623af08b693b555071c88c55f7efb37c4959ce7cdb57c61192e7bd2134d1110,1000
39,37,female/indian/face-5677905_1920.jpg,b29ccd30b71ca39c26cbbc48cc8e801fbed967b27a36ebfbcd4d68a48eef29e8,1000
39,38,female/indian/girl-4656172_1920.jpg,3853948cb5f3501baf79a84be350d28e3de9a3b129bd04a897d9518a5b005cd2,1000
39,39,female/indian/girl-526716_1920.jpg,f0ecc7f2f78bb0822c7776be7b464d5c0cdb05d2a535fe1f03803b20fde2e701,1000
39,40,female/indian/girl-5471992_1920.jpg,f0fd64cc02fab1963a5cbc44c4a776642eef08d8f2f452a1d2c2bde2a02e0b9c,1000
40,1,female/indian/girl-5898963_1920.jpg,067b132523210523ab43ca58c82821fb3b3862d8321764dd6c32281f41e76d0a,1000
40,2,female/indian/happy-4895044_1920.jpg,fa01794a53ac8be3bdf940b3b01c6506c053cd9ed378436ba5be8a6d3dcfc3d1,1000
40,3,female/indian/indian-girl-4985302_1920.jpg,01399ae6adc096350e2372d395d38dcdc77e89bb34ff1e98ea284ef452ef8fd6,1000
40,4,female/indian/indian-woman-5092871_1920.jpg,c0ace902ef93cbab5080c2a5f7115dc79833b39173b847930234c0aba12112d8,1000
40,5,female/indian/juanma-velasquez-la7uU1hQ_nM-unsplash.jpg,1cc82bb8063cb23b09752c57b405e24fb0009667e2623aed355e69fab77241e5,1000
40,6,female/indian/julian-florez-LWaFYrn4SfY-unsplash.jpg,73e2ee54104e8c582914fdc0bba2032b4e7b35930c977686b06aa868c849478c,1000
40,7,female/indian/jyotirmoy-gupta-AXBsyZVjPLQ-unsplash.jpg,b359d99c37fc8bb147146799d10cce435c7825b43caded77355b099e4f6e6c0b,1000
40,8,female/indian/jyotirmoy-gupta-fbUvVn1_ViQ-unsplash.jpg,5f44f683d365df29a6ccfb2236bcd2d93c2d427b8b3db4416b9b0ddaee0e83ae,1000
40,9,female/indian/latina-4573900_1920.jpg,c96c406829cb3e73c6b6c9664579a064a46d617af374e9df236d2055fc5bf6a7,1000
40,10,female/indian/loren-joseph-jhu22nvxxCw-unsplash.jpg,6256864b0558007305e5b9e233abd49afdff78237b5b8c6074fdd9b1eeb4b080,1000
40,11,female/indian/model-3008722_1920.jpg,0d6fa287c797b68823df51d5853d0e4a2648cf96d9afa19bd260128bf1c2f9fe,1000
40,12,female/indian/model-4255841_1920.jpg,d81645b7403f82b39e3bb6855a25a6939f245e32972f64ee721d70e8e2d3d188,1000
40,13,female/indian/model-4668350_1920.jpg,9d3ac1d8bf24e3fd38cdd4800e0975ef89efe3e677509173496e9db0bf681406,1000
40,14,female/indian/natasha-kasim-BqD0Id4qemc-unsplash.jpg,a2d7027bbccdb19975532287de53841e5800efd92399d171fe0b844a7d220a8c,1000
40,15,female/indian/nature-3110567_1920.jpg,d05f33b699973ca483ee97ae6bbf8657b7fbd1e69d0b8afa1374e7906ffcf0d4,1000
40,16,female/indian/pexels-arif-khan-4595532.jpg,96e6db0d8d4197c4a005e25dc8ccdb6f45c31976093475ec1c13294fef9c47f9,1000
40,17,female/indian/pexels-arvind-shakya-796557.jpg,e74e90beffc32135b29f951ca9a4706526a37f8893a9e886473082e0c02c8d62,1000
40,18,female/indian/pexels-darshan-peeal-2784078.jpg,fd815b925c3fca622c8c259f2c8ffb6f05242952c0fe3d5dc111605f2b99b857,1000
40,19,female/indian/pexels-devil-imran-6414067.jpg,0ad3d71836298d488352cd20fab0d373c79ef51902b574638ebcbccfa02cea37,1000
40,20,female/indian/pexels-kaushal-moradiya-2781201.jpg,c139e877f3339e79490091a41b6e8de3e90ecc3942cddfc05581715b5334d1e3,1000
40,21,female/indian/pexels-manjeet-singh-yadav-1162983.jpg,952f4a88f76a32cba7f57dc26a8cb00bea1bfb7cba8fe392edb36945f60fe76a,1000
40,22,female/indian/pexels-mentatdgt-1167134.jpg,cf78390b933430dec4870b439209e68aed7515c84937ae20cf5c6e01b42c712a,1000
40,23,female/indian/pexels-mentatdgt-1306557.jpg,3e7bcb656130462300cc59f5145b54cb3c0d4b816a651ecd96efee08c8b2ea93,1000
40,24,female/indian/pexels-miguel-arcanjo-saddi-1213768.jpg,6e0a1d6370e31237b89537b92a0cc0d125d6330486a4a3f051d4bf64fb37f6fb,1000
40,25,female/indian/pexels-trung-nguyen-2435583.jpg,e6b98f44a9a1b783a99484b0a0f10983a51fa45e9dfbbaacd979293518512b26,1000
40,26,female/indian/portrait-4773342_1920.jpg,06e4c731e779c9cee7051557762f464db62c90992c6ff532152f976f40ad3335,1000
40,27,female/indian/portrait-5604743_1920.jpg,02cc668a857039eacc862bea3681250e392a4477e31e0070206f5254465b2770,1000
40,28,female/indian/pradeep-ranjan-qMrXRcDP5Vw-unsplash.jpg,7968023f8d1dfb1ca172d7e0e95c10d92db14e1951b58b331f8406b412485bc5,1000
40,29,female/indian/prom-1476761_1920.jpg,7c6870778f831114aed78e4fa5d7676b78191f8e6f21505c2fb9e222b9a6270f,1000
40,30,female/indian/sarah-cervantes-79GLX12EY98-unsplash.jpg,02de35d266573fed57e8dd72672cff4154e407742ad11c4e5147aefd985e76dd,1000
40,31,female/indian/sayan-ghosh-sVDp3cxrDR4-unsplash.jpg,7da307f7c5108e0f3c6ed9671de0415dee347aad46c3d35a456a1e845ba1c4e7,1000
40,32,female/indian/sergio-souza-jzXgkWDL2YM-unsplash.jpg,d71d0a0eadd490f8eeb96214a9069fe39c1b0ab085dcf4f6ad9c8621094a6d04,1000
40,33,female/indian/soham-banerjee-22DWv_qBMZo-unsplash.jpg,a6fd844f27fa4e5a373ea0e80e92826fd98ff6201f444c539258a23ec896fbc6,1000
40,34,female/indian/swarnavo-chakrabarti-1s-7JQTdXY4-unsplash.jpg,72ef9afbda6e25da0544b0a67a5c46fa0433305f77d9483a7a9088eddf926750,1000
40,35,female/indian/teenager-1612462_1920.jpg,f63570e5086eaf68856e2e66bfa5010297781ca63a9e5f0166ec341bcd89c7ca,1000
40,36,female/indian/teenager-475189_1920.jpg,3893af1fdb8272f90abbc26acac58d27afea951eba02737d9ea916774891ffe2,1000
40,37,female/indian/ursula-spaulding-_B_UiKIAo20-unsplash.jpg,b92363f3536c338f31608b240fe50555ee44d8cf514f202c44778b8527813401,1000
40,38,female/indian/vaibhav-nagare-oM20muBHP_4-unsplash.jpg,d216a621bd4ad1be4dcbce0a9d03d847c5cd159d584bbd84a10855c0bff8280e,1000
40,39,female/indian/woman-4456917_1920.jpg,761647cce3b5df3a893238937cf9c91f4327946b28d19f861cd62049b81a894f,1000
40,40,female/indian/woman-4686064_1920.jpg,06c21b6a51770288c1611982c1d0ef57620356f4dc31112abb494e449dd0a322,1000
41,1,female/indian/woman-4686065_1920.jpg,9f1613baf07fd8f42ba892cf4117c9cdb9b707b8aa5bf84a27e15fa2fb8dda69,1000
41,2,female/indian/woman-5910803_1920.jpg,ba8623880c1cbeba71d3e247d262dbf0934851b7a706033ff2cdbf70c7d776b2,1000
41,3,female/indian/woman-5922149_1920.jpg,b0ab290337dd53dcba011c1cd3d7241e9fb3d3f39db388154a4162ba9c80c95b,1000
41,4,female/indian/woman-761642_1920.jpg,b1a0b5127d3e5e5043b611d442bf17f6611427f6f2f88ec0e2b32a471469477e,1000
41,5,female/indian/young-1822685_1920.jpg,a4574f8fbed20eaf6d77450a6280f54d413213be22d808f8e8852808420f2db8,1000
41,6,female/indian/youth-3983781_1920.jpg,99575b1cf9e176fd444b0860ad278413c304b94b823d378766a7c412636ff3aa,1000
41,7,female/indian/zahra-amiri-QuL60_NbW_0-unsplash.jpg,cc7b9ae170fd4446e0fbea7734a9566452a04ce492f0763ed7c3e0224d0d74e1,1000
41,8,female/mideastern/17.jpg,91cf19a35691930b567b89d1de95a1eb28ed77d1ab19ce609cda3de7fce2b89f,1000
41,9,female/mideastern/29.jpg,c27dda8f3b9f590b87c65e5cc0e1d023501548128b71b0d0e1e913ace84c9456,1000
41,10,female/mideastern/41.jpg,63d7052b0712bb07cc650355888a3ed7935ba96309e99fca342ff3b4f235e37e,1000
41,11,female/mideastern/abi-lewis-5f8i3ckEswk-unsplash.jpg,1b80537f7ace1eeb5ec3777680123c49b89c7363d43feb09d1272015fc68ed16,1000
41,12,female/mideastern/alex-michaelsen-twXWoTWOUeQ-unsplash.jpg,9652c736041d445a4aca8629ded53fdca18fdf7f2f4f3fd9bffd8ab8ec33d4c0,1000
41,13,female/mideastern/alexandru-zdrobau-BGz8vO3pK8k-unsplash.jpg,c7abf77ad3760a7ff4525c5182305b1b29a698378779bcefc6b98a73129416c7,1000
41,14,female/mideastern/ali-pazani-4GSOe3Dl314-unsplash.jpg,25a73c80f9a4c90443f3c28eddfcd4ea939964e2f6c12aa32dd781fd4cafe432,1000
41,15,female/mideastern/alireza-esmaeeli-JfR_6qzips8-unsplash.jpg,c3c034502b69d187644ff6d3a0a7162f32e19888ee11e09006ab055c5290fe8a,1000
41,16,female/mideastern/allef-vinicius-BqNEe_ZAtxg-unsplash.jpg,b749b382b762d33e7cf1782544e5c5b320944a18a7f60d1e632c14ca3371947d,1000
41,17,female/mideastern/allef-vinicius-yOp7FXdn3cM-unsplash.jpg,f50d72be6c57ddf1e5544be215720c721df8c60f873a42c0bfd3d1ae022bd066,1000
41,18,female/mideastern/ana-itonishvili-obVDLsGF-QI-unsplash.jpg,84b811c14bb7e1c86f9ba46fa5f90ffc34b1b1a8c6bb67f0e9e0ac678cabd736,1000
41,19,female/mideastern/ana-itonishvili-tsqu8UcbL3w-unsplash.jpg,056547ca0d9efbf32fddd450ab0db43ab9f644dc87a89d8156a23a8ed3b62e14,1000
41,20,female/mideastern/anastasia-leonova-J52-_tGlXfU-unsplash.jpg,45a6b943c10d67becbada964174c2ab3ae1219991f65aeefe031e28efc1054e0,1000
41,21,female/mideastern/aranprime-hwzLBk3079Q-unsplash.jpg,021419beac760d5d495b7cc7f2cbf8452ecfb2d222d8b159fb9ab304e54df04e,1000
41,22,female/mideastern/ashkan-forouzani-SNYaOnl22u8-unsplash.jpg,7ba0d5b561254ae1d01efec1048b4b719b2b27acb4def203ca76d55387c72ca6,1000
41,23,female/mideastern/bardia-hashemirad-3P7jxpEgkC4-unsplash.jpg,a954aa9268b12a60bbc04957ae55161a0b23adadfe6be373a6e1382c07ab91fd,1000
41,24,female/mideastern/cafe-4730085_1920.jpg,9c9d510293c64bfd818491f4a6e27610d1832fd237eabc594402836a6c022f90,1000
41,25,female/mideastern/carlos-lindner-cMGFhR6YCZM-unsplash.jpg,15c997ebf0c0e4a2aeea6a54a8504b35bcd05babcb78b763901863db741e962a,1000
41,26,female/mideastern/cristian-newman-f49XhYbpiA0-unsplash.jpg,030267bc513edbeb05523edd40fc69afc21ca280e5e6097c3f4ea80265dd0359,1000
41,27,female/mideastern/d10.jpg,16285c91ff7db70d5a5cc16593efa3d6bbc222889db42d57118ad09b544b3861,1000
41,28,female/mideastern/d2.jpg,db0926f8d5eaa9e7122fe22eeaefbaab44d6f7931732c6b72408cf133b752824,1000
41,29,female/mideastern/daniel-tong-Vaznn9k5GqQ-unsplash.jpg,b2c0d012253ba852dcd3c2ceecbe2c79c8ab2feaee3b7e9303aabde859d1c05f,1000
41,30,female/mideastern/daniil-lobachev-XAo09LtQiAQ-unsplash.jpg,41f896c12c1d499248940dfb2054b6d7aadb7cc644756767982c441acd05368e,1000
41,31,female/mideastern/davidcohen-U6VDR7S3afY-unsplash.jpg,5b23f3dc546846dbdc6fb046796a31f25596e7997d2156abb99d2bef2c525683,1000
41,32,female/mideastern/derek-perez-I-MGoMKFWpE-unsplash.jpg,1dbf6a637b119a3f4a6f0b334d8384ec03aa876d108d9e483c6c4a22ba28004d,1000
41,33,female/mideastern/dev-asangbam-AJOka3Plw6g-unsplash.jpg,1714bb3683206ddbd5ad89c0028462ea0926285010f90a535a6cdd70fba7957e,1000
41,34,female/mideastern/dimitri-bong-2M45kvvIC-4-unsplash.jpg,6e9023f438f5923ec282ab2db474f4b2be70360c2e73f9fcf8a5444411832636,1000
41,35,female/mideastern/face-2432004_1920.jpg,5cde06be6fbc5493369b5ad0ec4d5d3508eaddad8caf4ad7fd1cef51bc026dba,1000
41,36,female/mideastern/girl-1360874_1920.jpg,1fa1b98cd9ee596f77d8f54d3a9ec6333811e33dfa0caa245969b222e41c80b7,1000
41,37,female/mideastern/gursimrat-ganda-KrCDlVjrMsQ-unsplash.jpg,127f01937433110568299767973d5a1db8c1f1b825f3666defdbc8a93fe6fc4c,1000
41,38,female/mideastern/hamza-nouasria-1H52tHTJPiI-unsplash.jpg,b568d0b02a07ef958eb2a50faee2f42bb144b56aba2499d118146e2dbd33f864,1000
41,39,female/mideastern/hijab-5009607_1920.jpg,5be4c5e0cd0bd89aec84983d3cee926a93c068170b3cfa15182c8a7adc1652cb,1000
41,40,female/mideastern/hisu-lee-NayZJyAK8vg-unsplash.jpg,abc5f5abac0ed1ca212e3361cda2aec5a260d574dcb092a2ea14361b8a6c5feb,1000
42,1,female/mideastern/houcine-ncib-2Qg42qfZpRo-unsplash.jpg,f082c044e2608a67523d33ebc3ddeab7c211fb034bb053af3288589a588e7b9c,1000
42,2,female/mideastern/houcine-ncib-JInbeCEqTbs-unsplash.jpg,40a57fc9f4f3845e40ac5a186044e7011b329811a98166ca42f89a7639174ee3,1000
42,3,female/mideastern/jamill-del-rosario-jn3w2ouoPv4-unsplash.jpg,25e19caed9cbca38f8b8da8d8fad2a0dae5d5ced14e5b01dbf85d6ce1f87c8ce,1000
42,4,female/mideastern/jan-kopriva-VKHv4GLr5O0-unsplash.jpg,7851617e3f20ab95a131ed304d32b5ae4938659bb24c83ce032d7b3ff29b9f99,1000
42,5,female/mideastern/jeffrey-wegrzyn-It0_SCr3AF4-unsplash.jpg,4135e5a560b2e70cf505cadec3b1cab95d16e9382a226c3beac27eec3bcacece,1000
42,6,female/mideastern/joao-paulo-de-souza-oliveira-7-CSeYLI-KM-unsplash.jpg,cfc3298aa88184876624843b4b2ab555116ba2033b285009e8148ac4c1bc7240,1000
42,7,female/mideastern/joao-paulo-de-souza-oliveira-PK5HVHRWYa8-unsplash.jpg,99478ffb635ed2da5937b64835bff095349b8ae963ae9b91a73a12a11fcf8766,1000
42,8,female/mideastern/jonathan-borba-5rQG1mib90I-unspl.jpg,ae39f547f9bb4a65cc213d97b7fe9ec753c063372ba64590f1853fd12c4bd077,1000
42,9,female/mideastern/jordan-dca_s9Wy8c0-unsplash.jpg,1e2381238464e6b6993cfe04ec644be4adeb1564ae223e77f6a1bb1d2c7ccab0,1000
42,10,female/mideastern/joshua-rawson-harris-eMDcPM6bqVc-unsplash.jpg,2b2df45f0bb2d437dea34413c29ce14a95026b3cc12579de064a8e538104646e,1000
42,11,female/mideastern/kal-visuals-b1Hg7QI-zcc-unsplash.jpg,6a33125e151a208214c6551620a0661ae87e89899373fa1012caac711d978429,1000
42,12,female/mideastern/karthik-pillai-jF9aTJ_T_Tw-unsplash.jpg,d360d096ff67548197908a0eeb83071994ac3f90f38308fcbe759e4cfac9244d,1000
42,13,female/mideastern/khaled-ghareeb-xZSEvSlHRv8-unsplash.jpg,5b872311c2e5abe81db0d29ea9a981337c1ae0220f6e1da597879c1455a48f24,1000
42,14,female/mideastern/kirill-balobanov-Ef3AOkt6hHg-unsplash.jpg,4da774ccd358737a93740a250582984a8c359e9f2b46fd153b0687c9c2d8835a,1000
42,15,female/mideastern/kirill-balobanov-sRPbVu7FOsw-unsplash.jpg,ff1d081958efb6e96bdb6f6039ab647adfcd9fc593e1e050be37d79e8bdba567,1000
42,16,female/mideastern/luiza-braun-f11edIs0_ZU-unsplash.jpg,ad5e3c954fbe0ac53d373b4aa159cbbb86b70a896b3131bf53493bb7179af49f,1000
42,17,female/mideastern/luke-braswell-oYFv-_JKsVk-unsplash.jpg,5489db84e4ca7bb56af8bceecad87dfc80c88910c3ec30a609690acf051d29f6,1000
42,18,female/mideastern/mia-cambriello-dQgKjETjqDg-unsplash.jpg,2d26e6a5065206ce0c5149b15d0b9a368ba03ba192b1608891f60ba9754f46d6,1000
42,19,female/mideastern/michele-seghieri-vsS70e-zC34-unsplash.jpg,dd16f59eabb4bf3b3e2a6dcd373f3a762ceb2c16a63e307280ea378d84db67c4,1000
42,20,female/mideastern/model-5046435_1920.jpg,dc3db9f818faeccf959667cefb50bb9fe7e863a6ccde4dd0e1c3bf326946c46a,1000
42,21,female/mideastern/muslim-5016604_1920.jpg,3e8a4824d8d297cb194d28be3fedde2ad0786741787f2614a7e2e2e8b419a98e,1000
42,22,female/mideastern/muslim-5016606_1920.jpg,a1ed6a06752f35660f9626dcf90476ec03fe99ecf33f303ce344a4e46030af62,1000
42,23,female/mideastern/nathan-bingle-Rmdja7-az8M-unsplash.jpg,1ad3e908294e0388d33480cbbaea1ed2397570b04c8280cd11f8144c23e9640c,1000
42,24,female/mideastern/omid-armin-2HUKJuFRemE-unsplash.jpg,97ddbbfbf52917dc6697147f9f2ac0ac3f2611e9e5c34c23daabbf6c17972c20,1000
42,25,female/mideastern/ospan-ali-ue9wiyU842k-unsplash.jpg,adc9e94937f06392d7b91a2037888a988149c1d25a1c9ca4431cd49f130f2844,1000
42,26,female/mideastern/pexels-anna-tarazevich-5119587.jpg,1489a61df9a8037a2c3764b5b96a6dfc1f4f0574debedfa9ffb18db1338196a9,1000
42,27,female/mideastern/pexels-arsham-haghani-3536991.jpg,751dfd38b71f39875287a0098816ef9d79fbf45bb3cbb09f78f6c24641688ff9,1000
42,28,female/mideastern/pexels-bharat-kumar-2055033.jpg,195aced62bd9c58f96aab83cab2896da9c853558c37986a1cf54db5d8c0058a8,1000
42,29,female/mideastern/pexels-bran-sodre-1852345.jpg,85fa31f9c12ce7e2e012387fd62c5b3bae20f20f37a39765caabdf63b789e1fa,1000
42,30,female/mideastern/pexels-engin-akyurt-3168993.jpg,4bdf24525a3265392157b8b60eae32a764bb4b3be77bf9bc456ec41bba6a9235,1000
42,31,female/mideastern/pexels-fauzan-ahmad-muzakky-2698444.jpg,d2ebaf415d022a580b2c645daf82c069c87fb28a221832d6a59c4f330957c12c,1000
42,32,female/mideastern/pexels-italo-melo-1786258.jpg,a6f00c3c7f8828b484e57bb5d949c5e9c46dce4862d2f4514aa1e33f623b3c3e,1000
42,33,female/mideastern/pexels-lucas-macario-1891709.jpg,211442f738c19b624042465eac03cbad88f37ccd6abb98f2d007b1bfa67fcaac,1000
42,34,female/mideastern/pexels-matheus-henrin-2071150.jpg,e79acdfa4019e656a1d04b85f0b0b1cac00932ae0ece79e9d7ff1e9ab0caae65,1000
42,35,female/mideastern/pexels-mohamed-abdelgaffar-1684304.jpg,aa995be4cd302a79dd8baf724dcd8df4f327163c65a7453526c0436a9cb01c1e,1000
42,36,female/mideastern/pexels-mohamed-abdelgaffar-1698731.jpg,9e8fdc1b013d110188b9fc02a297b83e7faf352aaee6693c220648b356d1dc58,1000
42,37,female/mideastern/pexels-pixabay-35551.jpg,86343bc09d7b57f26d35f9249196ece0afd3e95ec2b16cd53a09eb38113f9586,1000
42,38,female/mideastern/pexels-ricael-sousa-1837158.jpg,4dab0fee3295b649dd72d21096e610d3a6a2a32d8ef3f7bd72ce1f364aab205a,1000
42,39,female/mideastern/pexels-rodnae-productions-4911079.jpg,a25f3a91b1fa3b1980e4f8ecefef6101a1cba61cff570106ad6f534023228c54,1000
42,40,female/mideastern/pexels-samad-ismayilov-786858.jpg,9b9bd1b38e069aaf9f663697bab8832c2bb3daa4dafaa56eb64306e7661d757a,1000
43,1,female/mideastern/pexels-toni-ph-2040376.jpg,29cf92865a8d7118e3442a595045294f60ba14009d7b722cf60e042d5ac00b38,1000
43,2,female/mideastern/photography-4403690_1920.jpg,9dff8224431211d7bf7d641e4d2d2ce81a12779fbd3d2d6534bfd2f6f83ff1a0,1000
43,3,female/mideastern/portrait-5554731_1920.jpg,3aa66ef7d01d71e3cbf028343097d0d6c2cb07c4bcd65f29290f3ed383bcd718,1000
43,4,female/mideastern/qasim-sadiq-A4FN0SPut6w-unsplash.jpg,24f8bf732480cf4efdc5a9dd2a6f634f1dd4694b23236d1961a751bde8ae97a5,1000
43,5,female/mideastern/raamin-ka-4eOyl_iUQB8-unsplash.jpg,1b804f9b0e8448408ca8359fecbe251bd81f7d9d88996bac21ce9441b0751550,1000
43,6,female/mideastern/raamin-ka-hdra4gfbznU-unsplash.jpg,7a09b27b8c70847d459114df156f06ee74f5ad9649eab44c15fbb30c370156bc,1000
43,7,female/mideastern/ronny-sison-7eDUHk7Jb_o-unsplash.jpg,33db5a178c65ff37bcb77250e620ca3bbbf08ad136f84284a0f26b97e19ea902,1000
43,8,female/mideastern/s-jDpjN4U5mxE-unsplash - ╕▒▒╛.jpg,b555f820be9e1a94c9f81639b0e3f30c69cc41673848fd6c34ef0690aad68483,1000
43,9,female/mideastern/sandeep-swarnkar-o2Bl6Y9hPos-unsplash.jpg,da29cd6d2dcec27a0bd103f12f7978438c0681b5542509913d0e83c39bb4020f,1000
43,10,female/mideastern/shahin-khalaji-Fwp2mRiD7N4-unsplash.jpg,b92bac1e4d30b313be589e43f335b52577de77c5563c204db77abeeeaeb1188f,1000
43,11,female/mideastern/siddharth-salve-66R_Ji_rKd4-unsplash.jpg,21763d3e76ba016212c114b2bfbb69bbb2f7d05adfb307957505b8eb4c6886ce,1000
43,12,female/mideastern/smile-2504329_1920.jpg,2caad06a949ee71fd68c5d5bd1956c7d82e8a53adfff93676f6187ecdfdf16d1,1000
43,13,female/mideastern/the-creative-exchange-UhpAf0ySwuk-unsplash - ╕▒▒╛.jpg,f2378038666e607b8fb3318cffc2b496642bb109f6edf810a00d9d43c5f39f26,1000
43,14,female/mideastern/tyler-nix-aSIw_EnF71g-unsplash.jpg,37b71a04b40c70f7c839fee24a0168da5de969ddbfb548ce8b497fdc971dc87e,1000
43,15,female/mideastern/warrior-1240995_1920.jpg,089f633168d56ab4f1c5293b1ef93580119a52d594ed3249ebe77017c1c58c43,1000
43,16,female/mideastern/wesley-tingey-oeEqKb7gTrk-unsplash.jpg,f5a1c26f5fc2a667034d48d4c5e9eb6ff4a13485eff43f3e49c5baf4c3a0201d,1000
43,17,female/mideastern/woman-1284347_1920.jpg,2876965836018ba3b4c7921e0991ad76ba50ad79ae18ad311c5e66373f7da1fc,1000
43,18,female/mideastern/woman-1584341_1280.jpg,be899ce140be5fd9956483091a337cd153899d5e150063d43be3a0ca965b6d46,1000
43,19,female/mideastern/woman-2465429_1920.jpg,0cd910739f396d1875042ec5970ea3f00535b559b22ce75ebde34c09ea40fa24,1000
43,20,male/asian/134.jpg,7daa1b861fb484cf05aab82c103af1a291e60e9f6386e0208d63e607626be42d,1000
43,21,male/asian/alexandre-debieve-xbeKrAgzGhQ-unsplash.jpg,1f90e8b0de4a13aa46f98752324352458bc27cf0bd8c3847382609b30604ae12,1000
43,22,male/asian/ali-yahya-155huuQwGvA-unsplash.jpg,a45c5f4ddbf29718fc63c4a3999b285621b100ce12e330ea83aa822f81e8914b,1000
43,23,male/asian/angelo-abear-XDevBdyfMD8-unsplash.jpg,a3f5572fac6525e1a37b516dc38ab38cb239acce919b4789eb79e8f086918554,1000
43,24,male/asian/aryo-lahap-ZVc4Zg4TY8s-unsplash.jpg,5844dc50cd1127429b740df2c13751267277913dc5873e6a874d553f2a18519e,1000
43,25,male/asian/billow-926-7j50lTjDc9o-unsplash.jpg,a1b60cdc11af63b4dcd355a90d8b3d59bfa5aa5bf8bc963341a2e13cb353b6aa,1000
43,26,male/asian/boy-4393262_1920.jpg,0a174bca70c8150689f409a2b984b51f3e5a64d0180b6ab5784d683cf125faed,1000
43,27,male/asian/boy-4445663_1920.jpg,5f0a1120375fbde4c5af5275bf584987b05c84ac00dc7b99887cabd0edd54b25,1000
43,28,male/asian/boy-4746524_1920.jpg,b5e9955ae97d49e2b754be7fe56d9d141b460961d0d7188ca3a869b1e254378c,1000
43,29,male/asian/brendan-hollis-00pYNLXfhFI-unsplash.jpg,de9fb5b25a743cdbcf132009ac7b85b87f7d168014e77b7752664454e16a4716,1000
43,30,male/asian/bride-5867605_1920.jpg,adea06626450c814298b9cbf7433a2e76e272da2d4595cfaa6de6a8f432d8e06,1000
43,31,male/asian/businessman-1247947_1920.jpg,505fe56376b00a266cf98e98a2f246ba7cd8564793277f576b62fb49811b2a70,1000
43,32,male/asian/capturing-the-human-heart-i9uIhSlOWYc-unsplash.jpg,2823684366b74c1b20c3d50a3b02408bd7c312d965fe6945ecc5ea0118bb0ffd,1000
43,33,male/asian/chris-hardy-SS0PaWpkm8w-unsplash.jpg,9a40d7cc533672441c1ae850d0ddaa078e701f0d2bd72ab44e9c0515b90ddc65,1000
43,34,male/asian/christian-senan-BN2VEGCf140-unsplash.jpg,353409f5df9216b0550e001af7445409af9c7bea469f9cd4a0fd46228a4a6cd2,1000
43,35,male/asian/dev-asangbam-Ox_mKPMBpTw-unsplash.jpg,d265869b6eb274a7888e9c4cc9f477cca368325e8a869c2ca7deb40130cd83f1,1000
43,36,male/asian/doil-oh-v15GcVql4CM-unsplash.jpg,1c134013936f3ce3be37526c4e3720225a13aa854234d7cf31babf6e79ae2fae,1000
43,37,male/asian/emir-taner-bTe1h3b8Ncc-unsplash.jpg,92c3f74a6975ed7666042b9c2c326b1a9fa5e2b6e1af2271bee04d34e77afef3,1000
43,38,male/asian/face-1223346_1920.jpg,c197ab1d8b1ab2775d1607da557b415965a94f374911d76a29a3f84f13f290db,1000
43,39,male/asian/farhan-shaikh-iylgKUdIljc-unsplash.jpg,0c7f5c1ecc5127e5b4a71bdaa8217c93c273e70eb75f3f6432fafc0db94166f0,1000
43,40,male/asian/fikran-jabbart-dZ6SQ0d-IVc-unsplash.jpg,55d2a3e28d35b575fa2b5d3c0cd2acc69857a6c3baf3224d1de12645fb1ab2a8,1000
44,1,male/asian/g_2.jpg,611c6942065b7e9ff98936d75b1386cd9ceb17af7b09a858fc37db72b54b8e81,1000
44,2,male/asian/gabriel-tovar-E6gYWTFDsQI-unsplash.jpg,607c8e9f452aa801490e514e66e71f44a39cc105dc94fef5cfa9520b98eb6e6d,1000
44,3,male/asian/gabriel-tovar-RDf0qh6VvQ0-unsplash.jpg,d8baf1c4e187a8bea6af9add49ee891a7e1f0f75bc758ff1b0b93fa7535b42fe,1000
44,4,male/asian/gabriel-tovar-xF6HoP2oy74-unsplash.jpg,489c9ca3ab40d235de5a2b1f80ff024e148959b5098a606b1bf34314cccc6a54,1000
44,5,male/asian/george-rinon-rJSfWc6qSI8-unsplash.jpg,8cfd68ab35770d9458b1d9183b5b57d7e9c1b5739591d3820f5fffb640ce3919,1000
44,6,male/asian/groom-1731035_1920.jpg,8f26d44326fa0bbde9310c9e3a5d91d00017c14c81071056c9a43c4fb3122001,1000
44,7,male/asian/guy1.jpg,2a174774b6d7f94dfec0a9dbf604a7be84fa7102dc8dd339cbb2e2d9194073e2,1000
44,8,male/asian/guy4.jpg,fa5991e4ba911962bb66d473c03e36876926ed818eb9f842ce30bdca244dfeae,1000
44,9,male/asian/huy-le-XibZiVSku68-unsplash.jpg,991922006519bf7011594ac40047eb9bf2682439493420db4ce87bbdc1799ec1,1000
44,10,male/asian/ibuki-tsubo-xQOy5w4waCk-unsplash.jpg,35b2da44826253abf2ffc81d4b905d9cb3361dc8876e3d03ec8cbb17a16cb40b,1000
44,11,male/asian/imansyah-muhamad-putera-KchIV_GDy6U-unsplash.jpg,4ccdd5ac742778fa43b62115749b2b280f6658509648f13b3544c6d450819e18,1000
44,12,male/asian/jeff-tumale-C_JB2G5mSYQ-unsplash.jpg,12ac3fb43419ed96cc706ba830569b5e4172e6b81c0d1fc1ab88425f03078a2b,1000
44,13,male/asian/kahar-erbol-ifl-af6d_0c-unsplash.jpg,1b5059736f8152eae5e53f3ddf1967ddbe717a398a830762e86b78eedb4f37c6,1000
44,14,male/asian/kaylyn-mok-VoO6z6Ffx0I-unsplash.jpg,070f088446476dfc499014e591f732c7eac903eb935dd7ece7590e9993a26b03,1000
44,15,male/asian/lars-zhang-jVmrOAO4hZ0-unsplash.jpg,ca1c0328714432b38e5b4204046bb05708627383b83bdcccc77db45e90fa8123,1000
44,16,male/asian/lex-faure-u4yvBG2wU30-unsplash.jpg,8dca4e8fb4f7a837e407f61d0d388c0b21269bb03035b19f50b820f31933663b,1000
44,17,male/asian/long-truong-kVNadxWFsGM-unsplash.jpg,8bfb113b4ddedbbf5c7191b99964ea2ca0bf31c70b71541cbf924c122b7e0f51,1000
44,18,male/asian/marsha-dhita-uHIN59WI_zc-unsplash.jpg,a87d96918023f0891bf6dcee5114d93153389b0a8967db6b643c4ac842b029bb,1000
44,19,male/asian/mason-wilkes-TMgQMXoglsM-unsplash.jpg,87bc3c92cb315ea8c479e4c2bdc070aa5330d5a409f18f4e3b74ee29068ef560,1000
44,20,male/asian/md-duran-CY6HTDht5FI-unsplash.jpg,a541ee2e5b6821021206df4bf1531c4ce51d864504563df85d0c9b7139a725ff,1000
44,21,male/asian/model-2911332_1920.jpg,0636a52aa6d508afd26eb82221496951c606847801ea4c4168456cfc295fcc38,1000
44,22,male/asian/nathan-dumlao-woZEuvPV3to-unsplash.jpg,6b730a893f5502cc5b1aa60e7196a921a9d10557f4cca2587339133a07b6c598,1000
44,23,male/asian/niklas-veenhuis-wMlBf99Uyss-unsplash.jpg,8d7b9ad021d7d51cfafa3c630e19e18ec3a66aad7771abe74607bf3f13deb585,1000
44,24,male/asian/parents-2305916_1920.jpg,85ef178b32951216e022b02112fd3ac3d41689509d17e4eb87725c96c0b3406d,1000
44,25,male/asian/pexels-andrea-piacquadio-3761521.jpg,0e4ceaa35d45867d2278744d4da9852dc42e774c663baf090619031c2d1a6e6e,1000
44,26,male/asian/pexels-ba-phi-1752126.jpg,abf2631fbc652c5e74c0433217335df9ea2fc92eaaf325f47f221f1ca72fbcd4,1000
44,27,male/asian/pexels-chevanon-photography-2421934.jpg,4f7fb944b978cae09ff8aa78ce651e5b1231712a5ed09a47d793754a9c240bfd,1000
44,28,male/asian/pexels-cottonbro-5319510.jpg,e56d786933d722dfcc5a7c5e248c9230ae48c88a57f87003dfeacdb1874a4c44,1000
44,29,male/asian/pexels-cottonbro-5532846.jpg,1c407523a6e8759c6df9e695e4344a916840b57c218e8d4bc35e5c8ddbe6d01a,1000
44,30,male/asian/pexels-gabby-k-5384445.jpg,a53404049ac43964316c74692841ecbc64c541b89a096254856c481f0f26a41b,1000
44,31,male/asian/pexels-gaurav-ranjitkar-4095473.jpg,b138cf31be90bd6e970474b9c7fa6d3bf8b994fe3d91655fed1fa931c29e2fb3,1000
44,32,male/asian/pexels-gustav-lundborg-2007119.jpg,4cdaa39254dfd061f830fa13ca8cc33ca4041e3a6e03ceca0559da376a8b5bae,1000
44,33,male/asian/pexels-hoang-gia-huy-6465256.jpg,702cd1ca07a580209c0ec6e663e2bc95a7221575239235179e219362686c44e1,1000
44,34,male/asian/pexels-jameson-mallari-atenta-2872703.jpg,3de7e2d2c3aea7968bb2f846017eba79289d26aa367384ccd34daae65dccc2d3,1000
44,35,male/asian/pexels-jameson-mallari-atenta-3008355.jpg,1c87ae09865e7ee1fe39cb52d0bc8f9b3612cd387e8030f35924874810e802e5,1000
44,36,male/asian/pexels-joen-nguyen-2599510.jpg,8ee7d037998d9854861bf9e2812005ea4bfad521ce68c72556674b06213b87fb,1000
44,37,male/asian/pexels-luc-marshall-1671396.jpg,a73188d42d01f1d8be6e1dce6f790a1a05d6b3938ea8b42ed9ecc8e26c728e7d,1000
44,38,male/asian/pexels-min-an-752802.jpg,08812e9c3da22d3a2ded4c531c2931ac3c5b835b82d09d2555948ccc0b4acd80,1000
44,39,male/asian/pexels-satyabrata-das-6605720.jpg,97c4fa2f48a46450172f27c6b2d8396a442f8f2f5e4daff2635177a12d00ed8a,1000
44,40,male/asian/pexels-saul-joseph-2846602.jpg,03fecc7a869b7de73da8bdac5358d4029fd6fb80cf5789f8bfb43d7df2cfb11d,1000
45,1,male/asian/pexels-streetwindy-4055355.jpg,7dbbcb12678ca9022b0d5f0d41e5c63142910ad9c8aebdabd66cbd89d0b1a3f8,1000
45,2,male/asian/pexels-sultan-raimosan-6125903.jpg,784c11106925837da78b0b5874b0bd8c029c76e46628a561ad062e8eb08421c5,1000
45,3,male/asian/pexels-zorro-zombie-1261998.jpg,741a4967b80a0dfa5f3c6a7397a9c27f4c6cfdd0288697b77a83afd408b81078,1000
45,4,male/asian/raphiell-alfaridzy-jagYILIMvxw-unsplash.jpg,7e882e86eea2945a0a7a5582f0fb3f66311b375af423f3865ed473ab0845cf76,1000
45,5,male/asian/sane-sodbayar-Pew-AwCKoZU-unsplash.jpg,4d2c1d652389b254611bb4ac1a8d6a6d65705b2e16733fc40b1248790116eb87,1000
45,6,male/asian/staring-3547110_1920.jpg,7856f82668584a280b75e196444bce39566df8817dd3c80c01d71af41e40fe8d,1000
45,7,male/asian/stephanie-nakagawa-ADSKIn0ScDg-unsplash.jpg,ef550de36137084dcc3d52839c4252f13e7bbdd3248b27dc79b3fb0e295ad0d1,1000
45,8,male/asian/tanjir-ahmed-chowdhury-rXyJjeDdWVk-unsplash.jpg,033674b5c2d082ba9323c77a581c01a4f8dcee7e98426d7489b69617972e4c49,1000
45,9,male/asian/thabang-madnsela-nwYas4Usbac-unsplash.jpg,cda22d7e7d5f2f8be4e003d8758ff691f5ec076e177739cff342e6b550fa0b1f,1000
45,10,male/asian/the-landscape-3245475_1920.jpg,bbd010a6dd1f173fb15a929f5889aecae0a338de332f3ee9718254fa81d644a8,1000
45,11,male/asian/tran-thanh-uOyRSCT0O10-unsplash.jpg,c341d302fbe5216dff003bc80d8e2655d1f112ec227e7cce4d5683558370af99,1000
45,12,male/asian/wells-chan-SDZvNIBjkx0-unsplash.jpg,7a13fdcfb62795e994ff4169ca69c4ff80ae394157164fba002f79b548cb38b5,1000
45,13,male/asian/xu-duo-gobC9sSIXc4-unsplash.jpg,b6f449748ea4ebc1c68dd1d4908d9ef0a11d4f1d5bce5aff3575f9f3e74f4213,1000
45,14,male/black/124.jpg,2c2c66cf964b6796137917b24d80797c830e9f0eb3effbabe21fafa130145477,1000
45,15,male/black/african-american-2751286_1920.jpg,e283183e963fb182a4d86153486508122daab120511e3f3bbe09b9cd6a1d2d5d,1000
45,16,male/black/alex-ware-Paf7eZ_DD9A-unsplash.jpg,246653eafe591792f4862afa85280479cd976399103487ffc6219035403c90ee,1000
45,17,male/black/annie-spratt-QdK6aujOLYs-unsplash.jpg,01ac7e01b964cf127564bbb98b01b0f4d1b9c11425c40516e862d069821202ec,1000
45,18,male/black/awab-husameldin-4CxTSNe_8Qk-unsplash.jpg,e4cef6f5068fa9b67e0b5a83827fbf4dff7387a7f7b9f08d1e3e070a2df0623c,1000
45,19,male/black/beard-1834429_1920.jpg,94996efc5fdb599eaaa47521a46eac7e12b21340be20ab731275a752d50bb3c4,1000
45,20,male/black/belinda-fewings-ci0IbJuBsfg-unsplash.jpg,f77ca614135222e04e8f0d48406279f52c1a0d80efbfc44371a259567c80c4c0,1000
45,21,male/black/black-professional-4334648_1920.jpg,4802957a150c04bc4d98d45f171427110ae67e501e42a96382bda6428c501c97,1000
45,22,male/black/brian-lundquist-3_WZlLre0rY-unsplash.jpg,b1c28b4117cd2eb0a3bd6adfcdf334e53f6f63d09393640fc75fb9ddfe3d1e22,1000
45,23,male/black/brian-lundquist-oqfSpGiS42w-unsplash.jpg,4afc73c8600d4d04ad731dc3178c7197543ceeeab02da41aabf3f7a4a8ebbfaa,1000
45,24,male/black/charles-etoroma-95UF6LXe-Lo-unsplash.jpg,a31b6b88fe98856507053c78afd4883be2b3aba28c817c624f5c1cdd211c13b1,1000
45,25,male/black/close-up-1868524_1920.jpg,bab5d3f612c259a5ecc9eca812888da6ce55b38050696153e21a6a3e6788c080,1000
45,26,male/black/danny-protas-FK_07CcGRwY-unsplash.jpg,75dacea62749efaead96575d296256b5ac85f6d4bd77e7e73c0cbb42acb5b37b,1000
45,27,male/black/david-rotimi-6hGIMs-TOYU-unsplash.jpg,61f152e58ffefe109fa3c4bf3a0e488f90f89bb38c96b0091e33f043411be865,1000
45,28,male/black/david-todd-mccarty-NXlQ2PnzMGg-unsplash.jpg,99f4dc2e45deff9cd067c27942a7004867ef4a67e55b100e0b9003335bd30eb6,1000
45,29,male/black/demorris-byrd-ORLHeCxK3xA-unsplash.jpg,78fcf580fffaccd3fbce036db381b0719afd58205644317a14b1389bbde1ca5d,1000
45,30,male/black/dominique-jordan-JSRmthCownc-unsplash.jpg,80277476e3c525a345c7880a09952729e7f779bc6393f73bd6393dd99d6376b5,1000
45,31,male/black/dorrell-tibbs-GntSiIMHyVM-unsplash.jpg,909360ba1a58c61d9a8188e8b6b8efde187ea5ac8307b30e0b60fb1851781b3d,1000
45,32,male/black/guy-615808_1920.jpg,1eb114f6d0e7822477420310822b120cd1ab85637cd9de006a246589772420a3,1000
45,33,male/black/humphrey-muleba-72QxUqXuXz8-unsplash.jpg,bfb880e6658de048d8cad3b92ba45dd94daf11a762e4009a01936ea73b799bb9,1000
45,34,male/black/jassir-jonis-QWa0TIUW638-unsplash.jpg,f096a61c0f882e518b3bbc3fe61c7fc3ef9ca136064807c627074bbf41320304,1000
45,35,male/black/joshua-rodriguez-3H4PToAVncA-unsplash.jpg,bfdcc7309dbde032401a5e8a9ea9e57453d1d58c271feecb202ec8622acefe5c,1000
45,36,male/black/kareem-hayes-R1t3IQhYTqE-unsplash.jpg,52013812ed983b3e87454f1218c76a7f0b9a36d3134d30ad5fca1ba2863515e3,1000
45,37,male/black/karsten-winegeart-p5dIUQFbme4-unsplash.jpg,0b529ec9df4f80a3ea5153774b49b77bea552db92d9bb889399986a07d18f798,1000
45,38,male/black/keitravis-squire-0YgjYyptKlU-unsplash.jpg,e44867b5e455b4f92115d28fa92484ed16fd93bc5ea126c281f49f23219f84ff,1000
45,39,male/black/lari-avn-oZPHLlcyGb8-unsplash.jpg,9abd826d35474038e26f900b5aadf7463512c1ee8ca4a8199c9732328830f060,1000
45,40,male/black/look-4780865_1920.jpg,cecbe9e22de549a0e96832e622bddd8c06ab6e7368b5d6979cf0f1d249dc648f,1000
46,1,male/black/luke-2373974_1920.jpg,a00c69c70eef0ca4399d895d5500b77142d911bd43a503b4ebf75fb348b978c8,1000
46,2,male/black/maatla-seetelo-RdjeaWx3n70-unsplash.jpg,6268018238352697296f62913a7b7a0aaeb384a6614fe64ecec351961ad14e7f,1000
46,3,male/black/male-4948673_1920.jpg,16f62252d63e5089e82ca88e8188f9155880b55a2b736a9f2bfaaded9dfa9abb,1000
46,4,male/black/man-2590836_1920.jpg,9ccd051b0799f9fd3f97bcf1bb21ee3ee7fad0107e57fe1c3cdd5cf95884ed4e,1000
46,5,male/black/man-4345079_1920.jpg,5d1e21402e112fb0101dde513e2ba18244016e7fc8d7e93b556babaf555a3d7b,1000
46,6,male/black/man-4568762_1920.jpg,0384ca280694d6c0b3a508ddd44395dc22bea828b8b3388d1bba881df53e7426,1000
46,7,male/black/man-5937492_1920.jpg,54c72b9422a427783f399a5ee990b6cf200b303eac71d4cb5aab5dd5be79097c,1000
46,8,male/black/man-984217_1920.jpg,02475eeca59b4faa4b0024cace1d92f8877ae05078bd5a7b22da3a8eaf272b3a,1000
46,9,male/black/manny-moreno-ajhtGO4Cs7g-unsplash.jpg,74c1ff3fa77033901382c3469dffbe6674984b9f0b35e23a9eed8edb8d0a7c24,1000
46,10,male/black/mbusowethu-radebe-CS2uCrpNzJY-unsplash.jpg,df34f444941b8aa87ad9bb78c682474d736fff4023269fdbbf030bab692ee23c,1000
46,11,male/black/morgan-vander-hart-GVB-E8mr4Xk-unsplash.jpg,187e25f2bd52e43a330cecfdfdfb1b372e8549ede81a3cf7f5355aa0cc026a35,1000
46,12,male/black/mubarak-show-Ve7xjKImd28-unsplash.jpg,bbd8067d2304fb4458a84d390a9b1cff916fb5880012971f06e6e4bee81f27f1,1000
46,13,male/black/people-3247352_1920.jpg,9dd200cc4b57b0f8f66468941155d3e421231785c1617ffd5adb4acde6f15afe,1000
46,14,male/black/person-801789_1920.jpg,a4437c8b3007c682c6f914e03019d0dadedb9ebbaf657b2890d088bf07323415,1000
46,15,male/black/pexels-bestbe-models-2282520.jpg,cf0c5882e022016dd7bc4702f6ac1908ba81e1c919b520f4eb33dbe0b81e3ae1,1000
46,16,male/black/pexels-blac-bear-3805873.jpg,a2ddefcae06e6ab2cc16413a195f0372e6c96bbefb54f32726bd048c604f03fe,1000
46,17,male/black/pexels-c-technical-6612112.jpg,977355c3a7e813773fc8b19f3d659a8dc0cd4bf6bbe646a0f6e5f754a46c0871,1000
46,18,male/black/pexels-cottonbro-6626360.jpg,de4746b4f655ca1c09272795543479c0abe58fc7052afc672a83fc79df4b532d,1000
46,19,male/black/pexels-cottonbro-6626903.jpg,f07c268c8d7453c577e2aa0232c3b461db43547beda4c41f5ef59f9e4e6f512b,1000
46,20,male/black/pexels-dellon-thomas-1405963.jpg,e2c1ee468a8b768c660290a0ac2f67d9dee6561b955884fa045e67de5ab84920,1000
46,21,male/black/pexels-dellon-thomas-2474307.jpg,dbed2cefb80959a85902de3c7056a913d4a362db92cafd16bc8398555e7df0f2,1000
46,22,male/black/pexels-george-ikwegbu-2379429.jpg,5b642e08d4f0b271262fb52e198248c09b8e795d9edb57abbde7c8f7ca41f19f,1000
46,23,male/black/pexels-jan-valle-4061161.jpg,773bddc6e546997be9573f23703732a7784426a26e5367288783c2a2b1ca6495,1000
46,24,male/black/pexels-katerina-holmes-5905497.jpg,1253239e04c39d08e30d4034a84ecbf5a6c443352525672504128ba85fd00598,1000
46,25,male/black/pexels-luiz-fernando-3021593.jpg,f28967b60a153f99f135f31d526305e0616ff70994375805cf64d040cb346b73,1000
46,26,male/black/pexels-macharia-edson-2914149.jpg,5ef6197994c0f9b9992162e178e8772363dc8628d6715035fdeca9c334982bdd,1000
46,27,male/black/pexels-marcelo-chagas-2121531.jpg,645ac5d5106f348dbfff99d29463a07f2d625d1c4b8e4b8b62798c333e471b5e,1000
46,28,male/black/pexels-mwabonje-2096476.jpg,9812a29d53937205cf7691cce450183808b19f787115db2c55c7bc23e6f09cde,1000
46,29,male/black/pexels-nappy-936117.jpg,8dab953d2cb1845a5bdd894287181bc87debded36e955fab3f37d4ff907579df,1000
46,30,male/black/pexels-natasha-lois-4689910.jpg,9a97264a5c9170fa09287fc49e9a1a06fa0f4d0fad7622cfccfcdd76c7be2633,1000
46,31,male/black/pexels-oladimeji-ajegbile-2650090.jpg,8dd7f271ef6b0488bbd8d15cc1cd29da949a7ca9d56e94176a1fcad6f1dd6472,1000
46,32,male/black/pexels-rafael-freire-5714735.jpg,cfb69ca89895ddbce722b72e63bb64415130388433972084a5a7168f08749997,1000
46,33,male/black/pexels-rodney-gainous-jr-2719416.jpg,0eac4668b30db368c75360e70b0bcabcc58263e3451a1c56295b6696b72a9ae9,1000
46,34,male/black/pexels-ryutaro-tsukata-6249088.jpg,5dc2c01aef810e56265261688814a5918e0029d5ef66b789d836998d2c9a0b05,1000
46,35,male/black/pexels-teddy-joseph-2955375.jpg,6fd1a1901c3af403ddbce1065eff629f45873c58bc865d0162c45b47392574a5,1000
46,36,male/black/pexels-zack-jarosz-2024901.jpg,430200291f489055420ef5d93675f1de8d668df0c801a78f4ccffcc4fb21d8c5,1000
46,37,male/black/philip-martin-5aGUyCW_PJw-unsplash.jpg,0ef836973469b2ba4ddebf9f3ee23481f63e3443855cd6d72a8ecf705811e77a,1000
46,38,male/black/prince-akachi-s6tVlDVKz38-unsplash.jpg,24d00542727fc00a709197dd21f8d147ae43533bff98c27e20c1e556a02ee545,1000
46,39,male/black/sexy-man-3414909_1920.jpg,39ca4bb55eb14dea41233d127c2ed2736dcc43ac2d7eef541d74478c4deae0d5,1000
46,40,male/black/steven-jones-JSXZnudXhXk-unsplash.jpg,ae93f379f14a64f179605871cf45382887cca1ab64820228fa838a1c9eadbd50,1000
47,1,male/black/streegar-bORAYzcoJ8A-unsplash.jpg,52085c7f0f7cfda188900b61c0c0abf23206e404f60bf9b3836464ef84387f68,1000
47,2,male/black/sudanese-2895751_1920.jpg,d62bb21ab357ac1e733cd23a1d9c6b071f49d46dc3dcfe107d539da8a73263f4,1000
47,3,male/black/tanaka-pendeke-iHfBBeiAVCE-unsplash.jpg,7282c731d80f26f998330de20e05929e480ece23655fc69364b2784704539383,1000
47,4,male/black/taylor-wright-XLqe-qr2OK8-unsplash.jpg,60bb8528475e9b466870863245a049175cda168b7370b5f149213f41fc1f4485,1000
47,5,male/black/timothy-barlin-2BJwlRZaR5M-unsplash.jpg,795bc1aa695efd3cd057ecf8d5768cda33d8a462137ec6d4bffd616813348250,1000
47,6,male/black/tobias-nii-kwatei-quartey-RVa0FzYg9WE-unsplash.jpg,13af807128ba42480d070453c5e8e8f77ddc9e0822014960500b3b4d674509d1,1000
47,7,male/black/young-man-3366016_1920.jpg,2241d2c3e2b242c7861a82113f27ce39285a8419ccc056bfa16496db85ce2ef9,1000
47,8,male/black/zach-vessels-s6JfKHyLKDw-unsplash.jpg,d83e1b03ce9a996f9528a403e99331f92749fd9cea242b2f52126ad86e97382e,1000
47,9,male/caucasian/113.jpg,1a2c036ad5cba4f050273ceeaa9aa065e420e80975d9061482f157a371258b8c,1000
47,10,male/caucasian/117.jpg,d9342c3b68aaed18b8c794cb2cf84ae6722921407b063a56e36d89f37120beec,1000
47,11,male/caucasian/119.jpg,6b593fdfd4fc90cc2bc3655113cc13f033a5fa18782002192b136dec5c04a8a4,1000
47,12,male/caucasian/120.jpg,88536e0c3138a0da685cf234633b9941f51bff75ae4466cdb11b259a6f42994b,1000
47,13,male/caucasian/122.jpg,e082925336c567839a0473ea5912bdb6dbf8ba9d36780827dd68d5e9f9482866,1000
47,14,male/caucasian/126.jpg,6aba9b932a027794d1b756d1d73cee2cd61f152dc21c6fa4ceb3756ebe1666bb,1000
47,15,male/caucasian/127.jpg,400444751e015e878ef6b512675fdb1c5688fd6538cacd295afa4e2e1ef87560,1000
47,16,male/caucasian/130.jpg,6ed018a5d1cfa9d423de29b6fa2729ddf842571187a2bbeb18cca8274316460a,1000
47,17,male/caucasian/133.jpg,c920dc0af48aa4f263c7ebe7d714b8d9364d7b3771c81ff522db094976efea20,1000
47,18,male/caucasian/136.jpg,fe4f9ded6983bd2e7ca4c5f086b8197f44b146178157a23bb225093e3d0edc24,1000
47,19,male/caucasian/138.jpg,d30e4e4dafc4a83433890efcea1bafee89a632633da47e8329513012afbb20ef,1000
47,20,male/caucasian/142.jpg,d3da99c4145786126017fa5f93eafdadb74d0a22030bbdd63b82eae9fb185c04,1000
47,21,male/caucasian/aiony-haust-ybd0faxFuHE-unsplash.jpg,a500ef6860856c9719f384bbaebe8b6458690aec8cca3d2c65fc124662224992,1000
47,22,male/caucasian/aldo-delara-3_Si7AS2iA4-unsplash.jpg,b5540ff6bd40260acd5c217aba25ea7add48d24959d5e7b010180ff1508856aa,1000
47,23,male/caucasian/alex-brisbey-1tVmD_KJZxo-unsplash.jpg,b7d8ab7e07b9f88e1c4e55ffe0410c0d2464f609a7707ae93e41b2278b5c8674,1000
47,24,male/caucasian/alex_rainer-O4f4caX_H3g-unsplash.jpg,3e3e55d0d82376fd85cd35e80a9a3b31bb490e51dbff25089d8f8ff348c1da0c,1000
47,25,male/caucasian/alexander-jawfox-BdfMdaTWGLU-unsplash.jpg,c3fe3f8480f636d33e0d5d3fd0bf04cf2356618e61e5a26d1004908113305bf3,1000
47,26,male/caucasian/alfred-kenneally-JwzpdmSYIDc-unsplash.jpg,87213969b290d52f00354f39813839baefeb6fa2b15871f0757c17d9397f9031,1000
47,27,male/caucasian/ali-morshedlou-WMD64tMfc4k-unsplash.jpg,eb6172f0b1de8c79541f787a3b02585a433b6182906c66eac072c633648f2804,1000
47,28,male/caucasian/alyssa-graham-Rg0ul-v4d0A-unsplash.jpg,c251f46d3550c8a4649d8c480e39e71f8c3ac4ae7e7e5a6618abdafb1bf1af6e,1000
47,29,male/caucasian/anastasia-vityukova-0jSd5XW58Ak-unsplash.jpg,b97bc1422dee66be171df34be6b1d6535b0814a096553ec853082e881a36632b,1000
47,30,male/caucasian/andre-sebastian-C2Nf5iPOnz0-unsplash.jpg,edb174ca9b229bc2ef67b53597f13f258fa246249a2136abcc0bc66803f4d8e5,1000
47,31,male/caucasian/andreea-pop-bTVliFTsdHI-unsplash.jpg,f24a614efd06bc4dceb1c912e5c1835a51e32d7598aca2275f10194d487bb702,1000
47,32,male/caucasian/andrew-lancaster--rRZ_vlrawE-unsplash.jpg,5dfcfdfb6e9ba0ad7e8e1b806e016b8c1b156765e4f6f2129a5261dc1b2d079d,1000
47,33,male/caucasian/andriyko-podilnyk-S8ufy2IyFnM-unsplash.jpg,ec158091dd2ce8226acbf11365ca0b80fc67c39bdc8e9f3fd841008bb78ed449,1000
47,34,male/caucasian/angelika-agibalova-06Bl5S7tySM-unsplash.jpg,cd170df5ba2427f29e80e2701cf4226201c530eb32ae391b859d4c1502f77273,1000
47,35,male/caucasian/angelo-abear-l1AXPSU_W9M-unsplash.jpg,3cf36cc7c2110e20436c3dd8fa61e88e987aef18105da4b3bd76cab72f1ba332,1000
47,36,male/caucasian/application-1934972_1920.jpg,f10c02e875e547e7f97e84f9d916a78435af01bf8e0ef1bae8339854afa7e83f,1000
47,37,male/caucasian/artemy-pyankov-rshCkwcpZXw-unsplash.jpg,7e14172596428986941340b6cb3171558dd72d7ce6fb7dcfe5a5f00d570082f8,1000
47,38,male/caucasian/austin-distel-7bMdiIqz_J4-unsplash.jpg,7924898e2b160772de1da1868667119141990498e6fc9f2fd7cfe285c1d45e96,1000
47,39,male/caucasian/austin-human-Ec7cHN7ofi0-unsplash.jpg,2dbcbf4ac36e33f9af3c46ec12767aa12b1d16483fe78acaec9840281dcda682,1000
47,40,male/caucasian/bannon-morrissy-RxiAV5LC-ww-unsplash.jpg,cc00e75693001b4cce4918bbab7eb74fce65be187d12b1385dc1e2f4686da61c,1000
48,1,male/caucasian/bantersnaps-mtsb-bCvrBY-unsplash.jpg,df67baa954bff7a5a34d09ae65c3f6952269403b8a3c23d3f9b526d9ca80e8b7,1000
48,2,male/caucasian/beard-1845166_1920.jpg,7da1158b85bed82d34ef68703d0b768837fab5c9a5fa4d5f37509c8a7a322a15,1000
48,3,male/caucasian/beard-4136705_1920.jpg,b66a2da9549a4efc68f88d624499042a1dad2579a54533cff3a61e5496242915,1000
48,4,male/caucasian/beautiful-3027662_1920.jpg,2b29b573a80fefc8451494839c6f0e6b6b5395495abe8e8c01e6adbcbc336347,1000
48,5,male/caucasian/big-dodzy-MxXdQOvU6ic-unsplash.jpg,19591ec067e1a20ea035ae6c9fc845fec38dfef6df9568121fd39d4096b5fa3d,1000
48,6,male/caucasian/black-2178681_1920.jpg,83d6e6bee4855440b921c4ca1f3a8567a13c6b3a3d8e8d89950058ca54682afa,1000
48,7,male/caucasian/black-and-white-4387130_1920.jpg,3f9c77e45e0ee35fceaacd78e9bdf8c6a37a5563e6ac1488b0758321405b97ff,1000
48,8,male/caucasian/boy-1185446_1920.jpg,2ab43239291dabb01182e6b3f2f6e25e17de8f76b767a64c3ab0d0f432615059,1000
48,9,male/caucasian/boy-2145113_1920.jpg,92119cf00561e43d76f4eb84261c35b06930ed13fed3c67e5894f8a1c2b5da62,1000
48,10,male/caucasian/boy-2301660_1920.jpg,d4578fbfc5c57c98c406c8672c8818d711b85a91af5b9aa33c993a51da655d72,1000
48,11,male/caucasian/boy-2420289_1920.jpg,0c4c8bd8669658f844441c03841ad4d1cdb56ec013d7f5bc4c494d30e735fa9e,1000
48,12,male/caucasian/boy-2691494_1920.jpg,7003d730a84723584beffad7a031470c77ee416bb8a2968e758f7f24dbf605a4,1000
48,13,male/caucasian/boy-2736655_1920.jpg,0d2d13dc696f602edf3b46d368736a8490de640210d5431677bdbe6be28ca35c,1000
48,14,male/caucasian/boy-3008920_1920.jpg,9902a599f91246121bc04250b4d59c9762f65a5569c83de6fc84920482b10b47,1000
48,15,male/caucasian/boy-3028416_1920.jpg,669d0a26b7cddffa6f6ccea514d6f8cc53458b558734869eaa8b6d705d11af49,1000
48,16,male/caucasian/boy-508524_1920.jpg,459a0bc6f71415bae7c72144b527046d949f2615091015ae7bd7de0e5f99bb06,1000
48,17,male/caucasian/brendan-hollis-A6Bv1AD8F5U-unsplash.jpg,517284f269589ac95116ac8032be4d90ca53b45b42567aeb0515eaeab1c49205,1000
48,18,male/caucasian/brett-952579_1920.jpg,6ef68c62277c6c10910500adef618437eda0f2117d5a1a7ab47f5312065d3ea4,1000
48,19,male/caucasian/brittany-bendabout-dxSOJGYFJ6Y-unsplash.jpg,1f80f94ddd32fa37d9ccf76fe2b83469ee42a44c6cf34c858237c3a1553aec8c,1000
48,20,male/caucasian/bruno-bucar-BGcjf5DzK_8-unsplash.jpg,76158a8275f70a687ffecd027a9ecfc1b9d9a28556bc8965145e9d5c1f59a28a,1000
48,21,male/caucasian/business-1323472_1920.jpg,f63d36f127ccb712227986447b304b9974efd39a214f21dc51aed6bec98eb82b,1000
48,22,male/caucasian/cade-renfroe-V0U3m342g1Y-unsplash.jpg,46c26b6570745d95465fa5947e585b8302de5bea8e8445d276f126cb3d4cda8b,1000
48,23,male/caucasian/carlos-andres-gomez-GpxY8FOpPGg-unsplash.jpg,81fa7eb32a621fccc7217c783526d788a6886326c6d55f59609303fe31106057,1000
48,24,male/caucasian/carlos-macias-UWRTZRwPLyg-unsplash.jpg,ef0eaf593f58ded43fe170aa35ac5beec5a2ac8314cbedebe794768efe137345,1000
48,25,male/caucasian/chalo-garcia-2mWKL_I70qk-unsplash.jpg,0a3bc4e6c5460d454761ef57e9832c6a76968190f7afd20c589fe4ec518cc15b,1000
48,26,male/caucasian/charisse-kenion-bYxVLLifeIc-unsplash.jpg,8b4b27d389e1cff062eacee0310bd87519f34121696976e8a25a75e6ccd27055,1000
48,27,male/caucasian/chase-jiggliemon-wilson-tu_uBj2_oTQ-unsplash.jpg,49bab246c4dc6e1fe7e27c6256bf63c99cb0dc86b2ef8a99bedb16ca610043e2,1000
48,28,male/caucasian/christopher-campbell-jxWFbUqNEOM-unsplash.jpg,55434917595dc779f10f6912a4e52bb19dc82db016a471e0bc6171dbfd2141a8,1000
48,29,male/caucasian/cobro-vfidsFiK-lM-unsplash.jpg,ce297661e353bedbc88909af82b20f8ad09addd0483b9c92ed33933831800df4,1000
48,30,male/caucasian/coney-island-4488742_1920.jpg,f5589a1197d661c3c5b2c9c144af839b54c566b54670c09720e7662f4d45323a,1000
48,31,male/caucasian/conor-sexton-BBhY-e1XsT0-unsplash.jpg,4f9e8e2b770d7ab5067f199b4e3775b7fb79f0f67aa4bc882d851228d4e54ec0,1000
48,32,male/caucasian/cowboy-67630_1920.jpg,cbe51ba94b2bc7aff144081f1b4c256c3049554f3f3463178e388427317722a4,1000
48,33,male/caucasian/creating-a-brand-qF-W8_oNHzE-unsplash.jpg,289c1fc2d98ce0bb91dbc3553dfc427b38f0d6403dea4b648fb5c1dc6271f6ee,1000
48,34,male/caucasian/creating-a-brand-xcQWU0Eff-U-unsplash.jpg,ef9892ce4b244a37c25f20c4b4aef4941a67f78e3814118dfee5372590df7b3e,1000
48,35,male/caucasian/dane-wetton-vzticETKMYU-unsplash.jpg,00187dd1369e10b4b7c7bfd4c353c013e91d7fc82c10f71c2d22ea7e47b8a3dd,1000
48,36,male/caucasian/daniel-lincoln--zhQtP1eUdE-unsplash.jpg,742a1ca948864cccf780af9ddc468203067e2d528e067069f79a875c2415bf48,1000
48,37,male/caucasian/daniel-logchies-N_ugHGVjIbc-unsplash.jpg,5ef965c9b0ef3833271dc55cced4790d910ba8e832570c292d0ed3065684c302,1000
48,38,male/caucasian/daniil-onischenko-_J2fMaieLSM-unsplash.jpg,0aedb67138a4cb86bbc0e6f518d6e377bab401e466352611e942c9c2796c54a0,1000
48,39,male/caucasian/derek-owens-YCbJCM249KE-unsplash.jpg,24141058c6e27ce3fcbec1c0c2393df7d7bc8db173ca2201073bc294b35b61d2,1000
48,40,male/caucasian/derick-mckinney-243Q39DzM3M-unsplash.jpg,aeee8dbcd1e21790502a556bd3eb95da1da4c8d06fa52bec802d4c117b5a5e6d,1000
49,1,male/caucasian/derick-mckinney-bBuUjB98PPY-unsplash.jpg,2a420b6f3b0a8bcadad84e339529906db2a692dffab5ca24f8e4d7dfc5685ccc,1000
49,2,male/caucasian/derick-mckinney-eyFbjKWlR2g-unsplash.jpg,8e3f27d93893e1a2bb45852b3f115788e01b51ec613f36e2ea4f681fcbe7b26b,1000
49,3,male/caucasian/diego-sanchez--1cYDFE5-Lo-unsplash.jpg,a2a300055cada3f47886505f92380d6e4da39117889146cad126ce9c9345ae6e,1000
49,4,male/caucasian/dima-dallacqua-4c23dXiYPhc-unsplash.jpg,359aea5af1bfe5b5ee83f61c5690f6840d91c26bf621a80055519a9b8f04764f,1000
49,5,male/caucasian/dmitry-vechorko-E9PFbdhZmus-unsplash.jpg,5129a167c3c02ce7b5aee25455b20b94fec921a833afa96b1749daa9949f4af7,1000
49,6,male/caucasian/duman-photography-GvvtE31b0JI-unsplash.jpg,1ed2cc61c4db67118129eb60ad7d2ff1c7cdae69dd8a48968f4048bda8af5d36,1000
49,7,male/caucasian/edwin-ashitendoh-Ss9zJmj4G70-unsplash.jpg,19ee9717977929c4e9394bec77b8114ea58c9099d5ef2d7dfaabd21a19ccd74b,1000
49,8,male/caucasian/elijah-hiett-m7bRe_XS7BY-unsplash.jpg,0ac3d78efdd68d252c0eb18de49a1387bd50d9de3a7d40a4653ac042d13aaaeb,1000
49,9,male/caucasian/elizeu-dias-BiwrbstAhOI-unsplash.jpg,63e72ee72776ff049f99f8dcf4ad17ea4e9304f250906f48f2e8348828dcacee,1000
49,10,male/caucasian/elvis-ray-tbSiO437eDY-unsplash.jpg,1337b0401ffac55e758b00c7690e023680529dcd2657f39976c1355372503d71,1000
49,11,male/caucasian/emiliano-vittoriosi-fIM5oAdHAxE-unsplash.jpg,c71c739d2633298d95e292f61943b67c4cbd8edc65dc2f11cd7a778048ba090c,1000
49,12,male/caucasian/eric-karim-cornelis-b3oyT44E3LE-unsplash.jpg,61011f8f2598c9adc58d1d7e17ed87f58ff66151a45d9c4d7bc35833faea74fc,1000
49,13,male/caucasian/erik-mclean-06vpBIHmiYc-unsplash.jpg,688c59ce4673f114a5690181b121502c610f83dda613f329a2bdb753d2aa8797,1000
49,14,male/caucasian/erik-mclean-8YbkDZwLx70-unsplash.jpg,97790370f6de8b94d2c719c2b3123c4a45cbacbcaca83d8ee608138ac77c65d8,1000
49,15,male/caucasian/erik-mclean-seybbgI9-4k-unsplash.jpg,58fc737d65bf99368c9069239969cbb7e6d388c2ac2e23e79eee648bd41a6705,1000
49,16,male/caucasian/esvan-UvgK58_MU9c-unsplash(1).jpg,1e4e15e0d8afad751e31f5fca834a69d79aabe6e26da71e09ac46c706d679b1f,1000
49,17,male/caucasian/fabio-henning-m6A7X_C8Jq4-unsplash.jpg,aa0a139729ddf9781c47ca593c020e3084e94aa4fc0de73ac2f567af515dd4a1,1000
49,18,male/caucasian/fabio-henning-vnTk1yaRgzg-unsplash.jpg,57e5ad12563569838e8c7a2d78533ca0406cea461dd6ff36eeae020b5eaf5fc4,1000
49,19,male/caucasian/fabio-lucas-LFqkME0ZlY8-unsplash.jpg,efc1a987ea114e5a3b6e99af1da59e45cd7caa4d8de524d82dea9f440ce44493,1000
49,20,male/caucasian/fabio-scaletta-yhKc2M6Z500-unsplash.jpg,ac4bc50d21d12b1722eed712448d74c45dfdc55c6115b5e9659100d5ddc3745c,1000
49,21,male/caucasian/face-2171923_1920.jpg,3da4008e0f14e92f606f5bc99ff1a8312af9fe560aa45fed9c2cdd5b23d19e4c,1000
49,22,male/caucasian/fashion-1866574_1920.jpg,4d7f94727ec882a11f1419100ce1e82ce9fc3c55220791b41469c4c14cfec343,1000
49,23,male/caucasian/fashion-2082066_1920.jpg,88a74a620bfa9c297778190687d94d35b2e6c62d6ccaba5ff21d61d833210fe7,1000
49,24,male/caucasian/felea-emanuel-Pv5y8bab5L4-unsplash.jpg,ae915423609a16a3b87166f542da58d67bd6e6ec592f87d12877cd8407f4a2a5,1000
49,25,male/caucasian/foto-sushi-6anudmpILw4-unsplash.jpg,c9e623f6167d77038cc2024c3fda842cb054809c8573163e1780273f00226391,1000
49,26,male/caucasian/g_11.jpg,a18960894131f8bd6c93255ebf0d116717629f25657dcec1aa8cffad251b9f83,1000
49,27,male/caucasian/g_14.jpg,b467c1f3d7b153010ad8899eb54c4f988d3458113e67691ff4cec1474e5b0d4e,1000
49,28,male/caucasian/g_3.jpg,2c3a9ff8ea500cd2d83b1167d714bbcb75979076ef378c5d01a8a95622e1959d,1000
49,29,male/caucasian/g_6.jpg,406479de03e69aac2b9be89b6c8fdd915dc0119110b146ffc671dbb305f2f5a8,1000
49,30,male/caucasian/g_8.jpg,3cfabb7fafeb03849a1fdae7764578a0486da53880699409a9e5244993e45672,1000
49,31,male/caucasian/georgy-trofimov-rowvvDUAs5M-unsplash.jpg,7cb1b812ecb862c94fe7034269368fb21480409ba6f0aff3f38246e1108f1dab,1000
49,32,male/caucasian/gregory-buzdyk-bdbC8RlXSUU-unsplash (1).jpg,f04f68013a494442ce6e150061f2d951a34fd8638d1fb5eaf01d0066c46921cc,1000
49,33,male/caucasian/guy-1266366_1920.jpg,2ea5ba66b7d1040b67d6f15dc62169fad27786247b6cffc33016c6acb6a40b27,1000
49,34,male/caucasian/guy-3608788_1920.jpg,f4b4ad67c89a44c503852694bf6ea9873d56cfe92b1507c55b007cf8072bd861,1000
49,35,male/caucasian/guy-4392888_1920.jpg,b7e018879344a70e35d507fd0d3c7d461c4c04f27330c8905a16f835872b8298,1000
49,36,male/caucasian/guy-4478447_1920.jpg,b6dfefb87d707b694951fdd0c7db0e4be59cc73df18a1536598de4f88c1b98ae,1000
49,37,male/caucasian/guy-4733624_1920.jpg,74ecbb6a4b7fd228ed995548185f40d033bfeac7d67cb6916affbc0d5318a450,1000
49,38,male/caucasian/guy-4733626_1920.jpg,f08b7a134ded734fa62d6791f2fa6eccd0d0b78674f6e86090a42a63174b13fc,1000
49,39,male/caucasian/guy-690653_640.jpg,388f8dab44b522df2cdbd1704740a9a9d473f05f13669eb64301a01996282efc,1000
49,40,male/caucasian/guy15.jpg,978ee60d76fc72d19d995c5a8786aabf8b282f07f3266743d7ae434c593037c1,1000
50,1,male/caucasian/guy2.jpg,08c374db85c60f39c37b96bc5154e5cf98d1f547e914c6627b2a85bda8ec47cc,1000
50,2,male/caucasian/guy5.jpg,548e7c8992cd289357de23c08c00b88cbda3415f29d8f28c5d0615729df929b8,1000
50,3,male/caucasian/guy9.jpg,5d9accdda8e9313a4099ea97a3f90bf8483bd99b5bdda8f4cb971e8dc1de759a,1000
50,4,male/caucasian/hamid-tajik-FjT7kFSFczs-unsplash(1).jpg,02d84553db29ef9476e114ffd602beee882d8f67448fa0f892a89de6d95790a0,1000
50,5,male/caucasian/handsome-4133131_1920.jpg,c4e1f71a8f6c410e3f2ef277beeb62c3c53612728f88fa7bd3115d5e8136e441,1000
50,6,male/caucasian/happy-3004355_1920.jpg,64d56a4fffe99d559df87c01f7cac145207a61fca7ffe52e3c8b1c40c28fdc32,1000
50,7,male/caucasian/harishan-kobalasingam-8PMvB4VyVXA-unsplash.jpg,ca8f932c1bda40f285f55dcbef86fc866941e6822c443e84d04b758f362e4647,1000
50,8,male/caucasian/harry-cunningham-EPi3TRQc5Z0-unsplash.jpg,d01054071dd401d0d90bbe6e654d28c74998f5e200c9b41ae30be1bd4729d62c,1000
50,9,male/caucasian/hean-prinsloo-OVfgeJIghbU-unsplash.jpg,7b2c2925e10791cc626a70d73c9f9aa81eb7f9b8a6a7d61dad405953e18bd111,1000
50,10,male/caucasian/human-3094550_1280.jpg,1be950407045aeb05eb6c9642f5c2c0482277e9420e7f0330fdac1d81ec77fc1,1000
50,11,male/caucasian/hunter-newton-WQEe4c757Gs-unsplash.jpg,9b10224a5bc225194f884ceb8262b7aa06ff2c20f2e7a5f8501097d1bada7964,1000
50,12,male/caucasian/ilya-shishikhin-2blzycUKsA0-unsplash.jpg,3593233ac6e52ed362fffc3dd0b26fe20a9d47de1123e404106a0057ac041950,1000
50,13,male/caucasian/irene-strong-Y-AQ3mBVros-unsplash.jpg,1bbed0d6dafbd2de397e8fd49f504ed98ba2356e7f9b6ef9222b4469c4b273c6,1000
50,14,male/caucasian/irene-strong-v2aKnjMbP_k-unsplash.jpg,9fe16f7760d35eb8983927f6f19bfe87477a82888718bab01f96458328263852,1000
50,15,male/caucasian/isaac-reynaldo-70BSk8hT52k-unsplash.jpg,3246887aaff8a7d38c1a0719d64fe778b5619c75aa05db2b550489430ad72308,1000
50,16,male/caucasian/isolated-4063379_1920.jpg,e97b1d6ffb7fd800e4e67697b7dc5c4c45ae9c10aff07cb5e4d19e8a5bdc6376,1000
50,17,male/caucasian/jackson-david-8q-EOrlhP8I-unsplash.jpg,221ea396808a39c41cf4ccfa8d928ab0565c8f560e41a629788ff8430e45765b,1000
50,18,male/caucasian/jairph-qygkHfHMaBI-unsplash.jpg,790be23d596e8b3291cfbb03c00cc0cf3d4cc7e71661621e51b7ea2e900471be,1000
50,19,male/caucasian/jake-davies-nOxQW5SIx9c-unsplash.jpg,65193b6ae1ee38edc25e3bf7d12d7fd3312a865229a43b9e73c6eb6512adffca,1000
50,20,male/caucasian/jake-oates-9gGTLP0QL1M-unsplash.jpg,30383e1b4fe1cf2dbe3cb22d0701beab64d6ab60c802b77e91062b76f480eed6,1000
50,21,male/caucasian/jalen-terry-QmWqxITdWbI-unsplash.jpg,9aa1b3b6bc75b1b0a521c76a8391213e5d5480291d100911257817393e113b78,1000
50,22,male/caucasian/james-barr-_U7YytlNunM-unsplash.jpg,31c30255b3342b04c0888574d4f67e73cb7fde793905ae609ac087bd01d09aea,1000
50,23,male/caucasian/jarred-ray-Nskqh3dRzSQ-unsplash.jpg,5bc35dd52ef87e728d36d2616dab466dcf70aef9725ec38e51dc03951af5546a,1000
50,24,male/caucasian/jassir-jonis-Hr9BKfMF6QE-unsplash.jpg,0acc32cbc63e25ad27ca130f2c88bf53386b50da5651d87d8d0da5b514489114,1000
50,25,male/caucasian/jens-lindner-dP6g1YJWQcA-unsplash.jpg,7218e386806a99eedbc6b16a65c6eba6e7b1392a8c3da8a335b933ed64c0db8a,1000
50,26,male/caucasian/jeremiah-lawrence-5fD2hY1lv1U-unsplash.jpg,c064c088f0622ab346119d5478de1e7ae954628c27c0fd6aef718addf2acf137,1000
50,27,male/caucasian/jesman-fabio-8yd15MUkIpI-unsplash.jpg,1022c2181b97c1adb4c61a0b34deb32893aa2908a69ead09388cf5de3c36f168,1000
50,28,male/caucasian/jesse-schoff-ibII8H5Ad4c-unsplash.jpg,ee2b8e5d595a6c67ec6793cc7287ef811b179576ebfe50462239369823c6ce4c,1000
50,29,male/caucasian/joanna-nix-walkup-LalqRz_8QRE-unsplash.jpg,0f380e805bb994b7d0ce3ce388da69a083a2e01ed380ec974949cbfb0821432f,1000
50,30,male/caucasian/joanna-nix-walkup-VWAzEW0bi58-unsplash.jpg,c4b7384c9f8c362c7d72935c3ffbe638c27d8ea1bf8718db2efa3e800758e24c,1000
50,31,male/caucasian/joel-barwick-r0l0Es5fbbs-unsplash.jpg,8653095434b866def449595d1f832d4bcd880b9c15c5e056cb354557131c0a55,1000
50,32,male/caucasian/joker-5485787_1920.jpg,0694ad6c9a13c8937a4cd2bcfca5dd9d3b99ea1b7630400430c9f7d94ce0046d,1000
50,33,male/caucasian/jonathan-farber-QaAZ82Kspck-unsplash.jpg,8abb90f5ce01047337e3b20e9a37609e638a53773719f8f8485a50e2d3625bdc,1000
50,34,male/caucasian/joshua-reddekopp-lSD2Y9AydhY-unsplash.jpg,ca6cb7cc651b89cf3f61e5a1d57fe3e8b2df6164cc8db2cf42e1a2ce3c8bb691,1000
50,35,male/caucasian/joycoast-wood-watches-sunglasses-xUsrdhGRMfE-unsplash.jpg,1579919aa1c7b2eb44fd1385ff61d0e57c1f64d0b7919147e6f68ccd4b7322fd,1000
50,36,male/caucasian/julian-wan-NHlTr-9eE4o-unsplash.jpg,1284e2347a29e3b704002c28d8d0f00270a96b2433e5be7248fa71de77ff4d76,1000
50,37,male/caucasian/julian-wan-cCvnG-937HE-unsplash.jpg,05f5c9b0f4e29e2103a029bd3dd8fee22eb18c33ae3edb579ac47ef9a1f5f557,1000
50,38,male/caucasian/justin-chen-J7Cf1Gch49E-unsplash.jpg,c5b2aed7bc16bd5426960daf85f1d39bbe01f70a5578c91150b44fb665028b6c,1000
50,39,male/caucasian/kas-YHDWG6-EsYc-unsplash.jpg,f0b097de5d89b12c6d49090f1900192e450ca493c6acfe84153f065d3469ba5e,1000
50,40,male/caucasian/kenzie-kraft-OIrGE60UwAY-unsplash.jpg,08e5732092b9d855c7f110fe1dfe3eef663ce5bea6b545bd613bae2719b4a321,1000
51,1,male/caucasian/kenzie-kraft-b8vUsjhAeYQ-unsplash.jpg,ede0b923c15b9eda9b7feaf79a24796ea92562c21f7b0166c344fa440baf1b93,1000
51,2,male/caucasian/kon-karampelas-5Mo6u9CQLTE-unsplash.jpg,17d7b3b8f86f62a50c6c5adad99b18e3b6a3bb65ba197ba64bf696c405dc8008,1000
51,3,male/caucasian/laura-dewilde-G2iXD2Bkt7g-unsplash.jpg,255a964d7cb2cde52c20b157d67d3ce4fdc255516b897f79a66f6377aff3a027,1000
51,4,male/caucasian/lesly-juarez-RukI4qZGlQs-unsplash.jpg,bfe23e3a1b3a7c391d4594b431b62c1f7d9ec537fd7e525c5401c98c14333069,1000
51,5,male/caucasian/lisa-wall-K80QIp2VW0E-unsplash.jpg,85d9223d86f47cdc9afa89cd594ef328230a78435ded220200a0a35f4956e1f9,1000
51,6,male/caucasian/lisa-wall-x5aOKbKhM_o-unsplash.jpg,f7b3f0c71e0f23e8bc4a7f2c3267e03b8a21f7edc459bcc410b3e3ee3d862f2d,1000
51,7,male/caucasian/logan-weaver--A5R9HBwjaE-unsplash.jpg,e3595f000f48536954254617ebfbe1f1ddbe8995db8e3fcd10dfe52433a78e09,1000
51,8,male/caucasian/logan-weaver-7z2KFFWQ7n0-unsplash.jpg,5bd0624c723d2c1e8ca956166466eb554d244c8962cf9bca0d1e7f59710fe354,1000
51,9,male/caucasian/logan-weaver-s_mI8h4_5JY-unsplash.jpg,b633594d2c9f3ad35feac0acbb20b34d8c853a707e98db2ce2121b1014e44746,1000
51,10,male/caucasian/lorene-farrugia-UJLAMjEjISo-unsplash.jpg,860ba00ae7a5e0fd41a46a83fd6c3f519f56f0da39aa1310b71f5863023f5792,1000
51,11,male/caucasian/lucas-newton-GkQaSPkp54o-unsplash.jpg,584f31fe2dfb7692e982002d193e4f5ab01a56828f1f7da647ea8e40dc03fc58,1000
51,12,male/caucasian/lucas-ruffiner-_Z48n2rZk5M-unsplash.jpg,5c3d8943be1c687fe4f53b180f3f71e1450b6898511829b6c5218c8a4e96d3f9,1000
51,13,male/caucasian/ludvig-wiese-d-MfHM-jHwc-unsplash.jpg,51ff8fc1279b28fd5eca2cc5b1e29dc2e38d3202480211fc74e9d8b574cdec03,1000
51,14,male/caucasian/luis-villasmil-hh3ViD0r0Rc-unsplash.jpg,fce2e4279cd0b1c5da79a3c725aba46700bbbcf20466af84ed12c6f50c011ee1,1000
51,15,male/caucasian/luiza-braun-VaXkho6CPx0-unsplash(1).jpg,dce0105674c69d477914368b72ce04212c6c6f12213a196236dab0ffa8616ba4,1000
51,16,male/caucasian/lumber-1281323_1920.jpg,72f13a9bde4d16131607cd690666f46e177fe2ad40ee064a2574538465d62404,1000
51,17,male/caucasian/luther-bottrill-DVeTzIywKw4-unsplash.jpg,e3df48c07f5a0ab72bd1e6b804ea5122341febfcc3277255809a377c2a34fbcb,1000
51,18,male/caucasian/male-2634974_1920.jpg,12178d27725e2f5a13d2b416f64d4cdab3afc9f642c81a1b728af4c49c9e2495,1000
51,19,male/caucasian/male-3673510_1920.jpg,79ede21d3ccc0c76d9ef539bd5283bbd95c1078eff76c660aab25f160a1a264e,1000
51,20,male/caucasian/male-3847141_1920.jpg,5e76b92b6432d53c8751cab366a3c8e4d42f6bbd238b920e6e95968afc8cb863,1000
51,21,male/caucasian/male-4494498_1920.jpg,947b1df312456f377802f3fd44e37e23248045e2f1dfaaa2bd69585112c7ca03,1000
51,22,male/caucasian/male-4572748_1920.jpg,000527852739f9f55ed4932a1616f57e2822a37c98ba446a4ed08a77f6ef0e59,1000
51,23,male/caucasian/male-467711_1920.jpg,41836830a1066d0c96266ee8c4c3b5bbe580815d8a212bb1471396324e720e0c,1000
51,24,male/caucasian/male-model-2807612_1920.jpg,ddd8e9139239935bdea223648a6472589d43310935a2c77b86b79622877a11ed,1000
51,25,male/caucasian/man-1122364_1920.jpg,7a4c4df271a4731e793b4ba6df4a36f80dbfd18bdc991ab7209bb40de269f6b8,1000
51,26,male/caucasian/man-1161334_1920.jpg,4a55cac06fb0fd6c00090da5872a8c69b7a00255ebe34cb873887b5f8b5be2d7,1000
51,27,male/caucasian/man-1209494_1920.jpg,f4c99b39bac79bb1ac55ec75b2caab1b4bc22305a0248a253c8d0ed3c63169c0,1000
51,28,male/caucasian/man-2326484_1920.jpg,0fdd76638ed22cca0b76b86d63662c3fcdaa1a8024357f9d7d298b3253e4e103,1000
51,29,male/caucasian/man-2590777_1920.jpg,efa00d2a2786e15f7e2e629fe795ddea832d5aea3523211c5870fb4da80c6ae8,1000
51,30,male/caucasian/man-2616244_1920.jpg,7b5e24dfa623294d3f42a34a4aabddc034afaa6c72fda97f5ed10d39a0904a2d,1000
51,31,male/caucasian/man-2804281_1920.jpg,1bb81b76ab9a1bdad470c7a0f6bb3eadd41afcdc6d419d1c2c5b4cc5ccc2ad5c,1000
51,32,male/caucasian/man-2854030_1920.jpg,f65679ccb07a5693da6e76700cf033b67b84854e297d0b7d43f01b84d068cbd3,1000
51,33,male/caucasian/man-3122063_1920.jpg,ef1b76daf6e8b7cde3787f10d3d71a754dc0c85ee8b43c0d9f67d85cddd7b13f,1000
51,34,male/caucasian/man-3177583_1920.jpg,c4b1dc42ca70d915f8183f2807f90dc1bf1607ca3ddb7fa618bef80ab003823c,1000
51,35,male/caucasian/man-3373869_1920.jpg,f3170d96b73e409f5daa8f1d8ef18a40e995126f07ce45a76726311c30068b46,1000
51,36,male/caucasian/man-3403180_1920.jpg,2046bc32c2f0da75003d027e7e20fbc9dea5d94840e36acb031382989029642e,1000
51,37,male/caucasian/man-3437398_1920.jpg,e4cb546942ab292101eccbfe957188a25b38992593e3a198d17472ec60dce6f1,1000
51,38,male/caucasian/man-3439283_1920.jpg,5b293b936c09da7012974cf3c8fe2e94e96bdd07778ac03bac67841ecbb08716,1000
51,39,male/caucasian/man-3552370_1920.jpg,44b2f31dec11a651840c9d03d081a4bc9ee63769e04e0002f871deaa2875609a,1000
51,40,male/caucasian/man-3786991_1920.jpg,f88c16b1278bfb87a59f4a0e9c3a463973c33edd50b8c67ef0a645fc74979d76,1000
52,1,male/caucasian/man-379677_1920.jpg,345d88288a4020ad3697c2afece380161ac17b90e42c5dc2fb4da2b818264da3,1000
52,2,male/caucasian/man-3803551_1920.jpg,804dac61cbce5f7ebcae33dba846168b71b0b7f48906e4e787d8e2db553f6acf,1000
52,3,male/caucasian/man-3967820_1920.jpg,bcfa92e5d2d8eecdeb98afbf455891ad9c494b97b5d6c2780a53fd2cea08a686,1000
52,4,male/caucasian/man-4070556_1920.jpg,6ba0000375973b584c8d9c9fb795e3dc3f78f09988632e9cb70231107babe570,1000
52,5,male/caucasian/man-4123268_1920.jpg,1e72b97b7cd46728e16abd86aeb236febc785c878b44c76f19bdc0269c7f054e,1000
52,6,male/caucasian/man-4302299_1920.jpg,c0d8291e1273e24a514a1a738fb416b8ab9decb70734c81ff3b67d88c868c1fc,1000
52,7,male/caucasian/man-4818722_1920.jpg,f5bc060b5b5cea491cf8f49081ee75bb30c6bf9a8a7bc1defd794404a63f97a8,1000
52,8,male/caucasian/man-5917529_1920.jpg,ae30537e316ef7745454ce55820bf7dae6c8dce2dc0cb90e214e2eea76ff70b4,1000
52,9,male/caucasian/man-5928801_1920.jpg,dcb34379b05bf2d7aa29f0296e5fff29ba93c81509c49c801dc55bae7dc97c9b,1000
52,10,male/caucasian/man-597178_1920.jpg,1dd00824f27cbdb7038ddb976b3555fd1e4e396c7690edbe65b5cb24032e448a,1000
52,11,male/caucasian/man-838636_1920.jpg,a95d9c8f137566b2aaa8a4708b7d405af3a122e00848cbc9d4ac1f41e6d85128,1000
52,12,male/caucasian/man-919045_1920.jpg,d567f4a25e7b47e3879d11ee9d72e53829c0af0e04e7a45b094c144e7010399a,1000
52,13,male/caucasian/man-931974_1920.jpg,d2ac8609cac5704d5902d1b5d5d9373caf3c8d15d6dec297506824179c7d002e,1000
52,14,male/caucasian/mariana-sandulovych-m23wyWvZw2U-unsplash.jpg,32ee2293c6537a310a29d444c9fba20652ff43bc328a9d05911bbea8507737fe,1000
52,15,male/caucasian/marie-michele-bouchard-8d-1HViXfdk-unsplash.jpg,19ebc7f9d1cc7b95d597f8d28f4aa0d3e4ff7f54dc4f77dc08c7ec6680191d67,1000
52,16,male/caucasian/marie-michele-bouchard-Jdcfl34n-AQ-unsplash.jpg,f22d01b9e55df4fc8d190c6e3802316d7d21c316bd1fa771880b9d8826c9d1c0,1000
52,17,male/caucasian/mark-farias-dt60oksDTx8-unsplash.jpg,a64d422b69f0faadfaf9b22fa72885430c40ff804009a8f0d73e86b597095adc,1000
52,18,male/caucasian/martin-magnemyr-V4B0nrIJcls-unsplash.jpg,db8d29ac7a55b47df6417924fd3b3fba630a83efdc620a514647d756c614606f,1000
52,19,male/caucasian/mateus-pinheiro-6e0z7TFIlo0-unsplash.jpg,972865640f57b54ed798dd14d0d1b1464b6c5cc6a6b25b5969b6fb6576d2f5c5,1000
52,20,male/caucasian/matheus-farias-fa314kBSJxo-unsplash.jpg,6487d5cf6cb31f74d86aaf2902d3b4e7c0b1ab90554823aafb9b1e4fd27dba0d,1000
52,21,male/caucasian/matt-sings-ixmVe2qr8TM-unsplash.jpg,e652e2d9c7a4034f13a5819fa257e0d11bacee208d2b89d47c3bb71ad7c51a29,1000
52,22,male/caucasian/mens-3849286_1920.jpg,28341c4df53e989cacb7e2ec85160e26aaf33f3bee40f8e7615730ca64640c74,1000
52,23,male/caucasian/mikhail-marchenko-nuOfp2JdBB8-unsplash.jpg,b6ad5e73dc30ad62a8779b384e551d222df52279a08205eb9bcc24ec0a6928a6,1000
52,24,male/caucasian/mitchell-griest-k879YX17xVQ-unsplash.jpg,e9330791e9fd704f7d40323b1207cb86093ac297082f2e230a659bd1612dff7c,1000
52,25,male/caucasian/model-4759613_1920.jpg,8551a5fefab0fb40a0b54e9e145e71467c6705feaae09649e6d5c9a1f16fff98,1000
52,26,male/caucasian/mohamed-nohassi-Z60j5qAOW_M-unsplash.jpg,26ff54b9ca5b792a7096ed959db9b4ca4e313bbea47353d11b06d8079ff6b9ce,1000
52,27,male/caucasian/morten-pedersen-Z-bgD8pMv30-unsplash.jpg,0db3077d678810e988b9f3559bd4ad2a39125e5a27fb0055ffd300c71afad9f2,1000
52,28,male/caucasian/musician-1380216_1920.jpg,81bd7112fbd457e7f8b289bba7757ec47ff2315524bb7f9fcf2523e9f774c836,1000
52,29,male/caucasian/mysterious-4289694_1920.jpg,2a048efcfd118fa2a7daf44d3d025812ecf075cd4177084bfc4352033830a76f,1000
52,30,male/caucasian/nate-J5U-22o1ubw-unsplash.jpg,771cb98b5dafe0a31423a4dcdb55b3566efea8577d568a5876e48f2b65ca126e,1000
52,31,male/caucasian/nathan-dumlao-4m2-An3yFx0-unsplash.jpg,10494451263f38434a0ec3361892e63885f39d6683f28c651318de45ee4fc3f3,1000
52,32,male/caucasian/nathan-dumlao-SJl7ZfClJEc-unsplash.jpg,768e49b8940b4d2777e4e6bbf50ab21ec6424acd6058f4a7416273d4b3aff174,1000
52,33,male/caucasian/nathan-dumlao-ger61_TX6oI-unsplash.jpg,b5b7821b826d14f5b68852d63276ac66e16828c3be2b4732915fbda8ebc1f99b,1000
52,34,male/caucasian/nathan-van-de-graaf-8ngIBwU2-5U-unsplash.jpg,f416e49a4840e37bcf9bde6161316c6c9d34356e607bcc85505d4f1dced17dc2,1000
52,35,male/caucasian/nathaniel-vala-cBKz-2Db6Rg-unsplash.jpg,868ebace3cf40a84e8dfa0d18a4bf480c54e55aaacc92e7d979e186b6a99f3c9,1000
52,36,male/caucasian/neonbrand-8AGfQQl_RSM-unsplash.jpg,7ced8cbba99d359c401c6aa735aa1ed41e52ea03485ade850ac2e32f0671b21f,1000
52,37,male/caucasian/nick-linnen-BCQVNAUo_7Y-unsplash.jpg,b299304c930851f4c4d84c1fa12289106e3583bc670141fec1ccf48d97818ff9,1000
52,38,male/caucasian/niklas-veenhuis-HqWKpGBPm8I-unsplash.jpg,274f86cdcece400e781cfb5200a73dbbd015fda200cabb8f672e27d5e5d2505f,1000
52,39,male/caucasian/noah-blaine-clark-d8OX1jeN5Ac-unsplash.jpg,3ffad4e022a7bb83f9b741fde779722432b66e43c8d34ad5db248cabced53297,1000
52,40,male/caucasian/norbert-kundrak-Qkka6rvSToY-unsplash.jpg,40e3ac5acfd27cfc1b7f2ce625ff849a26162664d94c933c0a71157f68b9f4d1,1000
53,1,male/caucasian/paolo-bendandi-D-8XODEIr_s-unsplash.jpg,71b054641d112a6e9cad9a427ae87778e85ea2924bcf33fe0f2707da9e0cfc87,1000
53,2,male/caucasian/people-1492096_1920.jpg,abe55bee3a2cd9ef08c62c8746807b22d02c705402d0ba9364ce83d56bb841a1,1000
53,3,male/caucasian/people-1690965_1920.jpg,6ccdb89d36f03a95ced5009e73062f6bce16121b57b8fbb30fe5f38025b0165a,1000
53,4,male/caucasian/people-875597_1920.jpg,3e937d9dbc2ec2c8fce60fde3500f46143e29fa677fdc4e926b627022a45b605,1000
53,5,male/caucasian/person-4556344_1920.jpg,5ad0f26e2f0ca983ada281a9fb2f79318fb9adbd7b80cc8357578d0a4e608267,1000
53,6,male/caucasian/pexels-andrea-piacquadio-3824771.jpg,30e9daf23e83756e3f068adb7af9980153060c3db58c4bddcbcd3e658ccce850,1000
53,7,male/caucasian/pexels-andrea-piacquadio-3831631.jpg,d8130c07cb3b68e7964b1c991bb3876812c76832da76494d2dd9d7b518e92626,1000
53,8,male/caucasian/pexels-caroline-ayumi-fugitani-3718045.jpg,5639ca1a3464a5030a99bef5197af68719c625267e7ab2679aba44f571c4bf04,1000
53,9,male/caucasian/pexels-cottonbro-4100430.jpg,91797e10667659ff4043c97b8e4fdb5d5e875547660d11068b6f11485e7f42a7,1000
53,10,male/caucasian/pexels-cottonbro-4812639.jpg,9a74065a35782a4451ecf010a2386a39bf93c13bce806e4c9ac9e3157e57cfc3,1000
53,11,male/caucasian/pexels-daisa-tj-3408420.jpg,18c967826641c5f5c9c62fb06ebda4d9530f7afc72d52213092ef772e2fab8f5,1000
53,12,male/caucasian/pexels-david-garrison-2128807.jpg,bb98bcbd0197afdde7afae0ae3102593fed764c7fc13e024314483bf924e95f2,1000
53,13,male/caucasian/pexels-elle-hughes-1680175.jpg,259124fd4e08b0039febc3a382198f58090b9bb6bf6b562c990842bceb23aab6,1000
53,14,male/caucasian/pexels-ethan-jones-3222422 (1).jpg,1e20bc2d37b66a199bc5ca097b1b3e7959e7c7a0898847881a7d53e7e1d9dc0a,1000
53,15,male/caucasian/pexels-ira-dulger-1452127.jpg,64d0cec41980af6f4742be87abcca323c6cec0db05854ff7fd82f3e2a8ef4f44,1000
53,16,male/caucasian/pexels-jaysen-scott-1858490.jpg,fc11e1e4a785b7976ff697bef714674ba13b2b476b7f3b1c6c238177b25a51ff,1000
53,17,male/caucasian/pexels-jj-jordan-3149592.jpg,be0c168730bfca874be8105c7d21fb2733e36ec67c688a815b181ed060c9f591,1000
53,18,male/caucasian/pexels-julia-m-cameron-4144458.jpg,42a7961f5d5ef1d9fb3f579bbafe380a2ba5a0c26cfab092e7f69885a835c57d,1000
53,19,male/caucasian/pexels-martin-p¿ªchy-2078265.jpg,90e3c16d373ceee1971f4ea2c5852debb673a44e703e9e14cc1bf44bba83ee2e,1000
53,20,male/caucasian/pexels-mart¿¬-pardo-1674318.jpg,53cef3f47efa7feffce42de8215671272ad7243e0032de05c5238c1f4e3d7426,1000
53,21,male/caucasian/pexels-ralph-rabago-3290888.jpg,a77a4ae02c03097516efc8cc135f1e53e69ee67bea04a4924f0ce7ac18742105,1000
53,22,male/caucasian/pexels-rodrigo-souza-2531553.jpg,910b45e1235481c83a5f67f5e4bf96632421d90c22240ecd2fa21e443f84c88d,1000
53,23,male/caucasian/pexels-sebastian-libuda-678785.jpg,1e147935601a74894c9f37f364c7f762b2128a847a5af7b14a26b383beb3223e,1000
53,24,male/caucasian/pexels-spencer-selover-775358.jpg,7f3fe5a42e32b1ad81e24dbd43809595341717b9c5bdb3431db36afbdca66116,1000
53,25,male/caucasian/pexels-vikas-mani-2764950.jpg,027295b6a0f6ea0905a6c90fe02a079a92bb0abb88dccbf7d486d0dea840c9b8,1000
53,26,male/caucasian/philipp-wuthrich--oHSNY6F-xU-unsplash.jpg,6a2e149d94399fc74a19fc1a83f74fe9adbd83cdaa5f8591306f578f6ddbb346,1000
53,27,male/caucasian/piotr-wilk-LcCvM4vZEyg-unsplash.jpg,6d47a14172e2436e4665d9dd1aaa0d2c0332a4372cacdfcfdf56851fa74a639c,1000
53,28,male/caucasian/portrait-1141481_1920.jpg,8913f84a1b879a0061cdfff56ab0ba4daf2598a01b2fd595985ac5eda6ba7b01,1000
53,29,male/caucasian/portrait-2501866_1920.jpg,3df554a09743bab8ba9f448fcaab6dc36d7779cb1cf17ab95e2eebd6744c566a,1000
53,30,male/caucasian/portrait-2573013_1920.jpg,de4657ca214a2b14727a82ef5b4facb3bbb194d80a3339c357d86e3f4fedfa38,1000
53,31,male/caucasian/portrait-3059314_1920.jpg,1f4c9384cad5ab34791cf765476a01d73b9e724357217b185736ec5825c4198d,1000
53,32,male/caucasian/portrait-3334378_1280.jpg,1144137ecee37182556cfcb8542a7547f88662dcb97e9f2c5cc3a1a6ce07dff8,1000
53,33,male/caucasian/portrait-3338642_1920.jpg,3ce5322f59f027451a0c9db374e788466ee2adcde8629a9a0e7d3c4e7f701f27,1000
53,34,male/caucasian/portrait-3353699_1920.jpg,98f54dc4e280a274c99496d1c1a53bcd84d578ac2941b610bd13824aea5acd04,1000
53,35,male/caucasian/portrait-3518462_1920.jpg,4bf69bfb7d4d2479035409e79d2a415e00d31e93d4cead4629d3942f439e959d,1000
53,36,male/caucasian/r-d-smith-k-f3PYgAPwQ-unsplash.jpg,582158657b6e806657a18bf51a7fa911cbec31f043236715ab4a87c628bd3043,1000
53,37,male/caucasian/rabbi-3485884_1920.jpg,7b65115069d469d99301972646956a2b25cac5efdb0d2b393580395fb9b524de,1000
53,38,male/caucasian/ricky-higby-5jqNqM1Npsg-unsplash.jpg,025b211ea1832a9ffd4c95262b624035fdd26e15f57c5135f31a2a2ed35d97e9,1000
53,39,male/caucasian/robert-godwin-cdksyTqEXzo-unsplash.jpg,83a6c120b204f6284db8cfb1e291b9ce7fc0393fbb8173247c2c8fe33f7818d8,1000
53,40,male/caucasian/robert-harkness-MB_5XK9E7vM-unsplash.jpg,99bb94b2924ad2246308d6ca4cb89d033d99b3148814a116936b459f357509a5,1000
54,1,male/caucasian/robert-lazar-gln1ySXJJbU-unsplash.jpg,10eb628caac1be578eaee6d170ab97d03eb50d241aa3b6761d3933d92ab21d1d,1000
54,2,male/caucasian/roland-hechanova-3O18O0CZiZ4-unsplash.jpg,24ce951d6ae8cd40d9ce11c9229cd612747c773cf520e566d911f7263e6708fb,1000
54,3,male/caucasian/ronan-kruithof-SMrz4oEO95I-unsplash.jpg,6e4dd2c3afe8ac4a4bffe9645c5fa8e8062fbf81e15bed5ada640f58a3096119,1000
54,4,male/caucasian/rooftop-1261214_1920.jpg,12be5956e863fb303fb1a66f56c9d019d3ab5856a878d926b4f61fb2c7f75b46,1000
54,5,male/caucasian/sara-dubler-dDE6naQBc2Q-unsplash.jpg,0b84193885aeb538ee1a8e698089262f2980ec52d2f861ca078803abbc6e2591,1000
54,6,male/caucasian/sayo-garcia-n-LARjYGIeg-unsplash(1).jpg,5fa61a234e10f39b47ab22456f2d3c81938c3f91cab823af24c1cc7f408e5bf4,1000
54,7,male/caucasian/scarf-3339049_1920.jpg,567beb0b8b964e6126c2340894801d521a412cce67d5d12c4d3cc055281a6e48,1000
54,8,male/caucasian/scott-higdon-tD1XD54mx8w-unsplash.jpg,d59f25e31ae994e8fe99624894f2b710948b0883b0567ad44fbaab37e6cb1557,1000
54,9,male/caucasian/sebastian-pociecha-xLc0r-hn0Do-unsplash.jpg,f7fbf2dbd29d4cbdcb15a9920aac69d0e8d3acc432e1c71bc82e17b586c46c9f,1000
54,10,male/caucasian/selfie-4302321_1920.jpg,78047ec4b4fe314dc36766caa8404bc063908bc260e9a817ae27f78a2b2c6041,1000
54,11,male/caucasian/selfie-543366_1280.jpg,9ba2ab3a8e626ef6d0d62a6df82590aee0b6d129e625cb1b417c13cc559cc14e,1000
54,12,male/caucasian/serhiy-hipskyy-6KPUS5tUp3Y-unsplash.jpg,cb5f7d1247b65297c03838d34abc9bec29b5eb7c56221d01bb2b7a08a6c3de0a,1000
54,13,male/caucasian/serhiy-hipskyy-Vilt9tibcLQ-unsplash.jpg,8922fd0e26aa52922fae735ddcbcbf5d7dc2dd948f1876292f3be240eaf5a8e4,1000
54,14,male/caucasian/sigmund-QjCNk0TxGfc-unsplash.jpg,975abb6c9312f9c5a5e693535e400b27860cc34cbd9b685cebf47fd00bab72f7,1000
54,15,male/caucasian/sincerely-media-_iIB6g19mq4-unsplash.jpg,d58f0902b7b665b276b9fc74551e0b0b3a08db944df2c9f340e6ca7d1d9b972a,1000
54,16,male/caucasian/sinitta-leunen-KwHFS8vMHvA-unsplash.jpg,3b1f947f4739a5b6e8a4aae5e7a042db3035687bc091bdd45fcd8f71e9c04f02,1000
54,17,male/caucasian/smile-2583221_1920.jpg,b889490d8a1cf3ad755245bf8c079491e4e36c638549c9a2e5e4f1a497e86f6f,1000
54,18,male/caucasian/smirk-4778656_1920.jpg,b43e2d0f9011d70d726e9c7a5d24ec6315832f28394e07e66b6ab5edbcf05693,1000
54,19,male/caucasian/steven-erixon-C1nxojDnNPo-unsplash.jpg,67b9f2a23c68a01eda5fab5aebe750637a82d4a496894534bf4ca612553a004a,1000
54,20,male/caucasian/suit-3554990_1920.jpg,333ef18dacf9ce827c88c28996b8272fa581984fdd5cec7c61a7c121cac5e6f2,1000
54,21,male/caucasian/sven-kucinic-Pjl9OrTRXFg-unsplash.jpg,fda459795e762c009d6e47dfc049d8dbd13220c1928139fd9d808bc9734c30c4,1000
54,22,male/caucasian/taras-chernus-8CEKQlmnf50-unsplash.jpg,bbc43520903e69991ed15b9deccce4cb845778a52ddd5ddd4ea5b63af53e2f05,1000
54,23,male/caucasian/taylor-8Vt2haq8NSQ-unsplash.jpg,f970a43c782064ccc41cfc44496150f2e9d5fdbec160385cc788ba0ed09746ed,1000
54,24,male/caucasian/taylor-nhIbH2OwB7M-unsplash.jpg,69564917b7a61d8392c66593ed5805fba3ea470a9ea0b46342723dbb0c7ca67d,1000
54,25,male/caucasian/teen-722645_1920.jpg,a72730016795b5c4e42ba856a4c7558c070b177e83fad9e83b5580eca668121e,1000
54,26,male/caucasian/teen-722650_1920.jpg,0d1df77b8a13dd799fa0c6370bb88518592d238ce8847f8f0b7163dcfe143dd1,1000
54,27,male/caucasian/thibault-debaene-Rtq9qhM3LOk-unsplash.jpg,a44163b006272ef651318cd9c613fcc49b3cd670fd3d8b040bc6c66f89f9de29,1000
54,28,male/caucasian/thomas-verleene-zdaUF3dsfOU-unsplash.jpg,4bdae9dbcbd3730bfdc64e08f02006a8180723f5bcbe264580b9466c1e0b87c3,1000
54,29,male/caucasian/tim-tebow-foundation-Xo2OuzT5WtQ-unsplash.jpg,553ecb78ff32df5e94bd1bb374227d4bd5edabc9140e2294790007f07c119b1e,1000
54,30,male/caucasian/toa-heftiba-Gf12dq0xgHA-unsplash.jpg,58cf3826d0647e5060c28d4a5d0838fb9656810aaf7e1a0617a27a95bc4b9a92,1000
54,31,male/caucasian/toa-heftiba-chn-__w4I3M-unsplash.jpg,c343a1286078c106416f2546db083cafa14369b72326d8b3d02fe9c652d73e45,1000
54,32,male/caucasian/toa-heftiba-nvEC7ALWiPg-unsplash.jpg,3e15ed5ad0f74efb85cc1cc4f9f6290f63e0836d5eecd5ddeeaaf64e83452729,1000
54,33,male/caucasian/toa-heftiba-ukvkvS2Wdlw-unsplash.jpg,730ada30804f1f463876fb29ba1468fced8bd78ec3b585e255ceeaa23c837055,1000
54,34,male/caucasian/tomas-gal-0y7_9bRUoz0-unsplash.jpg,18f3d0f29346ef6935f5dada5adb1040e5ba6ee37d6442d5e48a53874bb8b621,1000
54,35,male/caucasian/tomas-gal-M6T8XDSl984-unsplash.jpg,5864882fa5cd85a4eeab979a7e9547fd91eb2b38fd01ccaf04aad933a9bc0fde,1000
54,36,male/caucasian/tomas-gal-hRsnfRjl40w-unsplash.jpg,2141309920061caa3972aa5d68af8e3df60aaecc59f57892391b795d2bbc2c05,1000
54,37,male/caucasian/vampire-4798680_1920.jpg,1fb8e9dde8b4af39b84fcd3a5310fa2f7b60f54b0c48a0e8c9766d2fddfbf664,1000
54,38,male/caucasian/vasile-stancu-Rx-dasg6bN4-unsplash.jpg,e3ec33574b009215e451e2d670ab819e54619cd056b4fed83664a515400d4ed4,1000
54,39,male/caucasian/vicky-hladynets-EruJpcY4i1w-unsplash.jpg,d0ef6936ee2ceed83fa1c0b1f31c42448a4a622e004bed6ec12b8b88cea9e736,1000
54,40,male/caucasian/vicky-hladynets-NnmUHZ6tpSs-unsplash.jpg,fc3ab7ef4477cce13657fb8abfb44c54e232a3e409c8ade2b1f21f6ce0c08698,1000
55,1,male/caucasian/vicky-hladynets-uyaTT9u6AvI-unsplash.jpg,16bca64d8fb4d406583f2b5ab8e516e32972ab91d94137aa1f46d877abc83e16,1000
55,2,male/caucasian/viktor-juric--10t7s-rYzE-unsplash.jpg,f11b6c4fc82627952274cc9402a7b399236375630ae31c7342278f48dbd12001,1000
55,3,male/caucasian/visuals-of-theodor-GXzUcBq9QAM-unsplash.jpg,399822ef200af2655430cca98d6a2305aa34de25fca30d710813feae311a8c00,1000
55,4,male/caucasian/wes-walker-sahep-7OPkM-unsplash.jpg,0fb3fdc61c0ddb350e3cd70321fecfaf3269ba942f97b3f24a65cfc10e180dea,1000
55,5,male/caucasian/wesley-tingey-TvPCUHten1o-unsplash.jpg,828f3e7e34d375d2a48583f40d72949837a5752a0738107b6a53655c42dc0a7d,1000
55,6,male/caucasian/where-is-pykh-_3vfugHP3Ro-unsplash.jpg,a8925eb5c15919f8b9d18ce4821263e568d5d6fc693d6c5765b9e95a444a2c22,1000
55,7,male/caucasian/xenia-bogarova-yyrH1RR7iy4-unsplash.jpg,f3bb18b360986a7a54d23f3067594d334441e8d980aab5557ebbf878632632b1,1000
55,8,male/caucasian/yan-berthemy-0r5t7wKzem4-unsplash.jpg,541161953d2c8dfd933390ef0690acd89411ed0f5e817a7361b1678f5dd46a05,1000
55,9,male/caucasian/young-4549901_1920.jpg,e31bee792cd2093297a872c0510fb92f02aa72916fd2d579e91543d92b39f9ba,1000
55,10,male/caucasian/young-507297_1920.jpg,c2aa0e6b0ea2666d575e3a17d2d0ce862ad6ee856d2492c1bbdf31ff7189fd7f,1000
55,11,male/caucasian/young-man-1281282_1920.jpg,50c22834a77059b718adc7a43ae77f868fd5df0bca52b63c3bfd3aef913ea792,1000
55,12,male/caucasian/young-man-1990618_1920.jpg,dbb4a2370fbade2352250e9fcb0e9c33ac9fae634773c68db0b421c85a4b78d6,1000
55,13,male/caucasian/young-man-3354511_1920.jpg,9319f7701d92f9ece9caf190a0627993d0083305cd290bcff5c90f4f08b7c76b,1000
55,14,male/caucasian/youth-393656_1920.jpg,39cf4fab7a247cf9b4b6e8de2b14f2c95b2c50db69358c1a472c8631fa39f139,1000
55,15,male/caucasian/zheka-boychenko-vPkTWyTgk8E-unsplash.jpg,1c4bd568d600d9454324efa27bb3fdf6e2db296eed3b247fba906f35969104a8,1000
55,16,male/caucasian/zoran-borojevic-f5xiGmFwXIU-unsplash.jpg,e3d4e3ff0c4be1fbc50d1fe136ea902aabe2252599454d270417e3ef457aadcc,1000
55,17,male/hispanic/112.jpg,5a5dc33b1fba7e32903299b4fbcbdfe15adc37220b136f4338b51b8b6745bb5a,1000
55,18,male/hispanic/121.jpg,b5d044b75ba190c49440282deeb507625e7a037115843a09679a1af05dbef9b0,1000
55,19,male/hispanic/132.jpg,b428048dd8e9ca6fb78dcd1697414ff24ae59514b8045835a95104a1c5a5e2f8,1000
55,20,male/hispanic/alex-avalos-5L4ibEMAuN0-unsplash.jpg,2a15c4ade273e0abb05a21cbfa3e2b538840c848c734697bda8ad0aeeb67f6e8,1000
55,21,male/hispanic/alex-quezada-IqiGfsnI0Rk-unsplash.jpg,d53882168c30fec91da3137c904e0743886e72f97ab78a2e6e274e7707bf3107,1000
55,22,male/hispanic/alex-suprun-ZHvM3XIOHoE-unsplash.jpg,f42f71e366048c2c995bddb7404aec42be333e4c60b54d54af8f512e65a6e7f9,1000
55,23,male/hispanic/allef-vinicius-_5ZkuqGEIW0-unsplash.jpg,e3238ebf2779c482dcd266515c3df41df8aa63e3998206de07eedb2bf886509a,1000
55,24,male/hispanic/amir-esrafili-xmYL_5Hpe4U-unsplash.jpg,89ae5806618ed7f4e8cd25fa6dce4522b8ded43ece51e2c6cee0c9eda09b2361,1000
55,25,male/hispanic/andrei-caliman-xRkj9n5_HNo-unsplash.jpg,cd87ba23b3836fe06befa90ba845172554a104783c8fcaf635bd2be9991b874e,1000
55,26,male/hispanic/andres-hernandez-O5_adohk29M-unsplash.jpg,fe9cedd3437385a0c1722ee3e5760ed6182e0af6d0eeb7c83749259f4f8986f2,1000
55,27,male/hispanic/antoine-da-cunha-r8AEmsxbf1A-unsplash.jpg,191f5baf6d4d6221f673933ad9dd21c06a7e0856ee0ff0db0b5564449f6d5ae2,1000
55,28,male/hispanic/anton-darius-3XY7BWwGolk-unsplash.jpg,7dde907a12a4a08f0da578c128bf19b4730d98fd1c926ed92ac2e51e63b0a593,1000
55,29,male/hispanic/antreina-stone-VtZEhxeWHA8-unsplash.jpg,b65534e9b7a534fa5daa4f7d6290a0a326edf53c15892b01a9b3529fc336c320,1000
55,30,male/hispanic/basketball-888531_1920.jpg,05b0d7ee3ae3946c69397db275a17bc83a98b0b93df6364adf5c570eb505c574,1000
55,31,male/hispanic/bearded-1903465_1920.jpg,c71c022298c14680480709ed4c072bafd5f3a4f3d9dcc603c708bb1513555c3f,1000
55,32,male/hispanic/black-and-white-1282264_1920.jpg,1fd134b61c4a0415e281b40d7b0aec767b2a33e0582859c9c9ae29d4e6eb994a,1000
55,33,male/hispanic/boy-1284509_1920.jpg,a9267ff77b192a7ef57cc109a0c9c0269fd0ec60c28bfae4ddd1f33fafa77734,1000
55,34,male/hispanic/boy-1846704_1920.jpg,f86558782090cc8fea491c590d96e6cec4ee01ce79a5495b7bf82a567098e202,1000
55,35,male/hispanic/boy-2699256_1920.jpg,41bde6220fbbcdbfacc3b560c68db580338435267d37948304777c620d729507,1000
55,36,male/hispanic/brian-lundquist-IAWN962A4aA-unsplash.jpg,56b576d4765447e1ecd508c2d007bf734d4518a213e7f9ef4bc280ed5a41c9bf,1000
55,37,male/hispanic/carlos-arthur-m-r-mgLuffTBCWk-unsplash.jpg,6a46ff9926c1092cab2a92635849e7475b623815baaf5caa43c66f1df35b0855,1000
55,38,male/hispanic/carol-magalhaes-oSPye-Bcdas-unsplash.jpg,366d9d0c45e5c0d7276a04fabde896481c933d2979616177f0fcbb488dc51c31,1000
55,39,male/hispanic/christian-buehner-9-ROKwX-C0Q-unsplash.jpg,b8b863ad891896cc0d3f23a05de9c6e49528483a4f1ca8af12422ee3c5e44bed,1000
55,40,male/hispanic/christian-buehner-QLcxFso3gLk-unsplash.jpg,bb14564bd243f4944bdc0fac70b769e97b19d2de8ed94c7eee9fd118a111e65a,1000
56,1,male/hispanic/christian-buehner-hIbh3VlZgwU-unsplash.jpg,27efd6df19bfc800f9b76cfbf5502ba98e4cdf90fc9b246c690523dcbf153afe,1000
56,2,male/hispanic/christian-buehner-wJkSeq7DzrI-unsplash.jpg,093279750e9246ea40666e1fbe4720621343fd958ddfa5a3720f198ce61d8f39,1000
56,3,male/hispanic/clarisse-meyer-B9TzBwBVUpw-unsplash.jpg,d098e56ff943ab7050edf81202c7333155e91a813478fdcf89ce14c62402e434,1000
56,4,male/hispanic/cosmin-serban-6RP0cM4-xbk-unsplash.jpg,427095000bf6a3a6fcf84fffc66297b320e86f26ef0d2a1fc33234b3fe818b1e,1000
56,5,male/hispanic/creative-christians-6EwRNsuhFo4-unsplash.jpg,42bb8c7366d24830b21abc9ffba424bbaeda40e35439c53ad1d8e89b94bb9f9d,1000
56,6,male/hispanic/daniel-alvarez-4832112_1920.jpg,c1766a145b04671055b654310e2d2bd978a7773ff1f625c811d1a239b9606b7b,1000
56,7,male/hispanic/daniil-onischenko-XqX_PfrFXdQ-unsplash.jpg,0ffa3e55ffb0db225abd775c348d7c2803786ebe318dcbefb579321e99a5b3b8,1000
56,8,male/hispanic/daniil-onischenko-YtvwVAVUrLI-unsplash.jpg,25dfea2965b7c6e3e8b80a69917f3c3b651dec1647d7422e81148c6211be06a9,1000
56,9,male/hispanic/deniz-gocmen-I_iTEsW8Cww-unsplash.jpg,e610dd32f91b7777036be8efa65915c7e5d53dd19d422663ad4f8870fe8d0b4d,1000
56,10,male/hispanic/diego-sanchez-C20AJQ_yg14-unsplash.jpg,f9e7894f03f2bf6d16ddaa5f57ec3188bd85a6f1efc6b6a847f31a6f5c6e1669,1000
56,11,male/hispanic/diego-sanchez-FnbRghTNtdE-unsplash.jpg,6f0144b07fe51101206c88802f466e17585b65aa651ce81dbd52e6487701dae0,1000
56,12,male/hispanic/drew-hays-agGIKYs4mYs-unsplash.jpg,c8d98f9f5732dd5f90c49ee2279ef8a3bbb61992a05d9d8dadd88cfc862c59aa,1000
56,13,male/hispanic/elvis-ray-sIIoJ0uGkUc-unsplash.jpg,d460b12d3fb7cab7b8c604ff0721a23454053a21e7ad5e16ee1190d45b60e57b,1000
56,14,male/hispanic/face-3265605_1920.jpg,faa3f19e3e9fb9df19175928171f9d37272518c231e6dd8ecbdeffdbdb4d2e5e,1000
56,15,male/hispanic/g_1.jpg,fa8627ed47970ac8124c41b27b732b346b0b1cca2f1f490c3091e052246ae4aa,1000
56,16,male/hispanic/g_12.jpg,08305b6500b22f1c97cfc2e9cc282e4223ef2ccf2ec7a4b741da77d3fa033fcb,1000
56,17,male/hispanic/g_13.jpg,4308d3aa7b8a533b29b7dfa7181fcc88d8562b2fb53ec5419e2fbb0cd9bc6615,1000
56,18,male/hispanic/g_5.jpg,59b212eae72f43d3a625bcb386d0f02e3513a349231cd3fd42b4fdb6a4a78c73,1000
56,19,male/hispanic/gabriella-clare-marino-G3Nj7b_UBLo-unsplash.jpg,c36d2d33de2c2d860e2e5f5a70f6f44afec72ab025bc849a79b1f65ff9de372f,1000
56,20,male/hispanic/gaurav-saini-lIxF9Xk6t5E-unsplash.jpg,31230305d6687a2e65ae97e5507b930d5628d4deddc307d38f716a04d85ad979,1000
56,21,male/hispanic/georgia-mashford-UzxZBo7nP9E-unsplash.jpg,71122dd7e9440577caebfe198430b8e0e3a02211d3f17a725adb6802a858b3aa,1000
56,22,male/hispanic/guard-1129949_1920.jpg,17ce0e7f716c14dccd6a25e690c7375fc3926b7178f1aa517a3644af2d43d2b1,1000
56,23,male/hispanic/guilherme-franca-dNSQPOcDyN8-unsplash.jpg,3801d0ed06eeefb556003c68ffc8f319e2811c9b8878f346b80c33aa7977f521,1000
56,24,male/hispanic/guy8.jpg,d521c3015be7bb3d0f5a1bb8740671bba0a3988495c661ac65cfc19349d749fa,1000
56,25,male/hispanic/hamed-taha-xPmMqkAze7g-unsplash.jpg,0d2ae3c279bfd2aeef65f25f5959341b414accdec4a022a79f9d866aac7a59f8,1000
56,26,male/hispanic/hust-wilson-o0ggKYPgnzg-unsplash.jpg,3b453e32909ff02647182b0160a09bed4161f73783e71d6cf5c310c4510b14c5,1000
56,27,male/hispanic/ismail-taibi-yLFFEhcaYyw-unsplash.jpg,eae8afaad09a09fe0e38a5ef2eca6d681f2b52ae0f7e8931c5e932e1aa4da132,1000
56,28,male/hispanic/janko-ferlic-G-jo31ESuRE-unsplash.jpg,35febcb3f7de771215cec5cfcc291bbad0c410290af3534bf5753850983b7b40,1000
56,29,male/hispanic/jasper-garratt-jJjUdYDga7o-unsplash.jpg,68d2e71a235d81f0d780c2be8680014845d291f780d07f3614a03422ab288608,1000
56,30,male/hispanic/joam-lima-vxwjMDcS_6Q-unsplash.jpg,da8c140b2951e61a2854590204125ec9004207526befddee2f119d2606863177,1000
56,31,male/hispanic/jonas-kakaroto-KIPqvvTOC1s-unsplash.jpg,f4a849e4ce92f1b5c5730e81113d0026b63572341c055cdc921740e5aeba778a,1000
56,32,male/hispanic/jorge-salvador-iGzHMzRZjRs-unsplash.jpg,5b365ca7d3395adb1b9d6301d6ec6a5e722581127348cf3420f485d9bb6f14dc,1000
56,33,male/hispanic/kenzie-kraft-9QW52RyBLao-unsplash.jpg,32d9f03b71a07b1c211919049df87bdf58e3d3a3bb89b260b56a3ecbb1174ca8,1000
56,34,male/hispanic/kevin-turcios-Mn0mVsdg4EU-unsplash.jpg,7f631630b1ce2b560ff8a64e1b6f289fdc07c4a0e9c710a61cb31aabfeba0b9d,1000
56,35,male/hispanic/mael-balland-uPgFSd7POhw-unsplash.jpg,4ccfa65388a50b7bb0aa4bdb816a9969de4582747381d78c5f0464daac79345f,1000
56,36,male/hispanic/man-1613566_1920.jpg,8afe0863e74e08b18d8c68e27de46bce326978c1b941eeb082625393f9affbed,1000
56,37,male/hispanic/man-1928649_1920.jpg,90aa8a7361261580d6100730ba56a34984ea5cc9684737e1b35b22b26cff9387,1000
56,38,male/hispanic/man-2087436_1920.jpg,1b8ddcfd9a1c8ff1e3ec63bfd84535b9dc542c500bd9ec6c29995c17abe0184a,1000
56,39,male/hispanic/man-496471_1920.jpg,03c95e208e8ded6720ff467b23f5332d9c66426dac2ed2132e643d5346181d9e,1000
56,40,male/hispanic/matheus-farias-_jOsfORtjew-unsplash.jpg,673ae518ece3078a49724701784f4a353e5db3b753ff9411327ddf1bd563fb7b,1000
57,1,male/hispanic/mehrad-vosoughi-iUQmEFtfdLw-unsplash.jpg,dbe590ad8d322d79bb2106f9b9461425a207a79b9c396c07742c75a9e893533b,1000
57,2,male/hispanic/mihai-stefan-0_G9UHXy39c-unsplash.jpg,addd892a0838dda3cdb27e01825f8aa4630ba9a1e787bc61119adac9d25af162,1000
57,3,male/hispanic/misael-silvera-5CSRi249CQk-unsplash.jpg,e3117ba81a8eb6af98e414739222341b096551f425decbcdcbed394c406bff4c,1000
57,4,male/hispanic/model-3994985_1920.jpg,91b728ef20b882a56bab949b041c72e1c94f6129b1e5a50074b8b95095eb7de5,1000
57,5,male/hispanic/model-4448780_1920.jpg,36f6319ddb3ccabc1cd601e42bb6aeeab0bbb27bea8860ff0279becb2a1dbfe6,1000
57,6,male/hispanic/nathan-dumlao-iKwCVH4cyjQ-unsplash.jpg,e1797e2cbcc487b5c8e216e1e1bc13a4517824143a7cf112f12cc3ce5130ae07,1000
57,7,male/hispanic/nature-1706767_1920.jpg,9daa36f615bf18f3ef8eaab0e51caf530987bef8902b24970aa89d3e125daf84,1000
57,8,male/hispanic/olena-sergienko-FzFTy03noZ0-unsplash.jpg,5fdda0a8cc7937031fa234c34ac0c9decab17379995f6c57dd6eeaad54fd5d40,1000
57,9,male/hispanic/outdoors-3462520_1920(1).jpg,1697668ce729e6397a6eefd2bda03ca115ee1fb06e240db3d2ee58854ce92757,1000
57,10,male/hispanic/paul-castanie-ukPQ7WBznvQ-unsplash.jpg,1e1195a90f623b1cd5daa9034b69fb2d6abd2975454b3c523e334afa3232cc1f,1000
57,11,male/hispanic/people-2202472_1920.jpg,16b10603faf2968f25f9ee1fffd315d6ab41119226d8ccbeeb9e40cad0379e85,1000
57,12,male/hispanic/people-2202474_1920.jpg,87dbd54573fda4ef615b026c215a45ebdd5f5c4c891b42a99dbf739685c2fa2b,1000
57,13,male/hispanic/pexels-anna-tarazevich-5234265.jpg,5fcdf9fb70d4b11b8fc72e688fd32718e7a1eba18afba6ec97bd1b4741b805b2,1000
57,14,male/hispanic/pexels-armin-rimoldi-5301742.jpg,780a97d932a0f8a558c4ccd3af6203e0f27f91ca839f2a8ffdf9dc81af52e7e8,1000
57,15,male/hispanic/pexels-hamid-tajik-6207046.jpg,ebc5bfeb9ab382d0b14102e6fd37893ddb0bb33d82b208553d8ca8ff1d6bef5f,1000
57,16,male/hispanic/pexels-italo-melo-2379004.jpg,950515402a7772d559a62e93dc52623935e617725c87edad78205ba7054aca32,1000
57,17,male/hispanic/pexels-italo-melo-2379005.jpg,c0f6ef4407e23f3727ef41c47e6f9b91ae0693023b2e8773d79dd221520e088d,1000
57,18,male/hispanic/pexels-javon-swaby-2778211.jpg,ff8a02304623efead7a746dc5e431cd50fbf5c0b4f7cbf57600bd39201c953cd,1000
57,19,male/hispanic/pexels-moose-photos-1036643.jpg,3dcf663688a39a45fd4626a7fc9172d112b0431cbf460d131319412044e90f73,1000
57,20,male/hispanic/pexels-mustafa-husnii-381843.jpg,ef9ffad755aab7ce7044d1359a5a107de52e9d380ec6a7f86959a01444c52587,1000
57,21,male/hispanic/pexels-ron¿║-ferreira-2304113.jpg,73a2ea3d5498d6ceac88b77c9f32d8c9df079ebca49aa4ea3b2274d25a62bcdb,1000
57,22,male/hispanic/posing-996232_1920.jpg,1deec0cd05872523a979ee292d9dfcd37887e50c5f2ae16bff3bc5aa01b9b766,1000
57,23,male/hispanic/refugee-1226610_1920.jpg,96deb2bbb24f690930c23a01ce322ababb5085d4782052371ed1e5ca88543330,1000
57,24,male/hispanic/ricardo-aguilera-FZ08deIUo7U-unsplash.jpg,d7d51a35c7f5e5a2d3682ef8a4e28db1bf72d1de114b47d919cc6e705024c189,1000
57,25,male/hispanic/riccardo-pitzalis-TpeBIIM0UIY-unsplash.jpg,c7ed652d25c905cb0aac63d36f7d114e40ca1199f900ace136d41908573906a0,1000
57,26,male/hispanic/ronny-sison-3vzaG52ZCJY-unsplash.jpg,36811e4be00487846785aea1bee7e01e8efade8dacce984ba59df386b8fe2e5d,1000
57,27,male/hispanic/ronny-sison-U9G_SPVlGd0-unsplash.jpg,46d6a2d19d5200c184b83cd1b3d9936287c36a7667c72a91b709f419c0a69c20,1000
57,28,male/hispanic/salar-arif-4CWNGHc-luo-unsplash.jpg,87f785faae0b20d8a673b14e63437831a02742f4ca832a7939f510df08f76972,1000
57,29,male/hispanic/sam-rios-mKoLyYCXVnw-unsplash.jpg,1d672eb6c1e0bc80ab2db29e389c6d0348ff223be9501413001de15730284aa1,1000
57,30,male/hispanic/silviu-beniamin-tofan-NEkD-WSpkbU-unsplash.jpg,6bdb7962ff64d06ec1d7ebdee04245b90063e8465d48173ef5b4b6398a42c516,1000
57,31,male/hispanic/suzana-sousa-IC1_YWQn6so-unsplash.jpg,dbe857f4b1944b8eb9a9877eb237316a73b114313a41e06779960a06a8171179,1000
57,32,male/hispanic/tanjir-ahmed-chowdhury-YMJvX8k3Kfc-unsplash.jpg,225f59e914d6152e7d98526cd957ef53f5e464070b19cfa36aa2f56cfa4e71a1,1000
57,33,male/hispanic/taylor-vatem-AcyB19Kpg48-unsplash.jpg,375381928e42cb988f9ed82e13c5835c534cc72ceacb588a49b4f38f643da3eb,1000
57,34,male/hispanic/toa-heftiba-2O1EUSTRBrY-unsplash.jpg,3d2c46d62be66679918bb327b07e30e26c64ddac86e1c85ef6fe8a4baa27fca6,1000
57,35,male/hispanic/toa-heftiba-w1ftQyDNF3U-unsplash.jpg,ebe6657fead65d7fee478d5224300920facf18f21f004cc4f3190d36c2d033d9,1000
57,36,male/hispanic/tom-cochereau-695YdtftW6Y-unsplash.jpg,4c4f7ae251fbca3eab64e5c7305d57665428e27be3303f39c9eaaca2265feadd,1000
57,37,male/hispanic/tyler-nix-PQeoQdkU9jQ-unsplash.jpg,c973c4533b8867806a31f453b7c77abdae3731095dcc47027263a687f51c8da0,1000
57,38,male/hispanic/vince-fleming-1NrzZHMFztA-unsplash.jpg,301a94908c26401cadfc95c4bee4f04cc61ba46639db1809375f09ed0cbed12e,1000
57,39,male/hispanic/whereslugo-DMVD9RkZIwQ-unsplash.jpg,ac61c44e658dc280992c30542a049fc0b932b94dfda7f97c99d0d827e125e164,1000
57,40,male/hispanic/wonderlane-WzWScssFGJU-unsplash.jpg,6df49808005d347746fdc8bf5df64402663cb7df1f20e980b340c0c3aacd9a9e,1000
58,1,male/hispanic/ziphaus-Fkb4-bLAE4o-unsplash.jpg,3cc1706ac437c5010499c859a777b6b0795f2108655a666a01645353f8344e56,1000
58,2,male/hispanic/zulmaury-saavedra-Z9GKfYmWOAM-unsplash.jpg,7f5ef54802427184576a8fa7cb68433bc511654928ccfb2742c270bf8c2b4f33,1000
58,3,male/indian/10.jpg,9a2645be4a30a28d28af43263ad60bac5c4b6fcd6c54ccdf3146f739b8f34a43,1000
58,4,male/indian/115.jpg,74f92a0b00469e9dae01950ec279ed7587207b12298c318549cdf6512314d29c,1000
58,5,male/indian/116.jpg,470f2cd238f2d56af2e156539fab26edae4c776eabf190a04c04c2b76491172a,1000
58,6,male/indian/abhimanyu-patel-o2g-PaaeD_U-unsplash.jpg,c77a01179f39be86cb9722495985cc369571a3cbde1feddc861c64dc61624de1,1000
58,7,male/indian/alex-avalos-Mfoj3mxvYl8-unsplash.jpg,99f15a11ae9d5f6e37af18aed05dde529acb9cdd13937ee6c0c6a1028f1b7542,1000
58,8,male/indian/ali-yahya-22S6KHZoE8Q-unsplash.jpg,30b8f8ecd14d42c2155ea3f57a1ca2741c3def93127897bb1d77ebfbadc3bbe3,1000
58,9,male/indian/amir-ahmadpour-UtaI5TkADPw-unsplash.jpg,70ce7b83d61e51ef60060ed1b70d8ac01d090f4822e7a0373cad0ae9b7042f63,1000
58,10,male/indian/amir-mohammad-jafari-tKEti7E86Kc-unsplash.jpg,5102550e8601b9859b8cbaaf912ce38ea7d7ec8c115bd75b95a9cfa8139da2cf,1000
58,11,male/indian/amir-soltani-9RcccOHau2M-unsplash.jpg,3c852f559060f13145dc4ee2ea94afd354c98b9c14d20c70d7a5f4b408c4924b,1000
58,12,male/indian/ankush-minda-uPIDtOdCINY-unsplash.jpg,162d7155ec26681a40d44bc1653119c20eb84991630fc909ca6929b8582417b6,1000
58,13,male/indian/aryan-ghauri-dRatGbY1k8Y-unsplash.jpg,48a72a62b258bbdb517ffe0900e38ca77afb8c6c542da6498335229ef52547e9,1000
58,14,male/indian/ashkan-forouzani-L9YcNysgL94-unsplash.jpg,31afc0d67bb79e8fa692f0137fc015ffe463e11d2dc369251fbb1aee6cbc7304,1000
58,15,male/indian/ashkan-forouzani-b8dhPVAxWfE-unsplash.jpg,26b2880ec793226fe35b758edcf9c45aa63b5a34703ad84ad531d43978f834c6,1000
58,16,male/indian/ashkan-forouzani-lxQw4HiwKBY-unsplash.jpg,169d8ad912dd379ffba2ba7d351aa47fb2863b75829908d7207ae2dd66687293,1000
58,17,male/indian/ashkan-forouzani-rHuReQyQ72c-unsplash.jpg,39795290128325330a8adc0d31951d4ef21099fe53c738006c6e1df7fa97ad28,1000
58,18,male/indian/boy-1119239_1920.jpg,51577d28d900b2e12cf64e53a25fd4a26deb0d4078635af0aff697d7b85d5ca4,1000
58,19,male/indian/boy-5838699_1920.jpg,ac7cd81aff4237b1d585e98b4fde44e2e7eb33e209ef01cc68e4a6209dac0f4e,1000
58,20,male/indian/children-82272_1920.jpg,19decf56b69d1d2a3ac1335dfbc08a32f9884e506504477512f2bba8cac77314,1000
58,21,male/indian/chirag-dulyan-qOd6UZdvMC4-unsplash.jpg,99abaf6ba436418e46352720ca130ce9e3dd6bb1aea7c4e239f147c7610bb255,1000
58,22,male/indian/couple-engagement-pictures-2136097_1920.jpg,9dbe5ec36803af57cd685184411b8b838a90995cc31f961b8f0da77e41a9413e,1000
58,23,male/indian/dollar-gill-X0iNZ0UZIrI-unsplash.jpg,129819ac251512599a0e380a0ea8ead4f8551cbf81572cb9ba6394e77fee85ff,1000
58,24,male/indian/ecommerce-3412872_1920.jpg,cf63c603dd07419be5863edea7b1e3dc46e7fbfb1a3642f29c971a6b3e662470,1000
58,25,male/indian/emiliano-vittoriosi-XtmpHM7uKCs-unsplash.jpg,bc97bbb780d68452d2edf85206781178abe010db5ec92b30d136da0740af705c,1000
58,26,male/indian/farhan-shaikh-9TYryqt3wLk-unsplash.jpg,fa662a3ca908ecef7eaa5d9cf8fb4973928d446a0b4e3286151971a2388c0983,1000
58,27,male/indian/gaurav-khoda-HYQMk4fFI-s-unsplash.jpg,48f7bd072c0f6e99f53746def1fd43ee19dd17177cb73a72044c9d6947502113,1000
58,28,male/indian/guy3.jpg,c81a8ce91c9a5e81e4fc7f5791697681b6f32f73d0a3dd65faa24a26bf891cdb,1000
58,29,male/indian/guy7.jpg,1305b4b3290d04a633fe0c92cfbf8f020200e8be46d5a3df1a6265912ae9ad55,1000
58,30,male/indian/hadi-yazdi-aznaveh-TmRQRgugEsQ-unsplash.jpg,4d539908186e83eeee3f4daa7412e11b242a6993eca99d2192c894d166acca7e,1000
58,31,male/indian/handsome-1805532_1920.jpg,cefcde42dce3eeec852a107d287baf39d0b3123564c706341fdd6149f435608f,1000
58,32,male/indian/handsome-1886567_1920.jpg,7628e66c72881a5c57f7d55c9e4d8ec6fd37418e0c7ce40dac3c5b73788c19d4,1000
58,33,male/indian/happiness-4067230_1920.jpg,9712fd15542d9d0f9deee4b80203490edc1126822a962d7e7ede676c446a7669,1000
58,34,male/indian/harps-joseph-tAvpDE7fXgY-unsplash.jpg,a5e26dd3e28c3f829be24e96e7714641873bccb5d090135b4c02834db3afd536,1000
58,35,male/indian/hichem-dahmani-8VitrkP2-mw-unsplash.jpg,8aaed6326b1f6d8794bea79450362d836a79f07fa9e0b86a47276a224b04bcdd,1000
58,36,male/indian/india-1129954_1920.jpg,7ce7a64527f1443fac7c8ba36009a24ebc832aee9a7ed4f16e0f3ccfeae466d3,1000
58,37,male/indian/india-4870636_1920.jpg,4022f648e437cb4ace6b2113311bcfaaa72b6986caa39397b9c8e5409963f5a9,1000
58,38,male/indian/indian-boy-2982850_1920.jpg,1846bf2b683cd681fba604764feec72fc345042c72ffcb660edcf747f389bd7b,1000
58,39,male/indian/jaikishan-patel-DSyyWrVjBNA-unsplash.jpg,7a0dc994a242ddab76fd5fc7d03569fc8247d421e8acb577f321b3df32baa5a7,1000
58,40,male/indian/jeffrey-grospe-epomvImeev4-unsplash.jpg,d33893028edf1bd86d67ac23286fc9d61e5a372cd9c4e7239dc84c0be64eb282,1000
59,1,male/indian/jennifer-marquez-kg9cClY_fuc-unsplash.jpg,6d6f9f5dc8425b32d70bf1bcbc60da66da690ac0dd350297440b24e8d8342fbb,1000
59,2,male/indian/jordyn-montague-nV7GRL8ooJg-unsplash.jpg,fe1f92932c014ec8b1e91a6102394861bfde436bf47dd69fffa58f93d9a0fafa,1000
59,3,male/indian/kamran-ch-7pES3XC7l7Q-unsplash.jpg,bceb48f08e765c31b31534178736a76d43c2d179a53bf330b48ec44044344d98,1000
59,4,male/indian/kazi-mizan-PDDfWeh44m8-unsplash.jpg,415bb1416c653ef5c4739cc4637bde7ee17ad343c7e784e84bad341d0ffe80f9,1000
59,5,male/indian/kids-2408614_1920.jpg,e1eb22e018176075e18e0bfd3bd9b5c6af6309893d18362bdf7c26f5c888c045,1000
59,6,male/indian/lijo-easo-1JEg1c--_dM-unsplash.jpg,f900c1c7676f9d42ffa557adec33d7833269fa172e3e6028cdcdc80189689a91,1000
59,7,male/indian/male-5198715_1920.jpg,a489df88eed383b5c4e560454e88a0bd262e28cf05a5056efa9e6ce212e1336a,1000
59,8,male/indian/man-3733308_1920.jpg,0895325ea5f953120ef196e636448016bcc0e2f678f6c0effd04cc93c8bc0528,1000
59,9,male/indian/man-5465729_1920.jpg,046b41497a4db1ada78bba0b10373dbed7851f0c6bcc0f48643de0aac7ebeb72,1000
59,10,male/indian/man-5465741_1920.jpg,20cb5138ebfbc0f2f9af97007188724d5cf517b48a7f48dcfe3ea0b9325c0866,1000
59,11,male/indian/man-5940355_1920.jpg,01fa3a3ee9e83356d6c26d777cab5c346d744b3889e50680a061c28278fceb05,1000
59,12,male/indian/man-921004_1920.jpg,ae4b52470babcb0caba0ed69ed15d54e836fdb278f49769ca93d64f93d8d45b5,1000
59,13,male/indian/md-duran-RhIXw1Ua-NI-unsplash.jpg,be3ebcbe043e36491474cdb7f4e864172490049b49e2e9b0805fe8b5725b9887,1000
59,14,male/indian/mitchell-luo-Mp8ZXtgR_Lg-unsplash.jpg,2761b429d40863fc862bffffda7bfa4444381b3baacf00cd664a6684e1354bcf,1000
59,15,male/indian/mitchell-luo-mVSlJeuqtL0-unsplash.jpg,b2fefc969d0da0330ff12c36dc0c9105db9f55194e864772c0b356c5a7c07762,1000
59,16,male/indian/muhammad-abdullah-hAnMkbSsDMs-unsplash.jpg,834ffc1a838ba91c1ab63b3d8d6e99cbb581478fd356eb300a7551b681d96793,1000
59,17,male/indian/muhammad-ali-2LTkVBl6ViM-unsplash.jpg,07f6a4a44df40e2d77b6234df01b755b5b259c7c1e5c9896be81088b15a4ac26,1000
59,18,male/indian/muhammad-murtaza-ghani-65fj5U5HQek-unsplash.jpg,8a86aff66cb3bcf9c7b1a43dfd15629fe611c279a8dbf79a853a0c8e485a883e,1000
59,19,male/indian/muhammad-murtaza-ghani-ShxuPMbO1lM-unsplash.jpg,fc9133d24ac6a5f4f7dcb7152d49f085d6ecc167ec3d0c758aa83fd5391b9adb,1000
59,20,male/indian/muhammad-murtaza-ghani-Z5zPPTDQtHU-unsplash.jpg,48692906e8ea4d37179a13cf5db2455ad0cefe814919a0c047f4ab91b494c0b8,1000
59,21,male/indian/muhammad-murtaza-ghani-nUjfEYmJYl0-unsplash.jpg,92c989692db3eb85c09d7bfe3f97a29df537c6b2c47791453dd54ba8793c809d,1000
59,22,male/indian/people-2456350_1920.jpg,b2abdd52081e549cb5b4013e333a1d790fe04dde47095314e67a0a5fd6f5f2f7,1000
59,23,male/indian/people-3231960_1920.jpg,437a8fb05392e7e1426ac21805989d46f2d05d7dcb4722279ca1a8eff380aabc,1000
59,24,male/indian/people-3358068_1920.jpg,2a29e2c180a5b41af04001253b0159047a9f8978a63eae3169c85ce273a624af,1000
59,25,male/indian/pexels-ali-madad-sakhirani-997512.jpg,c736d4d5fb9fd7e816d19f1956866167486cd630d36ddb6ee12f38366a374492,1000
59,26,male/indian/pexels-anna-tarazevich-5119607.jpg,f3b4c2a4c2861e69f1b222ac4a1a5ff47f506609e47202871a021721f070a80c,1000
59,27,male/indian/pexels-askar-abayev-5638731.jpg,754aee83ac2ba881309e6231459de00d88ab55e3b49e4bd824fb606e3cfb05c6,1000
59,28,male/indian/pexels-atul-choudhary-2753381.jpg,fd138a0605c9fbfa014e31088227fcf8a4120c07e1f4127e8135da8a601c4781,1000
59,29,male/indian/pexels-dhemer-gonçalves-3036415.jpg,d154654f399aa652ab4689abf1426f6a615731df7096e5c6e86fd10556505d5a,1000
59,30,male/indian/pexels-fauxels-3184408.jpg,e61bf0167c5ae218acae08cee6004fd585ced831b5607b5db5459fbe358108e8,1000
59,31,male/indian/pexels-ibadat-singh-2955247.jpg,76e16c361cb2cac22d6f99567221f3a2a1d0a34f3ebd99afc658eced1aaa7f96,1000
59,32,male/indian/pexels-john-stephenson-5308640.jpg,55ed8691e327f433e310b069da9133e3bb669fc5a7fcb32580113ea419089591,1000
59,33,male/indian/pexels-nishant-aneja-2561432.jpg,c7ce588389a1b1376e4970ebdc14912b76ce3523082b30360682fa57eac6ce4f,1000
59,34,male/indian/pexels-prince-photos-1537517.jpg,13df3530460855a809de826b1e6f8ededb9580adb302dbb1dad18f9c528ed5a5,1000
59,35,male/indian/pexels-rahul-shah-888956.jpg,3424e7208e8c5e913048661a8177e9b0fce7a1f273d0d9f2cb098eea8582659f,1000
59,36,male/indian/pexels-suleman-mukhtar-452557.jpg,9df1d121c3c132fb6fdcc81331b2e4f424a38c5e87632ad6a43a891d114fb1bd,1000
59,37,male/indian/pexels-the-baljinder-4089881.jpg,b01c175fb80592f773f49a2313931bf7cf97c04cde13ea4d42cba68d66e60f97,1000
59,38,male/indian/portrait-1469500_1920.jpg,7e7103c10ff959d0306c0388e71f2d9ff9ffd4d499676ccb34171d6c619e8cd5,1000
59,39,male/indian/portrait-2181213_1280.jpg,4b3ebe4940848ab85f8ac4dc953e791b2a4ded8a26985b2fca710e6a41a7c794,1000
59,40,male/indian/portrait-2529905_1920.jpg,323eec704e7c6e1a2c2e41fdea995fcd97ed684e85f20356114f110d5818f0ff,1000
60,1,male/indian/portrait-2552312_1920.jpg,b5b576781e039b1cad724d1ef75110a8bafce2b2dff118625ac4844a3566ed63,1000
60,2,male/indian/portrait-2612525_1920.jpg,9c187192c90313c120a17330030ba87ccd11ba660457f89ddc3b82547f1c58ca,1000
60,3,male/indian/portrait-419946_1920.jpg,98f21bbfc7a0d08c9a66288c1af76058caf38da02b2a45880bd74781a31faa88,1000
60,4,male/indian/pratik-gupta-PeG9dqAbyjE-unsplash.jpg,4ad772f99b5248ce9344b3326b8a1bc40cbd83d5706b24426df77291359a3fce,1000
60,5,male/indian/puvvukonvict-photography-0M_Aej4dRWU-unsplash.jpg,032c8d81846b43283486c0d7c74beba94e4c43fc3647ed3131ffd5c2364b22b2,1000
60,6,male/indian/rahabi-khan-eNafqf_0ZWQ-unsplash.jpg,98d76c94ccdb15e1bca663e68825edfc80fe089de6c7507d9f2b5fc517944dab,1000
60,7,male/indian/safal-karki-_p93Zag8tgE-unsplash.jpg,962606cbec23cbfa1991e8d2a2594caf7c267777f1bcac9d57cb6077d9fc9be7,1000
60,8,male/indian/salman-ahmad-JBxAQ_Blorw-unsplash.jpg,eb638054d13fc3fe4d4e4b733d0d9506e271b9ee606c56ad8e05397f677cef1a,1000
60,9,male/indian/samir-basnet-qRmHuCrJkYY-unsplash.jpg,2a0c2091857315bd32dcc52b0d9221765529e0ea4ed4773cd273fd9edf37a23a,1000
60,10,male/indian/sazzad-aryan-rjm8go9rL8Y-unsplash.jpg,1bd8c5a5030e23076ba5174b246b8bc0bfdc842ab358f3d66103e56edd6ccbfa,1000
60,11,male/indian/sexy-1469502_1920.jpg,81afd17b8e15ee4f9a97816e77ebf29af3f697e81070bb50352257b85dc48a23,1000
60,12,male/indian/shivam-singh-2_X6NMP-E_U-unsplash.jpg,9e16573aa8508917f35ffd9bc15520c2a5d9dfdfd9e145fd346f36b14f9fe419,1000
60,13,male/indian/shivam-singh-DOmEd6CYP5M-unsplash(1).jpg,7ffd0786d5b868f6fd6b2b6287d8fec2dd73b8e8291b63b391e27374c4d3a8de,1000
60,14,male/indian/shudipto-sarker-9qpe5gZDc7E-unsplash.jpg,0bab113a6a4776a5f8e44e073b60be112a203ff3408b61036f8b5b5a5711e4ac,1000
60,15,male/indian/theodore-goutas-aeq3jJj0sUw-unsplash.jpg,5b848b109143b3a49119ab6ceed0311d3c5a7b10fa56a74917058f1cdd6c3e6d,1000
60,16,male/indian/usman-yousaf-xYzEQptq7XU-unsplash.jpg,c68733dcb19177c5d66120674b08c0c39e7cd099ef51b909e293423a31179be0,1000
60,17,male/mideastern/123.jpg,4b05b4a7d1f8aaca0cc81a709adc04d33a4e7fa4fb09c24e4353ae0441d7fd2b,1000
60,18,male/mideastern/adrian-dascal-1QOsJGbNIgk-unsplash.jpg,1d8cb14d108a7cf89ed6f3000a116bb497175573c33be3324ee0680987827bd9,1000
60,19,male/mideastern/ahmadreza-najafi-D5r5jhOaNNE-unsplash.jpg,5a17caae7517d2d09b3243d1be08863bed7e476fa563e532422ce3da4ed1eb61,1000
60,20,male/mideastern/alireza-esmaeeli-Twu-xDzDqGg-unsplash.jpg,68e35114c13bb17d2c3aa2f7e895b4c6b8b5918171df4f5bada3a638e7477446,1000
60,21,male/mideastern/ameer-basheer-ABuzWPku1Ug-unsplash.jpg,e8c8aa4c45ceba3b1c9fb815fb89912f097ede9ba1a66aa47801aa5e88b34f34,1000
60,22,male/mideastern/amine-bashir-inTUOzVxdOA-unsplash.jpg,e99d2574e4b9beb32be8cf37fd64cdf84bf6bf2072bb6964d60193049ea2bb08,1000
60,23,male/mideastern/amir-mohammad-hp-MDylgrNv6-M-unsplash.jpg,dbba4d3d127b25c796c7ec06b3470218ce549b71305117fd59ec529a644aef83,1000
60,24,male/mideastern/amr-taha-EbWk-8X2LSI-unsplash.jpg,a8bbbc6ddde7e5098fbf388f49090c36fe2278bf1e905377a53f9767674737a9,1000
60,25,male/mideastern/artist-3852896_1920.jpg,536f2f80cc47933c2f9c19d09bfda93e9654a26771ffc633bf50fd86709b3cd6,1000
60,26,male/mideastern/ashkan-forouzani-HF-pfqi3Cxk-unsplash(1).jpg,96f452044d72c6fdb2b4b0769c8f1146f6105c002f311bacbc433ff64e1bba04,1000
60,27,male/mideastern/ashkan-forouzani-IZROIf9IO3I-unsplash.jpg,460734118526a44fef253c3413271fb57feb137b3a4cf672f2de1ea546c80569,1000
60,28,male/mideastern/ashkan-forouzani-Qqchjk9bk9U-unsplash.jpg,0bdca2532a87aa66bc918aad7b6c5792f71247fa3a2d7a31a897d76c882dd27b,1000
60,29,male/mideastern/ashkan-forouzani-YzsFkMBMhoQ-unsplash.jpg,44a71fbd1731feb8dda3fdff5ac5ee21e44831f33d77e2f62b060790861b5434,1000
60,30,male/mideastern/ashkan-forouzani-dz0C0Zv5QvM-unsplash(1).jpg,6c8a278eff90739eb8babfacf6c3d1b45738a47659b82bb00959079dc4214ce9,1000
60,31,male/mideastern/ashkan-forouzani-gvjqEmux8SU-unsplash.jpg,edf2424143284b1fc656316d7d679f9e28de2464ac7e4222fe5dce282add1837,1000
60,32,male/mideastern/ashkan-forouzani-jXnCPQ5JTVo-unsplash.jpg,020cd5a2d44bf01dbcf1955383bdd565cd8865fb1bdb6cbac820bd41e583cb08,1000
60,33,male/mideastern/ashwini-chaudhary-fvm4bFVK7qM-unsplash.jpg,7a7a4f1ca47de018e4dc9f78a7483e21f2fbe6abc741171cb987e9f81ac1178f,1000
60,34,male/mideastern/baby-5925923_1920.jpg,e027a80fe169ed4953afac3f1116e624f5d9d4fbc4257696b8169201d03d49b0,1000
60,35,male/mideastern/businessman-805769_1920.jpg,6cd73201f89b25a0c969547f25bb9f0a2c6ee34f737ad934033c85b49acf2719,1000
60,36,male/mideastern/chris-blonk-l1U_iSgNRGY-unsplash.jpg,3fe318781057b652e6544218874b73bb72c9ca079fcd543a16d691271b356bf6,1000
60,37,male/mideastern/damir-yakupov-rsx0Bj6s770-unsplash.jpg,e891ab09cbd220ced64989eb5fd7830bc6416d175efc25feb64b60a070dad939,1000
60,38,male/mideastern/dollar-gill-KxCErTse64c-unsplash.jpg,f619908d4a923211e06c1451e4599c274c79de109c1c3c1da07de702088808c7,1000
60,39,male/mideastern/dollar-gill-Ofcqtn296M0-unsplash.jpg,1845b1cce06818cb984d5eab239071226ee790a4154fc7f67ae505a818a3facb,1000
60,40,male/mideastern/fares-hamouche-3mv2czJrEiw-unsplash.jpg,3ab5a37c2f92a33e2b0f38d93d6f1c8829fc9f08119e698affa5b8ca7776e51d,1000
61,1,male/mideastern/guillaume-issaly-cKuMOZ1-EKQ-unsplash.jpg,48b6b315bc838dee4066869572aa6ddaab84b553ffa5d88a3334cc45bdd2144e,1000
61,2,male/mideastern/hannah-cook-dqa2LjshmWY-unsplash.jpg,b8fda3948d60395bf1768d587cbeae34f26e8707209fb4aefe222d7a92928e83,1000
61,3,male/mideastern/henri-pham-Ml4tr2WO7JE-unsplash.jpg,95dd51c80cc4d8936441f5334e23f3213802b05d06c90518869f5e7e59e97978,1000
61,4,male/mideastern/igor-rodrigues-FjFiPGWeWKI-unsplash.jpg,6d1584c875a080138da39f851224e4a16601a3f4dbd73062263d2ac123d5cb5e,1000
61,5,male/mideastern/irene-strong-nTX1KAnjHWI-unsplash.jpg,b5a972e1f0fdd3624250b4960e1bc9c08858d9fbee93b8d38deb3c8b413683aa,1000
61,6,male/mideastern/itay-verchik-6ZKGBzrDd3I-unsplash.jpg,32ea2d8c365da4af8dec033b261baf7b3701875a756678df11b25a4a69eef071,1000
61,7,male/mideastern/jassir-jonis-OHVBfnxiokY-unsplash.jpg,655ffc418074228aced780e09172342cc6549e69f5a0d9d50afecc6dad2401f7,1000
61,8,male/mideastern/joel-muniz-juKjPjVBza8-unsplash.jpg,6ee8278adc0a4784be489397bda2637906236a7c73f3df75eadf7753f3c232aa,1000
61,9,male/mideastern/jose-g-ortega-castro-cPGbyVIfIYU-unsplash.jpg,fcc1e39b0d065c0118927469a83303077a8a111a3f378c1b7125549ed3b6623a,1000
61,10,male/mideastern/joshua-purnell-kz6qS9mWbAo-unsplash.jpg,6c9bf3bccdf21fe1f3e07e90085d98c606b03719ce8c9db6552a105570c19827,1000
61,11,male/mideastern/kamal-alkhatib-i4ls_N9o968-unsplash.jpg,fc717dea27b81b6614ac23ce9d23cfade4394a94605e6526f64978d1ef0d5392,1000
61,12,male/mideastern/kate_mes7-YIyERGGmTfE-unsplash.jpg,4d23330f20ef4f4a7e3094864cfd23f47f3392947b12f292a23543708b42a8ee,1000
61,13,male/mideastern/luca-anasta-JMNXb6KBJwI-unsplash.jpg,69ab6a9164ea5965028b6ab31ae98e393dbc8b1a4f06779dd6115e9e80a8809f,1000
61,14,male/mideastern/lumensoft-technologies-JGGaefIIc6Y-unsplash.jpg,e3dd805cbb131a68a5253445810715c2122d9c1b224b3048d6a43aa0e0b967cf,1000
61,15,male/mideastern/male-4443092_1920.jpg,5ed968bd0e1212a0505e5d783f92da4f719fb5064676aa4205ce9b9934a10473,1000
61,16,male/mideastern/male-5869656_1920.jpg,708027c605c6d296aede450cfb91b97716a05aea40895842a5efbb902b8dc13c,1000
61,17,male/mideastern/male-5869769_1920.jpg,80859f47ff65da1db28d23e2df055cb103f19d716eb93a13084bc5964e476fe1,1000
61,18,male/mideastern/male-5869776_1920.jpg,d77d5c9a135af463fb0459ccde425bd9ab53f0cd37f68270997c9acadf01b7b5,1000
61,19,male/mideastern/man-1129953_1920.jpg,f4e59a73162645db527470d50c0f0929b72de8038da9d5175770eb7e2f620324,1000
61,20,male/mideastern/man-1688347_1920.jpg,d6b731348d3a486b88cf702f68b70dfe39cf03478284d121b12ee2ccb85998ab,1000
61,21,male/mideastern/man-1885147_1920.jpg,709e009578a614520857581324cc3b8847b5c79b0377450b66d0469bacc95d65,1000
61,22,male/mideastern/man-2785071_1920.jpg,1b50442eba903ff678b7242cd2f17ede973bc4faaf6ad68f2d70fdcfdea61772,1000
61,23,male/mideastern/man-2969985_1920.jpg,2908cc3e05f48c712f5d5bc780ae2b27a972b528c5cc0cc2eff6558e82907539,1000
61,24,male/mideastern/man-3057370_1920.jpg,6e31eff79184cd51cf070c972c9e270cbe4d5bbe6911fd7dd819d0191b907efb,1000
61,25,male/mideastern/man-3485138_1920.jpg,5222dcda70b1594739a5ee87ec07ead27addd8ee67b95ba8d1662f8b3a5a26ef,1000
61,26,male/mideastern/man-355612_1920.jpg,2363a81367866d0cefe67bd3f7ff9c6e4996f8f573c29e1867ae2dfbcc59177b,1000
61,27,male/mideastern/man-4752273_1920.jpg,ef1456f8d973e6193288354f29377078b1b7aaae78f5da1519bd2186deec9a59,1000
61,28,male/mideastern/man-5613125_1920.jpg,fb0091e654f780a6b602f879e4e7b46da6f9cdd161ed9b379da2deba5ec6ad68,1000
61,29,male/mideastern/man-5923039_1920.jpg,b9c1c5caaae446c8cf0f3c93b2a333dc9f04ebf39c534597b4e7031fe6518755,1000
61,30,male/mideastern/mehrdad-dadaei--aY-mUygMD0-unsplash(1).jpg,cd0e19f89f5923dda293f10a66a8b05b79669760e67d71ea143676578146fbe8,1000
61,31,male/mideastern/meysam-jarahkar-SaQf2X_qZSU-unsplash.jpg,ef94b85134540dcefacde43f57eabd6fd1e9da59168078c3b64179d2662c00ea,1000
61,32,male/mideastern/mhrezaa-iOrq0FnSQTE-unsplash.jpg,4a99c8e7e71d200301221d5f8c1f49d127da66f498c1d87becbf4ebe33b2e6e8,1000
61,33,male/mideastern/milad-shams-89UvLA2zWJI-unsplash.jpg,cff291be6e4d126342f3ca9791f528e3a0be4452aa08be88d1bb5d57a0417b98,1000
61,34,male/mideastern/monica-dahiya-caPZQg42c54-unsplash.jpg,baba88b218303b9367ebaa9ef2a7df35fbd0caddfa65bb3ca64d637c12b2d65f,1000
61,35,male/mideastern/moroccan-1270331_1920.jpg,f5d3046ef9285b4a60e7a3010dfd27df00e4b38f17ea113d7def68c808590188,1000
61,36,male/mideastern/muhammad-faiz-zulkeflee-BuxUWCobuGA-unsplash.jpg,3d817cabe6d14513bcc9fbb107ac45e5ae1f6455736f99788c0585b01489e342,1000
61,37,male/mideastern/mustache-5040636_1920.jpg,e7336655072b2741d01f4688b108aaf2878392b86a4636f665faee0d4d616497,1000
61,38,male/mideastern/naim-ahmed-8BcVHmAHtlw-unsplash.jpg,1acd26d10c74bd12fd1f39314165072cb0def56b245f9c520c16d22f570c8726,1000
61,39,male/mideastern/nasro-azaizia-1NP6_EsAYl8-unsplash.jpg,71ee27a34561bb39e546bb497d3d09f661d1dbec3b90c5c0b4ad680e6bbc0a13,1000
61,40,male/mideastern/nonsap-visuals-kMJp7620W6U-unsplash.jpg,bad667bf288f4fb57c8a12cec244480c2abb82ac7f111d1129eb9f9b313da23c,1000
62,1,male/mideastern/nowah-bartscher-Gpm_PGnNAug-unsplash.jpg,655c75d927b17a5f210eab223d15f70a5989650dfc5282d280dad615209fa8b3,1000
62,2,male/mideastern/omar-ram-slwxJCmwHPY-unsplash.jpg,d617bc30338bdc5125789aba6cce2ec429ccf41304f4492436de57cc4e2b3ca5,1000
62,3,male/mideastern/people-3309614_1920.jpg,a42e8d03480ced1bd9c9470518e138c8a39b8222b15f55ce3ee07de614cc29cc,1000
62,4,male/mideastern/pexels-ayaka-kato-2860892.jpg,50790f4b151a8513cead75cfcd4ca164d32647c1d14bac86da807ee1ca4db5c6,1000
62,5,male/mideastern/pexels-hebert-santos-5485599.jpg,b9a6db46608963809dee6aaf647c700385f139f8e353c14174e39c19114f24c4,1000
62,6,male/mideastern/pexels-himesh-mehta-2880285.jpg,d1bde50b5243c1b7b0a61804ce23781b699885dbafccf68ed7a2a995e842f80e,1000
62,7,male/mideastern/pexels-ibadat-singh-2586823.jpg,56b57165926aa6b77e5c1046c23f75bd5403890da4fe1734f5c7e54461fae225,1000
62,8,male/mideastern/pexels-lina-kivaka-3395282.jpg,097c0ea191dd474816a6bef126ffd20f4c785aa07d95b6aac5466a06033b2528,1000
62,9,male/mideastern/pexels-yazan-khalifeh-1000225.jpg,3ec7066c8606eb629e41866e46cc6f09827959ca1b1abed388da3789178dd173,1000
62,10,male/mideastern/portrait-2529904_1920.jpg,ae44e1597b37b660890bea9acb45d3575221ab6b9e24145feb81d4a668a820ae,1000
62,11,male/mideastern/portrait-4980389_1920.jpg,c9808a540f3bbbc1df60851d52fa523f858291ffe219a50737554648d8606d2b,1000
62,12,male/mideastern/portrait-5945929_1920.jpg,d22f547fb0db186afc533294ef36206b0260850eb93d72dfe834a63cf10cc6b0,1000
62,13,male/mideastern/reza-biazar-eSjmZW97cH8-unsplash.jpg,16e106c4d8be6850c0f473a67a415156ed4a456028464b4104211e008aefedf1,1000
62,14,male/mideastern/riccardo-fissore-QMfP5xza0vU-unsplash.jpg,218d7c5714ef75496f5a16f650e7a4d1afd348ff3ad263dc63452206892c5ad6,1000
62,15,male/mideastern/ruslan-ihnatenko-2Bb2auSD1hY-unsplash.jpg,849fa068927456293e0ed7377fc3db67954414a73fbb16edc3ac4e04acd4d4a4,1000
62,16,male/mideastern/sandeep-swarnkar-Dj5hm0S257U-unsplash.jpg,717ca2a9650d2b701c0eae28f86d962b74086c5cca9083cab14134b3df4a8409,1000
62,17,male/mideastern/seth-doyle-wys9Jty8wNQ-unsplash.jpg,a2b9b60b082f91c756af02f2faff3faf546b03baf28e2974a4aef2bc470dff51,1000
62,18,male/mideastern/shoaeb-hameed-kEfO2edX4Gg-unsplash.jpg,d665dd40eb08c1815ae267492d8bcd6c5c9f23323229b3d80939da9bbc9b2ced,1000
62,19,male/mideastern/sina-rezakhani-jIPRAqxE6P8-unsplash.jpg,dd5e0acff9ad2f3e335ec658726957df97b0c6f50263d54492726e39420cdf39,1000
62,20,male/mideastern/t-r-a-v-e-l-e-r-g-e-e-k-p5oh6YkMTb0-unsplash.jpg,14bffa5cc97115bd54c4287fbb682ebbd58add70caf31eaf5a0a1bc560ae0238,1000
62,21,male/mideastern/tanjir-ahmed-chowdhury-d-7p5mKk9ys-unsplash.jpg,e1f1d6293d8ac3702243e3dc8ba4dc08b9c71aa02e3aee1d8f5d729b11798c4b,1000
62,22,male/mideastern/thobe-805762_1920.jpg,82a24e751c13a8397dcaba8376df3285440f33e6526d7aa5ef5c10b0c251bbc6,1000
62,23,male/mideastern/tim-mossholder-zIBn97bCJoI-unsplash(1).jpg,e79502d8b3c4244bab5de0cd0f2d529e5ff77a5496f973a0beda11326754178f,1000
62,24,male/mideastern/vaishnav-chogale-rJuA7hz1M7Q-unsplash.jpg,5b6f0ed06a2e2b2ee52d4b6382aedd511649bec50d2cc931a1b5f513d543b8c5,1000
62,25,male/mideastern/wilfred-sequeira-tXNjCm4bN8Y-unsplash.jpg,07e63dc79c2a4e034e4c2b883142e1d2cbff103d783437aca9501c6302d7fab8,1000
62,26,male/mideastern/zabih-khan-SQWDVRdjp2E-unsplash.jpg,14b1d408650148483b52c5927e2c045abe58c7de36156a60f6340480ad22e3cd,1000
62,27,male/mideastern/zachi-denicola-RytIjfk0tFY-unsplash.jpg,87db9ea558d168fb0b29b497a083424840905120c2f4554d72749f56803cfab6,1000
