image,score
female/indian/woman-761642_1920.jpg,3.790123456790124
female/caucasian/f8.jpg,7.663194444444445
female/caucasian/shilja-74758_1920.jpg,4.561957018747143
female/caucasian/woman-3187336_1920.jpg,5.960919540229885
male/caucasian/happy-3004355_1920.jpg,5.046717171717171
female/indian/woman-4686065_1920.jpg,6.34567901234568
female/caucasian/eva-wilcock-hHFijaQdfTw-unsplash.jpg,5.828333333333333
male/asian/fikran-jabbart-dZ6SQ0d-IVc-unsplash.jpg,3.7777777777777777
female/hispanic/woman-5870296_1920.jpg,8.444444444444445
male/asian/sane-sodbayar-KhrbDMmnF8I-unsplash.jpg,5.350761217948718
male/caucasian/headphones-4602763_1920.jpg,5.36623023715415
female/black/pexels-kaone-makoko-3785991.jpg,4.777777777777778
female/asian/girl-526707_1920.jpg,4.718576195773081
female/caucasian/sofia--LNdco1UgNY-unsplash.jpg,9.625
male/caucasian/dima-dallacqua-4c23dXiYPhc-unsplash.jpg,6.415668202764977
female/caucasian/woman-5480503_1920.jpg,5.888888888888889
female/indian/soham-banerjee-22DWv_qBMZo-unsplash.jpg,5.559523809523809
male/black/oladimeji-odunsi-g8bZKBcGnaU-unsplash.jpg,6.0
female/black/force-majeure-a5-_X8IktJg-unsplash.jpg,5.947368421052632
female/caucasian/jennifer-marquez--shIc419kMU-unsplash.jpg,6.912280701754386
female/caucasian/anton-malanin-lxEqRDB9Ng8-unsplash.jpg,7.36
female/indian/aayush-gop-rawat-VPwSJhu5uhs-unsplash.jpg,7.68595041322314
female/caucasian/lovely-3368231_1920.jpg,5.968854282536151
male/caucasian/ilya-shishikhin-2blzycUKsA0-unsplash.jpg,6.545715249662618
female/caucasian/jonnelle-yankovich-c7TBD3PvoaQ-unsplash.jpg,5.5
male/hispanic/gabriella-clare-marino-G3Nj7b_UBLo-unsplash.jpg,5.595041322314049
female/caucasian/ayo-ogunseinde-6W4F62sN_yI-unsplash.jpg,8.825185185185184
male/caucasian/sayo-garcia-n-LARjYGIeg-unsplash(1).jpg,5.780952380952381
male/indian/ashkan-forouzani-lxQw4HiwKBY-unsplash.jpg,4.956349206349206
male/asian/pexels-min-an-1153351.jpg,5.197530864197531
female/hispanic/couple-5227606_1920.jpg,6.666666666666667
female/caucasian/pexels-mbardo-5293989.jpg,8.0
male/asian/kahar-erbol-ifl-af6d_0c-unsplash.jpg,2.7229916897506925
male/hispanic/erik-mclean-bTCQMLjXLZQ-unsplash.jpg,7.080209388720029
male/indian/happiness-4067230_1920.jpg,5.6175048355899415
male/caucasian/mens-3849286_1920.jpg,5.4162151702786385
female/mideastern/29.jpg,6.929411764705883
female/black/noah-buscher-AR7aumwKr2s-unsplash.jpg,5.614035087719299
male/mideastern/allef-vinicius-37l3ap7rouo-unsplash.jpg,5.909090909090909
female/hispanic/2.jpg,6.231956845238095
male/caucasian/kas-YHDWG6-EsYc-unsplash.jpg,5.994606973995272
female/black/pexels-shotpot-6337498.jpg,4.333333333333333
male/caucasian/man-3177583_1920.jpg,5.881132075471698
male/black/brian-lundquist-bf6ZtR545rU-unsplash.jpg,5.990931832395248
female/caucasian/isi-parente-0FjPiX4szEk-unsplash.jpg,7.211538461538462
female/hispanic/girl-390568_1920.jpg,4.64
female/indian/pexels-ketut-subiyanto-4307688.jpg,6.666666666666667
female/caucasian/11.jpg,6.551989730423621
male/indian/man-921004_1920.jpg,4.583909490886235
male/caucasian/fashion-1866574_1920.jpg,7.624239130434783
female/caucasian/michael-burciaga-nPLOGnW9MWY-unsplash.jpg,5.4265644955300125
male/caucasian/nick-karvounis-JyO_szjGvUw-unsplash.jpg,6.346938775510203
female/indian/eyes-5938203_1920.jpg,4.071428571428571
male/hispanic/pexels-italo-melo-2379005.jpg,7.074074074074074
male/indian/pedram-normohamadian-daguyNdZFCY-unsplash.jpg,6.24500203998368
female/caucasian/mike-austin-oRVnmlBD4Vo-unsplash.jpg,7.5501893939393945
male/black/filipp-romanovskij-H4q-AEA02rY-unsplash.jpg,3.0
female/indian/pexels-darshan-peeal-2784078.jpg,8.5625
female/asian/pexels-cottonbro-3419693.jpg,7.0
female/asian/vino-li-yuJYUYpnFlo-unsplash.jpg,8.493827160493828
female/asian/pexels-mental-health-america-(mha)-5531323.jpg,7.75
female/mideastern/nathan-bingle-Rmdja7-az8M-unsplash.jpg,5.028265107212476
female/caucasian/woman-3668495_1920.jpg,5.275862068965518
female/mideastern/pexels-engin-akyurt-3168993.jpg,6.753086419753086
male/caucasian/lisa-wall-x5aOKbKhM_o-unsplash.jpg,7.454545454545454
male/black/pexels-mwabonje-2096476.jpg,4.222222222222222
female/indian/woman-5922149_1920.jpg,5.555555555555555
female/caucasian/woman-918583_1920.jpg,7.136666666666667
male/caucasian/martin-magnemyr-V4B0nrIJcls-unsplash.jpg,7.432098765432098
female/caucasian/laura-dewilde-dhCxlHodZvM-unsplash.jpg,7.482905982905982
female/hispanic/woman-2773007_1920.jpg,7.604938271604938
male/caucasian/people-1690965_1920.jpg,4.884539007092198
female/black/woman-5932291_1920.jpg,4.901234567901235
female/mideastern/raamin-ka-FfZRzlmFsvY-unsplash.jpg,8.909090909090908
male/caucasian/sigmund-QjCNk0TxGfc-unsplash.jpg,4.812942366026289
female/hispanic/alex-avalos-M1dTxJm6Lbo-unsplash.jpg,6.735652173913044
female/hispanic/steven-aguilar-9kmy3mYHo6Y-unsplash.jpg,6.628787878787879
female/hispanic/alex-blajan-iRsktlI-hls-unsplash.jpg,5.964334705075446
female/asian/girl-5933162_1920.jpg,7.75
female/hispanic/girl-4610430_1920.jpg,6.653846153846154
male/mideastern/reza-biazar-eSjmZW97cH8-unsplash.jpg,4.8778073286052015
male/mideastern/joel-muniz-juKjPjVBza8-unsplash.jpg,5.073326432022084
female/caucasian/jonathan-cooper-b-A6K_2cpWY-unsplash.jpg,7.054545454545455
female/caucasian/marcel-strauss-4W0-5NOr6dg-unsplash.jpg,5.462962962962963
male/asian/pexels-raul-reynoso-1578531.jpg,7.291666666666666
female/caucasian/anastasiya-pavlova-tPD0S5mLkgI-unsplash.jpg,7.4074074074074066
male/caucasian/r-d-smith-k-f3PYgAPwQ-unsplash.jpg,6.114078947368421
male/indian/pexels-askar-abayev-5638731.jpg,5.555555555555555
male/caucasian/pexels-spencer-selover-775358.jpg,8.083333333333334
male/caucasian/isaac-reynaldo-70BSk8hT52k-unsplash.jpg,5.2258355916892505
female/black/jd-mason-4eRATsC7zTY-unsplash.jpg,6.118181818181818
female/asian/jasmin-chew-WUVozkQFLz0-unsplash.jpg,5.111111111111112
male/black/pexels-areous-ahmad-2122949.jpg,7.098765432098765
female/caucasian/woman-1140923_1920.jpg,4.816326530612245
male/caucasian/nikita-fox-2ODe_T5WRzA-unsplash.jpg,6.086805555555555
female/indian/christina-wocintechchat-com-1Kf3jFemsPk-unsplash.jpg,3.8518518518518516
female/caucasian/bindi-2416039_1920.jpg,7.887566137566138
female/caucasian/girl-139353_1920.jpg,6.3965517241379315
male/caucasian/vampire-4798680_1920.jpg,5.887814313346227
female/black/wadi-lissa-PnCTTH_mmYg-unsplash.jpg,5.211538461538461
male/caucasian/man-945482_1920.jpg,7.011045751633987
male/black/african-american-1436661_1920.jpg,4.777374031007752
female/indian/anusha-reddy--zP_lFB6vCk-unsplash.jpg,6.666666666666667
female/asian/thanh-duc-phan-i5R8hbZFDdc-unsplash.jpg,7.201183431952662
male/hispanic/jaime-spaniol-0g9FHYb3IEY-unsplash.jpg,7.371212121212121
male/caucasian/vasile-stancu-Rx-dasg6bN4-unsplash.jpg,7.010869565217391
male/hispanic/allef-vinicius-_5ZkuqGEIW0-unsplash.jpg,6.7004283965728275
female/caucasian/fezbot2000-L0RvwcsiSFw-unsplash.jpg,6.737244897959184
female/caucasian/carlos-augusto-qmsP-aRLWsc-unsplash.jpg,8.415000000000001
female/hispanic/omid-armin-xOjzehJ49Hk-unsplash.jpg,6.958994708994709
female/asian/aiony-haust-Nsze2HlxoZo-unsplash.jpg,8.48235294117647
female/hispanic/huseyin-topcu-pE5dKSGH6G8-unsplash(1).jpg,7.935672514619883
male/caucasian/boy-3562120_1920.jpg,6.439661949685534
female/caucasian/mike-austin-JfpclLudxlE-unsplash.jpg,7.653846153846153
female/indian/beauty-4175607_1920.jpg,5.964334705075446
female/mideastern/pexels-italo-melo-1786258.jpg,3.111111111111111
female/asian/portrait-3622823_1920.jpg,6.886039886039886
female/asian/asian-girl-4819726_1920.jpg,6.729766803840878
male/mideastern/luca-anasta-JMNXb6KBJwI-unsplash.jpg,3.4427179962894248
male/caucasian/nathan-dumlao-ger61_TX6oI-unsplash.jpg,3.140507246376812
female/caucasian/gemma-chua-tran-u1eZM06-MPw-unsplash.jpg,7.194444444444445
male/mideastern/man-1129953_1920.jpg,4.111111111111112
male/caucasian/man-962563_1920.jpg,6.5310307017543865
male/caucasian/man-4123268_1920.jpg,6.2101503759398495
female/asian/bui-thanh-tam-D6meliiyaWs-unsplash.jpg,6.54320987654321
female/mideastern/alireza-esmaeeli-JfR_6qzips8-unsplash.jpg,7.958579881656804
male/asian/lars-zhang-Emvn9asFvPw-unsplash.jpg,5.583333333333334
male/caucasian/andreea-pop-bTVliFTsdHI-unsplash.jpg,5.975358733300347
female/caucasian/sincerely-media-T-q2QLhRFnY-unsplash.jpg,5.273846153846153
male/asian/pexels-joen-nguyen-2599510.jpg,7.271604938271604
female/caucasian/vladislav-nikonov-XyoRtTE5P9U-unsplash.jpg,7.111111111111112
female/asian/anthony-tran-RG9Z5CtnlUQ-unsplash.jpg,8.5
male/asian/boy-4754320_1920.jpg,4.9401017576318225
female/indian/pexels-kaushal-moradiya-2781201.jpg,8.53125
male/caucasian/julian-wan-NHlTr-9eE4o-unsplash.jpg,7.245550428477259
male/hispanic/clarisse-meyer-B9TzBwBVUpw-unsplash.jpg,6.738095238095238
female/caucasian/allef-vinicius-RTiPK6GPBxg-unsplash.jpg,8.2575
female/caucasian/carlos-lindner-DkSkgaPie8s-unsplash.jpg,5.816326530612245
female/caucasian/ronaldo-oliveira-TOQlWdx_5Zc-unsplash.jpg,7.238095238095238
male/mideastern/tradition-60791_1920.jpg,3.98125
female/black/makeup-1442912_1920.jpg,6.555555555555555
female/asian/pexels-meijii-2014864.jpg,7.111111111111111
male/caucasian/suit-3554990_1920.jpg,6.326866916979558
male/caucasian/man-1122364_1920.jpg,6.202127659574468
female/hispanic/ayo-ogunseinde-THIs-cpyebg-unsplash.jpg,6.907407407407407
male/mideastern/portrait-4980389_1920.jpg,4.513731060606061
female/asian/bin-thi-u-xOBpdqH2Uao-unsplash.jpg,7.842105263157895
male/black/annie-spratt-QdK6aujOLYs-unsplash.jpg,3.975206611570248
female/caucasian/sofia-kuniakina-GeAqNAWZ1d0-unsplash.jpg,5.882030178326475
male/hispanic/misael-silvera-5CSRi249CQk-unsplash.jpg,6.354166666666667
male/black/morgan-vander-hart-GVB-E8mr4Xk-unsplash.jpg,5.159801136363636
male/indian/pexels-nishant-aneja-2561432.jpg,1.0
male/asian/pexels-min-an-752802.jpg,6.375
female/black/pexels-willsantt-1962844.jpg,6.333333333333333
male/indian/swapnil-dwivedi-N2IJ31xZ_ks-unsplash.jpg,2.533909574468085
male/hispanic/pexels-armin-rimoldi-5301742.jpg,4.152777777777778
male/indian/puvvukonvict-photography-AtpSEe3.jpg,1.4298245614035088
male/caucasian/isolated-4063379_1920.jpg,5.385648148148149
male/asian/pexels-min-an-898768.jpg,6.271604938271604
male/asian/pexels-satyabrata-das-6605720.jpg,5.0
female/black/woman-659348_1920.jpg,6.589285714285714
female/indian/60.jpg,6.831578947368421
male/caucasian/dane-wetton-vzticETKMYU-unsplash.jpg,5.765878378378378
male/asian/pexels-dellon-thomas-3674248.jpg,7.604938271604938
female/black/woman-868521_1920.jpg,5.464285714285714
male/asian/xu-duo-gobC9sSIXc4-unsplash.jpg,4.413503086419753
male/mideastern/katie-moum-yXfdoI66AtQ-unsplash.jpg,3.1648113790970935
male/caucasian/pexels-jj-jordan-3149592.jpg,5.555555555555555
male/mideastern/kamal-alkhatib-i4ls_N9o968-unsplash.jpg,5.555555555555555
male/asian/liam-martens-W3ANdzEvdZE-unsplash.jpg,4.173133083020442
female/indian/woman-3146093_1920.jpg,5.523399014778326
female/caucasian/pexels-skyler-ewing-4680619.jpg,6.555555555555555
male/indian/portrait-2612525_1920.jpg,4.85
male/indian/jeffrey-grospe-epomvImeev4-unsplash.jpg,4.35374149659864
male/caucasian/marie-michele-bouchard-8d-1HViXfdk-unsplash.jpg,5.388851351351351
female/caucasian/girl-3901714_1920.jpg,7.894736842105263
male/black/man-5937492_1920.jpg,5.763888888888889
male/caucasian/pexels-rodrigo-souza-2531553.jpg,8.469135802469136
female/mideastern/photography-4403690_1920.jpg,5.558673469387755
male/mideastern/naim-ahmed-8BcVHmAHtlw-unsplash.jpg,7.311764705882353
male/hispanic/antoine-da-cunha-r8AEmsxbf1A-unsplash.jpg,6.437538580246913
male/caucasian/christopher-campbell-jxWFbUqNEOM-unsplash.jpg,6.411840411840412
male/caucasian/toa-heftiba-Gf12dq0xgHA-unsplash.jpg,5.841593780369291
male/caucasian/charisse-kenion-bYxVLLifeIc-unsplash.jpg,4.7670928030303035
male/asian/yang-deng-C4bZ_42MAYA-unsplash.jpg,5.108977685521536
female/asian/joel-mott-Z8MesVFSYac-unsplash.jpg,6.539200000000001
female/mideastern/daniil-lobachev-XAo09LtQiAQ-unsplash.jpg,7.1605263157894745
male/asian/guy4.jpg,6.86095146871009
female/black/pexels-adrienne-andersen-2552130.jpg,6.271604938271604
female/caucasian/francesca-zama-GVIesWuFdI8-unsplash.jpg,8.625
female/indian/sergio-souza-jzXgkWDL2YM-unsplash.jpg,7.96969696969697
female/mideastern/woman-1284347_1920.jpg,6.583333333333333
female/black/ebony-1643426_1920.jpg,3.4267939814814814
female/mideastern/pexels-arsham-haghani-3536991.jpg,8.125
male/mideastern/boy-2407597_1920.jpg,5.518518518518518
female/indian/woman-5910803_1920.jpg,7.125
male/indian/theodore-goutas-aeq3jJj0sUw-unsplash.jpg,3.605263157894737
female/caucasian/alexis-reyna-Ghq7sANg8Lc-unsplash.jpg,6.649122807017544
female/black/pexels-rfstudio-3061415.jpg,6.333333333333333
female/indian/clinton-naik-k-YuHdAtTP0-unsplash.jpg,5.057539682539683
male/black/angry-boy-3740043_1920.jpg,3.9491869918699183
female/black/engin-akyurt-Obi2AUzEZyU-unsplash.jpg,4.962962962962963
female/caucasian/oz-seyrek-cwh8976pscU-unsplash.jpg,7.954415954415954
male/black/clem-onojeghuo-1qyw0De2XC8-unsplash.jpg,4.2903476907109495
female/indian/india-4869731_1920.jpg,4.10820451843044
female/asian/women-5930352_1920.jpg,9.375
female/mideastern/pexels-mohamed-abdelgaffar-1698731.jpg,7.222222222222222
female/asian/philippe-leone-ffrGEGb4Y58-unsplash.jpg,2.9563043478260873
male/caucasian/man-4302299_1920.jpg,7.098039215686275
female/caucasian/bruno-bucar-juC6zUwJTHE-unsplash.jpg,6.75462962962963
male/black/guy-615808_1920.jpg,5.086970474967908
female/black/suad-kamardeen-4VN2WWVWqDs-unsplash.jpg,5.857699805068226
female/indian/woman-5604742_1920.jpg,8.607142857142858
female/asian/h-f-e-co-2ayXMZmiRWk-unsplash.jpg,8.986111111111112
female/mideastern/warrior-1240995_1920.jpg,6.080459770114942
female/caucasian/model-299694_1920.jpg,6.9300411522633745
male/mideastern/milad-shams-CdObhuoQ7Q0-unsplash.jpg,6.429089506172841
male/mideastern/engin-akyurt-VwqQ-eJnz8o-unsplash.jpg,4.472007722007723
female/mideastern/muslim-5016606_1920.jpg,6.961822660098521
male/black/african-american-2751286_1920.jpg,4.753289473684211
male/caucasian/irene-strong-Y-AQ3mBVros-unsplash.jpg,6.373306233062331
male/black/leilani-angel-K84vnnzxmTQ-unsplash.jpg,5.357007575757575
female/mideastern/pexels-fotografierende-1793059.jpg,6.875
female/mideastern/omid-armin-2HUKJuFRemE-unsplash.jpg,8.11111111111111
male/mideastern/jassir-jonis-OHVBfnxiokY-unsplash.jpg,5.311539598108747
female/hispanic/engin-akyurt-N7YaZf7szz0-unsplash.jpg,6.536111111111111
male/mideastern/sammy-chandio-xmbL3d1gE5Q-unsplash.jpg,6.379320987654321
male/black/rui-silvestre-hAMJpesMeDE-unsplash.jpg,5.455208333333334
female/caucasian/woman-5919218_1920.jpg,7.19753086419753
male/caucasian/person-4556344_1920.jpg,5.221041666666667
female/asian/documentary-2695341_1920.jpg,3.9047619047619047
male/caucasian/man-2854030_1920.jpg,7.418469387755102
male/asian/tanjir-ahmed-chowdhury-rXyJjeDdWVk-unsplash.jpg,4.962962962962964
female/asian/young-women-1281280_1920.jpg,3.5369406867845994
female/hispanic/portrait-4137472_1920.jpg,6.766666666666667
female/caucasian/nick-arnot-AuCrXk0pLWo-unsplash.jpg,7.898148148148148
male/indian/pexels-suleman-mukhtar-452557.jpg,6.0
female/mideastern/ghaly-wedinly-K07jvi25Qxg-unsplash.jpg,7.419047619047619
male/hispanic/raj-rana-pgwb84pGonM-unsplash.jpg,5.518855218855219
female/mideastern/kamal-alkhatib-IETO_Z0BrsE-unsplash (1).jpg,7.444444444444445
male/caucasian/angelika-agibalova-06Bl5S7tySM-unsplash.jpg,7.07943899782135
male/caucasian/portrait-3518463_1920.jpg,7.266898248661167
female/indian/dollar-gill-Ciujwy5epq4-unsplash.jpg,8.105
male/mideastern/ashkan-forouzani-dz0C0Zv5QvM-unsplash(1).jpg,3.5029761904761907
male/black/osheen-turnbull-sU0IT6W8KaU-unsplash.jpg,5.476190476190476
female/hispanic/girl-4818720_1920.jpg,7.037037037037037
male/black/sexy-man-3414909_1920.jpg,5.287475822050291
male/caucasian/tomas-gal-0y7_9bRUoz0-unsplash.jpg,6.93045484508899
male/hispanic/pexels-javon-swaby-2778211.jpg,4.382716049382716
female/black/girl-1245835_1920.jpg,6.42318244170096
female/caucasian/pexels-megan-markham-2448531.jpg,5.777777777777778
female/indian/women-4419736_1920.jpg,6.111111111111111
female/caucasian/carlos-lindner-zvZ-HASOA74-unsplash.jpg,7.833600000000001
male/mideastern/handsome-1290126_1920.jpg,6.7375
female/indian/yogendra-singh-Sx00bDu24_k-unsplash.jpg,6.120713305898492
female/caucasian/timothy-dykes-90uVYog2FKE-unsplash.jpg,8.265
male/hispanic/christian-buehner-wJkSeq7DzrI-unsplash.jpg,5.5
male/indian/dollar-gill-nGWo2KbJERc-unsplash.jpg,6.916666666666667
male/mideastern/james-barr-oRsSeYqJUgY-unsplash.jpg,7.075585789871504
male/hispanic/man-947161_1920.jpg,5.4299790356394135
female/caucasian/yorkie-1393913_1920.jpg,5.473742603550296
male/asian/wells-chan-SDZvNIBjkx0-unsplash.jpg,5.1646444219750585
male/hispanic/male-4444163_1920.jpg,4.059027777777778
female/black/raphael-lovaski-3cbvEhhQspg-unsplash.jpg,7.035714285714286
male/caucasian/man-2326484_1920.jpg,3.923804347826087
male/caucasian/kon-karampelas-5Mo6u9CQLTE-unsplash.jpg,4.825283243887895
male/black/guy11.jpg,5.463498263888889
male/hispanic/daniil-onischenko-YtvwVAVUrLI-unsplash.jpg,6.418128654970761
female/indian/pexels-skg-photography-2270078.jpg,7.373702422145328
male/asian/pexels-ba-phi-1752126.jpg,6.694444444444445
female/caucasian/fashion-1846490_1920.jpg,8.08068783068783
male/mideastern/sexy-3049894_1920.jpg,7.4329297245963915
female/black/kelly-fournier-rPykmpWcL5s-unsplash.jpg,5.0476190476190474
female/caucasian/alexander-krivitskiy-moMIHvUEujM-unsplash.jpg,7.567407407407408
male/caucasian/logan-weaver-7z2KFFWQ7n0-unsplash.jpg,6.757777777777778
male/caucasian/man-2590777_1920.jpg,6.316650469711694
male/caucasian/young-2807688_1920.jpg,4.834179970972424
male/mideastern/portrait-5945929_1920.jpg,4.6419753086419755
female/mideastern/ospan-ali-ue9wiyU842k-unsplash.jpg,8.0
female/asian/13.jpg,6.031972789115646
female/mideastern/girl-3551364_1920.jpg,5.96
female/caucasian/daniel-spase-s4bml9X2lVs-unsplash.jpg,7.666666666666667
female/caucasian/young-1544115_1920.jpg,7.566666666666666
male/asian/pexels-griffin-wooldridge-3970083.jpg,7.222222222222222
female/black/pexels-marlon-schmeiski-3839904.jpg,6.617283950617284
female/mideastern/jonathan-borba-5rQG1mib90I-unspl.jpg,7.222222222222223
female/caucasian/jon-ly-ADBOC3UP4eQ-unsplash.jpg,7.565333333333333
female/caucasian/museums-victoria-WZz1u5R5uT4-unsplash.jpg,7.475274725274725
female/asian/jaizer-capangpangan-04SoDoueyF8-unsplash.jpg,5.9082840236686405
male/asian/emir-taner-bTe1h3b8Ncc-unsplash.jpg,4.0
male/caucasian/jake-oates-9gGTLP0QL1M-unsplash.jpg,5.316712834718375
female/caucasian/baris-selcen-6bjgSD6Wxus-unsplash.jpg,8.0
female/asian/jim-flores-ebidnEfTCtk-unsplash.jpg,7.222222222222223
female/mideastern/cristian-newman-f49XhYbpiA0-unsplash.jpg,8.260266666666666
male/indian/safal-karki-_p93Zag8tgE-unsplash.jpg,6.4059027777777775
male/black/streegar-bORAYzcoJ8A-unsplash.jpg,4.447089947089947
male/mideastern/bhavya-shah-jfzd8vXlDDY-unsplash.jpg,5.754716981132075
female/caucasian/d015.jpg,7.272727272727273
male/indian/model-633771_1920.jpg,4.524101307189542
male/caucasian/beard-4205158_1920.jpg,5.694901960784314
male/hispanic/wonderlane-WzWScssFGJU-unsplash.jpg,5.52280701754386
male/black/keitravis-squire-0YgjYyptKlU-unsplash.jpg,5.6775
male/hispanic/austrian-national-library-NiwBev0Fosk-unsplash.jpg,4.812682519816437
female/mideastern/d2.jpg,7.583333333333333
male/asian/man-537136_1920.jpg,4.711879432624114
male/caucasian/pexels-cottonbro-4812639.jpg,6.111111111111111
male/caucasian/man-4220914_1920.jpg,3.477294685990338
female/caucasian/pexels-pixabay-40901.jpg,7.75
male/caucasian/harishan-kobalasingam-8PMvB4VyVXA-unsplash.jpg,6.521719858156028
male/hispanic/christian-buehner-QLcxFso3gLk-unsplash.jpg,5.660648148148149
male/caucasian/boy-3566903_1920.jpg,7.118100128369705
male/caucasian/man-1146530_1920.jpg,3.80047281323877
female/caucasian/lotte-meijer-oyy71fLMZCY-unsplash.jpg,5.555555555555556
female/caucasian/patrik-velich-fqRwG7ijHwA-unsplash.jpg,6.93859649122807
female/mideastern/khaled-ghareeb-xZSEvSlHRv8-unsplash.jpg,8.0
male/black/pexels-dellon-thomas-1405963.jpg,7.25
male/caucasian/pexels-david-garrison-2128807.jpg,6.666666666666667
female/caucasian/jen-theodore-7A4TvZEW8zY-unsplash.jpg,6.574316290130797
female/caucasian/aleksandr-minakov-bY4GXQKfZrA-unsplash.jpg,7.141608391608392
female/mideastern/woman-2542252_1920.jpg,7.6645408163265305
female/hispanic/allef-vinicius-PA0vICn6DwE-unsplash.jpg,7.886574074074074
female/black/beautiful-3257190_1920.jpg,5.6721938775510194
female/caucasian/girl-736752_1920.jpg,6.486511202560585
male/asian/pexels-andrea-piacquadio-3761521.jpg,6.652777777777778
male/caucasian/alex_rainer-O4f4caX_H3g-unsplash.jpg,6.14875
female/caucasian/woman-1598944_1920.jpg,5.468965517241379
male/hispanic/guy8.jpg,7.450067476383265
female/caucasian/teen-2678447_1920.jpg,7.442105263157895
male/mideastern/omar-ram-slwxJCmwHPY-unsplash.jpg,6.862745098039216
female/asian/42.jpg,7.832080200501252
female/caucasian/woman-659352_1920.jpg,6.666666666666668
female/indian/pexels-bran-sodre-1856538.jpg,7.111111111111112
female/black/pexels-ezekixl-akinnewu-950243.jpg,5.777777777777778
female/indian/happy-4895044_1920.jpg,4.853128991060026
male/black/humphrey-muleba-72QxUqXuXz8-unsplash.jpg,4.0821759259259265
female/caucasian/vlad-baranov-PoZcPg18Qm0-unsplash.jpg,7.189153439153439
female/caucasian/joseph-kellner-o6clLOJd4WY-unsplash.jpg,7.827777777777778
female/caucasian/portrait-3190849_1920.jpg,8.301666666666668
male/caucasian/selfie-543366_1280.jpg,4.604641131815045
female/mideastern/50.jpg,7.827485380116959
female/asian/amoon-ra-p1JglmknQr0-unsplash.jpg,6.023148148148148
female/black/smile-2072908_1920.jpg,6.6871921182266005
male/hispanic/salar-arif-4CWNGHc-luo-unsplash.jpg,6.242608695652173
male/asian/model-2911363_1920.jpg,6.891690009337068
female/caucasian/alexander-scott-lambley-i2AmfpRO0Cc-unsplash.jpg,7.526291723822588
male/caucasian/mohamed-nohassi-Z60j5qAOW_M-unsplash.jpg,6.104166666666667
male/hispanic/ante-samarzija-hOc5-fe3fzE-unsplash.jpg,5.166666666666667
female/indian/shotlist-7sPYFUKOK_8-unsplash.jpg,6.4799999999999995
male/caucasian/guy-5929422_1920.jpg,5.666666666666667
female/caucasian/victoria-volkova-5tQj1sy6ozE-unsplash.jpg,7.303333333333334
male/caucasian/young-man-4971459_1920.jpg,6.80198166223011
female/indian/zhang-kaiyv-voWjZ-NIrqo-unsplash.jpg,6.777777777777777
male/asian/ibuki-tsubo-xQOy5w4waCk-unsplash.jpg,6.787878787878788
male/indian/handsome-1886567_1920.jpg,6.530980392156863
male/hispanic/man-2030662_1920.jpg,6.5254333617504985
female/hispanic/vinicius-wiesehofer-UOavP_Z38lE-unsplash.jpg,8.180555555555555
male/caucasian/guy-4733626_1920.jpg,6.60084835630965
male/caucasian/pexels-ralph-rabago-3290888.jpg,7.666666666666667
female/asian/pexels-amir-hamzah-photo-2705292.jpg,8.11111111111111
male/hispanic/man-1613566_1920.jpg,4.934517203107658
female/caucasian/woman-2293390_1920.jpg,6.022792022792023
male/caucasian/127.jpg,5.517216642754663
female/indian/pexels-mentatdgt-2558680.jpg,8.444444444444445
female/asian/girl-5934674_1920.jpg,6.716049382716049
male/indian/hichem-dahmani-8VitrkP2-mw-unsplash.jpg,4.363636363636363
female/caucasian/portrait-3364406_1920.jpg,6.0014792899408285
female/caucasian/brock-wegner-Ip5PiEDGK3s-unsplash.jpg,8.17251461988304
female/hispanic/patrick-gillespie-8j0CTWsImzo-unsplash.jpg,7.28030303030303
male/black/pexels-tom-leishman-5255326.jpg,3.666666666666667
female/caucasian/28.jpg,8.15
female/asian/chinh-le-duc-TV1QYUtTxJ8-unsplash.jpg,5.5
male/caucasian/pexels-jaysen-scott-1858490.jpg,4.555555555555555
female/black/cute-4721888_1920.jpg,6.717948717948719
female/black/african-american-1180847_1920.jpg,4.736732570239334
male/black/mbusowethu-radebe-CS2uCrpNzJY-unsplash.jpg,5.131578947368421
male/black/britain-eriksen-Qz_xqGsshWU-unsplash.jpg,5.777777777777778
female/hispanic/matthew-reyes-Zh9KXMPIcVk-unsplash.jpg,6.4002849002849
female/asian/face-977177_1920.jpg,4.637573964497042
female/caucasian/woman-4130601_1920.jpg,4.582010582010582
male/mideastern/milad-shams-89UvLA2zWJI-unsplash.jpg,7.702479338842974
female/hispanic/beautiful-1274056_1920.jpg,8.164615384615384
male/hispanic/posing-996232_1920.jpg,4.5781223083548666
female/caucasian/girl-2334888_1920.jpg,6.65625
male/asian/lars-zhang-jVmrOAO4hZ0-unsplash.jpg,5.0469080338266386
female/black/david-todd-mccarty-e17ti0-AYoA-unsplash.jpg,6.350877192982456
male/caucasian/clint-mckoy-_J2JFRHLijI-unsplash.jpg,5.814044814044814
male/asian/face-1391628_1920.jpg,6.385487528344672
male/caucasian/julian-wan-cCvnG-937HE-unsplash.jpg,6.860077364279044
female/mideastern/little-girl-5912824_1920.jpg,6.888888888888888
male/indian/pexels-yogendra-singh-3748221.jpg,6.555555555555555
male/black/david-rotimi-6hGIMs-TOYU-unsplash.jpg,3.79
female/caucasian/daniel-corneschi-BK3edUeZHls-unsplash.jpg,7.0
male/indian/kazi-mizan-bfReptWpKEg-unsplash.jpg,6.07962962962963
male/mideastern/pexels-marcelo-chagas-3583894.jpg,7.111111111111112
male/caucasian/young-man-3354511_1920.jpg,6.193643162393163
male/caucasian/111.jpg,5.997486173956762
female/black/steward-masweneng-Ws4YEqBafus-unsplash.jpg,5.007575757575757
female/black/princess-Lo9qLgRIUIs-unsplash.jpg,4.884615384615385
female/hispanic/mateus-campos-felipe-AMSLWjFhivg-unsplash.jpg,7.722222222222222
male/caucasian/james-barr-4t3k6JjuPi4-unsplash.jpg,6.694745983499782
female/caucasian/girl-3576679_1920.jpg,8.23695054945055
male/black/joshua-rodriguez-3H4PToAVncA-unsplash.jpg,3.663157894736842
male/indian/muhammad-ali-2LTkVBl6ViM-unsplash.jpg,4.366151866151866
female/asian/asian-3932158_1920.jpg,6.888888888888889
female/mideastern/hamid-tajik-uvnApE6gmnM-unsplash.jpg,4.443213296398892
female/caucasian/logan-weaver-GLE_xlFgXTI-unsplash.jpg,7.403061224489796
female/mideastern/ana-itonishvili-12KpxzD4iis-unsplash.jpg,5.801652892561983
female/caucasian/nikita-shirokov-v2RUpFTS3mo-unsplash.jpg,7.785714285714286
female/asian/irene-strong-gKJ2FFsCOD0-unsplash.jpg,5.648148148148148
male/caucasian/kyryll-ushakov-S3DMQzP6QG8-unsplash.jpg,6.254599567099567
female/indian/indian-5033680_1920.jpg,7.711538461538461
female/indian/huu-chung-dang-lP02hkcp7H0-unsplash.jpg,8.578125
male/indian/pexels-ali-madad-sakhirani-997512.jpg,6.333333333333333
female/caucasian/joshua-rawson-harris-7jrNEAdxwUE-unsplash.jpg,7.230769230769231
female/caucasian/charlie-garcia-xJ_lOztx-VE-unsplash.jpg,7.463888888888889
male/asian/face-1223346_1920.jpg,5.711436170212766
male/indian/portrait-2552312_1920.jpg,4.623674655047204
male/caucasian/erik-mclean-06vpBIHmiYc-unsplash.jpg,5.644574468085107
female/black/emma-valerio-Hz_hQrk9hQ8-unsplash.jpg,5.444444444444445
male/black/nico-marks-mFcc5b_t74Q-unsplash.jpg,4.60582729468599
male/caucasian/erik-mclean-8YbkDZwLx70-unsplash.jpg,6.0453344458350715
male/caucasian/beard-1845166_1920.jpg,7.127086007702183
female/black/pexels-marcelo-dias-2448994.jpg,7.555555555555555
female/caucasian/egor-barmin-tFF1gAwC6iE-unsplash.jpg,7.038461538461537
female/black/pexels-murat-esibatir-4355346.jpg,7.990196078431372
female/caucasian/business-3456505_1920.jpg,7.283950617283951
female/caucasian/sheri-hooley-SyuTPtihxrE-unsplash.jpg,6.5824
male/mideastern/ashkan-forouzani-bS1z7PKjDEc-unsplash.jpg,3.989636752136752
female/indian/julian-florez-LWaFYrn4SfY-unsplash.jpg,6.333333333333333
male/asian/human-2538246_1920.jpg,3.7517460317460314
male/caucasian/pexels-ira-dulger-1452127.jpg,6.444444444444445
female/caucasian/girl-4015898_1920.jpg,6.149014778325123
female/mideastern/jordan-dca_s9Wy8c0-unsplash.jpg,8.181818181818182
male/black/pexels-bestbe-models-2282520.jpg,6.08641975308642
male/caucasian/people-1492096_1920.jpg,5.356346794036765
male/caucasian/wesley-tingey-TvPCUHten1o-unsplash.jpg,5.235977564102565
female/mideastern/mia-cambriello-dQgKjETjqDg-unsplash.jpg,6.416666666666667
female/caucasian/women-1209678_1920.jpg,6.924554183813443
male/caucasian/patricia-prudente-__LnEJsm7ns-unsplash.jpg,3.406758448060075
female/caucasian/anastasiya-pavlova-7ip-IOC2yvA-unsplash.jpg,7.15363511659808
male/hispanic/taylor-vatem-AcyB19Kpg48-unsplash.jpg,5.491319444444444
female/mideastern/abi-lewis-5f8i3ckEswk-unsplash.jpg,4.25921052631579
female/black/jessica-felicio-YEbFUPYfUlo-unsplash.jpg,4.107142857142858
male/caucasian/scarf-3339049_1920.jpg,6.591645216645216
female/indian/loren-joseph-11eY-tkB9VU-unsplash.jpg,5.001371742112483
female/caucasian/emmanuel-bior-N06QdiZgK_E-unsplash.jpg,7.6325
female/caucasian/girl-1848910_1920.jpg,7.399408284023669
male/caucasian/man-4818722_1920.jpg,6.4160416666666675
female/caucasian/12.jpg,6.370599868160844
male/indian/imansyah-muhamad-putera-Ob19pmoYWkI-unsplash.jpg,3.6859504132231407
female/asian/pexels-happy-pixels-3170437.jpg,7.625
female/black/jessica-felicio-_cvwXhGqG-o-unsplash.jpg,6.749230769230769
female/caucasian/young-girl-510441_1920.jpg,8.333333333333334
male/mideastern/t-r-a-v-e-l-e-r-g-e-e-k-p5oh6YkMTb0-unsplash.jpg,5.448402948402948
female/mideastern/smile-2504329_1920.jpg,5.36551724137931
male/asian/people-1731137_1920.jpg,4.761904761904762
female/asian/sankhadeep-barman-aHTbdSquNCY-unsplash.jpg,6.902500000000001
female/black/model-4676037_1920.jpg,5.2733333333333325
male/black/larry-crayton-Jt0fZKDmNFM-unsplash.jpg,5.50415512465374
male/indian/md-duran-3pe-sQM8-28-unsplash.jpg,4.131976744186046
female/mideastern/ana-itonishvili-qToBjrHjuYo-unsplash.jpg,7.3
female/hispanic/mateus-campos-felipe-dQvUjiVaXCg-unsplash.jpg,7.363636363636363
female/caucasian/kermen-tutkunova-zjYvn9yqJl4-unsplash.jpg,6.843621399176954
female/mideastern/july-brenda-gonzales-callapaza-DEseREQoXPQ-unsplash.jpg,6.790391156462585
male/caucasian/jeremiah-lawrence-5fD2hY1lv1U-unsplash.jpg,5.886917960088692
male/caucasian/justin-chen-J7Cf1Gch49E-unsplash.jpg,7.138504155124655
female/caucasian/woman-5381567_1920.jpg,8.0
female/caucasian/carlos-lindner-1fBp3p-1CyY-unsplash.jpg,6.61965811965812
male/mideastern/kamil-mehmood-E_9onZVXwcQ-unsplash.jpg,2.6203235591506573
male/indian/boy-5838699_1920.jpg,5.888888888888888
female/indian/pexels-manjeet-singh-yadav-1162983.jpg,8.5
male/caucasian/roman-holoschchuk-I2SU6dCGsnI-unsplash.jpg,6.188293650793652
male/caucasian/luther-bottrill-DVeTzIywKw4-unsplash.jpg,6.793981481481482
male/indian/pexels-john-stephenson-5308640.jpg,5.246913580246914
male/caucasian/taras-chernus-8CEKQlmnf50-unsplash.jpg,5.489025798998845
female/mideastern/pexels-bran-sodre-1852345.jpg,7.34567901234568
male/asian/raphiell-alfaridzy-ME-7JcPzt80-unsplash.jpg,3.25
female/caucasian/model-3665593_1920.jpg,6.607142857142858
male/hispanic/man-1928649_1920.jpg,4.357142857142858
female/asian/ao-dai-2730822_1920.jpg,5.643678160919541
male/asian/pexels-jameson-mallari-atenta-3008355.jpg,4.75
male/indian/handsome-1805532_1920.jpg,6.377630121816169
female/asian/rainier-ridao-L1STkrnnBHw-unsplash.jpg,8.680555555555555
female/caucasian/ethan-haddox-NTjSR3zYpsY-unsplash.jpg,6.66
female/caucasian/maria-lysenko-6ZbrDe3IjMg-unsplash.jpg,5.290370370370371
female/black/jackson-david-Iex31-cnO-o-unsplash.jpg,5.6298076923076925
male/black/esteban-castle-FULkoZ989E4-unsplash.jpg,3.7315789473684213
female/caucasian/nadya-glo-fp6VYFSzM-Y-unsplash.jpg,6.480769230769231
male/mideastern/mhrezaa-iOrq0FnSQTE-unsplash.jpg,7.107438016528926
male/hispanic/jack-finnigan-veB8-OSCyM4-unsplash.jpg,6.473684210526315
female/indian/joshua-purnell-jiBvOb7A860-unsplash.jpg,7.433333333333333
female/mideastern/yogendra-singh-AlpBsZF_uXM-unsplash.jpg,3.072222222222222
male/indian/ali-yahya-22S6KHZoE8Q-unsplash.jpg,3.845748187211602
male/black/philip-martin-5aGUyCW_PJw-unsplash.jpg,4.622519841269841
male/caucasian/130.jpg,7.3932142857142855
female/hispanic/francesca-zama-1fhl_kmbfAE-unsplash.jpg,9.358024691358025
female/indian/couple-4686423_1920.jpg,6.655172413793104
male/indian/ilaya-raja-uX0yUOEYFFU-unsplash.jpg,3.557633973710819
female/asian/pexels-sora-shimazaki-5938437.jpg,5.790123456790123
male/indian/shudipto-sarker-9qpe5gZDc7E-unsplash.jpg,6.192355889724311
male/hispanic/man-1209137_1920.jpg,5.292207792207792
male/caucasian/eric-karim-cornelis-b3oyT44E3LE-unsplash.jpg,8.198347107438018
male/caucasian/portrait-2946213_1920.jpg,6.134326634326634
female/asian/muslim-417317_1920.jpg,4.733333333333333
male/black/wilfried-vowoto-QlRYZr7CNxg-unsplash.jpg,4.476190476190476
male/caucasian/augustin-de-montesquiou-neVX_NUKeLQ-unsplash.jpg,5.857142857142858
male/asian/pexels-cottonbro-5319510.jpg,4.777777777777778
female/caucasian/max-muselmann-3e0dM8wZJK0-unsplash.jpg,7.1096938775510194
female/caucasian/jose-pedro-ortiz-uwaVLojaY7w-unsplash.jpg,4.146254458977408
male/indian/usman-yousaf-xYzEQptq7XU-unsplash.jpg,6.606060606060606
male/black/gift-habeshaw-KBv5dEN3QtY-unsplash(1).jpg,5.910505430242273
female/caucasian/klenova_tati-IvwxEUHpQ5Y-unsplash.jpg,6.805555555555556
male/black/mohammad-faruque-SpIKPT8zeAs-unsplash.jpg,4.725
female/caucasian/5.jpg,7.035797213622291
female/hispanic/26.jpg,7.446712018140589
female/indian/kunal-goswami-YHSohAq-PuI-unsplash.jpg,7.777093596059113
male/mideastern/dev-asangbam-amYKxUUet60-unsplash.jpg,4.428571428571429
male/caucasian/g_14.jpg,4.9523809523809526
female/indian/girl-5471992_1920.jpg,6.777777777777777
female/caucasian/kisses-1039533_1920.jpg,6.408088235294118
male/asian/chelms-varthoumlien-yok4LRlBEEI-unsplash.jpg,5.927518427518428
male/caucasian/alex-sheldon-j1WRSUj5QI0-unsplash.jpg,6.219010175763183
male/hispanic/elvis-ray-sIIoJ0uGkUc-unsplash.jpg,6.573906485671192
female/hispanic/febri-sym-HKuhUKNWFtY-unsplash.jpg,7.252400548696845
female/mideastern/houcine-ncib-JInbeCEqTbs-unsplash.jpg,5.598079561042524
female/hispanic/kunj-parekh-VfC7Pm5BxuI-unsplash.jpg,7.080000000000001
female/caucasian/grimace-1012862_1920.jpg,5.93859649122807
male/caucasian/hashim-hadi-XLvLGDu_5wE-unsplash.jpg,5.938553938553938
female/hispanic/mark-decile-hAw-uxfLXD4-unsplash.jpg,7.13573407202216
female/black/52.jpg,5.302777777777778
female/mideastern/pexels-lucas-macario-1891709.jpg,7.111111111111112
male/caucasian/beautiful-3027662_1920.jpg,6.406666666666666
female/asian/anthony-tran-3Xkms-gMvZg-unsplash.jpg,7.916666666666667
female/asian/7.jpg,6.684047619047619
male/black/pexels-zack-jarosz-2024901.jpg,4.041666666666666
female/caucasian/winter-1520232_1920.jpg,4.122507122507122
female/indian/beautiful-2271357_1920.jpg,5.924554183813443
female/caucasian/people-3057299_1920.jpg,7.131808278867102
male/indian/white-1513923_1920.jpg,6.152399802078178
female/hispanic/anastasiya-pavlova-v6XumrQC1NA-unsplash.jpg,7.295384615384616
male/mideastern/ashkan-forouzani-HF-pfqi3Cxk-unsplash(1).jpg,4.437884615384616
female/caucasian/thoughtful-583373_1920.jpg,2.198224852071006
male/black/pexels-nesto-1676213.jpg,5.5
male/indian/pexels-rahul-shah-888956.jpg,5.888888888888888
female/caucasian/pexels-ali-pazani-2878375.jpg,7.666666666666667
female/caucasian/logan-weaver-X1wFriUtQIE-unsplash.jpg,4.257112184648416
male/caucasian/nathaniel-vala-cBKz-2Db6Rg-unsplash.jpg,6.892628205128204
female/asian/kseniia-ilinykh-BHmKkfpwuuc-unsplash.jpg,4.802469135802469
female/black/demorris-byrd-7Xqi7VLqfpA-unsplash.jpg,7.557093425605537
female/mideastern/hamza-nouasria-1H52tHTJPiI-unsplash.jpg,7.272727272727273
male/black/demorris-byrd-ORLHeCxK3xA-unsplash.jpg,5.575973409306743
female/black/pablo-merchan-montes-ro1i0CMzBfI-unsplash.jpg,4.921957671957672
male/caucasian/austin-distel-7bMdiIqz_J4-unsplash.jpg,7.145004734848484
female/caucasian/people-3310084_1920.jpg,7.0
male/caucasian/boy-2736655_1920.jpg,5.476190476190476
female/hispanic/raamin-ka-ucfVRXL2PrY-unsplash.jpg,8.583333333333334
female/caucasian/portrait-487067_1920.jpg,7.650205761316872
female/asian/tabitha-turner-e5ckVRrQj_8-unsplash.jpg,4.574617346938775
male/caucasian/pexels-andrea-piacquadio-3811804.jpg,5.753086419753086
male/hispanic/nathan-dumlao-iKwCVH4cyjQ-unsplash.jpg,4.634920634920635
female/caucasian/janko-ferlic-70NsMQvAYHE-unsplash.jpg,5.225599999999999
male/mideastern/man-1885147_1920.jpg,6.894111825828799
male/caucasian/person-771996_1920.jpg,4.210661300505051
male/indian/ankush-minda-uPIDtOdCINY-unsplash.jpg,6.327884615384615
female/mideastern/53.jpg,8.635
male/caucasian/man-3552370_1920.jpg,7.324534161490684
male/hispanic/people-2202472_1920.jpg,6.838896020539153
female/mideastern/woman-3182019_1920.jpg,7.703076923076924
female/black/pexels-adrienne-andersen-2552129.jpg,7.777777777777777
male/caucasian/tomas-gal-M6T8XDSl984-unsplash.jpg,5.014617940199336
male/black/karsten-winegeart-JfN0kpooAyw-unsplash.jpg,5.060416666666667
male/caucasian/vicky-hladynets-BUNTFZ25_hI-unsplash.jpg,5.928405572755418
male/mideastern/alireza-moh-WHaTWy-nCkw-unsplash.jpg,5.77989417989418
male/hispanic/amir-esrafili-xmYL_5Hpe4U-unsplash.jpg,7.242214532871973
female/indian/pexels-ketut-subiyanto-4584579.jpg,6.222222222222222
male/caucasian/erik-mclean-seybbgI9-4k-unsplash.jpg,5.900362318840579
female/asian/asian-3752815_1920.jpg,6.351190476190476
male/caucasian/alexander-jawfox-BdfMdaTWGLU-unsplash.jpg,6.544444444444444
male/black/ebuka-nwaju-erV_cqnFrOM-unsplash.jpg,4.804988662131519
female/caucasian/ann-danilina-zgohOdeKpnA-unsplash.jpg,7.074074074074074
female/caucasian/hiva-sharifi-YUK4px6sjdc-unsplash.jpg,7.721052631578947
female/asian/agung-pratamah-Xdm08vqsFrs-unsplash.jpg,6.8520408163265305
male/mideastern/mohammad-metri-r8J8AfoHPz4-unsplash.jpg,4.186039886039886
male/mideastern/mauro-paillex-moDxmttUP00-unsplash.jpg,3.7723899059871355
male/caucasian/petr-sevcovic-e12wQLAjQi0-unsplash.jpg,6.180799220272905
female/caucasian/teen-5096251_1920.jpg,6.668639053254438
male/hispanic/kenzie-kraft-9QW52RyBLao-unsplash.jpg,6.778265765765767
male/hispanic/ziphaus-Fkb4-bLAE4o-unsplash.jpg,5.485185185185185
female/caucasian/f1.jpg,7.90032679738562
female/caucasian/guillaume-bleyer-PPnwwUeUbYk-unsplash.jpg,6.538359788359788
male/caucasian/taylor-8Vt2haq8NSQ-unsplash.jpg,6.863525091799265
male/caucasian/hipster-358479_1920.jpg,6.061937984496123
male/hispanic/oosman-exptal-K2exjqPg3Zs-unsplash.jpg,6.0
male/black/awab-husameldin-4CxTSNe_8Qk-unsplash.jpg,5.175925925925926
male/black/melodie-descoubes-o6siGr9lrwM-unsplash.jpg,4.2617391304347825
female/black/attractive-1869761_1920.jpg,6.0
male/black/close-up-1868524_1920.jpg,4.431443638760712
male/black/man-4345079_1920.jpg,4.5205546265328875
female/mideastern/s-jDpjN4U5mxE-unsplash.jpg,4.607142857142858
female/caucasian/cristian-newman-l9I93gZKTG4-unsplash.jpg,3.315
female/caucasian/anastasiya-nekhaeva-vqGyIoD3PAc-unsplash.jpg,6.84636488340192
female/asian/portrait-3058726_1920.jpg,4.1033333333333335
female/mideastern/jonathan-borba-5rQG1mib90I-unsplash.jpg,7.666666666666667
male/indian/man-5465741_1920.jpg,5.448979591836735
female/caucasian/andriyko-podilnyk-KyQxMKaPTM0-unsplash.jpg,6.345679012345679
male/caucasian/mehmet-turgut-kirkgoz-GHks3u7dzcc-unsplash.jpg,6.1077111383108935
male/caucasian/welshman-3654545_1920.jpg,5.001702127659574
female/asian/portrait-750780_1920.jpg,5.076530612244897
male/indian/abhimanyu-patel-o2g-PaaeD_U-unsplash.jpg,5.444444444444445
female/caucasian/portrait-1579025_1920.jpg,7.782758620689655
female/indian/shifaaz-shamoon-MqLy-G-dBi8-unsp.jpg,3.0454545454545454
female/caucasian/woman-918776_1920.jpg,7.357907253269917
male/caucasian/andre-sebastian-C2Nf5iPOnz0-unsplash.jpg,7.623456790123457
female/mideastern/woman-3950652_1920.jpg,5.398335315101071
female/caucasian/clayton-cardinalli-ZqmmwcE1DQ8-unsplash.jpg,7.8669410150891625
female/caucasian/taylor-deas-melesh-0WTtJ0bhJcw-unsplash.jpg,6.843195266272189
female/caucasian/garin-chadwick-dVnnPd2xgf4-unsplash.jpg,6.679945054945056
female/caucasian/ilya-mirnyy-FrkBU4xWB9g-unsplash.jpg,6.001189060642093
male/hispanic/man-352563_1280.jpg,4.335849787069299
male/indian/vishal-shiro-5935497_1920.jpg,7.888888888888888
male/indian/jaikishan-patel-G1r9ySGtdWQ-unsplash.jpg,5.524719841793012
female/caucasian/joao-paulo-de-souza-oliveira-x-FNmzxyQ94-unsplash.jpg,8.25925925925926
male/asian/pexels-padli-pradana-3751857.jpg,3.444444444444444
male/caucasian/mark-decile-ODah33uNGvU-unsplash.jpg,6.213912630579298
male/black/black-professional-4334648_1920.jpg,4.677513558614935
male/caucasian/morten-pedersen-Z-bgD8pMv30-unsplash.jpg,4.833333333333333
female/hispanic/dorothy-puscas-kMgtp2f7yKs-unsplash.jpg,7.0586419753086425
male/asian/imansyah-muhamad-putera-KchIV_GDy6U-unsplash.jpg,5.175724637681159
female/asian/anthony-tran-6s3L8El33QE-unsplash.jpg,7.760233918128654
female/asian/faizfajer-VzmoR9Meu3w-unsplash.jpg,6.881818181818181
male/caucasian/portrait-3518462_1920.jpg,6.67687074829932
female/indian/33.jpg,7.354938271604938
female/caucasian/christiana-rivers-O_XIvDy0pcs-unsplash.jpg,6.642857142857142
female/caucasian/beautiful-model-4597225_1920.jpg,5.837606837606837
male/hispanic/z-3695551_1920.jpg,6.264279624893435
female/hispanic/khaled-ghareeb-bcQh4nVETaY-unsplash.jpg,7.58
male/asian/long-truong-kVNadxWFsGM-unsplash.jpg,4.919324577861163
male/black/alieza-rizvie-RhYNbSQlxSY-unsplash.jpg,6.2675
male/black/steven-jones-JSXZnudXhXk-unsplash.jpg,6.577218121291069
female/asian/female-3976486_1920.jpg,5.67741935483871
male/caucasian/lumber-1281323_1920.jpg,6.041630434782608
female/black/lucas-lenzi-2RwB3AHphb4-unsplash.jpg,5.805555555555556
female/black/pexels-rodnae-productions-4921034.jpg,6.259259259259259
male/asian/dale-alejandro-RYrMPoxzaZ0-unsplash.jpg,5.444444444444445
female/hispanic/girl-676185_1920.jpg,7.935672514619883
male/asian/handsome-guy-5891610_1920.jpg,6.62962962962963
male/caucasian/pexels-vikas-mani-2764950.jpg,4.777777777777778
female/caucasian/62.jpg,8.8025
male/caucasian/jesse-schoff-ibII8H5Ad4c-unsplash.jpg,7.082575757575757
female/caucasian/fashion-1284308_1920.jpg,6.775862068965517
female/black/jefferson-nnadiekwe-etYRmDQMcQQ-unsplash.jpg,4.857142857142858
male/hispanic/joao-marinho-5rpUUOuBQ5w-unsplash.jpg,6.38781163434903
female/indian/deepika-padukone-2779557_1920.jpg,8.777777777777777
female/mideastern/jyotirmoy-gupta-fpBNEz7N14s-unsplash.jpg,5.3464912280701755
male/black/pexels-nappy-936117.jpg,4.888888888888888
female/hispanic/joseph-perez-pSa5RttmLHs-unsplash.jpg,6.681818181818182
female/caucasian/actress-1893312_1920.jpg,7.258620689655173
male/caucasian/male-4494498_1920.jpg,6.09875
female/caucasian/vince-fleming-ktx5O_H4DKc-unsplash.jpg,6.773662551440329
male/black/dominique-jordan-cYgNxkwCEoI-unsplash.jpg,5.204081632653061
male/black/belinda-fewings-ci0IbJuBsfg-unsplash.jpg,6.356390379646194
female/asian/austin-wade-ex6qfO4TPMY-unsplash.jpg,6.6826923076923075
male/mideastern/shoaeb-hameed-kEfO2edX4Gg-unsplash.jpg,3.7684210526315787
female/caucasian/girl-4283998_1920.jpg,7.3133333333333335
female/hispanic/jonathan-borba-UdhvRvpaBP0-unsplash.jpg,7.636363636363637
male/caucasian/pexels-david-garrison-2128815.jpg,6.777777777777777
female/asian/outdoors-3341719_1920.jpg,5.962962962962963
male/black/man-4539035_1920.jpg,4.692083333333334
male/asian/134.jpg,4.853863636363637
male/hispanic/ismail-taibi-yLFFEhcaYyw-unsplash.jpg,5.937148772552499
female/asian/christian-senan-N0vZpzFrU0w-unsplash.jpg,6.859375
female/asian/woman-4804268_1920.jpg,4.923076923076923
female/asian/nima-sarram-3VOI8o6Ftio-unsplash.jpg,7.666666666666667
female/caucasian/d15.jpg,8.886363636363637
male/black/christian-lunde-v-dd__G7g7k-unsplash.jpg,4.563253449527959
male/caucasian/neonbrand-8AGfQQl_RSM-unsplash.jpg,6.991735537190082
male/caucasian/g_8.jpg,6.699999999999999
female/mideastern/pexels-andrea-piacquadio-3762807.jpg,5.888888888888888
male/caucasian/brendan-hollis-A6Bv1AD8F5U-unsplash.jpg,6.089438122332859
female/caucasian/michael-mims-fWWiaDox0BU-unsplash.jpg,5.415384615384616
female/caucasian/redhead-1996288_1920.jpg,6.897156084656085
male/indian/portrait-419946_1920.jpg,4.989251997095134
male/caucasian/daniel-lincoln--zhQtP1eUdE-unsplash.jpg,6.646011865524061
male/hispanic/man-2087436_1920.jpg,5.501415701415702
female/mideastern/ronny-sison-7eDUHk7Jb_o-unsplash.jpg,4.656084656084657
male/caucasian/brett-952579_1920.jpg,6.076471820657868
male/asian/staring-3547110_1920.jpg,3.834367612293144
female/asian/isco-wcJOYUVOwDc-unsplash.jpg,8.345679012345679
male/mideastern/portrait-2529904_1920.jpg,3.7511111111111113
male/black/124.jpg,6.369298986486486
male/caucasian/vicky-hladynets-uyaTT9u6AvI-unsplash.jpg,5.786271367521367
male/caucasian/pexels-linkedin-sales-navigator-2182970.jpg,5.111111111111112
male/indian/portrait-2181213_1280.jpg,4.927869116698904
female/mideastern/hamid-tajik-QXbJ3yhMNK4-unsplash.jpg,7.75
female/caucasian/logan-weaver-Isle-8YpbIQ-unsplash.jpg,6.833043478260869
female/caucasian/woman-1393311_1920.jpg,3.2901307966706304
female/asian/mahendra-febrianto-KtCBIpLGu1E-unsplash.jpg,5.256944444444444
male/caucasian/man-2616244_1920.jpg,5.575126262626262
female/caucasian/manny-moreno-jeAW5LRuNts-unsplash.jpg,4.111111111111112
male/asian/pexels-luthfi-ramaditya-1747178.jpg,5.430555555555555
female/asian/pexels-nguyễn-lâm-886477.jpg,6.666666666666667
male/caucasian/boy-3008920_1920.jpg,5.62155388471178
female/indian/ethan-johnson-n815BbX98ds-unsplash.jpg,8.307692307692308
female/hispanic/women-4043627_1920.jpg,6.005291005291006
female/caucasian/jeffery-erhunse-Z9lbmEjyYjU-unsplash.jpg,7.263333333333333
female/caucasian/19.jpg,6.703125
male/asian/monk-186094_1920.jpg,3.7063717148799395
female/black/emmanuel-zua-iKNvqz1evXI-unsplash.jpg,5.9
female/hispanic/ben-o-bro-ly748H13ts0-unsplash.jpg,7.027700831024932
male/black/114.jpg,5.966547619047619
female/asian/joel-mott-LaK153ghdig-unsplash.jpg,6.865384615384615
male/indian/kazi-mizan-PDDfWeh44m8-unsplash.jpg,5.443141088302379
male/hispanic/max-harlynking-zaItO-b0afs-unsplash.jpg,5.941798941798941
male/mideastern/kouki-walim-71ZedHD4P7Y-unsplash.jpg,7.090909090909091
male/caucasian/man-3403180_1920.jpg,6.340920983778126
female/black/pexels-dalila-dalprat-1995129.jpg,5.111111111111112
female/indian/teenager-475189_1920.jpg,4.608045977011494
female/black/pexels-muhammadtaha-ibrahim-ma'aji-3280901.jpg,4.5625
male/indian/boy-1119239_1920.jpg,4.888888888888889
female/asian/pexels-min-an-1589369.jpg,7.555555555555555
male/asian/gabriel-tovar-xF6HoP2oy74-unsplash.jpg,5.006944444444444
female/indian/nature-3110567_1920.jpg,5.353174603174603
male/caucasian/mariana-sandulovych-m23wyWvZw2U-unsplash.jpg,5.241563467492261
female/caucasian/pexels-anna-shvets-4971982.jpg,3.333333333333333
female/hispanic/pexels-ingrid-santana-2100063.jpg,8.88888888888889
male/mideastern/itay-verchik-6ZKGBzrDd3I-unsplash.jpg,5.342747111681644
female/hispanic/joao-paulo-de-souza-oliveira-ZHKKg9lnCSk-unsplash.jpg,8.331578947368422
female/caucasian/kareya-saleh-tLKOj6cNwe0-unsplash.jpg,7.6669230769230765
female/asian/pexels-tima-miroshnichenko-6614828.jpg,7.111111111111112
male/caucasian/young-4440156_1920.jpg,6.296726190476191
female/caucasian/gary-edmonstone-LmdWNvd7C7U-unsplash.jpg,5.11522633744856
female/asian/yeo-khee-uZCY6vjHGmE-unsplash.jpg,6.45679012345679
male/hispanic/christian-buehner-hIbh3VlZgwU-unsplash.jpg,4.455627705627705
male/hispanic/matheus-farias-_jOsfORtjew-unsplash.jpg,5.657894736842105
female/caucasian/model-429733_1920.jpg,7.1724137931034475
female/caucasian/jasmine-b-qaSPhHr_Iug-unsplash.jpg,5.2592592592592595
male/hispanic/nature-1706767_1920.jpg,6.525673940949936
female/indian/bride-5170727_1920.jpg,7.375
male/black/pexels-luiz-fernando-3021593.jpg,4.876543209876543
female/caucasian/model-2670279_1920.jpg,6.264778325123153
female/asian/d4_1.jpg,8.5
male/caucasian/man-4070556_1920.jpg,6.94490231990232
male/asian/christian-senan-KW4JsQp8zGU-unsplash.jpg,4.222222222222222
male/black/marie-michele-bouchard-bEZQWH49daU-unsplash.jpg,4.735531914893618
female/caucasian/tanya-trofymchuk-gCKYhaa4b2E-unsplash.jpg,7.230769230769231
female/black/african-2942355_1920.jpg,3.5450928381962865
male/asian/niklas-veenhuis-wMlBf99Uyss-unsplash.jpg,3.340958605664488
female/hispanic/jacob-mejicanos-gcYA1p1_b28-unsplash.jpg,6.527272727272728
male/caucasian/taylor-nhIbH2OwB7M-unsplash.jpg,6.856756756756757
female/indian/arvin-keynes-IPETsB4dcCs-unsplash.jpg,7.126500461680516
female/asian/character-2454694_1920.jpg,3.963010204081633
female/caucasian/meital-anlen-GJ5EBEVJI_0-unsplash.jpg,5.375
male/caucasian/nathan-van-de-graaf-8ngIBwU2-5U-unsplash.jpg,5.907592592592593
female/caucasian/person-man-1205800_1920.jpg,8.205263157894738
female/asian/asian-2209044_1920.jpg,6.93103448275862
male/indian/one-5889887_1920.jpg,6.349296128707893
female/caucasian/noah-buscher-AUM5vcnuYd4-unsplash.jpg,5.392857142857142
female/caucasian/pexels-andrea-piacquadio-3768877.jpg,5.0
male/black/zach-vessels-5ia9JBnlLp0-unsplash(1).jpg,5.662209302325581
male/asian/ivan-c-fajardo-qDfKLhq3q5I-unsplash.jpg,5.3991815476190474
female/asian/nathan-anderson-2nqji_XO20w-unsplash.jpg,3.539094650205761
male/black/pexels-alex-green-5699771.jpg,4.222222222222222
male/caucasian/guy12.jpg,7.9118156618156625
male/asian/pexels-min-an-1157461.jpg,6.666666666666667
female/caucasian/portrait-2690308_1920.jpg,7.8375
female/caucasian/girl-3183050_1920.jpg,6.002554278416348
female/caucasian/jassir-jonis-yFoZ6B6KGN8-unsplash.jpg,4.314814814814815
female/black/head-shoot-1542339_1920.jpg,4.797859690844233
male/caucasian/andrew-lancaster--rRZ_vlrawE-unsplash.jpg,5.445006747638327
female/mideastern/pexels-bharat-kumar-2055033.jpg,6.302469135802469
female/caucasian/connor-wilkins-eW6JCH_fbck-unsplash.jpg,7.777777777777777
male/caucasian/portrait-1141481_1920.jpg,6.01005291005291
male/indian/ashkan-forouzani-Y8QiDJMEUGc-unsplash.jpg,6.598842592592593
male/caucasian/derick-mckinney-243Q39DzM3M-unsplash.jpg,7.582828282828284
female/mideastern/pexels-pixabay-35551.jpg,7.222222222222223
female/black/woman-1018291_1920.jpg,5.379310344827586
male/mideastern/mehrdad-dadaei--aY-mUygMD0-unsplash.jpg,7.838937621832359
male/mideastern/129.jpg,6.756785714285715
female/black/girl-1912901_1920.jpg,4.26231527093596
male/caucasian/joanna-nix-walkup-VWAzEW0bi58-unsplash.jpg,7.11236802413273
male/caucasian/ian-dooley-d1UPkiFd04A-unsplash.jpg,6.279130434782609
female/black/cassandra-hamer-t2obqqft_xM-unsplash.jpg,5.666666666666667
male/indian/noorulabdeen-ahmad-nDrV5Wq2lxU-unsplash.jpg,5.333333333333333
female/caucasian/sincerely-media-6ne7_M6R7gQ-unsplash.jpg,5.481481481481481
male/mideastern/mustache-5040636_1920.jpg,5.890049042872963
male/black/pexels-katerina-holmes-5905497.jpg,5.135802469135802
female/caucasian/dan-ROJFuWCsfmA-unsplash.jpg,6.052631578947368
male/caucasian/wes-walker-sahep-7OPkM-unsplash.jpg,6.210526315789474
female/indian/charles-postiaux-J9vlgGgytC0-unsplash.jpg,6.888888888888888
male/caucasian/elijah-hiett-vAVGdV1oklQ-unsplash.jpg,6.7594627594627585
female/caucasian/girl-1018414_1920.jpg,5.790123456790123
male/mideastern/pexels-ayaka-kato-2860892.jpg,6.0246913580246915
male/indian/aryan-ghauri-dRatGbY1k8Y-unsplash.jpg,5.548611111111111
male/mideastern/nowah-bartscher-Gpm_PGnNAug-unsplash.jpg,6.263888888888889
female/asian/afif-kusuma-y-mT2OATY6k-unsplash.jpg,5.872727272727273
male/indian/ashkan-forouzani-rHuReQyQ72c-unsplash.jpg,6.785123966942149
female/indian/latina-4573900_1920.jpg,8.223214285714286
male/caucasian/smirk-4778656_1920.jpg,5.330693815987934
female/hispanic/pexels-nicole-michalou-5778909.jpg,6.444444444444445
male/caucasian/felea-emanuel-Pv5y8bab5L4-unsplash.jpg,6.964285714285714
female/caucasian/engin-akyurt-gXBlAoQF61Q-unsplash.jpg,7.273684210526315
female/hispanic/joe-milne-MuDYCc7EE_o-unsplash.jpg,7.189393939393939
female/hispanic/girl-2410042_1920.jpg,6.940789473684211
female/caucasian/levi-clancy-WE0gt7t4o2k-unsplash.jpg,4.520935960591133
male/indian/naga-sajjanapu-zXds99Aem5E-unsplash.jpg,5.598484848484848
male/indian/shudipto-sarker-IoFK2MP2aJ0-unsplash.jpg,6.4259070294784575
male/hispanic/gaurav-saini-lIxF9Xk6t5E-unsplash.jpg,6.760233918128654
male/black/pexels-marcelo-chagas-2121531.jpg,5.395061728395062
female/indian/beautiful-indian-woman-4773817_1920.jpg,5.767857142857142
female/caucasian/andriyko-podilnyk-jFAG_ixCrsM-unsplash.jpg,7.995384615384616
male/caucasian/lisa-wall-K80QIp2VW0E-unsplash.jpg,6.976608187134503
male/caucasian/model-3513812_1920.jpg,6.975543478260869
female/caucasian/madison-hedgecock-qlBA-4odDbw-unsplash.jpg,7.333333333333333
male/indian/sazzad-aryan-rjm8go9rL8Y-unsplash.jpg,6.282548476454293
male/asian/pexels-ketut-subiyanto-4473405.jpg,4.888888888888888
female/asian/mongolia-4538999_1920.jpg,3.5999999999999996
male/caucasian/jens-lindner-dP6g1YJWQcA-unsplash.jpg,6.296078431372549
female/caucasian/tengyart-fc0KjyjkNo4-unsplash.jpg,7.674242424242425
male/asian/pexels-sultan-raimosan-6125903.jpg,4.703703703703703
female/mideastern/gustavo-lanes-neFlyoPfCRM-unsplash.jpg,8.0
female/caucasian/girl-1049372_1920.jpg,6.551111111111111
female/caucasian/arno-senoner-5UCPo5N2cyg-unsplash.jpg,4.695473251028806
female/caucasian/rw-studios-GaPevteWAIU-unsplash.jpg,8.42
female/caucasian/human-3183056_1920.jpg,5.888888888888888
male/caucasian/kenzie-kraft-b8vUsjhAeYQ-unsplash.jpg,6.419808201058201
male/indian/md-rakib-SW_pFXUOjTQ-unsplash.jpg,5.054398148148148
male/caucasian/charles-buchler-C6-GjBAOtZc-unsplash.jpg,2.800263678312459
female/indian/sarah-cervantes-79GLX12EY98-unsplash.jpg,7.3728
male/caucasian/georgy-trofimov-rowvvDUAs5M-unsplash.jpg,5.438689217758985
female/mideastern/the-model-shows-makeup-4600504_1920.jpg,7.867892976588628
female/caucasian/elijah-m-henderson-r9lTXKNtq7I-unsplash.jpg,7.378461538461538
male/caucasian/black-2178681_1920.jpg,3.8264583333333335
male/asian/ali-yahya-155huuQwGvA-unsplash.jpg,6.636363636363637
female/caucasian/pexels-keli-santos-1853268.jpg,7.111111111111112
male/caucasian/coney-island-4488742_1920.jpg,4.447676943117672
female/mideastern/gursimrat-ganda-KrCDlVjrMsQ-unsplash.jpg,6.084444444444444
male/caucasian/bantersnaps-mtsb-bCvrBY-unsplash.jpg,5.416666666666667
female/caucasian/quinten-de-graaf-Ox1jePviTRQ-unsplash.jpg,5.897740784780024
female/caucasian/caroline-hernandez-s7cX3UfuFAA-unsplash.jpg,5.5296875
male/hispanic/boy-1284509_1920.jpg,6.3725000000000005
female/caucasian/marketing-online-1427786_1920.jpg,7.657407407407407
male/mideastern/kate_mes7-YIyERGGmTfE-unsplash.jpg,6.3326086956521745
male/black/pexels-jan-valle-4061161.jpg,5.0
male/black/pexels-rodney-gainous-jr-2719416.jpg,4.666666666666667
male/mideastern/male-5869769_1920.jpg,6.374451754385966
female/caucasian/teenager-775053_1920.jpg,7.007142857142858
female/mideastern/daniel-tong-Vaznn9k5GqQ-unsplash.jpg,8.348484848484848
female/black/prince-akachi-LWkFHEGpleE-unsplash.jpg,6.245999085505258
female/caucasian/fashion-2690306_1920.jpg,7.344827586206896
male/mideastern/ashkan-forouzani-g0H0eazR5-M-unsplash(1).jpg,6.093605800922874
female/caucasian/woman-3990680_1920.jpg,6.88477366255144
female/mideastern/3.jpg,6.402685185185185
male/indian/kamran-ch-7pES3XC7l7Q-unsplash.jpg,6.728395061728396
female/asian/watercolor-1214824_1920.jpg,6.664819944598338
female/mideastern/humphrey-muleba-38dk7QXDBzs-unsplash.jpg,7.148148148148148
male/caucasian/man-931974_1920.jpg,4.48
female/caucasian/kim-jones-EcldzGBAB0A-unsplash.jpg,3.240969364426155
male/black/man-984217_1920.jpg,2.8023026315789474
male/hispanic/guilherme-franca-dNSQPOcDyN8-unsplash.jpg,5.208333333333333
male/caucasian/kitera-dent-UFNv8ZGGbX0-unsplash(1).jpg,5.73719512195122
male/asian/sarad-shrestha-i1okjBPfPlY-unsplash.jpg,5.666666666666667
male/caucasian/male-model-2807612_1920.jpg,4.582632360217714
male/caucasian/man-3803551_1920.jpg,6.196254432624113
male/indian/pexels-dhemer-gonçalves-3036415.jpg,6.578125
male/caucasian/elijah-hiett-m7bRe_XS7BY-unsplash.jpg,6.0227272727272725
female/black/pieter-benjamin-nijs-lb8gB8jnKDA-unsplash.jpg,6.758333333333333
male/asian/mason-wilkes-TMgQMXoglsM-unsplash.jpg,6.0588235294117645
male/asian/darshan-patel-QJEVpydulGs-unsplash.jpg,5.416666666666667
female/caucasian/girl-204327_1920.jpg,6.725761772853185
female/asian/girl-4618070_1920.jpg,7.433076923076924
male/mideastern/tanjir-ahmed-chowdhury-d-7p5mKk9ys-unsplash.jpg,5.75
male/indian/india-4870636_1920.jpg,4.772142503711034
female/hispanic/hian-oliveira-n_L_ppO4QtY-unsplash.jpg,7.064102564102564
male/hispanic/carlos-gil-GfuvYM8LPPQ-unsplash.jpg,5.175109443402126
male/indian/indian-5882625_1920.jpg,7.028360528360528
female/hispanic/beautiful-1887355_1920.jpg,7.570749108204518
female/black/1.jpg,7.06044921875
male/mideastern/ashkan-forouzani-YzsFkMBMhoQ-unsplash.jpg,3.4852904040404042
female/hispanic/beautiful-1845148_1920.jpg,7.749094202898552
female/hispanic/sergio-souza-P-PKKQvASEE-unsplash.jpg,7.575757575757575
female/hispanic/hussein-sorkheveis-ACIknRqDnBQ-unsplash.jpg,7.904761904761904
female/indian/gift-habeshaw-XvqeCMXHwzQ-unsplash.jpg,7.32253086419753
female/caucasian/valerie-elash-Z5g_6TLS6Ho-unsplash.jpg,7.631001371742112
male/caucasian/christian-buehner-rzXvU-H0u6U-unsplash.jpg,6.575200534759358
male/indian/kids-2408614_1920.jpg,5.111111111111112
male/caucasian/roland-hechanova-3O18O0CZiZ4-unsplash.jpg,7.065950565950566
female/asian/bbh-singapore-4-v5HrV1940-unsplash.jpg,5.84045584045584
male/black/portrait-3275985_1920.jpg,5.621360665478313
male/hispanic/portrait-2244177_1280.jpg,4.804765886287625
male/mideastern/paola-aguilar-LkQHGSVzfsk-unsplash.jpg,3.2832080200501252
male/mideastern/young-4041629_1920.jpg,5.988851095993953
female/caucasian/8.jpg,6.123543123543123
male/black/karsten-winegeart-p5dIUQFbme4-unsplash.jpg,5.603485838779957
male/hispanic/g_5.jpg,7.15
female/caucasian/french-4525967_1920.jpg,6.481432360742706
female/asian/pexels-raydar-341970.jpg,8.5
female/caucasian/14.jpg,5.99859287054409
female/hispanic/david-suarez-d81WD5Q87E0-unsplash.jpg,7.5041322314049586
female/hispanic/raamin-ka-wUKtCWijJTQ-unsplash.jpg,8.385964912280702
female/caucasian/portrait-886039_1920.jpg,5.704081632653062
female/caucasian/levin-anton-08Fqp6sWQ-E-unsplash.jpg,5.25
female/caucasian/beautiful-1867092_1920.jpg,7.620740740740741
male/caucasian/rooftop-1261214_1920.jpg,5.59437908496732
male/hispanic/anton-darius-3XY7BWwGolk-unsplash.jpg,5.7
female/mideastern/allef-vinicius-BqNEe_ZAtxg-unsplash.jpg,7.634615384615385
female/caucasian/studio-portrait-487065_1920.jpg,6.89039408866995
male/mideastern/gita-krishnamurti-6B4KC-eWJDs-unsplash.jpg,4.548997303673745
female/caucasian/girl-2359121_1920.jpg,7.585714285714285
male/black/alekon-pictures-iaoYtl50cVk-unsplash.jpg,4.711720867208673
male/black/elizeu-dias-2EGNqazbAMk-unsplash.jpg,5.740766073871409
male/caucasian/man-5928801_1920.jpg,6.875
male/hispanic/olena-sergienko-FzFTy03noZ0-unsplash.jpg,5.666666666666667
female/black/lethu-zimu-bkyKiFfV91Q-unsplash.jpg,5.500638569604087
female/caucasian/derick-daily--1_NYuwIQxU-unsplash.jpg,7.31404958677686
male/mideastern/metin-ozer-2jLCmcuwAc8-unsplash.jpg,4.924084595959596
male/black/prince-akachi-s6tVlDVKz38-unsplash.jpg,6.049707602339181
male/asian/imansyah-muhamad-putera-n4KewLKFOZw-unsplash.jpg,5.868421052631579
female/caucasian/anastasiya-pavlova-OthOW3y_UII-unsplash.jpg,7.399408284023669
female/caucasian/christina-wocintechchat-com-0Zx1bDv5BNY-unsplash.jpg,7.42
male/caucasian/edwin-ashitendoh-Ss9zJmj4G70-unsplash.jpg,5.678362573099415
female/black/leighann-blackwood-nRVMVZvy6mo-unsplash.jpg,6.055
female/black/people-2587179_1920.jpg,4.777777777777778
female/hispanic/dollar-gill-qBhFwtGQGag-unsplash.jpg,7.545454545454546
female/mideastern/joao-paulo-de-souza-oliveira-7-CSeYLI-KM-unsplash.jpg,7.464285714285714
male/caucasian/derek-owens-YCbJCM249KE-unsplash.jpg,6.940104166666667
female/mideastern/pratik-gupta--LXaJgKwxzs-unsplash.jpg,6.055555555555555
male/black/sudanese-2895751_1920.jpg,2.9473684210526314
male/mideastern/man-5613125_1920.jpg,4.9523809523809526
female/caucasian/fabio-alves-PE1IpWTeKfQ-unsplash.jpg,6.895691609977324
female/mideastern/pexels-the-lazy-artist-gallery-1149840.jpg,8.0
female/caucasian/young-girl-2763395_1920.jpg,7.731578947368422
male/caucasian/smile-2583221_1920.jpg,4.878679245283019
female/hispanic/obi-onyeador-02QKRJiv-JI-unsplash.jpg,5.6875
male/caucasian/duman-photography-GvvtE31b0JI-unsplash.jpg,6.674458874458875
male/indian/shivam-singh-DOmEd6CYP5M-unsplash.jpg,4.945213963963964
male/asian/pexels-zorro-zombie-1261998.jpg,3.444444444444444
male/mideastern/zachi-denicola-RytIjfk0tFY-unsplash.jpg,5.810606060606061
male/caucasian/young-4254330_1920.jpg,7.013888888888888
male/mideastern/sina-rezakhani-jIPRAqxE6P8-unsplash.jpg,5.5854978354978355
female/asian/gema-saputera-MWuZfECSg0U-unsplash.jpg,5.888888888888888
female/caucasian/woman-828953_1920.jpg,6.430555555555556
male/indian/rohan-g-T9ckn3XHHnA-unsplash.jpg,5.824664224664224
male/asian/gabriel-tovar-E6gYWTFDsQI-unsplash.jpg,3.9791666666666665
female/black/jessica-felicio-F16KPYxfm6s-unsplash.jpg,5.881944444444444
female/caucasian/pexels-petra-bauman-1565538.jpg,5.888888888888888
male/black/pexels-nappy-935969.jpg,5.765432098765432
female/hispanic/gama-films-h_9KkS8c9Sw-unsplash.jpg,6.513888888888889
female/caucasian/matteo-vistocco-pXctJ0xEhBs-unsplash.jpg,7.289230769230769
female/caucasian/portrait-3292287_1920.jpg,7.9604591836734695
female/black/vladimir-yelizarov-lCDPfozQC08-unsplash.jpg,6.947368421052632
female/caucasian/valdemars-magone-8ACtYtJ5G-E-unsplash(1).jpg,6.576190476190476
male/caucasian/cobro-vfidsFiK-lM-unsplash.jpg,6.491760052735662
female/caucasian/beautiful-young-woman-635271_1920.jpg,6.464285714285714
male/hispanic/paul-castanie-ukPQ7WBznvQ-unsplash.jpg,6.484493284493285
male/caucasian/lion27-xqJjNYb8qZc-unsplash.jpg,6.71965579710145
male/caucasian/norbert-kundrak-Qkka6rvSToY-unsplash.jpg,7.245726495726495
male/caucasian/hamid-tajik-FjT7kFSFczs-unsplash.jpg,6.38235294117647
female/caucasian/juno-jo-eIxDn1OVJT8-unsplash.jpg,4.2592592592592595
male/indian/man-3346780_1920.jpg,6.097204839382561
female/indian/portrait-4773342_1920.jpg,7.10820451843044
male/caucasian/james-barr-G6ACpD4bPOw-unsplash(1).jpg,7.496785714285714
male/black/pexels-george-ikwegbu-2379429.jpg,5.847222222222222
female/caucasian/model-1976191_1920.jpg,7.379310344827586
female/caucasian/girl-1773894_1920.jpg,7.1723985890652555
female/hispanic/conner-ching-b9833srFlac-unsplash.jpg,6.986111111111111
male/caucasian/daniel-logchies-N_ugHGVjIbc-unsplash.jpg,6.9306298276886515
male/indian/man-2367954_1920.jpg,6.302461410095954
female/caucasian/manny-moreno-IMecW34PSu8-unsplash.jpg,7.153846153846154
female/caucasian/allef-vinicius-PoM0yxiD6L8-unsplash.jpg,7.115384615384615
male/asian/leo-sagala-ImCWS7xydLY-unsplash.jpg,5.666666666666667
male/caucasian/viktor-juric--10t7s-rYzE-unsplash.jpg,6.431864235055723
female/caucasian/pexels-rafael-barros-2130795.jpg,8.444444444444445
female/indian/indian-woman-5092871_1920.jpg,3.0960219478738
female/asian/dev-asangbam-R4CHODMJTzA-unsplash.jpg,6.5595567867036015
female/asian/woman-5573135_1920.jpg,7.246537396121883
female/mideastern/pexels-marlon-alves-3935356.jpg,7.777777777777777
male/caucasian/paolo-bendandi-D-8XODEIr_s-unsplash.jpg,5.638792676892628
female/asian/pexels-thunyarat-klaiklang-1814538.jpg,6.222222222222222
male/hispanic/ronny-sison-3vzaG52ZCJY-unsplash.jpg,5.56043956043956
male/caucasian/ludovic-migneault-4uj3iZ5m084-unsplash.jpg,5.426479468599034
male/mideastern/aleksandar-popovski-Jy4ELSGPHTc-unsplash.jpg,3.393617021276596
female/asian/tong-nguyen-van-ERIZwv4V5pA-unsplash.jpg,8.388429752066116
male/hispanic/national-cancer-institute-NNpo-liY5aU-unsplash.jpg,3.3636363636363633
female/mideastern/raamin-ka-hdra4gfbznU-unsplash.jpg,7.947368421052632
female/black/shot-by-cerqueira-cthGStT-j_A-unsplash.jpg,5.3921052631578945
female/black/kelly-sikkema-q2hBflsr71o-unsplash.jpg,5.363636363636364
female/caucasian/julia-kadel-Eqj3c1nynP4-unsplash.jpg,6.498866213151928
female/asian/europeana-m9LowiQVMLA-unsplash.jpg,4.575851393188854
female/caucasian/gabriel-silverio-u3WmDyKGsrY-unsplash.jpg,5.107142857142858
female/asian/pexels-ketut-subiyanto-4350057.jpg,7.765432098765432
male/black/charles-etoroma-95UF6LXe-Lo-unsplash.jpg,5.767045454545455
male/asian/thabang-madnsela-nwYas4Usbac-unsplash.jpg,5.716049382716049
male/indian/pexels-yogendra-singh-5499219.jpg,3.0
female/mideastern/sayan-ghosh-ZRVmiVKFMDs-unsplash.jpg,6.285714285714286
female/caucasian/patrik-velich-OSasjoYvdNc-unsplash.jpg,7.3625
male/mideastern/zabih-khan-SQWDVRdjp2E-unsplash.jpg,5.20839874411303
female/caucasian/dane-wetton-0AqoGTLmIjQ-unsplash.jpg,6.996913580246914
female/caucasian/jude-infantini-HKQKt4f8sAU-unsplash.jpg,6.996923076923077
female/caucasian/fezbot2000-h_OTf7uvXuM-unsplash.jpg,7.403846153846154
female/caucasian/woman-3034836_1920.jpg,6.9989594172736735
female/caucasian/beautiful-1867431_1920.jpg,5.464285714285714
male/black/danny-protas-FK_07CcGRwY-unsplash.jpg,6.416666666666667
female/caucasian/jen-theodore-Gr2XxjGaeeo-unsplash.jpg,6.295321637426901
female/asian/girl-1741925_1920.jpg,6.126153846153846
female/caucasian/steven-aguilar-GTld8AoIfbE-unsplash.jpg,6.145065398335315
female/caucasian/hichem-dahmani-EhcwOfAn-mA-unsplash.jpg,6.483199999999999
female/caucasian/portrait-4808905_1920.jpg,7.057823129251701
male/asian/dev-asangbam-Ox_mKPMBpTw-unsplash.jpg,5.146464646464646
male/hispanic/andres-hernandez-O5_adohk29M-unsplash.jpg,6.476339285714285
male/indian/muhammad-abdullah-hAnMkbSsDMs-unsplash.jpg,6.9818181818181815
female/hispanic/confused-2681507_1920.jpg,4.125
male/black/brian-lundquist-oqfSpGiS42w-unsplash.jpg,3.7463534963534957
male/caucasian/tomas-gal-hRsnfRjl40w-unsplash.jpg,5.282239819004524
female/black/61.jpg,7.91764705882353
female/caucasian/model-2614569_1920.jpg,7.184948979591837
male/mideastern/lexscope-gRWdcPHz7uA-unsplash.jpg,5.5
female/mideastern/56.jpg,7.439473684210526
female/hispanic/22.jpg,6.003289473684211
female/hispanic/matteo-minoglio-jjveuyKSv0g-unsplash.jpg,6.406354515050167
female/caucasian/woman-1054683_1280.jpg,6.488916256157635
male/asian/fahmi-anwar-dBtBDtiM780-unsplash.jpg,3.6049382716049383
female/indian/pexels-mentatdgt-1306557.jpg,7.209876543209877
female/black/woman-1018284_1920.jpg,4.8192
female/mideastern/pexels-fauzan-ahmad-muzakky-2698444.jpg,7.777777777777777
female/indian/natasha-kasim-BqD0Id4qemc-unsplash.jpg,6.966666666666667
male/indian/couple-engagement-pictures-2136097_1920.jpg,3.7661223816592444
male/hispanic/daniel-alvarez-4832112_1920.jpg,5.672514619883041
male/asian/national-cancer-institute-kooSjlL8LnQ-unsplash.jpg,4.139922635720955
male/indian/dollar-gill-X0iNZ0UZIrI-unsplash.jpg,4.812804878048781
female/caucasian/brooke-cagle-QZRAaYfmvA8-unsplash.jpg,6.7236467236467234
male/asian/the-landscape-3245475_1920.jpg,3.718397997496871
male/black/pexels-rafael-freire-5714735.jpg,3.7777777777777777
female/asian/vin-stratton-LkDICOYBYAg-unsplash.jpg,8.777777777777777
male/indian/amir-soltani-9RcccOHau2M-unsplash.jpg,6.1660561660561655
male/caucasian/john-torcasio-1coR0hGFenQ-unsplash.jpg,3.3605212355212357
male/hispanic/people-2571917_1920.jpg,6.575302461410095
female/indian/pexels-azraq-al-rezoan-5641188.jpg,7.382716049382716
male/caucasian/visuals-of-theodor-GXzUcBq9QAM-unsplash.jpg,7.501270501270501
female/asian/annie-lin-876188_1920.jpg,3.896551724137931
male/asian/boy-4393262_1920.jpg,6.7267872523686485
female/indian/girl-517524_1920.jpg,5.555555555555555
female/black/engin-akyurt-lyh6c9MLdBY-unsplash.jpg,4.888888888888889
female/hispanic/58.jpg,8.175438596491228
male/caucasian/g_3.jpg,6.16
male/hispanic/basketball-888531_1920.jpg,4.983621593291405
male/asian/125.jpg,6.789807302231237
female/caucasian/martin-guido-aYfyllIz-Xk-unsplash.jpg,6.292307692307693
female/indian/pexels-tima-miroshnichenko-5988665.jpg,7.75
male/caucasian/beard-4136705_1920.jpg,4.659239130434782
female/asian/pexels-cottonbro-3419647.jpg,6.0
male/mideastern/monica-dahiya-caPZQg42c54-unsplash.jpg,6.5041322314049586
female/caucasian/beauty-1132617_1920.jpg,7.884920634920634
female/caucasian/hadis-safari-zawAr1FKOMw-unsplash.jpg,6.583333333333333
female/indian/bride-5170730_1920.jpg,7.382716049382716
female/indian/pexels-rafi-ahmed-haven-1253364.jpg,8.11111111111111
male/indian/muhammad-murtaza-ghani-nUjfEYmJYl0-unsplash.jpg,4.430952380952381
male/hispanic/mihai-stefan-0_G9UHXy39c-unsplash.jpg,7.463657407407407
male/hispanic/pexels-johanser-martinez-5372767.jpg,5.111111111111112
female/caucasian/khashayar-kouchpeydeh-z0PhHU7cy4Q-unsplash.jpg,7.5
female/caucasian/omid-armin-VS4Bg3tWWcI-unsplash.jpg,6.7407407407407405
female/caucasian/woman-2635404_1920.jpg,3.6551724137931036
female/caucasian/10_1.jpg,8.470914127423823
female/asian/pexels-hải-nguyễn-3616937.jpg,7.604938271604938
female/black/girl-1868930_1920.jpg,5.523148148148148
female/caucasian/denis-agati-3dL0mzyUS6M-unsplash.jpg,7.451388888888889
male/indian/pexels-sora-shimazaki-5935750.jpg,6.827160493827161
female/black/cassandra-hamer-OyTCN8T9aGo-unsplash.jpg,6.530864197530864
female/caucasian/andreea-pop-ZR0Ij09RN9w-unsplash.jpg,4.450255102040816
male/mideastern/sumeet-singh-XPUxjOq8yFA-unsplash.jpg,6.698544698544699
male/indian/nith-in-w1N1WmLDyHU-unsplash.jpg,7.5041322314049586
male/hispanic/hamed-taha-xPmMqkAze7g-unsplash.jpg,6.066666666666666
male/caucasian/luis-villasmil-hh3ViD0r0Rc-unsplash.jpg,6.373136488638008
female/caucasian/portrait-67485_1920.jpg,5.637931034482759
female/caucasian/woman-3073289_1920.jpg,6.150123456790124
female/caucasian/luiza-braun-YfDfwP3gSo0-unsplash.jpg,6.625514403292182
male/caucasian/aldo-delara-3_Si7AS2iA4-unsplash.jpg,5.631944444444444
male/hispanic/pexels-anna-tarazevich-5234265.jpg,5.777777777777778
female/indian/model-3008722_1920.jpg,6.871031746031746
male/caucasian/model-4759613_1920.jpg,3.612091333679294
male/caucasian/fabio-lucas-LFqkME0ZlY8-unsplash.jpg,7.012345679012346
male/mideastern/matthijs-van-dis-zdhgC39sT9w-unsplash.jpg,3.8016528925619837
male/caucasian/jd-mason-13_7xGYBb7c-unsplash.jpg,3.238122448979592
male/caucasian/christopher-campbell-i4OHxtxiMtk-unsplash.jpg,6.312136627906977
female/caucasian/bruce-dixon--lYtsl62gyU-unsplash.jpg,7.368131868131868
female/black/girl-444688_1920.jpg,4.541838134430727
male/asian/pexels-hoang-gia-huy-6465256.jpg,4.555555555555555
female/caucasian/bikini-885382_1920.jpg,7.75887573964497
male/caucasian/pexels-daisa-tj-3408420.jpg,6.75
female/indian/38.jpg,7.169444444444445
male/indian/hadi-yazdi-aznaveh-TmRQRgugEsQ-unsplash.jpg,6.4298245614035086
male/hispanic/tanjir-ahmed-chowdhury-YMJvX8k3Kfc-unsplash.jpg,4.319444444444445
female/caucasian/girl-2663559_1920.jpg,7.440329218106996
male/asian/pexels-streetwindy-4055355.jpg,4.666666666666667
male/asian/pexels-min-an-751204.jpg,6.246913580246914
female/mideastern/pexels-matheus-henrin-2071150.jpg,5.5625
female/asian/jim-flores-dE6c9RZoyL8-unsplash.jpg,7.63265306122449
female/black/woman-5939698_1920.jpg,3.375
male/caucasian/mark-farias-dt60oksDTx8-unsplash.jpg,4.698751076658053
male/caucasian/kenzie-kraft-OIrGE60UwAY-unsplash.jpg,7.322486772486774
female/hispanic/girl-1258630_1920.jpg,6.0
female/caucasian/blond-3952534_1920.jpg,6.631428571428571
female/caucasian/brett-carey-dPJ5H1qdBfQ-unsplash.jpg,6.382716049382715
male/asian/businessman-1247947_1920.jpg,7.068556361239287
female/caucasian/laura-chouette-qaRaOPQbZhI-unsplash.jpg,7.5175
male/caucasian/esvan-UvgK58_MU9c-unsplash(1).jpg,4.748316498316498
female/asian/selfie-4127339_1920.jpg,4.8804945054945055
female/hispanic/juan-encalada-vIM0htb0gJs-unsplash.jpg,3.009090909090909
male/caucasian/boy-2301660_1920.jpg,5.984657622739019
male/indian/md-duran-msnDjv5cC_U-unsplash.jpg,3.5505482456140354
female/indian/bulbul-ahmed-s4Uv58E4PXc-unsplash.jpg,7.759398496240602
female/caucasian/girl-2209147_1920.jpg,7.44871794871795
female/asian/pexels-min-an-1070751.jpg,8.84375
female/caucasian/anton-darius-NaV1BloVk0g-unsplash.jpg,3.175
female/asian/woman-3951558_1920.jpg,6.497354497354498
female/indian/59.jpg,7.738157894736842
female/black/matheus-ferrero-4cEVIKj7xtY-unsplash.jpg,5.371173469387755
female/caucasian/luke-braswell-8s5brjtO4_M-unsplash.jpg,3.8762696214219754
female/indian/juanma-velasquez-la7uU1hQ_nM-unsplash.jpg,7.692520775623269
female/asian/pexels-zen-chung-5538615.jpg,7.0
female/black/jovaughn-stephens-3ajz-2RgEi8-unsplash.jpg,7.192307692307692
male/black/pexels-kyle-woods-4022812.jpg,4.111111111111112
male/indian/pexels-the-baljinder-4089881.jpg,4.0
female/asian/girl-2894898_1920.jpg,5.766666666666667
male/mideastern/ashkan-forouzani-rSUGzRIa-8M-unsplash.jpg,4.694266153187847
female/mideastern/24.jpg,7.388471177944862
female/asian/pexels-maria-orlova-4946391.jpg,8.0
male/hispanic/112.jpg,5.339245495495495
male/caucasian/man-3122063_1920.jpg,4.468167701863353
female/caucasian/woman-3240094_1920.jpg,7.069526627218935
female/black/etty-fidele-AzVexpHvuKY-unsplash.jpg,5.359467455621301
male/caucasian/smiling-888532_1920.jpg,6.8472340425531915
female/hispanic/pexels-dalila-dalprat-1853049.jpg,8.0
male/mideastern/guillaume-issaly-cKuMOZ1-EKQ-unsplash.jpg,5.086538461538462
female/caucasian/women-4184796_1920.jpg,7.172413793103449
female/caucasian/portrait-1944614_1920.jpg,5.1285185185185185
female/caucasian/softball-1440812_1920.jpg,5.7437641723356005
female/caucasian/artem-ivanchencko-M9-VgKDrhDA-unsplash.jpg,6.416666666666667
male/caucasian/jeremy-bishop-ctAsm_deVVk-unsplash.jpg,4.941118258287976
female/caucasian/model-881425_1920.jpg,5.655172413793104
male/mideastern/beard-1866984_1920.jpg,5.177235772357723
male/hispanic/boy-1846704_1920.jpg,6.223684210526316
male/mideastern/chris-blonk-l1U_iSgNRGY-unsplash.jpg,4.539851641414141
female/caucasian/daniil-kuzelev-AkGd_YB6Q2c-unsplash.jpg,3.778393351800554
female/caucasian/business-3188067_1920.jpg,6.8275862068965525
male/caucasian/youth-393656_1920.jpg,5.466302800189843
female/indian/caroline-hernandez-vGacDiUiD7I-unsplash.jpg,5.1330589849108375
female/caucasian/karsten-winegeart-s2MjR3xoJkE-unsplash.jpg,7.127631578947369
male/indian/amir-mohammad-jafari-tKEti7E86Kc-unsplash.jpg,4.73240022172949
male/caucasian/selfie-4302321_1920.jpg,5.470384615384615
female/caucasian/love-2666674_1920.jpg,7.690932311621967
female/caucasian/40.jpg,8.166666666666668
female/hispanic/mateus-campos-felipe-JoM_lC1WAnE-unsplash.jpg,7.361111111111111
male/caucasian/nate-J5U-22o1ubw-unsplash.jpg,7.086061507936508
male/asian/model-2911332_1920.jpg,7.249709639953543
female/caucasian/child-3031836_1920.jpg,7.148148148148148
male/black/pexels-cottonbro-6616672.jpg,4.555555555555555
female/caucasian/redheads-4606477_1920.jpg,4.265873015873016
female/caucasian/bella-4368194_1920.jpg,4.731481481481482
female/mideastern/luiza-braun-f11edIs0_ZU-unsplash.jpg,5.28421052631579
male/caucasian/logan-weaver--A5R9HBwjaE-unsplash.jpg,6.79476045737444
male/black/alex-robinson-AGr13YPOPqw-unsplash.jpg,5.425
female/hispanic/pexels-bran-sodre-2446105.jpg,8.222222222222223
female/indian/portrait-5604743_1920.jpg,7.638888888888889
female/hispanic/rafaella-mendes-diniz-AoL-mVxprmk-unsplash.jpg,8.11111111111111
male/asian/capturing-the-human-heart-i9uIhSlOWYc-unsplash.jpg,3.0355525362318843
female/mideastern/oscar-nord-1UJNl0Ffhw8-unsplash.jpg,6.222222222222222
female/hispanic/tabitha-turner-NlN-dY9Fk3A-unsplash.jpg,7.020769230769231
female/caucasian/girl-3447599_1920.jpg,6.8965517241379315
female/black/christina-wocintechchat-com-Zpzf7TLj_gA-unsplash.jpg,5.0842857142857145
female/caucasian/woman-526329_1920.jpg,5.9
male/caucasian/136.jpg,6.024255024255025
female/caucasian/fashion-238553_1920.jpg,6.430439952437574
female/asian/asian-2302727_1920.jpg,6.927467300832342
female/hispanic/blake-carpenter-qWiJBa6soE0-unsplash.jpg,6.6806020066889635
male/mideastern/emir-saldierna-oGcAzDcAXWU-unsplash.jpg,5.7344202898550725
female/caucasian/apostolos-vamvouras-egW3HtJfsrE-unsplash.jpg,6.314814814814815
male/mideastern/hannah-cook-dqa2LjshmWY-unsplash.jpg,7.222222222222223
female/asian/girl-2704116_1920.jpg,6.081196581196581
female/caucasian/alexis-brown-XhFROJiMDtA-unsplash.jpg,6.431304347826088
female/hispanic/woman-3191152_1920.jpg,7.613333333333333
female/asian/d9.jpg,7.554545454545455
female/caucasian/mike-austin-jgSAuqMmJUE-unsplash.jpg,7.651666666666666
female/asian/anthony-tran-_G0OrcPOpJw-unsplash.jpg,8.11111111111111
female/indian/loren-joseph-jhu22nvxxCw-unsplash.jpg,5.3344000000000005
female/caucasian/blake-barlow-L9NrqmDPT-g-unsplash.jpg,6.911352040816326
female/caucasian/timothy-dykes-kPEF5QvdqCI-unsplash.jpg,7.095238095238096
female/caucasian/girl-4930782_1920.jpg,6.630102040816326
male/black/pexels-marcelo-chagas-2291012.jpg,6.135802469135802
female/caucasian/brooke-cagle-iQ-CjxFHNQk-unsplash.jpg,6.90542328042328
male/caucasian/pexels-andrea-piacquadio-3824771.jpg,2.453125
female/hispanic/luiza-braun-_R3H5FaoBq4-unsplash.jpg,5.111111111111112
female/asian/asian-3885641_1920.jpg,7.624615384615384
male/mideastern/amr-taha-EbWk-8X2LSI-unsplash.jpg,4.835511982570806
female/caucasian/tamas-tuzes-katai-nUP9GAg218U-unsplash.jpg,6.333333333333333
male/caucasian/guy9.jpg,7.942791988895498
male/caucasian/robert-lazar-gln1ySXJJbU-unsplash.jpg,4.544886363636364
female/mideastern/hijab-5009607_1920.jpg,6.523809523809524
male/indian/pexels-prince-photos-1537517.jpg,5.123456790123457
female/caucasian/theo-rql-a4pyoiTdSqI-unsplash.jpg,7.76886145404664
male/caucasian/joshua-reddekopp-lSD2Y9AydhY-unsplash.jpg,5.87603305785124
female/caucasian/mark-decile-W0fOHWkpxUQ-unsplash.jpg,7.604747162022704
female/caucasian/valerie-elash-9IL_stSpvOU-unsplash.jpg,8.076923076923078
female/indian/actress-1736962_1920.jpg,6.329218106995885
female/mideastern/michele-seghieri-vsS70e-zC34-unsplash.jpg,6.916666666666667
male/black/karsten-winegeart-uvMNz3ZS8J0-unsplash.jpg,4.950113378684807
female/caucasian/raj-rana-15Vb4B_ma_s-unsplash.jpg,6.536266349583829
female/caucasian/genessa-panainte-g3OqMfRfo_8-unsplash.jpg,5.5775
female/black/michelle-obama-1129160_1920.jpg,5.888888888888888
female/indian/model-4255841_1920.jpg,6.758620689655173
male/indian/sammy-chandio-EvdFPEFqoxk-unsplash.jpg,4.401704545454546
male/indian/puvvukonvict-photography-0M_Aej4dRWU-unsplash.jpg,5.12962962962963
female/caucasian/gothic-1770548_1920.jpg,5.699271592091572
female/caucasian/sheri-hooley-gcyPLFzmcSA-unsplash.jpg,6.857142857142858
female/asian/girl-184596_1920.jpg,5.5080721747388415
female/asian/pexels-rodnae-productions-4920897.jpg,7.493827160493827
male/indian/amir-ahmadpour-UtaI5TkADPw-unsplash.jpg,5.062580231065469
male/black/payton-tuttle-n_RdRxH_7h4-unspla.jpg,3.523809523809524
male/asian/credit-card-1599787_1920.jpg,4.067303517151542
male/caucasian/portrait-1535271_1920.jpg,6.7096838735494195
male/hispanic/cosmin-serban-6RP0cM4-xbk-unsplash.jpg,6.370122354497355
male/black/man-2590836_1920.jpg,4.353801169590643
female/asian/pexels-min-an-1586654.jpg,8.333333333333334
female/asian/women-1507748_1920.jpg,6.444581280788177
male/asian/groom-1731035_1920.jpg,5.4320987654321
female/caucasian/charisse-kenion-AZRVxIyCLxY-unsplash.jpg,4.962962962962963
male/hispanic/joam-lima-vxwjMDcS_6Q-unsplash.jpg,5.502297410192147
female/caucasian/logan-weaver-l0t4qHtj3fs-unsplash.jpg,7.287407407407407
male/black/manny-moreno-ajhtGO4Cs7g-unsplash.jpg,4.416666666666667
male/hispanic/michele-seghieri-9cRe2YMORtc-unsplash.jpg,7.916666666666667
male/hispanic/carol-magalhaes-oSPye-Bcdas-unsplash.jpg,5.541768292682927
female/caucasian/teenager-4985908_1920.jpg,5.162393162393163
female/black/ziphaus-NizskSsegM8-unsplash.jpg,6.606060606060606
male/mideastern/artist-3852896_1920.jpg,5.695714945714946
female/mideastern/ana-itonishvili-obVDLsGF-QI-unsplash.jpg,6.4430555555555555
female/caucasian/court-cook-TSZo17r3m0s-unsplash.jpg,6.52
female/mideastern/little-2192347_1920.jpg,7.35
female/asian/girl-1733349_1920.jpg,7.7
female/caucasian/woman-1615242_1920.jpg,4.177971014492754
male/black/dominique-jordan-JSRmthCownc-unsplash.jpg,6.181818181818182
male/black/pexels-cottonbro-6626903.jpg,4.833333333333334
female/caucasian/michael-dam-mEZ3PoFGs_k-unsplash.jpg,8.520555555555555
female/caucasian/metin-ozer-iSmTwuKTNDo-unsplash.jpg,4.589285714285714
female/hispanic/arid-1868523_1920.jpg,7.926020408163266
female/black/pexels-samson-katt-5256700.jpg,6.111111111111111
male/mideastern/dollar-gill-Ofcqtn296M0-unsplash.jpg,4.421679197994988
male/caucasian/vicky-hladynets-NnmUHZ6tpSs-unsplash.jpg,6.423202614379085
male/caucasian/ashkan-forouzani-ldkvWj0lrqk-unsplash.jpg,6.708305866842451
female/mideastern/pexels-artem-podrez-5125221.jpg,8.333333333333334
male/caucasian/fabio-henning-m6A7X_C8Jq4-unsplash.jpg,5.997222222222223
male/black/lari-avn-oZPHLlcyGb8-unsplash.jpg,5.979166666666667
male/caucasian/boy-2420289_1920.jpg,5.759555555555556
female/black/oladimeji-odunsi-aU_eOcelLhQ-unsplash.jpg,5.0
female/caucasian/girl-2363819_1920.jpg,7.785714285714286
female/caucasian/blake-barlow-7Ge4b_kcPLQ-unsplash.jpg,6.66198224852071
male/mideastern/man-2969985_1920.jpg,6.29810606060606
male/indian/portrait-2529905_1920.jpg,4.12280701754386
female/black/pexels-cottonbro-4505450.jpg,3.444444444444444
female/asian/20.jpg,7.395424836601308
male/hispanic/suzana-sousa-IC1_YWQn6so-unsplash.jpg,4.833333333333333
female/caucasian/girl-4283996_1920.jpg,6.3690476190476195
female/indian/swarnavo-chakrabarti-1s-7JQTdXY4-unsplash.jpg,6.222222222222222
female/indian/pexels-arvind-shakya-796557.jpg,4.222222222222222
female/hispanic/beautiful-1869534_1920.jpg,7.0
male/caucasian/james-barr-_U7YytlNunM-unsplash.jpg,5.324579124579125
female/indian/face-5677905_1920.jpg,5.888888888888888
male/caucasian/mateus-pinheiro-6e0z7TFIlo0-unsplash.jpg,6.453828828828828
female/mideastern/siddharth-salve-66R_Ji_rKd4-unsplash.jpg,7.095238095238096
female/caucasian/logan-weaver-QoZRUI6LdKw-unsplash.jpg,7.535714285714286
female/caucasian/adult-1867889_1920.jpg,7.783703703703704
female/black/pexels-ogo-2434049.jpg,7.5
female/caucasian/fashion-3080644_1920.jpg,7.928571428571429
female/mideastern/woman-1462682_1920.jpg,6.596153846153846
male/caucasian/pexels-martin-p¿ªchy-2078265.jpg,7.25
male/hispanic/pexels-fady-hany-1466844.jpg,7.0
female/caucasian/18.jpg,5.664160401002507
male/mideastern/joshua-purnell-kz6qS9mWbAo-unsplash.jpg,5.888888888888888
male/caucasian/dmitry-vechorko-E9PFbdhZmus-unsplash.jpg,6.173780487804878
male/caucasian/guy-3608788_1920.jpg,6.947227191413238
female/caucasian/eleanor-Xd3J56n0d2Q-unsplash.jpg,6.924744897959184
female/caucasian/teen-4361981_1920.jpg,7.772669220945083
male/caucasian/guy-690653_640.jpg,5.205899035734544
male/asian/pexels-chevanon-photography-2421934.jpg,1.75
female/indian/anshika-panchal-CX7WFaWeFhw-unsplash.jpg,7.875
female/caucasian/woman-2138461_1920.jpg,6.6034482758620685
female/hispanic/egyptian-girl-4194413_1920.jpg,7.372114496768236
female/black/olivier-rule-RKqIIjqWRak-unsplash.jpg,6.8125
male/asian/pexels-jameson-mallari-atenta-2872703.jpg,5.305555555555555
male/indian/rahadiansyah-3RQEJUpu-Dc-unsplash.jpg,4.243421052631579
female/mideastern/girl-1518158_1920.jpg,6.310344827586207
male/caucasian/pexels-elle-hughes-1680175.jpg,7.148148148148148
female/caucasian/woman-435852_1920.jpg,5.611177170035671
female/caucasian/elderly-1557141_1920.jpg,2.3456790123456788
female/asian/visualsofdana-KD1xdIkw3Z8-unsplash.jpg,7.0606060606060606
male/black/raphael-nast-x1od0bnYmIw-unsplash.jpg,6.242013888888889
male/asian/pexels-juan-n-gomez-2589650.jpg,3.888888888888889
female/mideastern/jamill-del-rosario-jn3w2ouoPv4-unsplash.jpg,8.272727272727273
male/mideastern/people-3309614_1920.jpg,4.459671179883945
male/caucasian/teenager-1131815_1280.jpg,7.167421497584542
female/black/pexels-jermaine-ulinwa-3321515.jpg,7.125
female/black/pexels-rebrand-cities-1367270.jpg,7.569444444444445
male/caucasian/cowboy-67630_1920.jpg,4.232469512195122
female/asian/blake-cheek-3dT98ifg9J4-unsplash.jpg,6.408779149519891
female/caucasian/levi-stute-tvrn0E09L2c-unsplash.jpg,5.44
male/black/clem-onojeghuo-f1_w7Wrnabg-unsplash.jpg,4.446115288220551
male/mideastern/face-3737238_1920.jpg,3.90625
male/caucasian/pexels-julia-m-cameron-4144458.jpg,6.740740740740741
male/asian/lex-faure-u4yvBG2wU30-unsplash.jpg,3.454607046070461
male/mideastern/pexels-yazan-khalifeh-1000225.jpg,6.555555555555555
female/caucasian/young-girl-2143037_1280.jpg,7.196428571428571
female/asian/pexels-tuấn-kiệt-jr-1391499.jpg,9.0
male/indian/pexels-ketut-subiyanto-4307733.jpg,6.222222222222222
male/asian/jeff-tumale-C_JB2G5mSYQ-unsplash.jpg,5.074570273003033
female/asian/cris-trung-LRLxSTpq2Ds-unsplash.jpg,6.37037037037037
male/caucasian/man-5917529_1920.jpg,1.625
male/hispanic/people-2202474_1920.jpg,7.349624060150375
female/asian/23.jpg,7.423529411764706
male/caucasian/ronny-sison-Ajrb9WJlVzI-unsplash.jpg,6.710160818713451
male/caucasian/bruno-bucar-BGcjf5DzK_8-unsplash.jpg,5.804878048780488
female/caucasian/caroline-hernandez-c82O-ojHu9E-unsplash.jpg,5.666666666666667
female/indian/shy-girl-5942197_1920.jpg,8.125
female/indian/prom-1476761_1920.jpg,6.482222222222222
male/caucasian/male-2634974_1920.jpg,5.564274691358024
female/caucasian/beautiful-2114449_1920.jpg,6.1033333333333335
male/mideastern/fayiz-musthafa-yGqsr6EVrGw-unsplash.jpg,6.211805555555555
male/mideastern/dollar-gill-KxCErTse64c-unsplash.jpg,5.673541963015648
male/asian/simon-marsault-ZNaL-IDTbZc-unsplash.jpg,5.453003875968992
male/caucasian/nathan-dumlao-4m2-An3yFx0-unsplash.jpg,6.260687229437229
female/indian/dollar-gill-wcd5bS3x9mE-unsplash.jpg,6.842499999999999
female/hispanic/girl-608827_1920.jpg,5.467221644120708
male/indian/male-model-1221915_1920.jpg,5.395625
female/black/pexels-zen-chung-5537979.jpg,6.0246913580246915
female/hispanic/simon-marsault-2901RQjU0ZQ-unsplash.jpg,6.540466392318245
male/caucasian/sebastian-pociecha-xLc0r-hn0Do-unsplash.jpg,6.535393381547228
female/caucasian/girl-3023831_1920.jpg,6.886243386243387
female/caucasian/taylor-deas-melesh-byRGjjO-Ync-unsplash.jpg,6.22
female/hispanic/pexels-lehandross-2383118.jpg,7.864197530864197
female/caucasian/woman-3658390_1920.jpg,5.74910820451843
female/indian/pexels-rahul-pandit-3894370.jpg,6.25
male/caucasian/scott-higdon-tD1XD54mx8w-unsplash.jpg,6.544724272687798
male/indian/diego-sanchez-ABNwyVyvCbo-unsplash.jpg,7.47107438016529
male/indian/muhammad-murtaza-ghani-iDN_Q0zSvY8-unsplash.jpg,4.595041322314049
female/hispanic/tyler-nix-CsR_n6i__L0-unsplash.jpg,8.347222222222221
male/hispanic/kevin-turcios-Mn0mVsdg4EU-unsplash.jpg,6.198347107438017
female/caucasian/alex-sheldon-p63g4kQAt_4-unsplash.jpg,6.63265306122449
male/caucasian/portrait-3353699_1920.jpg,5.810507246376811
male/hispanic/diego-sanchez-FnbRghTNtdE-unsplash.jpg,6.909090909090909
female/black/clarke-sanders-e_W1qouapG8-unsplash.jpg,4.08801775147929
female/caucasian/fezbot2000-V4CU3OBsrEk-unsplash.jpg,7.543703703703704
male/hispanic/georgia-mashford-UzxZBo7nP9E-unsplash.jpg,6.706018518518518
female/asian/jernej-graj-muXeYVQaPyA-unsplash.jpg,7.462962962962963
female/indian/woman-5922147_1920.jpg,3.6666666666666665
male/caucasian/laura-dewilde-G2iXD2Bkt7g-unsplash.jpg,6.539455782312925
female/mideastern/jeffrey-wegrzyn-It0_SCr3AF4-unsplash.jpg,6.384087791495199
male/mideastern/man-1688347_1920.jpg,6.935815147625161
male/caucasian/man-3786991_1920.jpg,4.5271335807050095
male/hispanic/mojtaba-ravanbakhsh-C1FZr9CIC5U-unsplash.jpg,5.01058201058201
female/hispanic/adult-1867720_1920.jpg,8.760233918128655
male/mideastern/james-barr-iboQqkO7AEw-unsplash.jpg,7.186447811447811
female/caucasian/julie-romaniuk-A2UMJQkXKJM-unsplash.jpg,8.3675
male/asian/man-2702805_1920.jpg,3.6839215686274507
female/indian/thanks-1209247_1920.jpg,7.0
male/black/male-1905388_1920.jpg,5.707412042831316
male/asian/mathieu-neuilly-BTBAoU_taRU-unsplash.jpg,5.074074074074074
female/mideastern/mosoianu-bogdan-eY1_nQs9aNI-unsplash.jpg,3.6551724137931036
female/caucasian/tamara-bellis-JTtWu85K9So-unsplash.jpg,8.03188775510204
female/mideastern/barry-fitzsimmons-FdPjKwHWqPo-unsplash.jpg,5.565934065934067
female/caucasian/girl-1125322_1920.jpg,5.494252873563219
female/asian/daniel-rigdon-dXmXKPP2L4E-unsplash.jpg,7.055263157894737
male/asian/marsha-dhita-uHIN59WI_zc-unsplash.jpg,7.0
male/hispanic/brian-lundquist-IAWN962A4aA-unsplash.jpg,6.991655969191271
female/caucasian/girl-237871_1920.jpg,7.149519890260631
male/hispanic/pexels-moose-photos-1036643.jpg,5.888888888888888
male/asian/chander-mohan-9zaQ3PjrvxA-unsplash.jpg,2.717656415694592
male/asian/pexels-ba-phi-1182128.jpg,6.098765432098765
male/caucasian/lucas-ruffiner-_Z48n2rZk5M-unsplash.jpg,7.043333333333334
female/caucasian/amelia-barklid-q97o6P6_lMQ-unsplash.jpg,6.324735449735449
male/mideastern/alireza-esmaeeli-Twu-xDzDqGg-unsplash.jpg,5.997901288174844
female/black/jessica-felicio-8vgkMCSq4EU-unsplash.jpg,5.373809523809524
female/mideastern/bardia-hashemirad-3P7jxpEgkC4-unsplash.jpg,7.3104
male/indian/shivam-singh-2_X6NMP-E_U-unsplash.jpg,5.894444444444445
male/caucasian/male-3847141_1920.jpg,6.237503697131027
female/asian/girl-4622990_1920.jpg,5.889030612244897
female/black/cleyton-ewerton-sFdbI7P47XE-unsplash.jpg,8.197278911564625
male/caucasian/entrepreneurship-3498256_1920.jpg,6.202407407407407
female/mideastern/derek-perez-I-MGoMKFWpE-unsplash.jpg,6.445983379501385
female/black/eye-for-ebony-Z7ZmNovyF_M-unsplash.jpg,5.037037037037036
male/mideastern/123.jpg,5.949820788530467
male/indian/head-shots-1544781_1920.jpg,4.250532945736435
female/caucasian/marivi-pazos-cvpk5Y4ZWUs-unsplash.jpg,5.777777777777778
female/black/march-for-peace-1727917_1920.jpg,2.8846153846153846
male/caucasian/portrait-3334378_1280.jpg,7.151690201112537
male/black/people-3247352_1920.jpg,3.562210338680927
female/asian/woman-984426_1920.jpg,6.8767006802721085
female/hispanic/mohammed-hassan-MOR6bWWuy-A-unsplash.jpg,5.106666666666667
female/asian/old-2474161_1920.jpg,5.421957671957672
male/indian/jaikishan-patel-DSyyWrVjBNA-unsplash.jpg,4.095238095238096
male/mideastern/lumensoft-technologies-JGGaefIIc6Y-unsplash.jpg,2.802391304347826
male/indian/indian-boy-2982850_1920.jpg,5.2700000000000005
female/asian/dr-1621296_1920.jpg,5.43595041322314
female/caucasian/sergio-souza-nTgauPjp-uA-unsplash.jpg,6.833333333333332
female/asian/fashion-4257904_1920.jpg,6.93103448275862
male/mideastern/riccardo-fissore-QMfP5xza0vU-unsplash.jpg,8.063636363636364
male/mideastern/ashkan-forouzani-gvjqEmux8SU-unsplash.jpg,5.468502294534835
male/caucasian/emiliano-vittoriosi-fIM5oAdHAxE-unsplash.jpg,6.135843484680693
female/asian/gemma-chua-tran-QaiIaCkGCtI-unsplash.jpg,6.057851239669421
male/caucasian/man-943554_1920.jpg,4.630813953488372
male/caucasian/sara-dubler-dDE6naQBc2Q-unsplash.jpg,6.166995614035088
female/caucasian/portrait-3315767_1920.jpg,6.567474048442907
male/black/brian-lundquist-3_WZlLre0rY-unsplash.jpg,4.821476964769648
female/hispanic/pexels-du-photographer-1843667.jpg,7.222222222222223
male/mideastern/118.jpg,5.298155298155298
male/caucasian/pexels-keith-lobo-3854982.jpg,7.098765432098765
female/indian/vaibhav-nagare-oM20muBHP_4-unsplash.jpg,7.273182957393485
female/caucasian/pexels-andrea-piacquadio-3769986.jpg,7.666666666666667
male/indian/ecommerce-3412872_1920.jpg,5.544038461538462
female/caucasian/svyatoslav-romanov-BrEAp01_m5w-unsplash.jpg,7.333333333333333
female/caucasian/naeim-jafari-6Xai7XxOgBc-unsplash.jpg,7.308641975308642
male/indian/jennifer-marquez-kg9cClY_fuc-unsplash.jpg,6.565243902439025
female/caucasian/f6.jpg,8.263157894736842
male/hispanic/people-2583959_1920.jpg,6.553191489361702
female/mideastern/girl-1364014_1920.jpg,6.785714285714286
male/caucasian/man-894182_1920.jpg,5.80952380952381
female/asian/diao-darius-K3k7X7OA394-unsplash.jpg,7.24074074074074
male/black/hunter-newton-7eTWaJ4Ex8I-unsplash.jpg,5.448314108251997
female/caucasian/woman-1447084_1920.jpg,4.532183908045977
female/caucasian/girl-3848191_1920.jpg,7.4275
male/caucasian/122.jpg,6.658700980392156
female/hispanic/pexels-ingrid-santana-2253707.jpg,7.666666666666667
male/indian/10.jpg,7.276520864756159
female/indian/pexels-jc-romero-3236737.jpg,7.666666666666667
female/asian/asian-girl-3113208_1920.jpg,5.477810650887573
male/hispanic/isaac-quesada-uTZ9UIxUKVY-unsplash.jpg,7.15
female/caucasian/irina-iriser-T9_NHo5d0pc-unsplash.jpg,7.321005917159763
female/caucasian/pexels-steven-arenas-620074.jpg,8.666666666666666
female/asian/girl-1848949_1920.jpg,6.751486325802616
female/caucasian/female-2674500_1920.jpg,7.630434782608695
male/indian/jyotirmoy-gupta-nBe68MZSIYY-unsplash.jpg,3.8362499999999997
male/caucasian/irene-strong-v2aKnjMbP_k-unsplash.jpg,5.884205426356589
female/asian/frederick-ferdianto-Dunxame8wxg-unsplash.jpg,7.083333333333333
male/mideastern/thobe-805762_1920.jpg,6.481390977443609
female/asian/jimmy-chang-VplzfrQvCm4-unsplash.jpg,5.571502057613169
female/caucasian/timur-romanov-u-fY6-iUJPg-unsplash.jpg,7.922240802675585
female/indian/christina-wocintechchat-com-z5SOVx-y3F4-unsplash.jpg,5.900555555555556
male/asian/sport-1815798_1920.jpg,4.697352854185152
male/hispanic/creative-christians-6EwRNsuhFo4-unsplash.jpg,5.379464285714286
female/indian/sayan-ghosh-sVDp3cxrDR4-unsplash.jpg,7.111111111111111
female/black/amin-rk-stz6pJV6UKw-unsplash.jpg,6.044973544973545
male/indian/keenan-constance-292Pth2Y5QM-unsplash.jpg,6.299319727891156
female/caucasian/nature-3360202_1920.jpg,6.6730769230769225
female/caucasian/brunette-3627300_1920.jpg,5.883190883190883
male/asian/dale-alejandro-QbCiAUrFjag-unsplash.jpg,4.283950617283951
male/caucasian/126.jpg,4.433086622807018
female/mideastern/wall-3449760_1920.jpg,5.64010989010989
female/asian/aodai-4603493_1920.jpg,6.93103448275862
male/indian/deepak-mahajan-8ig-SzHpqDw-unsplash.jpg,6.75
male/caucasian/jake-nebov-aFNzgYOM560-unsplash.jpg,3.6782581453634084
female/indian/jyotirmoy-gupta-fbUvVn1_ViQ-unsplash.jpg,4.657894736842105
female/caucasian/girl-797078_1920.jpg,6.1117717003567185
female/mideastern/sandeep-swarnkar-o2Bl6Y9hPos-unsplash.jpg,6.944078947368421
male/mideastern/sahil-moosa-JWUYb-5OSYU-unsplash.jpg,5.889196675900277
male/asian/pexels-cottonbro-5529905.jpg,1.0
male/black/pexels-c-technical-6612112.jpg,4.0
female/caucasian/girl-1209193_1920.jpg,7.061111111111111
female/hispanic/woman-4552028_1920.jpg,3.862068965517241
male/hispanic/alex-suprun-ZHvM3XIOHoE-unsplash.jpg,6.586776859504132
female/indian/pexels-mabel-lee-2739792.jpg,6.111111111111112
male/caucasian/boy-1185446_1920.jpg,6.241140642303432
female/caucasian/callie-morgan-JlymtjqG2aU-unsplash.jpg,7.925925925925926
female/black/suad-kamardeen-khewjy5l4Zo-unsplash.jpg,5.909297052154195
female/caucasian/ionut-comanici-RDcEWH5hSDE-unsplash.jpg,7.386217948717949
female/asian/girl-5846478_1920.jpg,6.444444444444445
male/caucasian/guy-1079623_1920.jpg,4.6644736842105265
female/asian/hannah-xu-A3B7VHK71Ks-unsplash.jpg,6.888888888888888
female/asian/pexels-carol-wd-3454302.jpg,6.944444444444445
female/caucasian/ali-pazani-VPYKT3ePiEM-unsplash.jpg,7.756903353057199
male/caucasian/joycoast-wood-watches-sunglasses-xUsrdhGRMfE-unsplash.jpg,7.337035123966942
female/asian/andres-hernandez-KVjiBiBvT-c-unsplash.jpg,7.192307692307692
female/caucasian/camila-quintero-franco-8NDuYUjSMiY-unsplash.jpg,5.613333333333333
female/hispanic/shahin-khalaji-NdGrKgLVbIA-unsplash.jpg,7.0
female/asian/people-3332333_1920.jpg,3.9607609988109393
female/caucasian/grandmother-5903707_1920.jpg,3.2222222222222223
female/caucasian/pexels-pixabay-247322.jpg,9.0
male/caucasian/aiony-haust-ybd0faxFuHE-unsplash.jpg,6.333333333333333
female/caucasian/woman-467708_1920.jpg,6.653846153846154
female/hispanic/portrait-4717916_1920.jpg,7.754437869822485
male/mideastern/pexels-hussein-altameemi-1678821.jpg,3.7777777777777777
male/caucasian/matteo-minoglio-JDBR1pXomQw-unsplash.jpg,5.430150462962962
male/caucasian/young-man-1281282_1920.jpg,6.1020408163265305
male/hispanic/toa-heftiba-2O1EUSTRBrY-unsplash.jpg,4.845238095238095
male/asian/sung-wang-g4DgCF90EM4-unsplash.jpg,5.930795847750866
male/caucasian/pexels-mart¿¬-pardo-1674318.jpg,9.25925925925926
female/black/pexels-bernard-ng-3318310.jpg,5.444444444444445
male/hispanic/janko-ferlic-G-jo31ESuRE-unsplash.jpg,7.265584625322998
female/caucasian/girl-2522405_1920.jpg,7.484444444444445
female/caucasian/sergey-sokolov-CbfFN5zE_sY-unsplash.jpg,7.0
male/asian/angelo-abear-XDevBdyfMD8-unsplash.jpg,5.752546296296296
female/asian/pexels-ike-louie-natividad-2709388.jpg,4.375
male/black/mubarak-show-Ve7xjKImd28-unsplash.jpg,4.1350694444444445
male/asian/pexels-gustav-lundborg-2007119.jpg,5.716049382716049
female/asian/alex-sorto-kNstJF4l5cA-unsplash.jpg,6.8804945054945055
female/caucasian/sebastian-pociecha-9AdKSLh2320-unsplash.jpg,6.482142857142857
male/black/man-4568762_1920.jpg,4.5210084033613445
male/hispanic/121.jpg,5.027756939234809
male/hispanic/mael-balland-uPgFSd7POhw-unsplash.jpg,4.285714285714286
female/caucasian/aschas-O15EA5W8rmI-unsplash.jpg,5.809523809523809
female/mideastern/pexels-anubhaw-anand-3263992.jpg,7.65432098765432
female/mideastern/woman-1584341_1280.jpg,4.667037037037037
female/mideastern/pexels-samad-ismayilov-735552.jpg,8.375
female/asian/6.jpg,7.026761517615176
female/black/pexels-nappy-1068205.jpg,6.666666666666667
female/caucasian/luiza-braun-VdxeNFB4ymA-unsplash.jpg,7.278106508875739
female/hispanic/pexels-alex-green-5699868.jpg,7.271604938271604
female/asian/raychan-sw30Y2Ek5t0-unsplash.jpg,6.5
male/caucasian/luiza-braun-VaXkho6CPx0-unsplash(1).jpg,5.1425189393939394
female/asian/tong-nguyen-van-wXnaknPMpK0-unsplash.jpg,5.534722222222222
male/indian/muhammad-murtaza-ghani-65fj5U5HQek-unsplash.jpg,4.285714285714286
male/caucasian/boy-2145113_1920.jpg,4.429005644811116
male/asian/career-451281_1920.jpg,5.076923076923077
female/hispanic/joanna-nix-walkup-u7_TR3LGqhU-unsplash.jpg,7.399092970521542
male/mideastern/ashwini-chaudhary-fvm4bFVK7qM-unsplash.jpg,3.182070035460993
female/caucasian/pretty-2111498_1920.jpg,8.481481481481483
male/mideastern/businessman-805769_1920.jpg,4.790313390313391
female/black/people-3104635_1920.jpg,6.742705570291777
male/black/alex-ware-Paf7eZ_DD9A-unsplash.jpg,5.069134630596425
female/caucasian/artem-kryzhanivskyi-AdRJsBCjwms-unsplash.jpg,7.111111111111112
female/black/ernan-solozabal-kfQWyxttMeQ-unsplash.jpg,6.111111111111112
female/caucasian/woman-69712_1280.jpg,4.162721893491124
female/caucasian/sharon-mccutcheon-EpsQ8oVcDj4-unsplash.jpg,6.76984126984127
male/caucasian/mehdi-lamaaffar-lrALtuCkYs0-unsplash.jpg,6.489849624060151
female/caucasian/sean-stratton-cANdHDaUAuw-unsplash.jpg,6.9452380952380945
male/mideastern/amine-bashir-inTUOzVxdOA-unsplash.jpg,4.345418589321029
male/caucasian/derick-mckinney-bBuUjB98PPY-unsplash.jpg,7.666666666666667
male/caucasian/pexels-hamid-tajik-6273203.jpg,7.5
male/caucasian/jackson-david-8q-EOrlhP8I-unsplash.jpg,3.8125
male/indian/man-3733308_1920.jpg,7.099795918367347
female/black/portrait-856125_1920.jpg,6.058862433862434
female/black/pexels-marcelo-chagas-2535859.jpg,8.271604938271604
male/black/kareem-hayes-R1t3IQhYTqE-unsplash.jpg,4.6445556946182736
male/indian/man-5940355_1920.jpg,6.666666666666667
male/caucasian/robert-harkness-MB_5XK9E7vM-unsplash.jpg,2.0
male/black/jay-mullings-DXlXiFDNPRs-unsplash.jpg,4.166666666666667
male/caucasian/man-379677_1920.jpg,4.048663324979114
female/asian/hhh13-gMC5TecfnD4-unsplash.jpg,7.801652892561983
female/black/brenna-huff-0bayIkan-Ao-unsplash.jpg,4.964285714285714
male/caucasian/karina-tess-fr5rB_Ocl7w-unsplash.jpg,5.421385237613752
male/asian/ash-edmonds-AxtUIbOIPBE-unsplash.jpg,3.4444444444444446
female/caucasian/egor-barmin-i-JkONlmR_o-unsplash.jpg,5.666666666666668
male/caucasian/anastasia-vityukova-0jSd5XW58Ak-unsplash.jpg,4.9335978835978835
female/black/prince-akachi-l3IHXOdMyHQ-unsplash.jpg,5.140789473684211
male/mideastern/jesus-eca-wU4hzVf122M-unsplash.jpg,4.916666666666666
female/caucasian/girl-641673_1920.jpg,4.800000000000001
female/caucasian/girl-788813_1920.jpg,6.296296296296297
female/caucasian/gemma-chua-tran-UIZYDvmQg6U-unsplash.jpg,5.04
female/asian/model-1822567_1920.jpg,7.383597883597884
male/caucasian/guy-1266366_1920.jpg,5.614925986842105
female/indian/erick-marroquin-xlNSZ9aImbw-unsplash.jpg,6.372307692307693
male/asian/jassir-jonis-dS6a-NAqbII-unsplash.jpg,3.833333333333333
male/caucasian/person-700003_1920.jpg,3.854609929078014
female/caucasian/purchase-3090838_1920.jpg,5.795918367346939
male/hispanic/yogendra-singh-owqFcZRWzTw-unsplash.jpg,6.421568627450981
female/black/oladimeji-odunsi-pV2Kw7Tts14-unsplash.jpg,4.688157894736842
female/mideastern/joao-paulo-de-souza-oliveira-PK5HVHRWYa8-unsplash.jpg,6.505291005291006
male/asian/farhan-shaikh-iylgKUdIljc-unsplash.jpg,4.924612403100776
female/asian/yannes-kiefer-VZfSq4TQTHY-unsplash.jpg,2.894132653061224
male/hispanic/man-496471_1920.jpg,5.289888504421376
male/black/dorrell-tibbs-gisFZKWpKQ4-unsplash.jpg,5.346569139672588
male/hispanic/beard-5216825_1920.jpg,6.313888888888889
male/indian/115.jpg,7.033653846153847
male/caucasian/guy-4478447_1920.jpg,6.846136363636362
female/mideastern/sour-moha-Uxo2j3rJq5Y-unsplash.jpg,8.166666666666666
female/caucasian/woman-3055841_1920.jpg,7.181609195402299
female/caucasian/woman-3718859_1920.jpg,4.571428571428571
male/mideastern/igor-rodrigues-FjFiPGWeWKI-unsplash.jpg,7.090909090909091
male/caucasian/black-and-white-4387130_1920.jpg,5.653061224489797
female/caucasian/old-woman-4189578_1920.jpg,2.888888888888889
female/hispanic/joelvalve-7JEZ6laI4qM-unsplash.jpg,6.1818181818181825
female/caucasian/sheri-hooley-gQbE06VKL4M-unsplash.jpg,6.12
female/hispanic/9.jpg,7.465079365079365
male/hispanic/g_12.jpg,6.625
female/indian/indian-4190972_1920.jpg,7.246913580246915
female/caucasian/portrait-of-a-girl-4604219_1920.jpg,5.804370447450572
male/caucasian/elizeu-dias-BiwrbstAhOI-unsplash.jpg,6.8181818181818175
female/indian/portrait-4428523_1920.jpg,7.018518518518518
male/indian/muhammad-murtaza-ghani-Qt6x9oQ3H08-unsplash.jpg,5.158333333333333
male/caucasian/derick-mckinney-eyFbjKWlR2g-unsplash.jpg,7.2220137585991235
male/indian/guy7.jpg,5.95186403508772
female/caucasian/girl-1482002_1920.jpg,5.56896551724138
male/caucasian/teen-722645_1920.jpg,5.172031772575251
female/caucasian/gabriel-silverio-K_b41GaWC5Y-unsplash.jpg,7.155006858710562
female/caucasian/mark-decile-Vcc8VFc3uCo-unsplash.jpg,8.066666666666666
male/mideastern/man-355612_1920.jpg,3.5684803001876175
female/indian/make-up-artist-3987573_1920.jpg,6.391200951248513
female/mideastern/jan-kopriva-VKHv4GLr5O0-unsplash.jpg,5.756944444444444
male/black/jassir-jonis-QWa0TIUW638-unsplash.jpg,4.5844907407407405
female/caucasian/model-4605248_1920.jpg,8.25
male/black/tanaka-pendeke-iHfBBeiAVCE-unsplash.jpg,4.917820867959372
male/caucasian/portrait-2573013_1920.jpg,4.602215719063546
male/indian/sexy-1469502_1920.jpg,7.153682170542636
female/caucasian/cold-1284029_1920.jpg,7.717003567181926
female/asian/alexandra-lammerink-nG5ZS2wlnrQ-unsplash.jpg,6.666666666666667
male/caucasian/pexels-andrea-piacquadio-3831631.jpg,5.0
male/asian/teeth-977208_1920.jpg,4.5187814256137235
male/asian/old-man-971889_1920.jpg,4.317460317460317
male/indian/male-5198715_1920.jpg,5.631578947368421
female/indian/weeding-4207311_1920.jpg,6.258333333333334
male/caucasian/mikhail-marchenko-nuOfp2JdBB8-unsplash.jpg,6.0128446115288225
female/caucasian/ann-agterberg-WqATKbXqGZQ-unsplash.jpg,6.611111111111112
male/mideastern/moein-rahmani-A3802JoFGqg-unsplash.jpg,6.194444444444445
female/mideastern/imad-clicks-2_qmEnz7bQ4-unsplash.jpg,1.7777777777777777
male/hispanic/pexels-mustafa-husnii-381843.jpg,8.0
female/hispanic/raamin-ka-kYtN89E5ce4-unsplash.jpg,6.931818181818182
male/asian/mark-decile-6K_081J_d5A-unsplash.jpg,6.475
female/caucasian/sara-cervera-ZqU-9gWBfV8-unsplash.jpg,6.685185185185185
female/caucasian/analise-benevides-x-CinW2XVRw-unsplash.jpg,5.409391534391535
female/caucasian/portrait-3600667_1920.jpg,7.10207100591716
male/hispanic/human-1993383_1920.jpg,6.8287545787545785
female/black/pexels-andrea-piacquadio-3880766.jpg,5.75
female/hispanic/girl-2922427_1920.jpg,5.429802955665025
male/asian/commercial-3264998_1920.jpg,6.342826086956522
male/caucasian/pexels-andrea-piacquadio-3779455.jpg,7.625
male/indian/harps-joseph-tAvpDE7fXgY-unsplash.jpg,4.379561546840958
female/indian/girl-526716_1920.jpg,6.325802615933412
male/mideastern/tim-mossholder-zIBn97bCJoI-unsplash(1).jpg,5.5353345841150725
female/mideastern/pexels-wesley-rocha-3797438.jpg,7.333333333333333
male/black/pexels-kenex-media-sa-6573686.jpg,5.444444444444445
female/caucasian/cole-plichta-7la6TtuqYOI-unsplash.jpg,7.275
female/caucasian/pexels-miggy-rivera-3209390.jpg,7.111111111111112
female/black/clem-onojeghuo-FbTOrJ2G8KI-unsplash.jpg,5.438271604938271
male/asian/portrait-3756873_1920.jpg,5.1781756180733165
male/hispanic/man-2482464_1920.jpg,6.325694444444444
female/caucasian/woman-3714620_1920.jpg,4.615912208504802
male/caucasian/male-4572748_1920.jpg,4.37185534591195
female/caucasian/d02.jpg,8.818181818181818
female/black/ronise-da-luz-5DJ8sR-m58I-unsplash.jpg,7.75
male/hispanic/andrei-caliman-6R2Sj-8PerY-unsplash.jpg,6.888888888888888
female/caucasian/pexels-skyler-ewing-4680778.jpg,7.555555555555555
female/caucasian/valentin-lacoste-ggAPxrb4Deg-unsplash.jpg,7.2216066481994465
male/caucasian/vicky-hladynets-EruJpcY4i1w-unsplash.jpg,5.869001547987616
female/hispanic/sabrina-may-iuJClDf7S-M-unsplash.jpg,6.993055555555556
male/caucasian/sharon-mccutcheon-W2hSpLh5caQ-unsplash.jpg,3.9207608695652176
female/mideastern/tyler-nix-aSIw_EnF71g-unsplash.jpg,6.1408
female/hispanic/summer-carnival-4408804_1920.jpg,6.347222222222221
male/caucasian/boy-2691494_1920.jpg,4.881578947368421
female/caucasian/girl-13480.jpg,6.680697278911564
male/caucasian/pexels-sebastian-libuda-678785.jpg,8.375
female/caucasian/portrait-3216220_1920.jpg,6.779336734693877
female/caucasian/megan-bagshaw-VqblHgABSVA-unsplash.jpg,3.94
female/hispanic/pexels-tha¿¬s-silva-3135649.jpg,7.111111111111112
male/indian/nehal-patel-aho7nVdauuc-unsplash.jpg,5.5
male/indian/jordyn-montague-nV7GRL8ooJg-unsplash.jpg,6.218836565096953
female/caucasian/woman-3136667_1920.jpg,8.123914037494284
female/caucasian/bradley-dunn-Hy879rKHhbc-unsplash.jpg,6.288888888888889
male/caucasian/boy-3028416_1920.jpg,4.598755411255412
male/mideastern/pexels-lina-kivaka-3395282.jpg,7.6875
male/hispanic/betzy-arosemena-Mx15HMZGQzY-unsplash.jpg,5.458333333333333
male/black/pexels-blac-bear-3805873.jpg,2.888888888888889
male/caucasian/fashion-2082066_1920.jpg,6.5595977521443345
female/asian/pexels-maria-orlova-4906257.jpg,6.666666666666667
female/black/pexels-rodnae-productions-4911184.jpg,5.333333333333333
male/asian/aserusainhuu-veaARmpXY88-unsplash.jpg,5.143695652173913
male/black/luke-2373974_1920.jpg,4.803061224489796
male/mideastern/muhammad-faiz-zulkeflee-BuxUWCobuGA-unsplash.jpg,4.41511072514112
female/mideastern/woman-2465429_1920.jpg,5.795714285714285
female/caucasian/valerie-elash-JQDflNNnrEE-unsplash.jpg,7.75
female/caucasian/shayan-rti-w3ZQzOxUh7I-unsplash.jpg,7.76875
female/caucasian/alexandre-croussette-P9C8YtG4eYU-unsplash.jpg,6.296296296296297
male/hispanic/boy-2699256_1920.jpg,7.154411764705882
female/hispanic/shawn-olivier-boivin-blanchard-FBIGTYhErFw-unsplash.jpg,7.683760683760683
male/caucasian/ali-morshedlou-WMD64tMfc4k-unsplash.jpg,7.178642056690838
male/indian/salman-ahmad-JBxAQ_Blorw-unsplash.jpg,4.187012987012987
male/caucasian/dubai-1972702_1920.jpg,4.975579975579976
male/indian/juanma-velasquez-JrNsKhB5aRQ-unsplash.jpg,5.354743447766704
female/caucasian/pexels-aadil-2598024.jpg,5.888888888888888
male/caucasian/cody-chan-TeAj27VRKzg-unsplash.jpg,7.1098998708010335
female/black/samuel-aboh-RGomcmMkTEA-unsplash.jpg,6.166666666666667
female/caucasian/woman-1373041_1280.jpg,3.0082417582417587
female/black/pexels-avonne-stalling-3916455.jpg,6.111111111111112
female/caucasian/laura-chouette-nkWnc-W_GP8-unsplash.jpg,7.3354591836734695
female/caucasian/kayla-maurais-LLMLMR_Dwkg-unsplash.jpg,7.962962962962964
male/hispanic/drew-hays-agGIKYs4mYs-unsplash.jpg,7.291805094130676
female/caucasian/girl-804059_1920.jpg,8.071895424836601
male/caucasian/man-3437398_1920.jpg,5.9292825968357885
female/hispanic/pexels-lola-russian-1855582.jpg,3.123456790123457
male/hispanic/zulmaury-saavedra-Z9GKfYmWOAM-unsplash.jpg,4.5
female/asian/girl-1741941_1920.jpg,6.7288359788359795
female/indian/aditi-rao-hydari-1748439_1920.jpg,8.88888888888889
female/caucasian/todd-kent-k8NwmlJr508-unsplash.jpg,7.271304347826088
female/hispanic/mateus-campos-felipe-csdVYOLOqls-unsplash.jpg,5.916666666666667
female/caucasian/ben-den-engelsen-AGTxr6b9xJU-unsplash.jpg,6.807017543859648
male/indian/pexels-daniel-xavier-1212984.jpg,6.888888888888888
male/caucasian/xenia-bogarova-yyrH1RR7iy4-unsplash.jpg,6.568998716302953
female/caucasian/model-483918_1920.jpg,4.665024630541872
female/caucasian/jorge-cesar-2Qyd-R4z57E-unsplash.jpg,5.5243055555555545
male/black/pexels-dellon-thomas-2474307.jpg,4.888888888888888
male/indian/people-3358068_1920.jpg,4.277435502502888
female/asian/pexels-shahi-zidan-2692577.jpg,6.604938271604938
female/mideastern/pexels-rodnae-productions-4911079.jpg,5.666666666666667
male/mideastern/nasro-azaizia-1NP6_EsAYl8-unsplash.jpg,6.239285714285714
male/hispanic/g_1.jpg,6.74
male/hispanic/mehrad-vosoughi-iUQmEFtfdLw-unsplash.jpg,6.337875939849624
female/caucasian/blonde-2885907_1920.jpg,7.207010582010582
male/mideastern/man-2785071_1920.jpg,4.545948203842941
female/asian/xu-duo-w2p_6UBRSTY-unsplash.jpg,5.666666666666667
male/hispanic/antreina-stone-VtZEhxeWHA8-unsplash.jpg,4.369047619047619
female/hispanic/martin-lopez-mQVryuQEG_Y-unsplash.jpg,7.435672514619883
male/black/charisse-kenion-Na2b9JIVsIU-unsplash.jpg,6.24793388429752
female/indian/jewellery-4255833_1920.jpg,7.1730769230769225
female/hispanic/pexels-thiago-machado-1853035.jpg,7.111111111111112
male/asian/bridgette-chen-unyQ2AkhKgM-unsplash.jpg,6.757638888888889
male/caucasian/lucas-newton-GkQaSPkp54o-unsplash.jpg,6.020351526364477
male/indian/pexels-fauxels-3184408.jpg,7.0
male/caucasian/young-4549901_1920.jpg,5.07875
female/mideastern/joshua-rawson-harris-eMDcPM6bqVc-unsplash.jpg,6.669230769230769
female/hispanic/vinicius-amnx-amano-4mK2KVuYrDs-unsplash.jpg,7.833333333333333
female/mideastern/hisu-lee-NayZJyAK8vg-unsplash.jpg,6.878787878787879
male/caucasian/benjamin-klaver-9oZc8FXHVAQ-unsplash.jpg,6.722222222222222
male/caucasian/male-467711_1920.jpg,6.1
male/caucasian/austin-human-Ec7cHN7ofi0-unsplash.jpg,5.9903908268733845
male/hispanic/jasper-garratt-jJjUdYDga7o-unsplash.jpg,4.576780758556892
female/caucasian/edward-cisneros-_H6wpor9mjs-unsplash.jpg,5.584
male/indian/india-1129954_1920.jpg,2.9482323232323235
female/hispanic/christian-ferrer-aK5Dt6L6_hQ-unsplash.jpg,8.0
male/black/pexels-ryutaro-tsukata-6249088.jpg,5.135802469135802
female/black/smile-2072907_1920.jpg,5.612433862433862
female/indian/model-4668350_1920.jpg,5.159642401021712
female/mideastern/pexels-anna-tarazevich-5119587.jpg,6.111111111111112
female/caucasian/michele-seghieri-Y2SGPFU57Uc-unsplash.jpg,7.272727272727273
female/asian/woman-3178537_1920.jpg,7.298469387755103
female/asian/fashion-4257899_1920.jpg,7.8275862068965525
male/indian/emiliano-vittoriosi-XtmpHM7uKCs-unsplash.jpg,6.673765432098765
female/black/woman-3144280_1920.jpg,7.6730769230769225
female/caucasian/thinking-1887363_1920.jpg,7.641025641025641
female/caucasian/girl-3956612_1920.jpg,6.883401920438957
male/asian/md-duran-CY6HTDht5FI-unsplash.jpg,5.848484848484849
female/caucasian/sincerely-media-PN9wP2yZ9c8-unsplash.jpg,5.750769230769231
male/hispanic/pexels-hamid-tajik-6207046.jpg,6.555555555555555
male/black/brian-lundquist-8KRgRFWUwws-unsplash.jpg,5.8550804093567255
female/caucasian/ratiu-bia-7fzINre0NQE-unsplash.jpg,5.690476190476191
female/asian/manny-moreno-g9mefExQHfM-unsplash.jpg,7.25
male/indian/himanshu-dewangan-brk2ZfYTOp8-unsplash.jpg,5.914347826086956
male/black/smiling-businessman-4455090_1920.jpg,4.5022993311036785
male/caucasian/nathan-dumlao-SJl7ZfClJEc-unsplash.jpg,4.29311724689876
female/caucasian/mohammed-hassan-xC2YIBmTROU-unsplash.jpg,4.1003344481605355
male/caucasian/tobi-oshinnaike-Z7MKNGFnbOw-unsplash.jpg,6.486111111111111
female/caucasian/creating-a-brand-WxAOdbDpMiU-uns.jpg,5.142857142857142
female/caucasian/sirio-Ty4f_NOFO60-unsplash.jpg,7.768175582990398
female/caucasian/annika-palmari-H0-6Y5GmyMQ-unsplash.jpg,6.962962962962963
female/indian/indian-girl-4985302_1920.jpg,6.137931034482759
male/caucasian/conor-sexton-BBhY-e1XsT0-unsplash.jpg,6.594999999999999
female/indian/girl-4656172_1920.jpg,4.2865636147443515
male/indian/gaurav-khoda-HYQMk4fFI-s-unsplash.jpg,5.548780487804878
female/caucasian/coffee-4783442_1920.jpg,6.00132625994695
male/asian/stand-alone-1686740_1920.jpg,6.264705882352941
male/mideastern/arabs-618749_1920.jpg,3.90125
